id_empresa;nit;sector;antiguedad;tiempo_afiliacion;num_trabajadores;crecimiento_empleo;uso_servicios;satisfaccion;rotacion;salario_promedio;digitalizacion;formalizacion;distancia;abandono
1;903373228;Manufactura;2.8;1.5;14;-5.0;3;57.6;27.2;3.13;37.0;43.4;26.6;1
2;904494741;Manufactura;13.3;8.1;5;1.0;6;71.4;14.3;3.97;86.9;64.9;0.6;0
3;867433090;Tecnología;50.0;44.4;60;9.7;4;57.9;10.7;3.64;51.2;66.7;2.3;0
4;843731818;Servicios;7.0;4.4;15;8.8;5;84.8;9.4;1.54;73.7;63.4;4.9;0
5;864648907;Servicios;9.5;8.0;48;4.1;4;72.3;11.1;3.87;60.6;94.9;23.3;0
6;852884876;Comercio;3.6;1.4;101;-8.3;4;78.8;11.6;1.98;51.6;55.0;2.5;0
7;814888534;Servicios;9.8;2.4;5;16.4;7;84.1;26.3;4.13;71.9;64.7;6.1;0
8;906323092;Servicios;3.6;1.2;106;8.6;5;73.6;17.3;2.28;40.2;57.4;1.2;0
9;945969369;Transporte;7.0;6.8;13;-9.1;3;65.6;14.1;4.2;52.4;54.9;16.6;1
10;871479868;Manufactura;11.3;11.2;111;0.6;1;35.4;42.9;3.8;50.9;52.5;11.2;1
11;835245472;Comercio;8.8;2.7;32;4.1;5;63.6;21.6;2.4;48.1;41.8;0.9;0
12;876657154;Manufactura;4.9;3.0;19;-12.9;5;58.3;27.9;5.02;48.4;41.2;5.5;1
13;897586910;Comercio;36.9;33.9;9;14.5;4;47.7;11.5;3.07;62.2;67.2;0.3;0
14;838127360;Comercio;6.5;2.6;12;-11.3;4;54.6;16.8;5.9;50.3;56.2;1.1;1
15;815138036;Tecnología;11.3;11.1;12;-20.7;6;58.3;7.7;3.11;72.4;56.9;14.9;0
16;848946626;Servicios;6.4;3.1;24;9.7;5;80.7;7.7;3.11;66.2;55.5;7.7;0
17;905433000;Manufactura;13.8;6.9;24;24.2;9;89.1;18.0;2.31;58.3;71.0;35.1;0
18;826770204;Servicios;16.4;4.4;131;-8.8;6;61.8;1.6;1.99;72.2;73.9;7.6;0
19;859568237;Servicios;8.6;7.7;17;12.0;7;66.6;13.3;2.89;37.7;62.8;0.8;0
20;965574271;Comercio;9.9;4.2;109;-19.7;5;68.7;21.8;2.3;88.1;76.9;3.5;0
21;845164735;Construcción;21.4;12.6;62;-5.2;6;73.6;3.7;1.79;38.3;41.1;15.7;0
22;889856640;Manufactura;2.7;2.7;15;4.8;5;57.1;17.6;3.12;72.3;77.9;7.0;0
23;864459550;Servicios;8.3;2.9;68;22.0;5;77.3;13.2;3.04;70.0;57.4;27.5;0
24;924420411;Servicios;24.9;17.1;17;2.2;9;69.8;18.9;1.57;80.4;69.0;5.7;0
25;893717019;Comercio;8.2;8.0;22;1.8;7;70.3;16.9;3.53;74.0;76.9;0.4;0
26;860867287;Servicios;7.2;3.3;38;11.8;6;67.8;28.5;5.25;71.2;64.9;24.3;0
27;991646859;Servicios;18.1;10.4;20;-3.7;9;86.4;23.4;2.09;62.9;71.2;0.2;0
28;924241275;Comercio;22.0;20.0;31;-10.8;4;57.9;13.0;2.91;48.8;20.4;21.5;0
29;901872197;Construcción;4.1;2.6;49;0.3;5;67.7;19.9;6.26;62.5;83.4;10.9;0
30;831724007;Servicios;18.1;8.6;42;-4.9;4;58.2;26.7;3.33;80.0;79.2;0.9;0
31;917479548;Servicios;6.4;3.1;11;23.2;7;84.3;22.7;5.1;50.9;57.5;15.4;0
32;901598073;Servicios;6.5;4.6;47;20.0;3;59.3;6.5;3.16;82.4;83.1;16.0;0
33;848684441;Construcción;24.9;6.9;6;6.8;5;60.0;15.5;5.67;41.8;60.5;12.4;0
34;897620024;Comercio;13.0;3.0;52;7.0;3;64.6;11.5;4.6;44.7;41.6;0.7;1
35;917897783;Manufactura;20.7;6.9;13;-2.8;4;53.0;22.2;2.66;64.2;49.8;2.6;1
36;828660104;Comercio;9.6;5.4;21;22.5;5;79.3;19.0;5.48;76.7;81.3;8.5;0
37;803474793;Comercio;7.9;2.2;13;12.1;2;52.1;19.6;5.62;81.9;76.6;1.9;1
38;818085391;Servicios;6.0;1.2;19;16.0;2;62.5;15.5;9.07;74.6;71.4;9.0;0
39;825474403;Servicios;10.5;10.5;8;20.2;6;80.4;15.7;3.63;88.2;57.1;14.8;0
40;801863669;Servicios;7.7;6.6;5;13.1;5;67.4;0.5;5.94;94.6;94.1;1.8;0
41;959889776;Comercio;6.8;4.9;79;-4.2;6;76.6;7.2;2.95;43.5;49.6;0.9;0
42;989463154;Servicios;8.9;4.1;7;11.0;2;52.5;28.9;2.08;44.3;48.8;2.0;1
43;854357516;Comercio;5.0;1.9;19;10.6;7;80.5;27.1;3.38;23.0;26.5;17.1;1
44;938070539;Transporte;14.3;12.3;49;15.2;9;81.5;15.7;2.73;52.0;58.4;19.7;0
45;891434950;Comercio;2.9;1.4;26;-1.8;7;84.8;28.7;4.84;71.8;64.8;14.9;1
46;980158176;Tecnología;23.8;16.4;6;-0.9;2;57.8;19.1;2.13;49.9;58.5;16.3;0
47;835743494;Construcción;21.5;5.9;5;-26.8;6;79.4;18.9;2.18;34.0;39.0;7.7;1
48;881659495;Manufactura;10.1;4.7;5;-0.4;2;34.5;22.5;2.35;39.5;35.7;0.6;1
49;958356219;Transporte;6.7;5.8;28;-2.4;5;75.7;11.4;2.62;21.9;44.8;8.1;1
50;834656577;Servicios;6.7;5.0;23;3.4;7;77.7;31.9;2.18;56.1;66.8;20.5;0
51;816252476;Comercio;2.6;1.4;21;4.8;6;82.3;13.4;5.26;62.2;66.9;1.8;0
52;850660094;Servicios;9.8;7.7;7;1.2;4;75.2;8.7;4.02;91.3;69.5;12.9;0
53;992296315;Construcción;6.0;4.1;22;1.1;3;47.1;42.7;3.91;40.3;51.2;16.1;1
54;815736475;Transporte;10.6;3.0;34;13.9;3;58.1;6.0;4.87;47.3;80.3;0.1;0
55;893099842;Comercio;8.1;7.8;69;16.6;4;55.4;1.8;4.29;69.0;70.0;12.7;1
56;991755219;Servicios;15.9;6.3;77;-4.0;4;53.3;18.3;3.49;24.8;51.1;15.4;0
57;982031270;Servicios;12.3;9.1;31;20.8;3;69.0;17.9;4.86;63.3;69.2;11.2;0
58;816320170;Manufactura;1.9;1.2;46;7.6;8;94.3;19.1;3.58;41.2;50.1;19.2;0
59;816410296;Construcción;10.6;4.9;32;7.2;4;67.0;7.6;2.38;41.7;45.8;35.3;1
60;977040001;Manufactura;28.4;25.0;117;5.5;7;90.3;17.3;4.87;82.5;67.5;0.2;0
61;919978628;Manufactura;45.9;44.4;31;-18.8;5;67.5;30.3;3.29;51.5;51.3;6.2;0
62;917626620;Construcción;6.0;1.9;74;5.9;8;95.1;9.7;3.17;61.6;47.5;13.7;0
63;968526481;Comercio;15.7;12.0;10;13.2;6;66.7;29.5;1.61;64.0;64.3;4.2;0
64;831281537;Transporte;6.3;6.0;5;1.9;5;57.3;18.4;2.11;73.3;60.1;22.1;1
65;901702384;Manufactura;15.9;10.1;40;6.0;5;61.5;21.6;3.68;86.5;89.6;18.4;0
66;883872812;Manufactura;10.4;6.6;10;-0.5;2;49.8;3.6;2.42;43.6;74.6;18.3;0
67;894413178;Servicios;15.3;5.4;19;-0.4;3;65.9;31.5;3.61;65.5;69.7;4.4;0
68;952803376;Servicios;11.8;11.2;28;-8.4;4;63.2;19.3;5.08;85.6;78.5;3.1;0
69;870858633;Comercio;4.8;2.0;5;-7.8;4;73.5;24.6;3.83;70.4;68.8;0.4;1
70;969083494;Comercio;4.6;2.8;60;27.3;8;95.8;9.7;3.05;70.4;53.2;20.9;0
71;893299049;Construcción;18.9;8.2;42;9.0;5;71.7;5.1;4.86;19.9;48.5;6.4;0
72;819869248;Manufactura;39.2;16.7;59;1.9;4;62.8;12.1;2.09;59.3;65.3;2.8;0
73;921446040;Transporte;17.2;14.1;5;15.0;6;82.0;6.0;2.03;70.0;80.3;3.2;0
74;933203397;Servicios;5.3;1.7;66;-10.7;6;56.7;12.3;1.36;42.7;57.2;5.8;1
75;967487375;Comercio;6.4;2.4;56;11.1;6;77.0;11.7;2.37;94.0;76.2;6.2;0
76;875368519;Servicios;10.6;9.8;130;-9.3;7;76.5;27.6;5.12;50.2;69.3;2.2;0
77;862234612;Servicios;10.1;5.8;7;19.6;3;48.3;15.8;1.5;30.9;21.8;2.5;0
78;988605344;Servicios;18.9;14.7;14;11.0;1;61.2;4.1;3.73;94.1;77.4;2.4;0
79;853592605;Servicios;12.6;7.3;13;11.9;3;53.2;17.4;3.91;40.3;41.6;0.8;1
80;926837880;Manufactura;11.8;11.8;8;23.9;4;56.0;7.8;2.62;62.5;71.7;5.1;0
81;977182425;Comercio;3.7;1.9;85;18.8;3;54.9;23.6;3.3;62.9;58.5;3.2;0
82;851998965;Servicios;37.3;31.1;68;-1.0;3;75.8;23.4;1.92;65.1;64.9;4.3;0
83;854490789;Construcción;40.0;37.2;36;-0.5;3;55.0;5.8;2.27;67.0;65.2;1.4;0
84;978453757;Comercio;3.9;1.9;49;-15.2;10;92.7;15.4;4.69;75.0;78.5;12.8;0
85;978079870;Manufactura;9.4;2.0;115;2.6;6;88.6;24.0;2.74;87.7;56.2;9.9;0
86;989892814;Manufactura;3.9;2.1;298;10.4;3;65.7;18.0;2.36;52.2;38.2;4.3;0
87;939065272;Servicios;19.5;17.4;10;-4.2;4;58.4;18.1;3.38;39.7;42.5;9.8;1
88;905237739;Servicios;4.5;1.5;19;5.5;7;65.2;11.8;4.78;69.5;85.5;0.9;0
89;879831241;Comercio;26.5;17.5;10;10.0;8;73.6;18.2;2.1;67.3;74.5;7.8;0
90;962711256;Servicios;9.0;3.1;38;-10.0;4;78.6;26.5;4.15;62.6;62.5;7.1;0
91;995714482;Comercio;22.4;7.5;16;0.7;3;43.8;6.4;4.24;44.9;51.7;14.8;0
92;937636893;Servicios;4.9;1.3;27;-7.5;3;73.1;25.4;2.74;35.6;48.8;15.3;1
93;985967894;Servicios;22.1;8.6;45;-6.5;6;69.6;22.2;2.4;54.3;56.6;8.3;0
94;951333793;Servicios;5.0;2.6;10;-1.9;3;58.2;22.1;2.52;84.4;79.2;17.8;1
95;983464875;Comercio;4.3;4.1;54;8.5;3;65.3;27.0;2.35;75.4;75.7;1.6;1
96;899204536;Servicios;5.8;1.2;26;16.1;3;72.6;28.4;3.31;79.3;65.5;20.0;0
97;922593865;Comercio;3.0;1.1;30;3.6;5;53.4;17.5;2.6;53.5;60.2;0.6;1
98;973763492;Manufactura;10.5;5.4;70;-7.3;2;52.9;12.6;5.55;50.5;49.9;3.8;1
99;890774067;Servicios;11.2;7.9;17;-12.2;6;96.3;9.6;4.01;78.0;84.1;13.6;0
100;803346570;Comercio;11.5;2.8;5;-3.5;6;94.7;28.5;4.5;67.1;84.3;4.3;0
101;844116733;Servicios;38.5;16.6;14;3.1;4;71.2;20.5;4.11;84.2;73.5;11.3;0
102;965076692;Comercio;9.5;4.7;153;-9.2;4;64.1;15.2;2.9;44.0;35.6;9.2;1
103;880715036;Servicios;6.7;5.6;51;15.6;5;68.6;2.2;4.87;67.2;65.1;5.9;0
104;887248083;Servicios;29.3;6.0;51;1.3;7;73.4;20.7;4.65;61.3;71.5;7.1;0
105;856932272;Comercio;9.3;5.1;10;26.6;5;77.9;26.5;3.2;44.4;40.3;24.6;0
106;966231841;Comercio;6.2;2.5;80;-2.5;2;59.1;19.9;2.2;40.3;46.6;5.2;1
107;986696743;Tecnología;2.5;2.1;39;-1.4;6;85.3;27.4;2.06;75.4;76.1;1.9;0
108;936525898;Manufactura;5.4;3.0;19;-8.7;5;54.0;26.0;4.91;55.9;42.2;16.2;1
109;860320366;Servicios;7.4;6.3;42;4.2;3;63.5;47.9;3.06;46.9;63.9;17.9;1
110;864864637;Comercio;13.9;8.1;7;-0.7;4;73.5;11.7;5.17;79.0;68.2;14.6;0
111;999448956;Comercio;22.8;22.0;20;7.7;2;48.4;30.2;4.64;86.3;55.9;3.6;0
112;995843428;Servicios;3.9;1.8;15;-1.6;4;50.1;22.2;3.12;45.0;45.7;5.9;1
113;820989995;Servicios;14.7;7.9;17;1.2;3;62.4;17.6;2.77;44.3;56.5;21.3;0
114;834594834;Servicios;13.9;5.4;23;27.2;3;58.7;9.8;2.31;45.6;58.3;8.0;0
115;987062956;Tecnología;15.3;14.5;39;33.5;3;70.8;13.8;2.44;57.8;55.4;16.1;0
116;838124684;Construcción;10.4;9.0;10;17.0;1;29.2;4.4;7.13;49.1;55.4;0.5;1
117;959975869;Servicios;7.9;1.7;57;17.7;6;84.5;8.1;2.61;84.7;73.2;0.6;0
118;850875397;Comercio;7.9;6.5;95;1.6;5;73.7;30.6;4.46;22.9;47.5;24.1;1
119;915176869;Construcción;10.3;3.5;92;0.2;7;66.3;22.2;4.54;36.7;50.8;41.4;1
120;914271536;Servicios;5.7;3.7;12;0.4;5;75.9;21.9;4.76;50.4;49.4;14.0;1
121;994492987;Servicios;2.5;1.8;21;19.3;5;49.4;26.0;3.22;61.8;62.4;17.2;1
122;899239210;Comercio;44.5;16.9;23;9.7;6;54.1;27.6;3.48;65.9;56.3;3.7;0
123;847623481;Servicios;7.9;5.3;71;-4.4;8;91.9;32.0;4.75;68.4;58.1;1.0;0
124;978815037;Construcción;11.1;2.8;28;-8.7;4;87.3;31.1;3.57;51.3;70.9;0.2;0
125;875922266;Servicios;7.6;3.9;89;6.9;5;79.2;23.0;7.98;52.8;36.4;1.1;0
126;929799690;Construcción;1.9;1.1;28;-11.9;0;42.2;28.2;2.56;18.2;40.3;16.4;1
127;869507455;Manufactura;13.4;6.1;19;0.4;6;63.3;1.1;2.83;49.6;52.5;2.9;0
128;881009233;Comercio;8.2;7.7;11;12.9;7;75.6;31.1;2.11;63.5;77.5;0.1;0
129;954501172;Construcción;16.8;9.9;8;1.7;5;62.2;6.9;2.3;65.7;60.0;12.3;0
130;825167019;Tecnología;4.5;3.4;42;6.4;6;64.9;14.9;4.07;42.1;77.6;3.7;0
131;944127059;Servicios;14.3;5.3;5;-8.2;4;64.2;27.3;2.42;54.1;54.5;8.1;0
132;901718794;Servicios;13.6;5.3;24;21.6;7;59.1;5.7;3.89;34.8;51.1;2.3;0
133;865273212;Transporte;7.9;1.7;5;1.0;8;93.3;24.9;2.82;49.5;60.1;0.2;0
134;895448477;Servicios;7.0;2.1;28;-3.6;8;93.2;18.4;2.47;41.4;38.4;14.3;0
135;989914101;Servicios;12.0;10.9;32;-0.8;7;79.6;6.6;5.25;52.5;75.9;17.6;0
136;959898162;Servicios;1.6;1.6;40;17.4;5;67.9;30.2;1.82;56.0;75.5;8.0;1
137;875694370;Comercio;6.4;2.0;55;-23.2;1;46.5;18.3;3.85;68.9;69.0;6.0;1
138;933694866;Tecnología;3.2;1.4;56;4.4;6;85.8;14.6;3.64;60.5;75.8;10.1;0
139;881059914;Comercio;8.5;4.2;47;11.8;2;41.9;24.8;3.83;80.5;70.4;6.0;1
140;913221700;Manufactura;5.0;4.4;35;9.8;8;87.7;17.8;2.67;56.4;52.6;11.4;0
141;889681750;Tecnología;10.3;8.5;67;2.2;2;47.3;36.2;3.36;60.2;48.3;7.0;1
142;934239076;Servicios;6.1;3.2;21;-4.8;7;79.4;17.8;4.49;33.5;35.7;5.1;0
143;983307318;Manufactura;8.1;7.7;48;-6.3;4;57.1;12.1;2.68;53.6;58.4;14.7;1
144;858775053;Manufactura;3.6;3.3;18;-14.6;7;77.9;23.1;4.13;96.9;74.9;7.6;0
145;925246529;Manufactura;17.2;7.5;8;6.4;1;38.0;19.6;2.04;86.7;78.8;21.6;1
146;881508889;Manufactura;8.1;7.6;7;11.3;3;38.9;27.3;2.89;39.5;43.8;7.9;1
147;815943239;Manufactura;39.9;39.3;22;3.6;2;69.7;19.1;3.13;93.0;87.1;9.8;0
148;908848690;Servicios;3.9;2.1;20;-5.5;7;87.2;3.6;5.75;55.7;48.1;15.9;0
149;936520561;Construcción;5.2;3.9;13;4.7;6;77.6;11.6;3.79;91.9;86.2;0.9;1
150;974418407;Manufactura;10.1;8.6;17;-6.5;4;72.6;15.6;2.24;33.3;48.1;4.1;0
151;818234474;Comercio;4.5;3.7;9;14.4;5;72.1;2.6;4.47;29.5;27.3;0.4;0
152;952624598;Servicios;14.7;11.7;39;-4.2;6;66.2;15.1;2.74;60.1;60.4;10.5;0
153;893658227;Servicios;3.6;2.8;57;15.1;5;63.5;11.4;6.93;39.2;35.0;0.3;0
154;976823252;Transporte;28.9;12.8;7;13.1;7;70.5;21.5;2.42;89.4;68.1;2.9;0
155;898254938;Transporte;12.1;6.0;65;10.9;5;80.0;7.6;2.78;41.6;58.1;3.2;0
156;914739444;Comercio;4.3;1.6;28;12.2;4;73.6;9.8;3.89;66.6;60.0;1.1;1
157;873998131;Servicios;19.8;16.6;27;-8.8;5;71.1;30.3;3.42;90.8;98.3;7.3;0
158;834219880;Tecnología;8.0;3.1;16;13.8;0;58.5;20.0;2.63;61.3;56.3;44.2;1
159;983039834;Servicios;7.2;5.9;55;17.3;4;54.1;11.2;4.9;31.5;35.6;13.5;1
160;830466040;Servicios;18.0;10.8;20;-17.9;5;47.6;18.4;5.42;89.5;71.6;6.0;1
161;858971257;Comercio;28.6;18.9;15;0.3;5;68.6;26.0;4.02;72.4;68.5;26.6;0
162;837401262;Servicios;16.1;6.1;32;-1.8;3;66.0;17.0;3.84;63.6;50.3;9.3;1
163;919920297;Comercio;11.9;10.3;20;27.9;7;78.2;6.8;6.06;56.2;55.5;1.4;0
164;851350864;Comercio;35.7;12.2;16;4.6;5;57.4;7.4;4.45;87.4;76.8;0.7;0
165;826157453;Construcción;14.2;8.9;25;-1.5;8;52.6;9.5;4.28;80.7;85.9;17.6;1
166;825639089;Comercio;14.7;14.5;10;-6.0;8;67.9;8.5;6.85;75.9;77.3;3.3;0
167;947491288;Manufactura;9.5;4.8;26;9.9;10;82.6;25.9;5.59;41.8;61.2;4.3;0
168;958230615;Manufactura;17.8;15.6;24;-10.8;5;61.6;5.8;7.21;53.5;63.3;1.9;0
169;807455249;Manufactura;11.3;3.1;14;1.3;9;80.2;34.2;2.98;21.2;39.7;10.8;1
170;809461478;Construcción;10.5;9.3;54;13.1;6;69.3;10.3;5.01;71.8;77.1;5.0;0
171;833313033;Servicios;17.6;12.7;104;12.5;7;89.9;25.5;2.21;86.5;65.3;3.8;0
172;912907677;Servicios;50.0;38.1;13;6.3;2;61.1;12.1;2.76;94.0;93.0;1.7;0
173;906119303;Manufactura;17.5;5.8;6;5.9;6;60.8;18.3;2.86;54.8;64.6;14.3;0
174;973071173;Comercio;7.7;4.9;40;7.2;2;72.0;24.5;1.75;84.1;80.0;4.8;1
175;804975758;Manufactura;19.0;8.0;99;-0.9;9;76.2;6.3;3.49;59.5;43.3;1.5;0
176;959583692;Transporte;5.2;3.4;43;-0.2;7;64.7;16.0;6.0;26.5;34.2;15.7;0
177;905152253;Manufactura;7.7;3.5;17;6.1;6;78.2;4.7;2.33;33.0;47.4;23.0;0
178;970617414;Comercio;25.3;6.6;33;9.7;4;60.7;30.5;5.58;54.2;45.3;5.9;0
179;988292219;Servicios;11.7;3.9;8;1.1;5;71.5;15.5;6.45;81.5;63.8;15.6;0
180;899709934;Servicios;24.9;24.8;30;-6.9;7;81.2;29.6;5.2;26.0;35.5;20.7;0
181;913513692;Construcción;8.4;6.9;84;-1.1;7;73.9;17.7;4.83;96.0;91.1;28.2;0
182;939975823;Comercio;4.5;1.2;83;17.1;3;61.7;16.1;2.22;64.9;71.5;2.8;0
183;809978197;Comercio;31.6;23.7;11;13.9;4;48.8;15.9;4.59;89.3;74.7;3.1;0
184;994494562;Manufactura;9.5;6.2;12;12.5;6;72.8;26.9;2.68;71.1;77.0;4.2;0
185;950130543;Servicios;21.3;16.5;14;-5.3;3;63.3;14.2;2.9;26.0;39.1;6.7;0
186;963764757;Construcción;3.7;2.1;5;7.2;9;73.9;32.0;2.51;43.6;59.1;1.4;1
187;809097312;Comercio;7.0;4.5;29;6.1;5;74.6;4.8;8.41;63.1;72.5;9.0;0
188;863790541;Comercio;11.8;11.6;5;2.2;2;65.4;9.6;2.65;26.4;37.7;0.5;1
189;853899822;Comercio;20.9;8.6;19;4.9;4;46.5;14.0;4.5;47.5;60.1;10.5;0
190;936089327;Servicios;12.2;11.4;36;12.5;2;50.0;22.4;3.97;59.9;61.9;26.5;0
191;819921055;Servicios;10.4;5.5;15;-30.0;3;54.6;27.5;4.25;65.8;73.0;8.1;1
192;836268709;Servicios;10.0;7.6;29;-3.1;6;68.8;3.1;1.79;93.2;76.0;5.5;0
193;885043932;Manufactura;9.9;8.6;14;15.8;6;67.3;14.8;3.55;53.7;70.9;20.5;0
194;958961848;Tecnología;12.5;2.7;26;15.4;5;61.2;34.4;4.73;68.6;73.4;1.1;0
195;802767625;Comercio;10.4;4.8;89;-2.4;3;56.5;40.8;2.31;32.5;40.1;2.1;1
196;898980929;Transporte;16.1;13.8;20;9.9;8;74.0;18.0;4.04;70.7;84.6;3.0;0
197;988532401;Servicios;8.8;6.0;9;-4.3;7;87.4;13.0;4.35;45.2;29.4;9.3;0
198;805916805;Comercio;3.8;1.8;24;-7.7;8;83.8;8.0;1.71;94.1;83.0;10.0;0
199;843163446;Servicios;11.5;8.1;15;-5.6;6;77.4;13.6;4.5;40.6;43.3;3.1;0
200;934851832;Comercio;4.8;3.9;36;5.9;1;46.9;26.3;2.25;50.2;63.3;20.2;1
201;951299736;Servicios;11.8;7.2;31;3.6;2;51.2;8.6;6.63;89.2;84.7;0.7;0
202;955916779;Servicios;11.4;3.4;7;22.4;6;74.6;38.3;2.72;59.6;54.1;5.3;0
203;814872119;Comercio;4.6;3.3;32;5.0;5;64.1;4.9;3.71;63.3;52.9;6.0;0
204;998864633;Comercio;17.0;11.7;23;18.1;8;77.0;24.5;2.22;50.4;53.0;4.9;0
205;925973670;Comercio;8.0;1.6;44;-8.7;3;52.9;19.6;6.22;72.4;76.5;33.0;0
206;837537234;Comercio;1.6;0.4;41;0.4;7;78.7;9.0;2.59;42.3;64.9;19.4;0
207;970889437;Manufactura;7.5;3.3;86;-4.6;2;51.2;12.0;3.76;66.5;40.2;20.4;0
208;905500373;Comercio;8.1;4.4;5;7.1;2;54.5;7.4;3.41;87.1;84.5;17.0;0
209;859026979;Comercio;6.1;2.0;24;6.3;2;42.8;4.8;6.7;64.4;73.2;2.8;0
210;823723475;Tecnología;5.2;4.7;59;6.3;7;81.1;27.3;1.79;51.4;60.4;2.8;0
211;896907437;Comercio;7.2;2.6;22;-15.2;6;79.2;28.3;3.45;14.1;32.0;14.0;0
212;812044077;Construcción;4.5;3.0;18;2.1;7;81.9;29.8;3.94;48.1;53.3;1.0;0
213;821221691;Comercio;9.2;7.6;30;-4.1;5;65.0;21.4;2.81;51.1;40.8;4.7;1
214;881640665;Manufactura;24.8;5.6;15;-4.1;1;62.5;3.8;2.85;70.7;73.3;19.4;1
215;922977544;Comercio;8.6;2.5;42;1.2;5;69.4;39.7;6.86;45.3;43.8;20.9;1
216;845557402;Comercio;8.3;7.8;9;6.0;4;49.9;7.4;4.97;62.2;61.3;5.5;1
217;977887555;Servicios;12.8;5.3;13;13.2;4;61.2;27.6;3.53;54.4;61.9;28.1;0
218;825506542;Manufactura;2.0;2.0;7;10.9;8;88.4;18.4;3.0;53.8;79.3;3.6;0
219;907792891;Construcción;9.9;2.8;10;-6.3;6;65.6;11.3;4.38;29.0;36.0;1.0;0
220;804740411;Servicios;11.5;5.9;19;34.5;3;48.5;26.3;3.57;65.0;62.3;17.8;0
221;967060724;Manufactura;13.1;4.5;32;1.7;5;76.4;6.2;3.47;84.6;68.3;0.4;0
222;849672448;Servicios;15.5;8.7;54;-13.2;3;43.7;11.7;3.35;94.3;81.7;8.3;0
223;825296140;Transporte;4.9;1.8;5;7.9;5;65.4;15.1;4.1;14.9;51.4;1.7;0
224;932981037;Construcción;7.5;3.8;23;-0.7;2;65.9;29.3;8.01;63.9;66.9;5.5;1
225;894357311;Manufactura;5.3;1.1;34;4.4;3;72.9;27.4;5.28;75.4;68.1;1.5;1
226;851119344;Servicios;8.4;5.0;26;-3.1;8;72.1;14.4;2.22;78.7;83.9;21.9;0
227;819212518;Transporte;5.2;2.8;12;13.0;5;63.5;5.0;3.72;75.2;77.2;5.6;0
228;841996023;Construcción;13.4;13.4;8;23.2;2;63.2;27.2;5.36;81.5;84.3;17.6;0
229;807471960;Transporte;17.6;12.0;25;3.8;6;64.2;22.6;4.53;78.9;56.0;4.5;0
230;935926702;Servicios;13.9;11.6;54;15.7;4;54.7;13.6;3.26;78.5;72.5;25.1;0
231;858702712;Servicios;6.2;3.7;37;4.4;5;78.7;31.9;5.21;65.1;64.8;11.1;0
232;951478715;Comercio;7.2;3.9;26;-22.2;8;75.7;14.3;5.22;63.8;57.6;9.5;1
233;828727860;Comercio;6.1;2.0;30;14.5;7;90.6;4.9;3.18;63.9;66.4;0.9;0
234;868641211;Servicios;7.1;6.9;37;-13.9;5;59.8;17.3;2.75;40.5;40.6;43.3;1
235;904967300;Construcción;8.6;6.3;54;1.8;6;69.7;4.5;5.71;72.9;62.8;26.3;0
236;840937239;Servicios;12.9;11.9;42;10.4;6;79.3;14.0;4.59;90.4;77.9;36.6;0
237;830733566;Servicios;6.1;1.3;9;-2.0;5;67.5;8.4;2.71;78.9;96.1;22.0;0
238;843405666;Tecnología;4.7;1.9;22;-9.7;5;73.8;15.1;4.12;76.4;87.8;24.4;0
239;968546661;Manufactura;6.0;2.0;11;2.0;9;100.0;12.1;2.1;46.8;43.1;0.7;0
240;855641437;Transporte;21.9;8.2;27;3.9;4;55.6;13.1;1.69;78.3;73.6;0.6;0
241;803861171;Servicios;3.8;2.8;33;9.5;5;67.6;6.5;5.51;54.8;37.3;4.1;0
242;941855056;Servicios;5.3;2.5;119;8.7;7;68.0;4.1;4.21;49.6;47.7;3.3;0
243;923472925;Manufactura;16.1;15.0;45;-6.8;6;67.2;19.3;2.87;39.7;46.5;3.7;0
244;946034555;Servicios;35.1;17.1;45;11.9;7;75.7;21.9;4.01;21.6;44.1;4.1;0
245;883729059;Manufactura;3.6;0.8;8;5.2;4;53.6;20.6;3.69;70.2;70.8;9.9;1
246;960016870;Manufactura;18.9;16.1;49;12.7;6;70.1;18.2;2.93;19.2;25.3;4.9;1
247;966619033;Comercio;2.6;0.7;57;5.6;6;72.6;13.5;2.5;43.3;54.3;1.2;0
248;909890148;Servicios;13.9;10.8;14;11.1;4;55.0;15.3;1.7;55.7;58.2;12.1;1
249;975886520;Transporte;2.8;2.1;13;13.0;5;61.2;24.3;2.46;59.6;60.6;21.1;1
250;830399380;Servicios;7.0;5.6;11;6.4;1;48.8;18.7;4.15;56.4;54.8;20.7;1
251;954712818;Servicios;3.7;0.8;43;10.9;4;59.7;23.7;2.38;61.6;60.9;8.8;1
252;909472816;Servicios;17.3;15.7;97;16.8;3;64.3;10.2;2.44;61.4;55.8;7.2;0
253;831958083;Comercio;4.6;2.8;17;-10.0;5;68.3;19.0;3.19;61.9;60.3;36.2;0
254;929601842;Comercio;29.4;15.6;7;0.2;8;95.6;30.0;3.64;27.4;32.5;6.2;0
255;911485353;Servicios;11.5;3.7;43;10.6;3;50.7;11.9;3.46;77.4;80.2;11.6;0
256;914334996;Servicios;3.1;0.8;23;20.2;5;57.1;15.1;6.96;46.5;32.2;1.1;0
257;962543605;Manufactura;6.6;1.9;10;6.5;6;72.7;35.7;5.43;40.5;43.1;8.0;1
258;863939191;Manufactura;10.4;8.0;14;28.2;2;40.2;21.6;3.45;76.9;63.0;4.1;1
259;939409577;Servicios;26.1;13.4;17;-0.0;0;27.7;25.5;5.23;62.4;75.8;0.9;1
260;937697312;Servicios;19.5;5.5;109;18.6;0;44.6;18.7;1.63;54.8;53.4;6.2;1
261;828075252;Transporte;2.6;1.3;29;25.3;8;75.1;43.8;4.21;34.9;45.0;13.6;1
262;981167843;Comercio;25.9;13.6;5;16.1;3;49.9;10.8;3.27;26.4;17.3;2.0;0
263;844810192;Comercio;10.3;5.8;24;-5.7;5;75.7;21.8;4.33;32.9;45.1;4.2;0
264;830772239;Comercio;1.0;0.3;15;9.0;7;64.8;5.6;5.57;80.6;76.8;11.2;0
265;954892876;Servicios;21.3;8.0;10;19.8;0;45.7;32.0;2.28;72.6;57.8;0.8;1
266;827642137;Servicios;4.2;3.8;15;-4.7;1;45.0;12.5;1.65;74.7;74.1;8.6;1
267;955744902;Comercio;2.0;0.6;18;-4.2;4;81.6;16.4;3.13;51.5;58.3;4.1;0
268;970978909;Servicios;8.2;5.6;28;5.0;2;59.8;10.1;2.31;27.3;47.2;0.6;1
269;912635189;Transporte;6.6;6.3;8;-9.3;3;67.8;6.2;3.28;52.9;65.1;4.7;0
270;865551712;Manufactura;9.9;8.0;23;7.6;5;49.2;9.3;4.76;49.9;51.0;9.4;0
271;884390013;Comercio;9.3;3.7;18;0.5;2;55.8;12.6;3.53;43.6;36.3;4.5;1
272;881975083;Comercio;9.5;1.9;7;20.1;1;59.1;17.6;2.82;27.3;30.4;6.8;0
273;856669991;Transporte;3.7;1.7;96;9.4;6;66.9;10.2;4.29;87.8;66.5;1.0;0
274;881662897;Comercio;3.5;2.3;27;10.8;1;53.9;22.0;2.12;71.4;82.2;7.9;0
275;961123665;Servicios;18.2;10.3;52;4.4;7;71.0;7.5;4.08;64.9;42.4;12.5;0
276;942869957;Construcción;10.3;3.7;112;1.2;4;46.0;21.2;3.89;80.9;78.5;6.0;1
277;896356259;Servicios;8.6;6.7;45;6.4;4;57.9;16.5;3.11;70.5;58.9;7.4;0
278;839504561;Servicios;17.0;10.0;33;6.6;5;75.2;44.7;3.71;66.6;60.5;7.0;0
279;971192796;Transporte;10.0;6.6;19;10.2;6;85.4;37.1;2.7;68.0;54.4;1.6;1
280;974481961;Servicios;4.7;1.1;8;-6.3;5;64.8;35.6;5.16;87.1;70.8;19.2;0
281;987705995;Transporte;30.1;13.3;5;-21.8;4;55.0;6.2;2.11;62.2;49.7;24.0;1
282;857912246;Manufactura;4.9;1.4;28;1.7;2;50.0;23.9;5.12;90.4;79.1;15.0;1
283;952563516;Transporte;9.4;8.4;18;6.0;5;52.8;18.7;3.45;78.7;76.1;7.0;1
284;990088015;Tecnología;20.4;18.4;95;21.0;6;69.9;24.9;4.18;78.1;58.3;12.1;0
285;852976280;Servicios;17.7;4.0;35;-5.3;5;61.0;33.2;5.51;47.9;42.2;5.2;0
286;822797226;Servicios;11.4;6.7;79;-7.8;5;64.5;32.9;4.68;13.3;39.3;9.4;1
287;952116840;Construcción;13.2;7.8;14;3.1;8;88.5;26.1;2.87;22.5;48.1;27.6;0
288;959155395;Servicios;7.7;6.1;41;10.0;4;53.9;3.3;4.78;62.7;57.8;6.5;0
289;920415064;Construcción;12.6;5.9;13;2.1;3;68.2;18.8;2.46;48.9;50.3;13.8;1
290;971061613;Transporte;20.4;8.2;20;5.6;5;78.7;3.1;3.46;19.1;16.5;4.6;0
291;921330909;Comercio;20.5;8.7;42;-3.7;4;57.9;15.3;2.28;55.9;69.1;11.4;1
292;956531016;Servicios;8.8;6.7;57;-12.5;6;76.5;25.1;3.34;82.8;83.0;1.5;1
293;862109763;Servicios;9.5;2.5;19;6.2;7;73.6;6.9;5.62;74.9;64.4;6.9;0
294;905503371;Tecnología;18.6;4.8;148;9.8;5;68.7;25.6;5.14;80.8;55.8;7.2;1
295;919743271;Construcción;2.5;1.9;14;4.6;5;87.9;20.5;7.38;68.1;43.2;30.3;0
296;969124170;Tecnología;4.0;3.1;50;9.0;3;58.8;35.2;4.92;60.5;69.9;23.5;1
297;885540651;Comercio;8.7;4.0;27;4.4;3;68.2;24.9;3.55;36.1;36.5;0.4;0
298;903902050;Transporte;7.7;4.3;21;12.9;3;52.8;28.8;1.96;87.9;86.5;4.1;1
299;822948688;Manufactura;8.3;5.2;72;9.9;0;56.3;15.9;2.67;31.4;46.3;0.8;1
300;947808868;Servicios;9.4;5.0;37;-4.9;4;50.3;2.5;2.04;55.2;55.6;0.7;0
301;941007399;Manufactura;8.0;2.9;10;-7.4;10;85.0;33.8;2.85;58.2;54.7;0.7;1
302;823020217;Construcción;47.7;17.8;14;-13.9;2;46.9;3.6;6.03;66.3;60.5;5.3;0
303;962321941;Manufactura;6.2;5.5;11;-0.1;5;68.6;19.5;4.16;71.5;61.5;5.3;0
304;982344416;Transporte;14.1;3.4;13;-3.2;2;51.1;13.8;3.55;81.0;79.0;26.6;1
305;912935459;Servicios;6.5;3.5;56;10.5;5;64.5;6.3;4.42;60.5;53.1;6.7;0
306;892588697;Servicios;7.8;4.6;30;8.6;7;76.3;21.7;2.04;30.6;59.0;0.1;0
307;867084777;Transporte;14.9;4.8;8;-7.7;6;70.6;26.2;3.06;36.5;24.5;1.7;1
308;846829240;Servicios;7.6;1.7;19;9.6;3;69.5;16.0;2.6;95.8;100.0;9.4;0
309;920156373;Comercio;27.4;19.8;7;1.5;7;72.9;3.0;4.51;86.7;67.3;1.8;0
310;892651710;Servicios;4.8;1.9;86;9.3;4;51.6;13.9;5.29;81.0;64.8;3.5;0
311;856124859;Tecnología;6.2;2.3;54;14.9;8;71.9;1.9;2.78;66.1;68.7;0.6;0
312;878652373;Servicios;3.8;2.6;15;18.5;5;84.9;23.7;1.93;77.9;87.2;12.1;0
313;992190062;Transporte;3.1;2.6;75;-13.6;6;74.9;12.5;2.12;64.0;69.2;9.3;1
314;968194478;Comercio;5.5;5.0;76;13.2;7;83.7;9.5;3.6;75.1;60.5;17.3;0
315;840329187;Manufactura;6.3;4.9;6;10.2;6;46.4;6.0;3.46;49.9;42.7;13.6;1
316;854242307;Tecnología;5.2;2.1;15;-0.1;8;93.8;4.7;4.41;19.1;47.1;0.8;0
317;972567035;Manufactura;21.7;13.2;18;-1.1;3;63.1;23.4;2.04;44.4;59.4;13.9;0
318;930136003;Servicios;11.7;7.0;15;6.4;4;47.5;5.8;2.89;94.9;88.5;7.8;0
319;815573322;Tecnología;5.6;3.6;179;12.6;5;53.2;24.2;5.51;55.9;45.3;3.4;0
320;925270423;Servicios;16.2;10.1;12;1.6;6;74.7;13.5;3.76;72.4;78.3;7.1;0
321;818943833;Servicios;32.3;27.8;5;3.1;1;68.3;32.1;3.72;69.1;74.7;1.2;1
322;938160521;Comercio;7.3;6.3;53;-9.2;4;68.6;8.9;3.31;33.9;49.5;39.4;0
323;823901182;Manufactura;20.2;4.4;16;-4.3;3;57.1;12.6;3.01;83.6;92.1;2.7;1
324;824862939;Transporte;4.3;2.7;52;17.7;5;61.9;34.4;4.43;88.0;69.5;5.8;1
325;805716655;Servicios;9.3;2.1;136;3.0;6;80.3;9.9;1.98;66.8;73.0;3.7;0
326;882229133;Servicios;4.0;2.0;17;-10.2;3;65.8;10.8;3.49;61.0;69.6;20.8;1
327;912384133;Comercio;10.2;4.0;34;-14.0;4;45.2;34.3;5.27;45.4;42.7;5.5;1
328;917800048;Comercio;8.5;8.2;47;2.9;1;48.9;14.5;1.59;80.8;73.2;1.0;0
329;821699950;Servicios;20.8;6.9;13;4.1;3;74.3;27.4;4.15;48.9;42.7;4.1;0
330;907438914;Manufactura;5.3;5.2;16;26.4;6;86.3;7.4;2.48;41.4;46.0;0.5;0
331;976232559;Manufactura;15.1;12.4;25;24.9;7;73.7;8.7;2.46;81.7;69.2;0.3;0
332;945321141;Servicios;5.0;4.6;17;3.4;6;62.2;5.1;5.38;35.3;63.9;10.2;1
333;932592441;Servicios;18.2;10.9;47;0.6;4;70.6;20.2;3.51;66.2;59.1;15.6;0
334;848347435;Comercio;9.3;4.5;5;-1.4;0;55.1;15.9;2.73;30.0;34.6;5.5;1
335;979696032;Comercio;4.9;3.6;8;16.5;5;55.0;18.3;4.71;43.4;47.5;10.7;0
336;920456043;Servicios;15.1;4.5;12;-6.7;5;60.2;15.6;6.53;54.5;58.6;13.9;0
337;852971566;Comercio;27.9;25.5;153;-0.9;4;69.1;8.5;3.96;28.6;47.1;23.7;0
338;834044319;Comercio;18.3;7.5;21;20.8;9;88.0;32.9;2.37;70.4;69.4;3.7;0
339;817052426;Manufactura;8.6;5.1;31;1.3;4;48.6;13.8;4.62;48.6;66.0;4.1;0
340;842420675;Comercio;7.3;4.4;20;-8.9;5;73.1;16.9;4.23;62.0;57.8;0.1;0
341;966355537;Construcción;5.3;2.2;39;19.7;4;58.8;13.9;3.26;37.9;33.5;2.4;0
342;833974576;Servicios;12.5;6.4;5;-0.0;4;64.0;44.1;2.49;79.2;56.2;9.6;1
343;894960780;Servicios;14.5;4.6;83;-2.0;8;93.5;12.6;4.92;66.7;80.6;2.3;0
344;856730916;Transporte;8.8;8.7;123;3.9;1;39.7;33.8;2.16;42.6;57.7;1.6;1
345;990439396;Manufactura;11.8;10.2;16;6.9;4;65.7;26.4;4.31;47.2;60.5;11.6;0
346;905505528;Manufactura;8.5;1.9;7;-0.2;9;65.7;22.3;3.99;52.0;73.1;23.2;0
347;982434235;Servicios;8.5;5.1;71;16.5;4;66.1;5.3;2.36;65.8;52.3;10.5;0
348;979303220;Transporte;14.4;3.1;19;-0.9;9;91.3;9.1;3.06;34.9;57.9;2.5;0
349;820218114;Construcción;7.0;4.4;45;-5.3;2;45.2;13.1;4.57;97.1;93.4;4.8;0
350;906316585;Servicios;11.8;10.4;36;6.2;7;70.6;16.4;2.29;62.2;58.3;1.7;0
351;967268825;Manufactura;7.8;2.1;16;0.4;4;53.5;7.8;1.51;87.9;77.8;29.0;1
352;890685224;Manufactura;16.5;9.3;41;28.8;5;58.8;23.5;2.47;41.2;39.0;4.2;0
353;879421719;Comercio;13.4;13.4;10;-0.1;4;76.8;1.8;3.71;81.7;64.5;3.1;0
354;970273972;Manufactura;16.5;8.7;11;-10.0;5;51.9;11.5;5.53;61.5;53.5;16.9;0
355;809762361;Construcción;16.9;10.8;33;16.9;2;58.6;16.1;2.64;46.9;55.1;20.2;1
356;945752636;Comercio;4.0;1.8;104;2.4;4;59.6;5.5;2.04;64.2;62.3;1.9;0
357;943008068;Comercio;10.6;2.5;21;5.5;3;55.7;8.1;2.93;99.2;84.4;21.3;0
358;938638649;Construcción;17.4;11.2;36;4.7;5;69.3;21.2;3.16;42.1;56.3;35.9;0
359;929435459;Servicios;7.0;5.8;77;13.7;3;41.9;17.3;3.24;44.1;44.8;3.3;1
360;892296399;Servicios;16.4;8.4;57;10.9;5;68.5;21.0;3.14;34.6;55.8;15.8;0
361;995064084;Comercio;8.7;7.9;10;3.6;1;42.0;13.3;4.07;63.2;50.7;13.8;1
362;950877547;Construcción;8.8;5.7;22;6.6;4;66.4;7.5;3.39;57.0;41.2;1.0;0
363;976702178;Manufactura;15.6;5.2;118;2.6;3;55.9;9.9;3.52;63.0;52.6;15.2;0
364;830607008;Servicios;10.0;3.8;10;-12.1;6;85.1;2.0;3.51;56.3;63.4;7.6;0
365;810019012;Manufactura;2.5;1.2;71;22.4;5;62.3;4.1;5.59;65.8;59.3;12.4;0
366;865751022;Comercio;5.7;1.4;17;-6.7;6;69.2;12.4;3.21;29.3;39.7;0.7;0
367;913679666;Servicios;6.5;5.9;284;2.3;1;46.6;4.7;1.9;64.7;67.7;13.4;0
368;842302522;Tecnología;22.2;14.8;29;11.3;4;62.8;1.5;3.72;34.4;62.6;6.2;0
369;955483320;Comercio;7.0;6.9;8;-7.1;4;65.1;10.0;3.09;58.9;54.6;6.8;1
370;816101848;Servicios;3.5;1.3;18;1.7;2;40.0;24.7;2.18;60.7;60.4;5.7;1
371;900969294;Transporte;6.7;3.7;102;3.2;2;43.4;16.9;5.2;48.4;61.2;2.9;1
372;987518470;Servicios;7.5;2.5;8;13.9;4;61.8;18.3;2.01;57.9;60.6;9.5;0
373;888679436;Comercio;6.6;5.7;16;21.5;4;71.3;21.9;4.17;22.3;34.5;9.0;1
374;855530593;Servicios;10.5;5.7;6;8.8;5;60.8;20.7;3.96;85.4;85.6;7.9;1
375;845018526;Manufactura;32.6;12.5;10;14.5;6;78.5;9.9;2.79;65.4;77.2;5.9;0
376;837329812;Servicios;21.8;17.1;55;-5.3;4;59.6;17.1;5.55;70.6;73.6;8.0;0
377;832258514;Construcción;33.5;12.7;26;13.8;0;31.2;5.3;3.09;48.0;36.3;20.0;0
378;953888885;Servicios;9.4;8.0;37;-6.3;7;91.8;16.9;2.27;74.5;60.1;13.8;0
379;995949156;Manufactura;7.1;5.3;22;-1.2;5;58.3;11.6;6.26;87.8;89.1;5.9;0
380;883355310;Servicios;4.2;2.7;46;5.8;1;29.5;1.3;2.14;46.2;48.0;3.5;0
381;811838939;Comercio;4.9;4.6;26;2.4;5;62.9;1.5;3.59;71.7;69.3;0.0;0
382;939106524;Comercio;4.6;2.0;42;15.8;5;77.4;9.0;3.54;51.3;54.1;13.0;0
383;881604511;Comercio;6.9;2.5;84;24.5;3;67.7;12.2;2.37;42.8;55.5;17.2;0
384;903304934;Comercio;6.5;6.4;17;6.7;4;72.7;8.2;1.77;58.1;52.9;9.8;1
385;835556091;Manufactura;8.8;5.7;45;15.0;5;64.0;5.3;3.14;88.2;78.8;1.6;0
386;985541624;Servicios;9.5;6.3;25;-1.9;5;61.6;19.1;6.93;54.3;65.2;5.4;0
387;959341294;Comercio;21.3;12.7;33;20.8;6;76.0;14.5;4.67;39.1;43.5;8.3;0
388;997583257;Servicios;4.9;3.7;5;15.1;1;64.7;12.2;5.46;62.5;75.4;19.9;1
389;931657735;Comercio;13.3;13.2;37;21.0;5;82.2;18.1;3.0;33.4;28.4;8.0;0
390;954250760;Comercio;3.5;2.8;47;4.5;5;52.9;38.3;1.69;71.9;57.8;3.5;1
391;938421275;Comercio;7.9;4.4;86;22.3;4;57.4;3.7;3.37;53.4;69.0;7.3;0
392;934779868;Manufactura;5.6;3.4;16;-3.7;5;58.6;25.7;5.65;68.0;68.3;4.5;1
393;857679717;Construcción;8.0;3.3;139;0.5;2;52.4;27.4;3.28;73.7;65.7;11.3;1
394;990691567;Manufactura;14.7;13.8;5;0.4;0;47.2;2.3;3.56;35.3;46.1;2.0;1
395;803512026;Servicios;10.7;5.0;26;2.6;1;54.6;20.2;1.89;55.5;66.1;1.1;1
396;873378875;Comercio;4.6;1.5;267;6.8;1;25.0;13.1;6.35;20.9;39.2;18.4;0
397;961081941;Comercio;6.1;3.6;5;6.9;1;34.0;9.0;4.6;59.6;56.3;5.1;0
398;832782667;Servicios;29.6;28.3;45;-5.6;4;53.3;15.2;3.98;85.0;72.1;1.6;0
399;990943874;Tecnología;8.3;2.2;32;2.1;0;33.8;24.0;4.81;53.8;54.6;11.8;1
400;915645757;Construcción;18.6;8.3;34;15.3;5;68.3;18.2;3.28;57.7;63.4;12.9;0
401;814248231;Servicios;7.8;2.8;25;13.0;8;69.6;6.7;4.7;70.7;71.7;1.6;0
402;850931531;Servicios;6.3;2.2;36;9.9;4;53.0;21.8;3.43;86.0;62.4;14.2;1
403;851128491;Servicios;10.0;2.2;54;5.1;5;90.0;6.5;2.6;82.2;72.9;19.9;0
404;958682675;Comercio;3.5;2.6;54;-1.0;1;46.5;11.3;2.28;86.3;84.6;4.8;1
405;886255815;Servicios;13.2;3.4;8;-3.9;4;55.4;26.3;3.0;39.0;58.9;4.5;1
406;810848828;Servicios;5.4;4.0;19;-10.6;4;68.3;10.8;3.45;29.1;46.0;0.8;1
407;888562311;Comercio;11.1;3.9;5;1.5;4;64.8;8.0;5.42;68.7;66.1;12.7;0
408;803489276;Construcción;5.5;1.8;214;-2.0;4;55.3;10.7;4.09;65.1;84.9;3.9;1
409;865894960;Servicios;4.5;3.1;31;5.3;7;94.5;21.7;3.16;78.9;72.1;5.3;0
410;956209645;Construcción;2.1;1.3;24;1.1;0;37.4;4.4;3.25;25.0;33.6;6.5;1
411;973908165;Construcción;37.8;18.0;12;-0.1;5;48.4;6.2;4.29;70.7;71.9;50.0;0
412;962256900;Manufactura;2.9;2.6;14;-5.8;6;64.0;1.1;3.29;73.0;68.3;1.9;0
413;978558130;Comercio;4.9;1.8;71;7.9;1;44.4;24.9;4.58;57.8;54.2;0.0;0
414;870161215;Manufactura;5.1;4.9;51;-10.7;3;69.3;5.0;3.19;68.2;58.5;3.0;1
415;870482215;Servicios;10.7;9.5;20;-6.0;3;34.6;21.3;2.01;60.4;80.3;2.6;0
416;936169687;Servicios;15.5;9.3;114;11.9;5;80.3;48.5;2.86;67.6;66.1;8.4;0
417;907836304;Servicios;7.2;3.9;26;21.8;4;44.4;29.7;2.34;28.6;46.9;35.4;1
418;972723391;Servicios;17.9;16.3;21;-8.9;2;54.0;20.8;2.47;86.6;71.7;9.4;1
419;864867485;Servicios;13.8;7.8;31;6.3;4;66.7;24.3;6.65;46.1;54.4;10.0;0
420;802782505;Comercio;7.2;5.0;24;-10.1;5;71.1;8.4;4.16;30.5;34.7;17.2;0
421;888538442;Servicios;8.7;2.5;39;8.9;4;60.1;10.4;2.72;74.4;78.2;11.1;0
422;964162846;Comercio;6.6;6.2;5;0.2;6;50.4;12.6;3.37;32.3;24.7;9.5;1
423;864648394;Manufactura;13.3;3.4;10;22.1;6;70.3;34.3;2.74;45.5;64.2;35.9;0
424;875348586;Construcción;6.7;3.7;63;9.6;1;63.3;24.6;3.53;93.9;78.1;1.7;1
425;864450369;Comercio;3.7;1.1;12;3.8;1;45.5;15.6;4.83;74.6;71.3;0.2;1
426;902845150;Servicios;24.3;23.0;25;10.0;5;78.2;14.7;2.82;55.1;65.7;2.5;0
427;887979588;Servicios;19.1;11.8;23;7.8;6;72.5;14.8;3.24;85.4;79.8;7.6;0
428;940398520;Comercio;6.6;5.9;25;15.2;6;66.1;8.0;3.26;59.5;55.8;4.0;0
429;892839101;Construcción;10.8;8.8;59;21.9;5;63.4;4.1;1.65;35.9;38.8;10.3;0
430;881691751;Servicios;6.5;5.2;22;4.2;8;88.9;34.3;1.99;58.0;74.8;7.4;0
431;867833651;Servicios;9.7;8.3;8;6.7;2;56.5;32.9;5.04;29.3;51.4;1.3;1
432;807624224;Comercio;26.1;9.2;8;0.8;6;81.4;7.9;3.19;24.6;44.6;29.6;0
433;973834648;Servicios;46.4;16.3;8;-7.5;7;69.7;16.2;2.31;69.7;93.0;28.1;0
434;992079905;Comercio;9.1;2.9;63;3.1;8;75.3;32.2;2.52;45.3;51.1;6.2;0
435;800334583;Servicios;19.6;11.5;113;17.5;7;74.9;7.3;2.53;89.9;64.5;1.0;0
436;880912174;Construcción;24.2;19.2;19;13.7;4;56.3;7.0;3.84;93.0;73.2;13.4;1
437;847303751;Tecnología;29.2;17.3;8;10.6;3;42.4;13.6;4.0;40.9;31.4;2.7;0
438;845541350;Servicios;6.0;1.8;16;-15.3;5;63.7;4.9;2.56;72.8;66.7;0.3;0
439;819187248;Manufactura;7.7;1.8;5;28.9;5;73.6;18.6;1.88;68.2;65.5;10.9;0
440;962003824;Construcción;7.1;6.3;14;-6.4;4;61.9;4.0;3.19;82.5;69.6;5.5;1
441;984934883;Servicios;31.6;16.9;52;-5.1;4;47.0;18.6;3.79;33.4;26.6;46.3;0
442;807278208;Servicios;18.1;10.5;5;-6.2;4;58.0;18.6;3.43;77.2;64.7;24.5;0
443;840705377;Comercio;8.8;7.1;43;-12.4;5;70.8;5.1;3.01;93.9;98.6;7.3;1
444;920817025;Servicios;5.4;4.3;21;-19.8;6;60.4;21.9;4.12;68.1;66.1;18.7;1
445;857070955;Servicios;5.9;5.1;33;-2.5;6;71.8;11.4;2.51;67.8;62.1;20.3;0
446;951061434;Transporte;4.1;3.3;30;4.8;6;74.0;39.7;3.59;84.0;87.2;10.0;1
447;984714316;Servicios;5.3;4.4;100;22.1;7;80.1;6.0;2.39;89.2;68.0;3.1;0
448;937073999;Manufactura;6.6;4.4;25;-7.4;5;71.3;28.2;2.8;53.1;60.4;13.7;1
449;924896115;Comercio;9.1;5.1;7;-8.9;6;64.9;6.1;3.39;87.3;89.6;15.7;0
450;922114334;Servicios;23.4;14.9;9;25.4;2;36.3;31.6;4.14;42.8;50.6;16.6;0
451;854282389;Manufactura;10.6;2.2;22;-19.3;1;45.5;20.4;3.72;74.0;71.8;13.1;1
452;932645086;Servicios;7.8;3.2;29;-17.9;3;60.9;13.7;3.06;35.7;50.7;0.8;1
453;952625940;Servicios;4.5;1.9;25;2.5;6;70.6;4.7;4.31;21.9;40.2;22.5;0
454;962433723;Servicios;4.4;2.8;35;13.7;9;81.8;20.6;2.16;82.1;63.8;0.1;0
455;917259937;Comercio;6.2;1.7;7;8.3;5;68.2;1.9;5.04;88.4;71.5;8.4;0
456;828600020;Construcción;37.4;30.9;18;-0.5;2;52.8;5.4;4.06;33.0;26.2;6.1;0
457;985277339;Comercio;17.7;11.3;22;1.0;7;81.2;5.1;3.37;64.4;51.9;6.3;0
458;973631186;Comercio;12.8;8.7;23;-4.0;4;55.1;8.3;3.35;43.1;48.5;7.3;1
459;892262953;Comercio;7.5;6.5;10;8.0;5;56.5;28.2;1.36;40.8;51.6;5.0;0
460;810368794;Construcción;40.2;40.2;54;-17.9;3;56.5;23.1;2.37;63.6;75.6;4.8;0
461;892031806;Comercio;17.5;5.8;38;-3.9;3;51.8;21.5;4.03;82.7;71.6;4.1;0
462;846866652;Servicios;13.1;8.2;10;-12.9;5;64.2;13.6;5.68;46.0;47.6;8.6;0
463;952286635;Servicios;7.7;7.0;60;-12.1;4;45.9;9.1;3.54;31.0;49.0;5.5;1
464;909280747;Comercio;10.7;10.6;15;14.2;6;77.0;16.8;2.12;93.6;76.2;24.3;0
465;817858901;Manufactura;11.0;10.6;8;1.5;8;86.6;18.0;5.81;45.8;61.4;7.6;0
466;816776099;Servicios;17.1;5.7;15;-9.2;5;69.9;28.7;1.92;56.5;55.1;2.2;0
467;968128671;Servicios;4.5;4.1;20;-13.6;7;75.2;29.1;2.93;84.6;84.7;3.2;0
468;975547544;Servicios;12.0;9.7;8;4.6;4;76.0;0.7;4.89;55.1;38.4;6.9;0
469;821794106;Tecnología;21.7;5.0;24;25.4;9;97.1;4.3;3.35;68.9;80.6;0.1;0
470;931063142;Comercio;5.1;4.6;21;7.7;9;100.0;29.3;2.96;30.4;45.3;14.4;0
471;820549610;Comercio;12.2;11.8;8;9.8;1;50.4;32.5;2.85;55.3;38.1;7.7;1
472;860169968;Servicios;6.7;2.4;57;-2.6;4;54.5;39.2;2.5;37.4;61.8;22.7;1
473;990330982;Manufactura;17.2;14.3;5;19.4;7;69.8;19.0;5.84;27.1;34.5;16.3;1
474;899289584;Comercio;6.1;5.8;63;10.6;8;78.0;12.1;3.3;84.0;69.1;14.7;0
475;903694522;Transporte;14.3;3.1;21;5.7;0;39.8;4.9;1.82;49.3;47.4;5.7;1
476;878395243;Servicios;3.5;2.4;38;6.9;0;23.0;6.2;3.9;40.3;46.3;0.5;1
477;853125539;Comercio;50.0;18.2;31;15.6;3;51.0;18.9;4.78;45.6;55.0;16.1;0
478;812993153;Manufactura;5.5;1.5;24;20.4;2;47.1;8.8;3.85;39.5;58.5;45.0;0
479;827587507;Servicios;18.3;6.5;30;5.1;1;21.3;9.6;2.4;84.6;71.6;6.3;0
480;913111084;Servicios;5.8;1.7;260;5.5;5;56.9;39.3;3.7;92.7;75.5;0.6;0
481;901083069;Manufactura;16.7;10.9;20;-1.8;3;69.5;19.8;3.5;42.3;74.4;1.1;1
482;934143912;Tecnología;8.4;2.9;10;-11.3;2;60.1;10.2;2.52;78.9;66.2;13.3;0
483;882958582;Servicios;28.9;16.7;15;10.7;4;53.3;25.9;3.24;62.3;72.6;5.8;0
484;979386273;Comercio;6.9;5.6;12;2.5;4;68.1;21.3;3.2;63.6;60.4;2.0;0
485;938591290;Servicios;9.4;5.8;107;-6.9;6;89.2;13.8;3.26;73.1;70.1;7.8;0
486;833235800;Servicios;50.0;19.8;62;5.5;5;71.5;5.1;2.25;21.1;46.2;6.4;0
487;960617206;Comercio;33.3;20.4;13;22.6;7;71.8;5.9;2.53;85.9;55.0;0.8;0
488;872929551;Manufactura;5.8;4.0;103;4.9;4;62.4;13.8;5.34;74.9;56.0;13.0;0
489;929208429;Servicios;4.4;1.9;17;-5.1;2;51.6;6.1;2.47;47.0;53.1;14.8;1
490;830142777;Servicios;4.6;2.1;43;34.3;5;57.3;18.7;1.61;60.6;55.7;0.1;1
491;999695533;Servicios;15.3;7.1;10;10.5;5;75.9;2.0;2.73;67.2;60.7;2.5;0
492;970386388;Tecnología;3.8;1.1;13;-0.8;2;54.6;18.7;3.89;43.4;43.4;19.5;1
493;841475753;Comercio;8.5;1.9;19;23.4;5;55.6;20.0;4.86;76.0;73.0;4.8;0
494;889249070;Comercio;8.4;2.7;50;12.2;2;75.0;14.5;4.19;53.7;47.8;17.3;1
495;823764180;Servicios;16.7;16.2;38;-6.6;3;44.3;10.2;4.12;58.1;66.3;0.8;0
496;872754736;Construcción;11.7;6.8;6;6.0;4;58.1;21.8;2.26;44.6;45.6;10.3;1
497;875765629;Servicios;4.2;2.1;13;10.2;4;57.3;13.6;4.75;51.8;66.6;9.0;0
498;961155648;Servicios;4.8;2.9;21;-0.1;5;81.5;33.2;3.04;73.5;62.8;4.3;0
499;958978499;Tecnología;10.0;4.3;32;-3.1;5;72.4;14.2;4.32;66.2;48.1;2.1;0
500;832732707;Transporte;11.4;6.3;76;14.5;5;83.3;14.0;3.49;58.3;65.1;7.8;0
501;922619688;Servicios;3.5;3.0;9;28.5;3;40.1;11.6;2.32;13.1;41.6;17.7;0
502;838893095;Servicios;5.2;5.1;65;12.8;6;72.1;10.0;4.43;57.3;66.9;12.0;0
503;895842225;Servicios;7.5;4.1;60;2.6;3;68.4;6.4;6.49;64.5;76.3;4.3;0
504;837742805;Servicios;47.9;27.8;11;-2.2;9;93.7;9.0;1.86;47.1;51.8;1.3;0
505;903834051;Comercio;1.0;0.2;76;-14.9;6;70.1;4.6;2.06;66.6;61.6;27.3;1
506;916017644;Manufactura;13.2;3.9;6;4.2;9;82.5;24.9;1.86;47.2;60.8;2.3;0
507;808578716;Manufactura;2.6;1.6;5;12.6;4;61.0;11.4;7.44;71.0;68.3;3.6;1
508;999992211;Comercio;11.0;10.1;37;-13.9;4;46.9;15.9;3.51;90.9;93.5;1.1;0
509;961930794;Manufactura;14.3;6.9;10;6.7;6;77.5;6.6;4.0;54.5;61.6;18.3;0
510;941904561;Comercio;13.3;11.6;32;2.9;5;68.1;28.1;2.9;64.6;71.4;1.0;0
511;822369749;Servicios;6.8;5.9;13;5.9;2;66.0;3.1;4.61;19.7;21.2;13.6;1
512;891400652;Transporte;8.0;4.8;24;1.6;1;57.3;2.0;3.41;60.6;59.3;17.5;0
513;803505829;Comercio;3.4;0.8;22;1.6;4;93.0;10.6;8.21;48.9;58.1;4.0;0
514;820500947;Servicios;27.8;24.2;36;-5.8;6;85.2;25.6;2.95;75.7;73.8;30.5;0
515;972386997;Servicios;6.8;5.1;22;17.6;9;90.4;0.7;1.92;51.2;60.3;36.1;0
516;976900003;Servicios;11.2;5.0;25;19.0;7;67.9;26.3;3.87;14.3;41.7;3.3;0
517;849067824;Servicios;17.8;10.3;51;12.3;4;59.0;36.9;4.21;92.0;91.1;3.6;0
518;978911262;Comercio;13.5;4.3;9;5.4;4;59.8;21.5;1.84;69.7;66.7;12.4;0
519;818636623;Comercio;2.3;2.1;83;22.1;3;48.2;34.8;2.19;41.8;56.0;0.5;1
520;878023579;Comercio;3.3;2.0;34;12.4;6;58.9;21.5;3.12;23.2;28.6;0.8;1
521;902794938;Comercio;50.0;24.5;10;-8.1;4;70.5;44.7;4.54;40.2;70.4;0.6;1
522;944630751;Servicios;9.3;4.8;21;10.4;4;52.5;20.6;6.56;54.8;77.3;1.7;0
523;805176342;Servicios;13.8;8.7;13;14.2;7;82.3;15.7;4.58;43.3;45.2;0.4;0
524;944442232;Servicios;23.5;15.0;5;9.4;7;76.7;5.3;3.84;63.8;43.9;0.4;0
525;807533742;Manufactura;3.7;2.7;29;0.2;10;78.4;18.4;1.55;41.9;45.9;3.8;0
526;927077375;Servicios;6.2;5.0;70;1.5;0;51.6;19.7;3.72;55.4;54.3;1.2;1
527;906390080;Manufactura;2.4;1.8;6;9.5;8;66.4;12.6;2.9;42.1;45.9;2.8;0
528;877262388;Manufactura;5.4;1.4;49;19.3;7;82.2;24.7;2.65;65.4;66.6;0.6;0
529;899070847;Servicios;2.7;0.7;23;11.4;4;66.6;16.7;2.93;56.6;43.4;7.9;0
530;885217490;Transporte;19.5;10.8;9;3.8;3;62.3;28.8;1.8;30.5;47.3;0.3;0
531;994564239;Construcción;2.8;1.2;19;19.0;8;74.3;8.8;1.37;92.3;87.0;1.5;0
532;900024390;Servicios;5.0;1.4;49;10.3;0;51.0;9.3;2.29;84.9;73.3;5.2;1
533;866865290;Manufactura;5.4;4.7;51;5.8;6;83.6;9.0;2.13;50.0;53.1;6.2;0
534;971002922;Comercio;4.2;3.1;37;3.6;3;63.6;11.5;2.37;55.1;54.4;2.4;1
535;996503562;Transporte;9.1;5.9;21;4.8;5;67.0;13.3;4.01;83.4;76.1;1.2;0
536;813465863;Servicios;5.9;3.7;27;3.4;7;78.9;34.3;3.31;68.5;56.7;0.2;0
537;898572600;Construcción;23.8;5.4;17;-14.8;6;72.4;7.4;2.35;62.9;70.8;2.2;0
538;895618930;Servicios;18.9;13.0;20;-7.2;5;55.0;27.3;3.04;53.3;49.1;14.3;0
539;833316998;Transporte;3.0;1.8;10;-1.2;3;60.3;9.6;3.2;72.3;69.8;5.3;1
540;975291187;Transporte;4.8;4.0;19;16.2;4;75.0;6.6;4.06;92.0;81.2;0.1;0
541;815373036;Comercio;22.9;5.0;43;3.1;6;75.6;16.1;7.58;68.1;51.6;18.0;0
542;922191041;Servicios;13.5;3.1;12;17.5;4;77.5;10.7;4.48;88.8;83.8;13.0;0
543;912867164;Tecnología;5.8;2.8;96;8.3;5;57.4;36.4;2.01;86.0;64.6;20.3;1
544;943440877;Comercio;9.0;5.2;49;5.8;4;67.2;16.0;2.8;76.7;70.1;29.8;0
545;862082183;Construcción;4.7;1.0;31;-3.3;8;92.9;12.6;2.58;62.7;73.8;1.3;0
546;806866427;Comercio;17.3;5.4;9;25.6;6;77.8;6.0;2.82;65.4;91.1;9.6;0
547;929703290;Comercio;5.6;3.0;15;10.9;6;75.6;33.3;3.32;82.2;66.7;16.9;0
548;928325284;Servicios;7.6;4.8;86;18.0;5;70.5;13.5;4.3;38.8;65.7;3.1;0
549;898929033;Tecnología;2.9;0.6;119;8.2;2;65.1;10.8;3.54;62.5;55.3;6.8;1
550;874900011;Manufactura;16.7;16.5;112;-15.6;6;79.9;6.1;2.44;81.8;75.0;14.7;0
551;934046695;Construcción;4.2;2.2;23;11.8;6;80.4;12.2;3.02;76.6;68.5;2.0;0
552;879426374;Manufactura;12.8;8.0;80;3.3;4;61.8;5.5;2.74;45.9;52.8;7.5;0
553;894782566;Construcción;23.0;7.3;68;17.6;3;59.7;33.5;5.85;31.8;38.9;12.7;1
554;915917329;Servicios;4.9;2.9;36;-4.5;6;71.2;30.7;2.93;89.0;99.7;6.2;0
555;999590518;Comercio;17.4;14.6;42;-4.4;0;23.6;32.1;4.21;63.0;38.6;18.7;1
556;846858360;Comercio;10.3;2.7;36;8.6;6;73.1;11.5;5.31;71.5;78.0;8.7;0
557;997905627;Construcción;18.7;7.9;17;12.7;9;91.1;12.8;3.7;58.9;58.2;20.2;0
558;959437840;Comercio;39.4;23.1;21;2.7;2;44.0;14.7;2.3;71.7;59.0;3.3;0
559;874385265;Servicios;38.7;13.6;103;4.7;7;72.1;5.7;2.59;48.2;54.1;4.2;0
560;876224473;Comercio;8.5;2.9;78;0.4;6;73.7;19.7;2.63;61.3;70.1;0.1;1
561;875117801;Transporte;12.2;9.4;13;-24.1;4;60.8;27.7;3.73;94.7;94.2;7.0;1
562;850061217;Servicios;7.1;6.2;25;-9.2;6;82.1;10.5;5.12;68.8;54.2;33.3;0
563;838146989;Transporte;28.6;24.0;36;7.6;2;63.0;14.6;3.54;79.7;63.3;17.3;0
564;891107878;Construcción;5.3;1.9;114;5.9;4;74.6;7.5;2.41;66.0;67.0;7.4;0
565;825336970;Manufactura;20.9;17.6;8;-6.2;8;86.8;21.2;3.56;64.1;66.5;6.5;0
566;972612724;Servicios;6.7;3.3;53;15.0;5;67.4;18.6;3.85;80.5;56.2;8.7;0
567;820572321;Servicios;6.6;6.0;12;13.1;5;57.3;8.5;3.82;43.3;49.3;7.5;0
568;999094648;Transporte;14.7;14.4;64;8.1;9;82.4;17.2;3.5;38.9;50.2;6.2;0
569;969272354;Servicios;21.7;14.9;33;16.1;8;70.7;6.8;3.43;81.1;65.2;0.7;0
570;808795168;Servicios;11.8;3.0;34;6.1;6;70.6;21.3;3.17;62.6;63.7;3.9;0
571;869411455;Servicios;22.1;13.2;45;10.2;4;60.7;12.6;2.69;67.7;61.5;6.6;0
572;948828963;Servicios;17.9;15.5;150;21.9;3;55.0;19.2;1.76;55.5;50.6;50.0;0
573;980598650;Transporte;5.0;2.4;25;3.2;6;80.3;24.3;3.23;70.9;59.5;3.0;0
574;911409340;Comercio;7.2;4.6;16;4.0;4;56.0;19.8;3.0;42.2;37.7;15.2;1
575;856498691;Transporte;13.6;10.3;8;-4.6;6;88.4;28.8;3.29;58.6;60.5;9.7;0
576;809446559;Comercio;6.5;6.0;10;12.4;5;63.2;30.7;3.6;68.0;52.3;3.7;0
577;976894766;Servicios;8.2;5.9;12;4.4;5;90.0;18.4;3.93;84.9;75.2;6.6;0
578;990347126;Servicios;6.0;4.8;32;11.6;5;70.6;25.7;4.6;67.0;78.3;35.2;0
579;871811844;Manufactura;12.2;6.8;11;1.8;4;69.2;13.5;2.86;39.8;45.7;35.3;1
580;898389963;Construcción;41.1;23.9;24;3.9;5;60.5;21.0;3.13;71.4;85.1;21.7;0
581;961924905;Comercio;8.5;6.0;15;6.8;2;40.9;32.1;1.57;85.0;83.7;2.2;1
582;904685280;Servicios;17.3;11.3;34;-2.9;5;72.1;20.6;4.46;75.0;63.5;0.4;0
583;980332600;Servicios;27.5;21.6;40;-12.1;3;72.5;4.6;2.33;86.9;92.9;2.3;0
584;960064667;Servicios;5.6;4.9;13;-13.7;3;57.3;19.9;2.95;73.3;62.7;19.7;1
585;836238299;Servicios;2.4;2.0;15;-10.5;2;41.5;1.4;5.05;76.4;46.2;9.8;1
586;923420992;Comercio;3.2;3.2;47;13.1;5;65.1;13.5;2.39;44.4;58.1;16.1;0
587;877043876;Comercio;11.7;8.5;9;-3.6;5;66.7;13.2;5.05;57.3;63.7;6.6;0
588;929576769;Manufactura;1.9;1.5;127;16.0;5;76.6;15.4;2.2;59.8;60.7;0.4;0
589;846234635;Comercio;14.3;3.2;54;3.2;3;72.6;14.0;2.04;68.6;91.0;3.1;0
590;807065980;Comercio;5.0;2.0;37;-4.2;0;45.0;29.6;1.79;46.9;41.9;0.9;1
591;881801534;Comercio;7.1;1.8;31;14.8;4;64.6;2.2;5.01;60.9;64.0;7.7;0
592;822207624;Construcción;30.4;17.9;22;4.2;4;59.0;30.4;2.94;73.5;72.7;11.5;0
593;848627099;Servicios;5.3;1.5;47;17.2;5;65.7;20.7;2.0;28.3;53.3;19.8;1
594;979350810;Servicios;3.4;1.9;15;8.8;5;59.6;3.7;3.66;50.5;51.6;9.0;0
595;973519799;Transporte;9.6;3.0;68;16.9;5;74.2;16.5;4.53;77.3;45.2;10.2;0
596;947091329;Comercio;3.4;3.3;52;12.8;7;70.3;27.4;2.0;81.6;77.6;11.4;0
597;873950854;Comercio;3.0;1.3;12;11.7;4;53.7;20.0;3.81;23.3;33.4;14.8;1
598;871357181;Servicios;2.2;1.4;22;9.6;4;45.4;22.0;5.95;52.8;61.9;1.3;1
599;818291185;Servicios;10.3;5.9;9;15.1;4;46.4;4.6;3.04;69.5;37.1;0.0;0
600;849926548;Servicios;9.9;7.4;5;-13.6;3;69.7;31.6;2.29;77.9;58.1;7.3;1
601;858862456;Transporte;25.8;11.6;25;2.3;7;70.9;24.2;3.42;49.5;62.1;7.2;0
602;904414342;Servicios;3.6;2.6;12;-9.9;9;78.8;10.4;4.48;71.7;61.2;25.4;0
603;975323562;Servicios;7.9;6.9;9;-7.6;5;80.6;35.5;2.22;86.5;63.5;3.1;1
604;817168926;Comercio;15.2;13.3;22;22.6;4;53.4;18.0;4.54;25.3;38.1;7.8;0
605;945155786;Servicios;18.8;13.2;36;-0.9;3;56.0;6.4;3.36;76.2;65.6;5.2;0
606;906624600;Comercio;24.7;19.4;11;-14.8;7;74.7;6.6;3.45;88.0;83.0;7.0;0
607;886627695;Manufactura;8.0;6.4;8;16.3;5;59.4;12.6;4.34;59.8;60.4;1.1;0
608;858654938;Servicios;7.5;6.9;17;1.1;7;71.4;26.9;3.64;41.0;53.2;46.4;0
609;872139509;Servicios;8.0;4.4;34;5.6;4;59.4;11.1;3.67;67.6;50.1;17.0;0
610;992775171;Servicios;9.5;8.2;18;3.8;6;80.6;4.7;3.01;36.3;49.5;21.1;0
611;919495830;Manufactura;11.8;11.4;5;-23.4;6;64.4;23.1;3.04;40.3;36.6;2.4;1
612;823636166;Manufactura;8.3;5.9;8;18.5;7;80.8;11.8;3.29;68.0;62.8;29.6;0
613;860135599;Servicios;7.3;5.4;11;14.4;4;44.9;25.4;4.28;47.0;59.8;16.8;0
614;928556428;Comercio;15.0;4.6;32;-9.5;8;94.8;6.6;2.29;90.2;71.2;17.3;0
615;806363916;Comercio;8.4;4.0;11;3.1;3;50.5;11.9;2.02;81.1;90.1;7.8;0
616;816259443;Construcción;18.2;11.5;22;12.1;6;80.2;28.4;3.04;43.7;35.4;6.8;0
617;856841059;Manufactura;3.7;1.8;17;1.1;3;54.2;14.8;3.43;41.9;66.0;19.5;1
618;941911464;Servicios;10.7;4.8;33;0.3;4;60.9;33.1;3.49;82.1;66.6;0.0;1
619;889761110;Servicios;3.3;1.6;40;0.5;0;41.6;11.6;3.75;69.7;62.5;26.8;1
620;883887555;Comercio;3.0;1.8;56;13.7;3;60.3;16.6;2.49;87.7;79.3;20.1;0
621;836394150;Manufactura;7.4;5.8;9;6.7;6;78.5;19.1;3.41;72.4;66.0;20.0;0
622;951131711;Manufactura;19.1;7.2;21;8.3;4;69.2;8.5;2.53;74.3;72.2;6.0;0
623;940866252;Manufactura;2.4;1.5;63;18.4;4;84.3;6.3;3.26;94.7;89.5;14.2;0
624;901606269;Servicios;3.7;2.9;88;9.5;10;81.1;5.2;3.43;46.6;44.1;1.8;0
625;863829872;Comercio;10.6;7.5;24;15.7;5;83.8;27.5;2.74;79.8;68.0;7.5;0
626;824840248;Manufactura;11.3;4.4;16;-0.7;3;57.2;5.9;7.02;60.5;74.3;14.0;1
627;979170725;Transporte;10.6;8.0;31;14.0;5;70.4;11.5;4.34;51.7;62.2;1.4;0
628;834129064;Comercio;8.0;7.1;28;17.2;4;52.3;19.2;2.66;74.5;62.3;4.1;1
629;870044337;Servicios;8.3;2.1;5;3.9;3;57.3;10.9;5.89;16.3;37.2;3.4;1
630;854591770;Servicios;9.3;6.2;16;-1.0;4;69.7;10.2;3.82;65.9;59.7;3.0;0
631;863307473;Manufactura;13.2;8.3;5;24.8;8;80.5;28.3;4.28;39.4;46.7;8.4;0
632;984522607;Servicios;17.7;4.9;43;0.3;6;79.0;22.0;3.53;79.2;60.3;6.6;0
633;976074754;Servicios;13.9;5.5;60;-15.6;5;52.0;11.2;3.45;59.5;61.4;24.9;1
634;974913730;Servicios;11.5;5.9;27;15.0;5;65.3;13.4;3.13;80.4;68.3;2.7;0
635;866859427;Servicios;6.8;2.2;9;2.4;5;68.8;21.9;6.35;64.2;74.2;2.8;0
636;916658096;Comercio;5.7;2.4;245;12.7;3;62.4;13.5;2.72;23.5;35.7;4.3;0
637;853596804;Comercio;16.0;9.6;155;3.6;6;89.3;8.9;3.63;81.2;70.1;12.3;0
638;847457337;Servicios;16.3;9.4;49;0.9;3;56.4;8.9;3.93;58.1;63.2;21.8;1
639;919147239;Comercio;16.5;16.0;7;3.5;4;50.4;25.9;3.64;74.2;62.3;2.2;1
640;890946259;Construcción;7.5;3.2;28;-1.0;4;44.5;22.4;3.07;39.7;60.1;0.8;1
641;872518507;Construcción;11.7;4.3;186;0.3;5;69.9;20.9;4.15;71.4;61.7;0.3;0
642;812863339;Transporte;5.4;5.0;191;6.6;8;70.1;12.6;2.66;64.5;71.8;12.5;0
643;918203631;Manufactura;7.0;5.8;30;2.2;3;48.5;28.6;2.51;70.4;63.3;0.9;1
644;914784159;Transporte;5.8;1.5;8;3.1;4;63.6;12.0;3.14;81.5;78.1;5.1;0
645;817823558;Transporte;9.1;8.2;33;19.6;5;57.4;12.8;3.6;90.2;80.1;11.1;0
646;996107581;Comercio;9.1;3.3;24;-6.4;4;70.8;13.6;4.08;59.6;64.7;8.6;1
647;847973994;Comercio;19.2;17.0;5;-2.4;6;77.6;6.0;2.56;68.5;50.2;14.1;0
648;845434263;Servicios;15.5;12.6;12;0.4;3;61.3;21.8;2.2;52.3;53.6;13.8;0
649;946860164;Comercio;8.8;8.3;17;15.3;4;48.5;36.0;2.37;56.4;63.9;3.2;1
650;945508760;Servicios;16.3;7.3;12;24.1;5;55.3;24.0;5.18;26.7;61.2;3.7;0
651;913106352;Comercio;23.0;22.2;8;5.9;2;42.9;11.4;3.34;52.5;62.9;8.7;0
652;851569212;Comercio;6.6;6.5;16;16.8;5;61.4;21.1;5.49;37.6;44.7;1.8;0
653;890443472;Comercio;2.9;0.8;104;-8.6;8;90.9;29.6;2.21;60.8;57.7;0.1;0
654;866938196;Manufactura;13.2;11.4;12;21.2;4;77.5;16.7;4.95;57.8;70.7;1.0;0
655;967038657;Construcción;11.6;10.6;33;7.8;4;64.5;14.8;2.95;77.2;72.2;0.1;0
656;807066964;Servicios;8.5;7.6;22;-4.6;3;69.8;20.2;2.45;84.4;69.9;1.5;0
657;846897405;Comercio;8.4;7.4;69;6.1;5;60.6;24.0;2.44;59.6;44.6;1.0;0
658;949429366;Comercio;3.4;3.3;13;12.0;4;73.5;18.3;2.95;54.9;58.4;4.4;0
659;921802443;Comercio;19.7;8.0;31;18.3;3;53.5;21.2;3.23;59.6;50.9;1.9;1
660;892859838;Comercio;15.1;7.3;20;22.2;4;75.2;31.7;6.05;71.0;54.1;5.0;0
661;821905381;Comercio;23.3;15.0;163;-13.2;4;44.4;7.9;6.03;90.0;78.1;0.7;0
662;829884038;Manufactura;16.6;12.3;16;-3.7;3;73.8;6.7;4.06;57.6;58.6;7.5;0
663;800415377;Manufactura;12.6;9.5;30;2.5;6;81.5;13.7;3.26;81.1;75.1;20.8;0
664;848723664;Manufactura;5.7;4.9;14;12.1;1;50.1;27.7;4.52;9.5;40.7;1.5;1
665;822551592;Comercio;11.4;2.3;44;11.9;1;52.0;8.0;3.98;7.6;31.1;1.2;1
666;807981706;Manufactura;4.3;3.6;11;3.9;3;42.3;16.1;2.8;51.6;61.8;0.7;1
667;811049650;Servicios;15.3;6.5;5;4.8;2;56.7;14.9;2.67;72.5;44.0;2.6;0
668;837505886;Comercio;19.3;5.1;51;18.0;6;77.0;3.4;4.17;88.5;63.3;7.0;0
669;995250946;Comercio;6.7;3.1;27;-4.3;5;65.5;25.7;3.56;54.4;41.8;18.2;1
670;839552467;Comercio;24.8;24.5;55;6.6;5;67.8;31.4;2.35;47.2;44.5;19.0;0
671;840475432;Construcción;50.0;41.4;14;4.7;5;57.8;8.2;3.07;60.0;52.2;4.2;0
672;905564551;Manufactura;9.7;4.6;11;-11.7;4;42.0;19.3;5.09;50.6;57.3;13.8;1
673;939098746;Servicios;5.6;1.2;96;6.0;5;53.3;38.9;2.96;69.9;58.2;5.2;1
674;951204842;Manufactura;5.5;4.5;14;10.3;4;59.5;2.4;1.99;15.8;37.6;14.3;1
675;905988959;Transporte;29.7;16.8;24;-7.6;8;63.6;4.0;4.08;28.2;45.6;12.2;0
676;879007661;Servicios;21.2;12.1;5;9.2;5;69.8;24.7;5.02;51.5;54.9;15.3;0
677;869558319;Tecnología;21.1;5.6;29;21.9;5;52.9;24.2;2.78;59.4;67.2;6.0;0
678;893252390;Manufactura;3.6;1.3;14;14.4;4;52.1;11.4;2.95;69.0;57.1;3.6;0
679;916650047;Manufactura;18.2;9.7;75;-6.6;3;66.6;14.8;2.7;57.7;39.1;1.3;1
680;900677005;Manufactura;20.2;9.7;5;-28.9;0;45.6;35.1;3.97;52.5;57.4;10.1;1
681;943824386;Manufactura;6.5;3.7;14;1.4;6;71.1;13.4;3.48;54.4;49.8;11.0;0
682;945411631;Servicios;5.2;2.8;33;18.7;7;75.8;17.4;3.7;79.6;79.1;20.1;1
683;882409996;Transporte;4.9;2.5;48;19.4;1;52.7;6.9;4.04;86.8;88.0;2.2;0
684;827530243;Comercio;8.3;3.5;17;13.0;4;78.9;28.0;3.03;59.1;49.8;1.2;1
685;839305342;Comercio;15.5;3.8;8;10.3;6;70.4;28.0;2.66;64.8;48.0;26.3;0
686;979721641;Manufactura;8.6;6.5;44;6.0;6;66.5;16.7;1.97;74.2;58.1;3.4;0
687;905787248;Comercio;12.9;10.1;13;19.2;9;82.4;19.9;4.23;27.4;34.4;11.9;0
688;992263432;Comercio;30.4;29.1;10;2.9;3;55.5;14.8;2.3;82.4;76.3;24.5;0
689;945287732;Construcción;8.5;6.8;11;19.3;5;69.8;15.0;3.75;61.1;74.0;10.4;0
690;939383364;Servicios;9.4;2.5;24;15.7;2;39.9;2.7;3.15;95.9;87.3;17.8;0
691;959235588;Servicios;10.6;6.5;37;-7.5;6;67.9;34.8;3.27;57.9;67.4;5.9;1
692;934203347;Manufactura;11.4;3.2;16;-9.7;7;86.4;16.0;2.95;19.4;49.3;11.0;0
693;864738580;Construcción;1.9;1.5;34;16.9;5;78.6;7.9;3.53;68.8;50.3;4.6;0
694;979889895;Manufactura;4.1;2.7;69;-7.3;5;50.7;4.1;2.4;48.6;56.4;50.0;1
695;994507326;Construcción;16.3;11.8;17;-11.7;6;76.1;9.1;3.61;52.3;44.6;8.5;0
696;846539806;Servicios;4.3;1.0;12;5.6;4;67.9;13.1;5.04;82.5;88.7;12.3;0
697;998884712;Comercio;2.7;0.9;13;7.8;3;78.3;37.8;3.4;73.8;55.8;6.4;1
698;962559924;Servicios;1.4;0.3;5;9.0;5;71.0;11.7;3.52;48.5;44.1;1.5;0
699;945662557;Comercio;6.8;3.6;105;29.7;1;45.1;6.0;6.05;77.6;92.3;17.6;0
700;931196470;Tecnología;21.5;15.9;8;6.8;5;67.0;20.4;3.91;78.2;69.8;16.6;0
701;945621825;Manufactura;11.1;3.7;5;-9.5;4;65.0;46.2;3.9;73.9;87.8;7.8;1
702;805109992;Manufactura;6.0;3.9;12;-3.9;2;57.4;20.6;2.52;59.7;78.9;9.8;0
703;867165777;Manufactura;23.2;18.7;26;9.0;3;61.1;16.6;4.86;72.3;61.5;23.5;0
704;930978651;Transporte;11.8;8.2;39;2.5;4;79.5;7.8;2.7;52.7;62.7;4.5;0
705;871477070;Construcción;8.5;4.4;49;6.0;7;88.6;11.3;2.21;21.1;59.0;2.0;0
706;966307328;Servicios;12.5;10.9;26;20.3;9;68.4;2.7;3.9;67.2;74.1;25.3;0
707;958162617;Comercio;5.4;2.9;30;9.7;7;78.3;4.2;1.41;79.2;56.8;2.9;0
708;882910104;Manufactura;12.1;10.0;7;6.9;7;84.1;14.9;2.97;44.9;42.3;0.3;0
709;893397320;Construcción;7.7;7.4;43;19.8;6;58.9;13.9;2.07;32.3;60.0;6.5;0
710;994821395;Servicios;9.9;8.5;50;-7.8;6;69.3;4.0;2.39;70.7;47.7;1.3;0
711;824743318;Tecnología;3.6;3.2;23;18.1;10;99.8;4.3;3.43;36.8;41.6;4.2;0
712;988957643;Comercio;10.4;4.3;61;-0.6;8;69.4;17.6;4.95;95.1;89.6;9.8;0
713;924562548;Servicios;11.9;3.4;9;19.3;2;54.9;19.6;3.0;43.6;50.6;10.3;1
714;924755692;Servicios;14.0;5.0;62;1.6;3;56.6;14.9;3.37;59.9;74.3;30.2;0
715;948190052;Construcción;4.3;3.9;9;3.9;7;64.3;35.3;2.77;73.6;71.6;7.2;0
716;877459757;Servicios;2.6;2.4;28;25.4;3;41.3;10.9;2.58;85.7;76.6;10.0;0
717;803921849;Servicios;8.0;2.8;29;-17.5;4;74.6;33.7;3.41;75.0;90.2;7.4;0
718;830054865;Manufactura;13.0;4.0;11;-8.3;7;69.8;12.3;6.9;28.6;54.8;42.5;1
719;997896500;Transporte;22.3;19.5;33;2.6;6;78.7;19.0;3.2;74.5;74.3;2.9;0
720;990595273;Comercio;5.9;3.2;38;6.2;4;59.0;24.7;2.01;58.2;49.3;5.9;1
721;851773431;Servicios;6.5;5.3;21;20.8;1;54.1;39.9;4.99;73.6;66.4;1.9;1
722;814742617;Comercio;3.4;0.9;45;0.4;3;48.0;23.9;3.66;20.8;39.1;5.4;1
723;961429117;Comercio;7.2;3.4;17;-5.6;3;45.6;11.4;3.51;58.8;48.6;1.9;1
724;989211213;Manufactura;5.0;2.8;40;-14.5;6;72.3;16.4;5.03;78.0;66.4;35.8;1
725;869861898;Servicios;7.5;3.7;32;-10.5;8;74.0;18.7;4.01;53.1;53.1;4.8;0
726;966173590;Servicios;12.4;10.1;38;9.4;4;51.0;21.3;6.37;54.6;49.4;4.9;0
727;960006163;Comercio;2.7;1.5;5;1.7;5;46.1;23.5;3.49;57.4;59.6;1.0;1
728;996082451;Servicios;11.3;4.5;41;15.7;7;88.3;4.6;1.54;63.6;62.3;6.4;0
729;913378202;Servicios;9.5;7.0;20;16.0;6;68.0;16.2;3.23;46.2;62.9;7.5;0
730;941080584;Manufactura;7.8;5.7;176;-3.5;7;75.2;9.4;3.04;30.7;56.1;0.3;0
731;976372103;Servicios;11.2;3.8;43;17.5;4;60.4;42.1;2.94;78.7;76.4;5.0;0
732;966736151;Comercio;23.6;4.9;27;9.3;8;88.9;24.3;1.55;74.4;78.1;13.3;0
733;912734054;Comercio;17.5;8.5;26;3.5;6;85.4;7.6;3.37;90.4;72.2;7.6;0
734;962942220;Transporte;15.2;11.6;91;7.7;6;59.0;3.5;2.6;86.3;79.5;20.8;0
735;814804095;Servicios;4.5;4.0;19;25.2;8;74.9;35.5;3.03;56.1;54.0;11.4;0
736;857581948;Comercio;2.6;2.5;43;9.3;5;82.0;11.0;3.63;37.0;50.7;23.8;0
737;942025742;Comercio;6.1;2.3;17;-3.1;7;67.1;9.6;2.97;30.9;48.8;20.4;0
738;955040792;Transporte;9.7;8.0;60;18.6;2;65.9;5.2;4.12;72.7;72.7;17.0;0
739;859116007;Servicios;4.2;1.3;18;-2.4;6;86.6;26.5;4.06;74.3;57.9;15.6;0
740;810101056;Servicios;8.7;5.3;33;2.1;3;71.8;13.2;4.4;73.5;78.5;13.9;0
741;862880919;Construcción;2.6;0.6;24;24.0;5;56.1;5.9;4.18;86.1;93.4;2.0;0
742;808686362;Comercio;50.0;32.8;9;-1.8;8;76.6;23.5;3.81;25.9;35.9;23.6;0
743;870384216;Comercio;6.5;3.2;48;-1.5;6;60.6;25.5;1.61;79.4;65.6;3.6;1
744;990955671;Construcción;8.7;3.1;5;-2.8;6;65.3;10.7;2.2;35.8;43.4;2.4;1
745;929769124;Transporte;4.3;1.3;36;2.5;7;67.3;21.9;4.83;68.4;77.1;18.9;0
746;983105956;Servicios;7.2;5.1;23;5.6;5;77.9;26.1;1.99;79.9;83.8;23.7;0
747;968017260;Comercio;18.3;13.4;11;22.7;4;69.9;21.1;1.97;93.4;71.7;3.1;0
748;935425403;Comercio;3.8;2.1;29;-5.3;1;32.0;5.1;2.98;69.7;71.1;29.0;1
749;805706197;Comercio;19.1;8.5;19;3.7;2;54.5;5.4;3.55;60.0;44.0;4.5;0
750;960819849;Servicios;16.9;7.7;102;-3.0;8;81.0;21.8;4.01;97.5;78.1;10.9;0
751;994922195;Comercio;26.2;21.6;27;13.0;5;72.9;15.7;3.86;66.1;65.2;1.1;0
752;816453632;Tecnología;11.4;9.7;29;4.0;6;54.8;5.5;3.46;71.5;75.3;8.7;1
753;987584633;Construcción;12.0;6.1;23;11.5;7;81.5;15.9;4.32;94.5;68.4;0.2;0
754;974827429;Servicios;2.7;2.4;10;12.9;2;49.0;19.1;2.22;17.1;51.2;6.7;1
755;822747300;Servicios;21.4;7.7;61;12.7;5;63.2;6.6;2.62;40.9;43.0;5.1;0
756;895606437;Comercio;5.9;3.7;38;0.2;3;61.5;33.5;6.82;47.9;54.8;23.3;1
757;914561712;Transporte;11.8;3.5;19;5.2;3;54.5;10.0;3.2;73.0;77.3;10.1;0
758;954054370;Comercio;10.9;10.1;24;4.2;4;51.6;22.0;4.12;49.8;63.0;5.9;1
759;906264872;Comercio;6.2;3.1;38;0.9;6;74.1;26.5;3.27;47.7;38.9;29.9;0
760;970727749;Comercio;5.2;3.5;61;1.0;10;87.4;2.8;2.36;30.1;57.8;10.7;0
761;800820257;Servicios;11.6;2.4;24;17.9;6;78.7;7.1;3.13;31.1;54.5;3.3;0
762;814069558;Servicios;9.4;3.3;38;6.1;8;69.8;19.9;3.22;85.7;52.1;2.9;0
763;962638355;Transporte;6.0;3.3;16;-12.2;7;72.1;26.9;2.07;46.2;76.0;5.9;1
764;878430952;Transporte;9.7;8.5;10;18.5;1;49.1;24.2;2.34;28.9;47.4;25.8;1
765;861122654;Comercio;8.5;5.3;18;22.2;5;54.8;26.8;3.87;61.3;59.1;1.5;1
766;984306454;Manufactura;10.0;3.1;27;-4.5;5;63.6;22.4;5.48;87.8;73.8;6.6;1
767;858651426;Construcción;22.8;17.4;40;17.5;6;72.4;5.0;2.38;85.1;78.3;9.8;0
768;908535140;Manufactura;6.0;3.3;35;-2.1;4;70.6;22.6;5.87;75.4;72.6;0.8;0
769;995988580;Transporte;36.4;10.1;11;5.0;6;87.8;15.1;1.83;70.7;71.2;47.8;0
770;950687458;Manufactura;10.6;8.4;45;26.5;5;57.8;8.9;2.61;48.1;56.0;9.1;0
771;906660469;Transporte;8.7;6.7;16;-2.8;6;60.3;10.3;3.07;61.9;54.0;5.4;1
772;936937629;Servicios;21.3;20.6;21;6.8;5;66.9;40.6;3.42;59.0;41.7;7.4;0
773;997696615;Manufactura;6.5;3.3;65;-0.8;3;74.8;8.6;3.45;65.5;77.2;21.4;0
774;915121457;Comercio;35.3;27.7;21;8.1;4;52.8;21.4;4.47;63.3;80.4;9.9;0
775;982634526;Servicios;30.6;21.1;25;4.2;9;79.4;18.6;2.7;37.0;48.0;12.8;0
776;943008994;Comercio;14.0;9.7;42;11.9;5;63.7;13.0;2.4;27.1;29.0;36.4;0
777;901635353;Servicios;20.8;12.9;22;2.9;6;84.4;8.1;2.93;34.5;15.3;8.8;0
778;910512682;Transporte;12.4;4.9;21;3.5;6;77.0;14.1;3.67;55.0;46.5;6.1;0
779;895312960;Comercio;4.4;4.1;40;23.8;5;75.6;13.9;2.21;88.0;77.0;11.4;0
780;806869062;Servicios;30.1;18.5;50;-12.3;1;43.7;10.0;5.02;28.0;25.5;35.8;0
781;974082126;Comercio;26.6;18.3;7;4.0;7;72.3;16.4;1.94;91.6;89.0;4.7;0
782;931265560;Comercio;14.5;6.9;10;-7.6;6;46.5;6.4;4.82;71.0;72.2;1.0;1
783;822595569;Comercio;23.0;22.8;5;2.8;4;71.9;12.5;3.76;56.8;58.8;16.5;1
784;887234988;Manufactura;10.7;8.7;21;8.9;1;49.9;10.9;3.25;92.5;95.3;11.4;0
785;875772687;Manufactura;11.6;4.5;5;10.3;4;60.7;24.1;4.59;70.9;67.0;17.9;0
786;814357560;Servicios;18.8;11.3;38;15.2;3;44.0;14.2;1.97;42.4;60.1;17.4;0
787;992131230;Servicios;12.9;6.8;10;-7.7;6;90.4;28.3;1.94;51.3;62.2;0.4;0
788;957685055;Comercio;1.4;1.2;10;-2.5;6;77.8;30.8;5.22;33.5;48.7;12.2;0
789;952336918;Manufactura;21.2;10.3;7;20.9;4;56.6;27.6;2.37;34.8;57.6;13.5;1
790;953018802;Construcción;8.9;6.5;68;3.8;7;77.0;6.8;2.75;35.0;44.4;2.9;0
791;987864449;Servicios;23.5;15.3;33;14.7;0;50.2;7.6;4.13;62.5;71.8;6.2;0
792;952371674;Manufactura;5.6;2.6;12;-4.4;4;84.4;13.3;3.38;88.4;82.6;11.4;1
793;814208996;Servicios;50.0;33.9;37;6.9;3;66.4;10.0;3.22;36.4;22.5;50.0;0
794;806281179;Comercio;7.7;6.2;8;14.9;3;50.5;14.8;1.98;68.4;68.7;5.8;1
795;971923187;Servicios;12.3;7.2;37;7.2;3;49.6;5.7;2.57;69.3;72.1;5.0;0
796;911954705;Servicios;2.5;0.7;77;-0.8;8;79.8;15.7;4.34;53.1;71.7;31.4;0
797;816522034;Servicios;4.2;0.9;13;5.4;4;39.2;25.2;3.85;24.1;47.2;11.4;1
798;990146170;Comercio;8.3;4.2;13;-6.9;2;45.8;24.3;5.23;92.9;67.0;3.3;1
799;970689721;Manufactura;50.0;28.9;118;18.5;5;64.9;13.5;4.12;30.6;38.1;31.2;0
800;918607548;Manufactura;1.7;1.2;5;12.5;5;68.9;14.4;5.24;76.9;75.4;38.7;1
801;938417902;Comercio;8.3;2.3;29;16.7;3;64.9;42.3;5.3;31.5;25.7;9.9;1
802;943360550;Comercio;11.2;7.1;10;6.5;5;69.6;0.8;2.51;74.5;55.9;13.5;0
803;841566801;Servicios;11.6;10.5;28;1.7;4;51.2;13.0;3.19;89.4;68.7;19.3;1
804;919442513;Transporte;8.3;7.7;22;17.5;7;70.3;9.7;6.44;67.1;77.3;26.8;0
805;930036024;Manufactura;4.7;3.8;71;5.7;4;56.9;31.4;2.27;90.2;80.2;2.2;1
806;985792656;Servicios;7.1;5.1;30;-5.4;4;58.2;12.0;3.72;84.2;60.2;28.3;1
807;828620391;Transporte;6.6;2.6;8;6.3;8;79.3;13.1;6.65;46.0;67.3;0.5;0
808;867902119;Manufactura;7.7;4.6;60;-3.4;6;63.4;11.0;2.65;42.5;54.1;1.2;0
809;932382667;Servicios;11.0;7.4;19;4.0;2;62.3;20.8;1.7;65.7;61.7;0.5;1
810;974274856;Comercio;6.6;2.1;11;14.0;6;59.3;14.8;3.18;60.7;66.2;6.2;0
811;989228651;Servicios;14.1;3.5;49;1.0;0;43.6;12.5;3.76;77.9;68.1;5.3;1
812;925441271;Comercio;22.2;5.8;113;7.9;7;84.6;10.5;3.61;50.1;42.3;9.4;0
813;895873013;Manufactura;10.6;9.2;22;14.6;8;74.4;21.9;4.02;56.8;54.3;19.5;0
814;944630322;Comercio;5.1;1.8;16;1.5;1;39.6;26.0;2.62;77.9;77.9;0.5;0
815;963434539;Comercio;5.4;2.7;29;18.6;6;69.3;22.9;1.95;50.7;46.8;29.2;0
816;863811857;Comercio;2.7;2.0;33;3.8;2;67.5;14.8;3.56;59.8;57.4;2.3;0
817;980019032;Construcción;17.5;9.4;8;-4.1;1;45.2;33.1;5.78;68.9;49.2;4.4;1
818;960467253;Comercio;30.6;16.0;86;1.1;6;71.3;5.3;3.44;24.5;31.2;16.3;0
819;932897685;Servicios;6.1;3.5;44;5.5;4;69.3;14.8;2.21;56.5;91.4;10.0;0
820;976588034;Comercio;3.5;1.5;36;26.4;5;55.1;22.8;6.47;37.7;53.6;10.7;0
821;884233055;Comercio;17.8;11.1;23;-11.1;2;43.9;5.8;2.6;69.0;68.3;6.1;0
822;950686248;Comercio;10.8;6.2;24;11.5;3;54.9;25.9;2.21;76.9;73.5;13.8;0
823;829753620;Comercio;7.0;3.0;38;-2.8;8;90.1;17.4;2.58;66.3;46.9;7.3;0
824;890567868;Comercio;10.0;9.5;31;17.5;7;71.4;17.3;2.4;82.9;75.1;6.6;0
825;928241345;Manufactura;3.1;1.7;9;14.2;4;47.1;15.7;1.86;81.1;66.5;2.1;1
826;806588511;Servicios;7.1;3.7;30;12.6;7;72.0;27.8;2.22;30.7;24.8;7.9;0
827;809690543;Servicios;10.7;4.4;82;7.4;4;56.8;29.4;3.77;44.5;39.6;2.0;0
828;805948280;Construcción;18.8;5.4;29;-0.1;4;54.5;11.0;3.21;71.3;70.7;9.4;0
829;932590355;Comercio;12.4;7.9;38;0.3;3;51.2;21.7;5.66;79.9;95.3;13.4;0
830;980155778;Servicios;5.8;2.9;14;8.3;5;76.3;5.7;7.81;72.9;83.2;1.7;0
831;906750588;Servicios;7.9;6.1;54;13.8;3;77.1;11.9;3.1;35.7;58.5;8.2;0
832;862115040;Construcción;2.1;1.6;8;-10.8;6;71.5;11.3;5.03;63.9;80.2;42.5;0
833;887161369;Servicios;12.1;7.3;232;6.8;6;81.9;6.9;4.83;63.3;62.3;0.4;0
834;838322442;Construcción;5.5;2.3;28;-7.5;4;53.9;11.5;3.55;12.9;51.3;15.3;1
835;872758022;Comercio;15.0;13.2;27;10.3;4;49.1;13.6;2.23;79.3;73.7;14.0;0
836;903606676;Servicios;50.0;39.6;66;15.5;5;93.7;9.8;6.0;48.5;62.1;15.5;0
837;875366666;Comercio;11.2;6.4;17;27.8;4;54.8;4.2;2.63;27.7;50.1;11.4;1
838;842247767;Transporte;7.7;5.3;9;-13.3;3;53.8;5.9;3.51;58.7;61.1;15.3;1
839;930665037;Manufactura;6.4;3.5;25;0.4;3;58.9;12.8;4.15;70.1;59.4;4.6;1
840;956406332;Construcción;9.7;3.8;18;11.4;8;94.1;15.3;3.77;45.2;25.9;15.1;0
841;962759581;Comercio;11.3;5.3;68;2.3;9;92.9;6.5;1.91;43.8;53.2;4.5;0
842;905960093;Comercio;9.1;3.8;27;14.4;5;70.9;29.1;3.19;44.7;41.8;12.0;0
843;962833634;Manufactura;3.0;2.6;17;10.0;7;73.1;28.3;3.84;35.3;30.1;50.0;0
844;957078167;Construcción;25.8;18.4;20;4.2;2;67.5;13.3;2.86;72.5;66.7;5.2;0
845;887272928;Manufactura;18.6;15.5;39;9.2;7;79.5;9.5;4.05;60.3;57.0;23.9;0
846;990484139;Transporte;18.5;8.2;17;22.1;2;40.2;15.8;2.25;77.2;56.4;21.7;1
847;862950445;Manufactura;19.3;6.2;33;6.0;2;64.2;20.7;2.91;67.6;57.2;34.2;1
848;823752191;Construcción;7.5;4.0;25;-3.9;7;72.7;9.9;4.71;73.7;69.7;4.3;0
849;892054970;Comercio;14.5;4.3;10;26.5;5;77.8;19.2;3.9;78.6;74.3;3.3;0
850;849062919;Servicios;3.0;1.3;7;16.3;3;44.1;31.1;3.66;63.8;59.3;0.9;0
851;969583061;Transporte;6.0;3.3;30;-8.4;5;78.5;16.3;3.36;57.7;68.3;11.3;1
852;865406732;Construcción;5.4;5.4;8;4.3;3;50.9;30.1;2.57;92.9;92.1;3.4;1
853;929501678;Comercio;6.4;2.0;5;1.8;8;68.1;2.4;2.58;72.6;71.5;1.5;0
854;827003551;Servicios;9.6;7.6;19;33.1;1;55.3;19.9;3.58;75.1;74.3;5.1;0
855;935165053;Servicios;2.5;1.8;9;10.7;5;65.9;12.6;6.2;82.0;90.0;23.9;0
856;901882782;Servicios;13.4;9.9;23;9.7;7;82.9;44.5;3.43;56.0;55.8;3.7;0
857;940038616;Servicios;29.2;20.5;12;-4.4;7;73.9;19.8;3.61;63.1;61.9;11.1;0
858;816296683;Servicios;4.8;2.6;26;15.0;6;71.3;12.8;2.5;60.7;76.3;1.7;0
859;954968097;Manufactura;11.6;11.1;32;-8.6;0;61.9;24.9;4.12;71.1;62.7;2.2;1
860;805405957;Servicios;3.3;2.5;71;-4.1;6;52.9;19.6;4.07;38.0;41.0;4.9;1
861;957691425;Servicios;31.9;11.8;11;2.1;3;61.7;27.8;4.52;80.6;70.8;3.2;0
862;862959396;Manufactura;19.6;11.3;15;2.6;5;74.4;30.4;4.12;47.5;68.2;19.4;0
863;922553096;Servicios;5.4;4.1;7;0.9;6;57.7;25.6;1.78;37.5;47.0;1.4;1
864;887551933;Servicios;8.7;5.9;12;-14.4;4;54.0;28.3;3.02;37.2;43.0;14.7;1
865;838380625;Manufactura;7.1;5.8;19;-5.8;8;85.2;13.2;3.5;77.3;69.5;30.1;0
866;853499151;Comercio;17.3;13.9;8;-12.6;10;100.0;7.9;2.11;66.5;48.7;9.1;0
867;991695167;Servicios;35.8;15.6;30;10.2;5;67.5;20.4;3.69;87.7;53.2;6.0;0
868;944802137;Comercio;21.2;11.8;15;-7.9;6;69.6;13.7;2.36;39.7;59.3;1.3;1
869;804818018;Comercio;11.0;6.0;47;3.6;2;65.9;17.1;3.23;88.1;89.7;6.7;1
870;800956916;Comercio;9.4;4.8;282;1.6;2;60.7;6.3;3.13;31.1;52.0;3.0;0
871;969959248;Comercio;15.0;5.8;27;-1.9;6;74.7;26.1;3.36;58.2;48.4;0.3;0
872;989728830;Manufactura;33.0;27.4;5;14.8;1;45.5;1.9;1.59;61.7;77.9;4.8;0
873;982017996;Transporte;8.4;7.9;10;4.7;5;55.7;31.5;4.02;87.7;83.6;9.0;1
874;858222856;Construcción;8.6;2.7;5;9.2;7;69.4;26.2;9.18;54.0;48.9;10.5;1
875;961970957;Comercio;7.8;3.4;22;12.9;5;78.0;14.0;3.3;38.2;58.9;1.5;0
876;967711236;Construcción;28.0;20.8;52;-1.2;5;54.4;20.6;2.88;27.8;37.9;5.0;0
877;809330115;Tecnología;3.7;3.4;5;17.6;6;66.2;9.7;2.97;60.5;53.4;10.5;0
878;829159459;Tecnología;3.0;0.8;10;7.8;6;72.3;17.4;3.26;84.0;76.3;6.4;0
879;983599569;Tecnología;18.6;17.6;5;8.4;6;64.5;12.6;3.3;65.8;71.0;24.6;0
880;848161515;Servicios;8.7;8.0;18;6.2;1;34.8;24.1;2.31;72.3;72.1;24.4;1
881;970755060;Comercio;26.3;20.9;17;25.8;5;66.6;9.7;3.51;24.4;25.7;0.2;0
882;924723697;Comercio;19.7;8.2;23;12.1;3;73.2;15.9;2.97;96.5;81.2;3.3;0
883;809152711;Servicios;21.1;9.0;52;-19.9;4;89.4;7.7;3.38;53.1;53.6;0.1;0
884;910950148;Construcción;33.0;22.5;103;-7.6;6;63.3;16.3;3.4;74.0;67.8;3.3;0
885;806344129;Manufactura;15.1;8.6;24;2.6;4;74.6;10.8;3.3;91.3;75.5;1.1;0
886;915214392;Servicios;12.5;2.7;7;-8.7;4;74.9;18.6;3.86;39.9;45.6;6.2;0
887;894403065;Servicios;28.4;17.0;20;20.9;4;58.4;10.1;3.32;69.7;71.7;8.1;0
888;876425594;Servicios;10.8;3.1;26;-12.8;8;90.5;9.3;4.32;56.2;56.3;5.9;0
889;931346488;Manufactura;7.0;5.0;5;-1.7;4;73.7;21.6;1.95;57.2;76.8;2.4;0
890;837530923;Comercio;7.3;2.7;114;-1.1;6;73.6;20.8;2.16;68.9;74.7;7.2;1
891;945328030;Transporte;14.9;13.8;21;-5.1;6;66.9;3.2;2.59;65.8;65.5;12.2;0
892;837872800;Servicios;9.8;4.2;12;-6.0;6;71.5;26.6;3.56;69.4;70.9;7.0;0
893;943048776;Servicios;5.7;3.3;46;14.9;5;65.8;7.3;7.09;61.3;81.9;4.3;0
894;923607773;Manufactura;8.9;7.4;24;5.9;1;62.9;3.7;2.62;68.8;60.4;9.9;1
895;824153629;Servicios;14.0;5.4;130;13.3;7;64.4;25.0;4.29;70.5;69.6;1.2;1
896;921546465;Servicios;8.0;3.1;36;-12.6;2;58.0;9.6;3.33;85.3;78.5;14.3;1
897;984828881;Servicios;3.3;1.2;8;0.8;5;72.9;4.1;2.95;24.6;34.8;1.1;0
898;945272052;Manufactura;12.9;10.4;23;6.4;5;67.7;11.7;3.98;68.8;47.9;17.8;0
899;986721732;Servicios;16.9;16.8;9;0.9;2;65.5;6.3;2.35;32.8;48.7;9.3;0
900;898754292;Servicios;9.2;2.6;13;-1.1;6;72.3;14.8;5.25;67.7;57.7;2.5;0
901;920424778;Comercio;10.9;6.5;31;11.7;5;51.8;17.4;2.92;75.3;70.3;2.3;0
902;872315932;Servicios;8.4;6.9;43;10.9;6;82.2;8.6;1.41;57.9;67.2;14.9;0
903;880806190;Manufactura;16.8;12.3;30;2.7;6;72.2;15.2;2.17;49.8;43.2;8.5;0
904;835196967;Construcción;7.9;2.1;9;17.8;1;54.5;15.1;3.91;51.3;49.8;0.8;1
905;840470403;Tecnología;8.0;3.8;49;1.3;6;66.9;9.1;5.01;39.7;49.2;2.6;0
906;960399544;Construcción;9.2;7.4;47;32.4;3;53.2;7.8;3.46;78.8;76.7;9.2;0
907;955248900;Servicios;20.6;9.4;18;5.7;8;80.3;10.0;2.29;80.7;94.7;0.3;0
908;937058419;Comercio;12.6;10.9;14;5.4;8;88.0;14.3;2.57;80.1;58.4;1.9;0
909;878059936;Servicios;29.0;9.6;20;8.5;5;73.6;9.8;1.43;65.7;64.8;1.5;0
910;982009248;Tecnología;2.6;1.8;60;-4.1;5;66.5;19.6;5.68;73.4;52.0;7.2;0
911;961841788;Manufactura;10.8;8.5;63;4.3;8;76.1;18.3;3.24;81.0;90.8;1.5;0
912;905043133;Servicios;26.8;12.1;8;18.7;7;77.0;23.8;3.27;90.7;70.7;13.2;0
913;861612496;Manufactura;13.5;8.5;121;17.9;3;64.0;25.8;4.95;60.6;74.5;4.2;0
914;898114079;Servicios;5.3;2.7;101;2.8;2;55.3;19.3;5.81;33.2;56.0;1.0;1
915;946509609;Manufactura;6.6;5.3;26;6.9;5;78.9;36.6;3.55;32.6;40.8;10.6;0
916;912186241;Manufactura;6.3;2.0;16;15.3;1;63.2;16.6;3.09;80.4;87.3;12.9;1
917;989553501;Comercio;9.9;5.5;54;4.9;6;75.0;18.8;3.52;39.0;52.8;3.3;0
918;966498168;Servicios;24.2;11.4;30;7.9;2;41.3;29.0;2.99;23.9;55.7;9.1;0
919;897003131;Manufactura;11.0;9.0;29;-11.3;5;80.2;42.7;3.88;53.8;68.4;3.7;1
920;804321013;Servicios;7.0;4.4;175;6.2;3;60.7;10.7;4.03;51.1;54.4;3.0;0
921;986223507;Comercio;15.9;7.3;15;-2.4;8;66.1;21.8;3.02;59.1;66.8;2.9;0
922;919880691;Transporte;12.8;10.4;26;15.9;5;70.4;25.2;2.58;51.7;47.4;3.3;0
923;918332225;Servicios;4.7;4.5;10;19.2;6;64.3;10.7;3.55;42.5;60.6;8.6;0
924;964262124;Comercio;14.3;14.2;8;-0.1;5;39.1;6.3;1.47;25.1;51.6;2.3;0
925;831167769;Transporte;6.9;1.8;18;5.4;5;66.3;38.7;3.62;72.1;70.0;36.9;1
926;867112890;Servicios;6.2;4.2;14;-3.1;0;29.5;13.0;3.44;57.9;46.0;13.4;1
927;837264005;Comercio;10.2;10.1;26;6.0;2;51.3;12.8;5.01;85.9;93.4;5.2;0
928;964405442;Construcción;14.4;9.4;21;7.8;7;63.6;22.1;2.24;31.3;54.5;9.6;0
929;825165477;Comercio;4.6;2.4;212;11.6;3;63.8;14.9;2.35;62.4;60.1;24.8;0
930;954035782;Manufactura;9.3;4.4;29;11.6;4;47.9;11.2;2.67;37.8;50.2;0.1;1
931;889263301;Comercio;3.0;1.2;88;-0.9;5;69.9;1.8;5.72;75.2;83.9;24.0;0
932;816522440;Comercio;3.1;1.1;13;8.6;5;60.5;12.9;3.81;61.2;58.9;31.4;0
933;861255183;Comercio;14.2;3.6;39;18.0;3;61.4;20.2;2.31;47.2;34.9;1.5;0
934;979140700;Servicios;9.6;3.1;5;3.3;8;76.3;34.7;1.9;61.6;67.8;7.7;0
935;857354208;Comercio;12.2;4.2;78;-3.3;7;80.4;9.8;3.24;80.3;67.0;3.4;0
936;833662829;Manufactura;19.7;14.4;39;16.5;2;61.7;11.3;2.82;56.6;68.5;1.6;0
937;995808759;Servicios;7.0;3.8;19;0.6;3;59.2;5.4;5.3;40.2;67.7;22.3;0
938;912496721;Comercio;4.8;2.1;25;2.1;2;60.5;8.0;5.52;25.3;41.6;31.6;1
939;855577144;Comercio;10.9;5.4;58;8.5;6;79.4;19.2;6.04;54.0;60.2;0.8;0
940;854739393;Comercio;6.7;2.9;32;0.5;6;81.5;25.0;4.01;40.2;54.8;2.4;1
941;920955103;Comercio;15.6;13.4;6;-2.5;5;54.7;19.6;3.5;85.9;75.1;4.2;1
942;838988609;Servicios;15.9;12.9;41;-2.5;6;79.9;15.1;4.26;94.8;60.1;14.2;0
943;945483809;Construcción;6.1;1.9;39;12.2;4;59.1;8.8;3.9;11.1;30.1;0.2;0
944;901051468;Manufactura;8.2;6.1;23;-19.3;5;45.8;13.5;4.43;69.8;78.8;13.8;1
945;984399943;Comercio;10.9;10.9;5;10.1;4;54.3;8.2;3.42;41.0;51.2;1.5;0
946;925126178;Manufactura;14.4;5.2;21;11.3;6;60.0;9.8;4.72;78.9;67.5;7.5;0
947;933297452;Transporte;3.3;2.0;40;5.9;5;54.3;6.4;2.14;80.5;77.5;14.2;0
948;926197315;Comercio;11.3;4.1;27;16.4;2;54.0;5.5;3.53;50.9;54.9;2.2;0
949;904566946;Comercio;12.3;9.1;22;22.1;6;85.6;1.3;2.68;64.1;77.8;3.9;0
950;988095457;Manufactura;7.2;2.2;12;7.1;5;76.4;6.8;3.26;71.3;55.1;5.4;0
951;993948710;Comercio;33.4;7.1;9;14.2;9;100.0;17.4;4.31;60.9;61.1;9.7;0
952;904776942;Manufactura;34.9;21.8;27;-1.4;6;67.8;7.8;2.94;33.6;52.6;2.2;0
953;839118406;Comercio;3.7;2.8;24;5.8;2;38.4;17.5;3.57;45.8;54.6;3.2;1
954;841326720;Servicios;2.5;1.1;31;2.5;3;39.2;13.4;4.38;71.3;68.8;13.1;1
955;960348369;Servicios;8.0;5.5;14;25.1;1;54.8;32.4;2.93;61.8;84.1;0.4;1
956;823720655;Servicios;4.6;2.8;84;9.1;1;50.8;12.4;3.37;53.2;63.4;7.6;1
957;969900246;Manufactura;23.2;19.1;18;16.1;5;74.7;23.4;2.18;91.9;86.5;8.2;0
958;859542032;Servicios;5.8;1.2;6;6.5;4;62.9;6.9;2.04;74.2;70.3;5.4;1
959;991310998;Servicios;14.2;7.6;13;13.4;9;94.4;8.1;2.76;72.0;77.8;4.4;0
960;801466691;Comercio;4.9;2.9;60;25.0;6;65.2;26.1;4.13;68.2;80.8;4.3;0
961;990989525;Servicios;13.5;9.2;25;0.5;5;74.8;12.3;2.82;53.2;51.4;7.8;0
962;837057942;Construcción;22.1;13.4;26;9.7;6;85.9;6.0;2.85;44.6;54.6;3.5;0
963;829625765;Servicios;2.2;0.7;50;11.9;4;70.8;22.1;3.91;60.7;86.3;15.5;0
964;889294172;Comercio;33.2;19.8;9;-11.1;3;51.7;34.5;2.64;61.7;70.5;3.9;1
965;865043301;Transporte;6.9;1.9;110;-0.7;6;69.0;28.7;3.74;28.4;29.5;0.1;1
966;894560713;Manufactura;4.3;2.9;9;11.2;3;54.5;2.8;3.24;74.2;46.0;18.6;1
967;957576394;Manufactura;16.6;13.8;10;-8.1;3;54.6;7.7;3.44;58.3;64.7;9.6;0
968;833041999;Servicios;15.2;10.4;15;-7.4;6;70.2;16.7;2.36;17.0;27.2;2.0;1
969;985355637;Servicios;8.0;2.4;11;4.7;4;44.0;37.3;3.3;43.4;54.8;35.2;1
970;863578509;Servicios;4.0;1.9;34;15.8;6;64.4;10.7;3.13;82.8;77.0;2.6;0
971;904054918;Manufactura;5.1;1.6;14;2.9;7;82.9;6.2;4.65;34.7;57.1;6.8;0
972;914058030;Comercio;16.1;5.2;15;8.3;5;52.0;2.9;3.13;32.8;49.2;6.7;0
973;906295748;Manufactura;10.8;2.5;7;-0.4;5;64.3;11.2;4.33;46.1;56.2;12.8;0
974;820374685;Manufactura;5.5;3.9;23;6.5;9;81.9;14.5;3.11;42.6;64.8;2.8;0
975;983325788;Servicios;4.3;3.1;15;17.8;5;64.3;22.7;2.92;94.7;84.8;15.1;0
976;976023605;Manufactura;18.0;12.4;16;-1.1;2;60.9;12.7;3.3;65.0;66.1;24.5;0
977;855419072;Comercio;2.8;2.2;54;10.6;4;68.1;32.4;3.84;40.6;45.6;15.5;1
978;848495948;Transporte;5.2;3.1;11;9.5;6;78.9;10.7;6.15;52.0;78.2;6.8;0
979;887716227;Comercio;7.3;2.7;26;24.5;5;61.8;25.2;2.95;32.7;65.3;11.3;0
980;975643927;Tecnología;7.2;6.8;5;14.7;7;87.1;20.6;3.92;49.2;62.8;2.4;0
981;822877135;Servicios;4.7;4.7;114;11.4;4;42.1;32.2;4.6;63.5;79.8;12.5;1
982;857921500;Servicios;6.8;2.2;8;4.4;2;39.5;16.4;2.22;50.2;36.5;12.4;1
983;851571841;Tecnología;18.1;5.3;110;1.6;5;58.5;19.0;3.84;12.8;24.6;13.1;1
984;981849796;Manufactura;7.6;3.1;79;-3.3;3;58.4;16.3;3.37;83.5;89.0;7.2;0
985;975402287;Comercio;1.6;0.4;275;-14.6;6;73.8;8.3;4.92;19.4;40.3;47.2;0
986;822664783;Comercio;14.4;5.0;10;-1.2;4;78.8;7.1;5.79;72.7;73.0;33.2;0
987;954043033;Comercio;8.2;5.0;71;-6.6;7;64.2;27.8;4.09;82.4;75.0;3.9;1
988;823792464;Tecnología;10.1;4.1;76;12.4;4;63.5;13.1;3.0;29.6;26.0;0.7;0
989;860352147;Comercio;34.3;15.0;72;-1.8;5;53.0;38.8;2.0;82.1;70.5;18.6;0
990;891192495;Servicios;1.5;0.7;5;15.7;5;70.5;33.1;3.42;32.8;51.1;1.7;0
991;929761166;Servicios;7.0;4.8;90;7.3;2;58.5;5.4;8.6;48.8;30.5;12.5;0
992;835847470;Tecnología;10.2;3.6;22;1.5;8;67.4;5.4;2.3;69.1;62.7;42.3;0
993;893026370;Comercio;12.9;6.7;28;-14.2;8;89.2;11.4;2.58;40.4;48.2;10.3;0
994;935441927;Comercio;8.6;1.9;5;2.7;5;68.1;3.3;3.39;29.5;32.6;4.2;0
995;821259775;Servicios;12.7;10.4;116;0.4;8;74.8;3.7;2.33;43.6;60.4;13.3;0
996;983637912;Comercio;12.7;5.1;134;6.0;0;40.3;9.8;3.32;87.4;76.8;11.8;0
997;854026593;Construcción;9.0;3.4;9;-11.1;4;50.9;14.1;2.39;25.5;43.3;17.6;1
998;922329098;Servicios;2.3;1.3;15;5.4;6;59.1;24.8;2.49;72.3;72.2;4.3;1
999;895311642;Comercio;50.0;20.3;16;11.8;4;52.4;47.7;4.0;73.0;58.4;12.1;1
1000;841706982;Manufactura;5.5;3.7;8;-16.5;8;92.5;34.9;5.36;93.8;69.7;2.5;0
1001;941443802;Manufactura;36.6;33.5;12;15.8;6;86.0;6.4;5.18;35.9;47.7;0.3;0
1002;923792026;Manufactura;5.7;3.7;36;7.1;5;78.4;4.8;8.02;50.0;56.4;14.7;0
1003;847829039;Comercio;10.4;6.3;46;5.5;4;75.1;12.7;3.62;56.8;41.5;15.0;1
1004;920824670;Comercio;2.9;0.7;13;8.3;7;82.3;11.2;4.11;60.9;43.0;20.4;0
1005;843040565;Manufactura;18.5;13.2;7;-17.2;8;70.2;14.4;3.11;64.1;66.9;3.8;0
1006;810326507;Servicios;14.1;8.8;15;22.5;5;76.6;37.7;2.39;85.5;77.0;13.0;0
1007;848042062;Comercio;3.0;1.6;5;-13.1;5;63.0;31.5;4.45;47.4;59.3;7.9;0
1008;888234676;Comercio;8.5;2.0;13;-1.1;3;93.8;32.8;3.57;54.6;59.9;7.5;0
1009;840126322;Manufactura;6.6;2.9;13;14.3;1;64.6;28.1;2.11;74.7;90.4;23.6;0
1010;829936758;Transporte;5.2;2.9;23;10.5;5;68.4;22.4;2.34;86.1;78.5;2.9;0
1011;870120745;Transporte;6.8;4.3;32;7.0;4;67.3;12.2;4.12;52.7;46.0;26.0;0
1012;835202774;Manufactura;13.9;4.2;16;-5.8;6;73.3;36.4;2.73;35.0;47.3;6.7;1
1013;809390155;Comercio;4.4;3.4;194;32.0;5;71.5;17.5;2.39;58.5;46.6;6.0;0
1014;844814074;Servicios;5.5;1.4;113;-13.2;0;57.6;5.9;2.35;27.6;62.6;18.0;1
1015;889912070;Servicios;4.9;1.6;17;14.9;4;65.2;12.6;2.64;65.0;81.3;0.9;0
1016;931736942;Servicios;8.3;4.5;19;15.4;2;50.1;8.2;4.65;22.8;37.0;0.5;1
1017;822979957;Servicios;7.8;4.9;33;3.0;4;75.8;10.1;2.49;25.4;39.7;10.4;0
1018;939191506;Comercio;4.6;4.0;9;-1.9;4;64.4;26.1;2.01;69.5;60.9;12.1;0
1019;844617267;Construcción;11.3;5.7;76;9.7;4;62.2;15.3;3.84;82.9;79.0;6.6;0
1020;987069582;Manufactura;16.1;16.0;31;-6.7;2;59.2;14.8;5.14;80.6;67.0;2.6;0
1021;944012983;Manufactura;23.7;17.0;74;23.7;2;36.6;9.6;3.25;50.4;54.0;25.6;0
1022;869550373;Comercio;6.6;4.2;57;22.3;6;63.9;30.7;3.76;50.3;42.6;15.0;0
1023;825784608;Servicios;2.9;2.0;6;14.3;4;72.7;2.1;5.45;49.0;51.9;3.5;0
1024;906898850;Comercio;21.6;11.8;28;-1.8;5;64.1;21.5;1.43;61.5;52.4;15.9;0
1025;830129810;Comercio;11.2;6.4;10;14.7;1;44.0;20.4;2.6;60.7;63.2;28.0;1
1026;964564350;Servicios;15.3;7.0;9;0.7;4;46.5;6.8;3.11;89.2;75.4;4.4;0
1027;962579056;Servicios;3.1;0.9;24;7.5;2;54.2;15.2;2.77;54.7;55.1;3.5;1
1028;858994995;Comercio;5.2;1.6;12;3.5;3;53.6;14.2;2.47;54.6;61.8;11.3;0
1029;949568859;Transporte;19.1;7.4;104;12.9;4;70.0;20.7;3.72;78.5;61.7;1.3;0
1030;841307525;Comercio;4.2;3.2;23;4.8;4;69.7;23.0;2.24;59.9;58.2;5.1;1
1031;978622328;Comercio;22.6;13.1;39;20.4;7;74.0;19.5;4.07;35.1;60.7;29.3;0
1032;942328999;Manufactura;16.3;11.6;27;2.4;2;62.5;12.0;4.66;23.7;57.9;4.0;1
1033;956800253;Servicios;12.1;7.6;27;9.1;5;56.1;4.1;4.0;40.7;43.6;5.3;0
1034;997026198;Servicios;7.0;6.8;21;2.3;1;44.7;26.2;2.83;60.2;55.2;10.7;1
1035;987611894;Comercio;6.6;1.7;35;-0.3;7;91.2;14.0;4.08;93.1;76.0;5.1;0
1036;976799259;Comercio;19.8;14.5;23;-15.4;4;66.0;11.4;2.38;73.0;54.8;1.1;0
1037;897301353;Comercio;6.7;2.5;79;-3.2;0;58.6;31.5;4.26;74.8;56.2;4.0;1
1038;885465975;Servicios;12.7;5.6;65;-2.8;5;73.5;18.3;4.32;54.9;54.7;6.7;0
1039;977761702;Comercio;7.5;3.0;104;-4.0;5;68.4;14.6;2.19;66.3;68.1;17.1;0
1040;801573779;Transporte;4.4;3.3;12;-13.6;6;72.0;29.1;2.73;46.4;49.1;9.9;1
1041;939685511;Construcción;5.8;3.2;47;25.9;7;70.7;5.6;3.45;53.9;69.1;2.5;0
1042;948817590;Transporte;7.6;5.0;6;4.3;5;69.3;32.7;2.7;44.7;46.9;1.6;0
1043;916041871;Manufactura;26.4;7.0;38;0.6;6;58.0;42.4;3.16;68.4;74.9;0.5;1
1044;820531030;Servicios;7.9;6.4;73;17.5;8;67.0;12.1;2.97;70.9;63.2;13.6;0
1045;827020997;Comercio;24.7;14.4;42;12.4;4;56.6;3.3;2.27;40.3;46.8;3.5;0
1046;924485671;Servicios;5.1;3.3;37;2.5;5;61.7;40.5;2.78;66.4;55.4;0.6;1
1047;982468451;Servicios;7.3;6.0;16;3.9;2;65.5;13.3;2.45;75.0;49.2;7.0;0
1048;969118743;Manufactura;25.1;12.7;17;-12.0;0;39.6;43.1;4.04;21.8;38.1;12.7;1
1049;879280340;Transporte;5.3;2.6;43;-21.0;6;76.5;14.0;6.22;76.1;85.8;10.3;0
1050;965992887;Servicios;15.5;11.8;37;7.4;6;66.4;13.9;4.04;76.8;62.4;4.1;0
1051;933450376;Servicios;3.9;1.8;31;11.6;1;40.5;21.7;5.17;91.8;78.5;36.3;1
1052;925524807;Tecnología;2.9;2.6;7;4.3;7;80.1;12.4;3.71;32.4;42.1;27.8;0
1053;990996963;Comercio;11.6;10.1;7;2.0;4;63.8;11.8;4.1;24.9;39.2;16.4;0
1054;955302612;Servicios;3.0;0.8;64;-11.6;7;81.2;22.7;2.49;70.5;73.6;13.8;1
1055;902119515;Servicios;7.5;4.0;11;21.3;4;63.3;10.3;8.71;91.5;88.3;16.2;0
1056;997034950;Servicios;20.4;16.8;28;6.5;6;43.0;28.5;8.8;21.2;35.5;9.6;1
1057;816299170;Servicios;4.5;1.0;6;-5.0;2;52.6;2.6;3.94;92.6;77.1;26.2;1
1058;839311864;Transporte;30.9;18.1;37;20.1;5;62.1;27.3;3.32;71.8;78.9;3.0;0
1059;830025177;Servicios;7.5;6.4;41;-7.8;6;93.5;35.7;5.37;86.2;70.7;18.6;0
1060;867697966;Servicios;9.6;3.7;36;3.0;6;60.0;39.6;2.7;79.3;57.4;16.2;1
1061;994105843;Manufactura;7.3;1.6;59;-13.9;7;83.5;19.0;3.33;55.3;60.1;13.5;0
1062;961303299;Servicios;9.4;2.7;6;8.6;5;64.8;15.1;1.52;31.6;29.8;13.6;0
1063;852738526;Servicios;3.2;2.1;33;4.8;3;60.0;23.4;5.17;87.9;58.7;5.0;1
1064;906131990;Construcción;9.4;2.0;33;14.7;5;59.7;27.9;3.0;36.3;39.9;5.1;1
1065;940286631;Manufactura;9.4;6.0;16;5.0;6;69.6;23.3;2.91;60.5;49.1;7.5;0
1066;990386479;Servicios;5.3;1.8;65;15.6;5;53.9;8.2;5.37;76.0;61.6;4.8;0
1067;890968762;Comercio;5.6;2.2;13;9.8;5;62.7;16.2;3.79;71.5;61.9;1.7;0
1068;937361486;Servicios;18.7;16.9;65;26.5;7;68.0;17.9;3.14;73.8;68.9;4.0;0
1069;803867128;Manufactura;17.1;11.5;5;9.3;3;60.6;23.4;4.01;64.1;72.3;3.5;0
1070;976622929;Transporte;15.1;3.7;43;3.7;6;77.2;17.9;2.6;69.4;78.4;16.3;0
1071;893833684;Comercio;13.4;9.3;5;-16.2;0;53.3;15.8;5.05;40.6;46.6;15.1;1
1072;979478950;Manufactura;1.6;1.6;34;4.2;8;80.9;34.7;4.39;66.4;52.8;1.7;0
1073;977491516;Servicios;22.3;7.6;64;3.2;6;67.2;13.0;2.61;53.9;69.8;0.6;0
1074;982612542;Servicios;15.7;10.4;61;-9.4;9;80.8;13.4;4.79;57.4;72.4;29.3;0
1075;860266070;Comercio;2.4;2.1;20;-2.8;3;67.1;18.9;5.73;55.1;66.5;12.4;1
1076;979082566;Servicios;4.6;1.0;12;-9.4;3;73.9;43.6;3.35;68.6;55.6;1.5;1
1077;901424435;Comercio;11.1;8.7;36;-5.0;5;75.9;10.6;2.37;55.0;75.4;50.0;0
1078;840990682;Servicios;13.4;2.7;28;1.3;7;73.7;12.2;2.1;63.1;59.7;0.8;0
1079;987796865;Transporte;12.3;11.0;25;16.7;4;67.3;16.1;2.36;28.8;23.7;41.1;1
1080;838904054;Servicios;1.5;0.3;64;6.7;5;63.0;16.7;5.49;76.1;72.2;1.1;0
1081;895090961;Servicios;5.8;4.5;18;3.8;6;96.0;22.4;4.02;37.8;39.8;4.2;0
1082;961305869;Servicios;9.6;4.9;52;14.1;6;88.0;23.1;2.12;71.1;57.9;5.9;0
1083;866932359;Transporte;3.8;3.2;5;14.4;9;71.3;26.7;2.38;83.1;74.1;8.0;0
1084;818752201;Servicios;5.6;5.3;30;6.3;0;31.8;19.6;2.97;50.0;49.0;50.0;1
1085;816356610;Servicios;14.1;4.5;33;3.0;4;61.4;7.6;3.64;56.2;74.8;12.3;0
1086;887185439;Comercio;28.6;25.5;8;9.1;7;69.6;7.4;2.53;60.3;59.5;1.6;0
1087;972417599;Transporte;12.7;6.5;70;7.4;6;78.1;3.6;4.26;96.3;72.1;1.8;0
1088;842637505;Transporte;8.4;4.1;17;2.8;6;61.3;17.3;4.36;65.6;70.0;5.4;1
1089;839404449;Servicios;1.6;1.3;27;1.1;4;68.9;16.9;3.36;86.0;93.6;3.7;0
1090;869653288;Servicios;25.1;24.0;30;16.1;5;66.2;11.4;3.33;82.5;82.4;1.7;0
1091;879799325;Servicios;24.6;9.4;6;19.5;2;75.5;11.0;2.55;41.2;47.5;9.8;0
1092;880377763;Servicios;5.2;5.1;18;4.5;5;78.7;17.7;4.33;15.9;44.4;9.0;0
1093;860102706;Manufactura;2.4;1.6;5;9.9;5;73.1;23.9;6.29;69.0;74.0;5.5;1
1094;913683613;Transporte;12.2;6.3;9;14.4;4;62.6;32.7;1.33;50.9;38.6;21.8;1
1095;888054272;Construcción;8.8;4.0;46;5.4;7;80.7;18.1;2.68;41.1;64.9;22.5;0
1096;920330609;Servicios;6.5;4.4;47;6.8;0;37.5;24.6;3.64;53.6;57.5;7.2;1
1097;948593464;Servicios;5.3;1.9;9;-3.2;3;62.5;10.3;2.19;39.2;64.5;6.1;0
1098;909276644;Comercio;16.5;13.8;12;-8.8;4;89.7;11.4;3.63;67.2;45.0;12.5;0
1099;896986373;Tecnología;25.0;11.3;17;-5.3;1;46.2;27.3;4.21;64.5;76.0;6.1;1
1100;878513744;Servicios;7.4;1.8;57;23.1;5;72.7;10.9;1.35;77.0;62.5;12.6;0
1101;889312816;Servicios;2.0;0.8;34;17.0;7;64.5;12.4;3.64;58.4;53.7;4.9;0
1102;845752973;Comercio;12.9;10.3;41;-5.5;5;44.9;8.5;2.22;77.5;63.7;5.0;0
1103;947664729;Servicios;8.3;5.0;15;23.2;7;85.5;38.2;5.17;92.5;78.4;4.2;0
1104;803754175;Manufactura;23.2;11.5;28;9.1;7;69.9;7.3;2.4;50.6;50.5;11.9;0
1105;921316841;Construcción;7.1;4.7;14;0.9;5;82.9;9.4;2.84;68.5;70.4;1.9;0
1106;911579681;Servicios;13.9;4.5;17;7.0;5;51.0;21.0;6.17;33.1;41.6;38.2;0
1107;930900311;Servicios;5.7;3.9;8;12.8;7;81.9;14.0;4.25;86.7;85.5;14.0;0
1108;880755020;Manufactura;10.9;10.4;28;10.0;2;53.0;11.6;3.23;44.2;42.9;2.9;0
1109;960506101;Transporte;5.5;3.2;40;15.1;8;60.6;12.5;3.21;76.6;88.9;4.0;0
1110;980225306;Comercio;9.4;7.6;5;0.9;6;74.8;9.5;3.93;48.1;67.4;1.8;0
1111;865475699;Servicios;7.9;5.3;60;14.8;0;52.1;19.5;4.99;72.8;64.5;2.5;1
1112;945943786;Comercio;7.5;3.7;196;15.8;7;94.8;10.1;2.63;48.7;61.2;17.0;0
1113;991319624;Construcción;14.7;11.4;36;24.5;5;69.0;14.2;3.84;90.9;62.8;3.5;0
1114;954586532;Comercio;7.1;1.8;44;10.5;5;77.0;20.7;3.73;91.4;73.8;3.3;0
1115;922653046;Servicios;8.9;8.3;13;18.5;5;71.5;6.1;3.12;47.7;63.7;7.0;0
1116;887951344;Transporte;12.5;3.3;19;22.0;4;66.3;31.4;2.99;68.1;88.1;7.0;0
1117;809272570;Servicios;2.7;1.6;30;-18.6;8;84.2;29.1;4.71;29.7;60.5;4.2;1
1118;983986453;Servicios;9.9;9.7;73;-0.2;5;75.0;28.6;4.74;28.7;71.5;23.3;0
1119;988266825;Comercio;17.7;16.4;7;-2.7;5;68.7;9.5;4.3;56.2;62.0;10.4;0
1120;916297260;Servicios;10.9;6.5;123;14.8;4;63.0;10.4;2.34;61.1;61.4;5.5;0
1121;988456987;Construcción;17.3;16.8;39;-10.9;6;65.2;10.5;1.19;59.5;62.9;1.0;0
1122;808821961;Comercio;24.7;20.6;11;11.4;5;80.8;23.8;5.06;61.5;57.8;3.7;0
1123;829887547;Comercio;9.0;8.3;22;11.1;3;50.8;17.0;3.62;73.9;68.5;3.4;0
1124;956234820;Servicios;5.3;4.9;14;-4.4;4;49.2;23.3;2.33;70.7;59.7;2.5;1
1125;801517307;Servicios;12.6;8.4;9;-17.3;6;90.5;7.7;3.95;44.8;42.1;22.6;0
1126;924254890;Comercio;16.5;11.4;47;-9.8;6;74.2;26.7;4.58;45.9;50.5;15.8;0
1127;962951172;Servicios;9.6;8.9;162;4.4;6;59.6;13.0;1.87;69.9;54.2;1.2;0
1128;822147078;Comercio;5.8;1.9;56;1.8;3;39.9;6.5;2.65;72.1;62.6;42.2;0
1129;965861750;Manufactura;5.4;1.8;12;-12.5;2;66.8;32.4;1.31;59.9;64.4;0.7;1
1130;979852276;Manufactura;8.0;2.5;46;-3.0;4;48.9;22.5;4.48;46.3;24.0;8.3;0
1131;854735585;Servicios;4.5;2.6;26;16.8;9;85.5;8.2;4.47;33.6;40.2;17.3;0
1132;857533600;Servicios;3.8;1.5;31;21.7;6;74.2;13.0;3.91;94.1;65.8;1.9;0
1133;939717703;Construcción;4.3;1.9;30;8.3;4;53.8;19.5;2.21;69.2;62.7;2.9;1
1134;875564538;Comercio;7.9;5.6;5;21.6;3;48.6;4.4;4.4;45.4;48.9;2.2;0
1135;952871990;Construcción;8.9;3.4;10;-18.7;6;74.2;7.9;4.34;40.6;50.1;5.1;0
1136;893099341;Transporte;3.1;0.7;40;14.4;7;86.1;14.2;2.47;68.3;69.6;2.1;0
1137;826636008;Servicios;14.6;12.5;11;7.0;5;48.1;15.2;3.14;54.5;65.0;11.4;1
1138;814041006;Comercio;5.0;4.7;69;-1.7;5;60.2;14.4;4.33;65.2;61.9;4.2;1
1139;929343199;Transporte;5.4;2.6;75;-0.4;5;72.9;20.4;1.73;51.3;54.3;9.5;1
1140;955965674;Manufactura;8.3;5.9;13;2.3;7;72.5;15.8;3.25;77.1;69.5;9.6;0
1141;828759229;Servicios;11.2;9.6;160;3.8;3;61.8;8.6;2.05;29.9;43.7;7.4;0
1142;885051977;Servicios;7.5;5.5;28;0.2;5;63.4;18.0;2.52;43.8;65.6;10.2;1
1143;877696442;Tecnología;4.4;0.9;66;7.9;8;87.3;7.5;4.62;41.3;47.6;2.6;0
1144;817599328;Comercio;6.0;5.4;16;18.6;9;99.2;9.8;3.21;65.0;55.6;2.3;0
1145;827813093;Comercio;3.1;2.9;33;0.3;7;66.2;14.1;3.92;84.1;69.5;13.8;0
1146;844218068;Manufactura;16.2;10.6;65;4.3;3;54.4;4.7;3.52;64.8;60.6;12.5;0
1147;914850018;Transporte;5.6;1.2;23;-7.8;5;55.4;22.0;2.61;79.1;69.8;16.6;1
1148;892978186;Manufactura;3.3;3.2;48;2.2;2;54.5;10.2;2.03;32.0;41.2;26.9;1
1149;933464319;Transporte;9.4;7.9;49;-1.5;5;77.2;14.8;6.15;11.2;21.9;24.5;0
1150;824134152;Servicios;5.3;2.7;9;5.1;4;62.6;9.5;3.9;81.3;69.0;6.9;0
1151;853112430;Construcción;6.2;3.6;54;10.1;2;48.8;10.0;4.1;84.9;56.4;12.1;0
1152;902313103;Comercio;3.3;1.7;23;6.7;3;50.9;5.0;3.62;96.5;82.6;18.6;0
1153;900217042;Servicios;8.7;2.0;35;9.0;0;47.0;12.1;4.38;78.6;66.7;0.7;1
1154;945961183;Comercio;2.7;0.7;78;-3.6;1;51.4;8.2;2.62;70.4;69.4;11.4;1
1155;857043479;Manufactura;7.6;3.4;21;17.7;5;82.6;15.0;3.21;57.5;53.5;1.4;0
1156;896740518;Servicios;14.0;11.8;23;19.3;6;62.1;6.5;3.49;47.7;50.1;9.6;0
1157;921135203;Manufactura;3.7;1.6;7;7.3;6;67.4;8.4;2.35;45.3;41.5;2.5;0
1158;910236851;Manufactura;5.8;2.6;7;12.2;3;57.7;16.1;4.49;82.4;72.1;0.8;1
1159;993325477;Servicios;3.9;1.5;5;14.9;5;70.8;21.7;2.27;21.2;34.5;6.0;0
1160;996849323;Servicios;8.7;7.8;47;0.4;4;78.1;39.7;1.91;36.5;44.6;6.0;0
1161;916356972;Servicios;19.0;9.4;15;-3.7;5;66.0;19.1;3.46;38.0;51.8;34.0;0
1162;880315299;Manufactura;6.9;2.7;58;9.0;4;59.9;13.3;3.26;67.1;69.7;0.1;0
1163;947901184;Construcción;4.9;4.0;5;17.7;4;46.8;11.2;5.04;71.7;81.9;8.0;0
1164;802065175;Servicios;13.4;5.3;175;-8.7;4;55.2;15.4;5.24;76.0;82.3;9.2;0
1165;817890342;Tecnología;5.8;2.4;21;-14.0;1;26.8;42.1;4.39;55.6;48.3;26.9;1
1166;918123509;Manufactura;2.9;0.8;13;3.9;5;73.9;16.9;2.35;73.7;76.4;22.1;1
1167;868780623;Servicios;14.2;2.9;31;-3.0;5;65.7;31.9;4.2;64.9;63.9;37.5;1
1168;817058672;Comercio;1.6;0.9;15;-15.3;2;60.7;9.4;5.56;74.3;57.2;13.2;1
1169;823586105;Servicios;22.4;12.8;48;1.6;6;73.5;24.5;1.87;35.1;38.2;7.8;0
1170;927406271;Tecnología;15.0;12.8;88;7.1;6;70.1;9.7;2.34;31.1;52.7;28.9;0
1171;990412698;Transporte;6.5;2.3;28;5.1;6;86.7;7.0;4.91;66.7;66.2;2.5;0
1172;913237485;Tecnología;3.4;3.0;8;12.6;3;66.4;27.0;3.99;67.6;70.5;8.9;0
1173;978389957;Construcción;8.2;6.2;28;10.4;6;70.9;17.8;2.1;40.8;33.5;18.8;0
1174;973387936;Tecnología;4.5;3.5;11;23.9;4;47.7;26.3;3.01;51.0;43.9;0.1;0
1175;934150373;Servicios;12.3;7.3;5;-6.4;4;74.3;10.1;3.11;49.6;65.7;35.8;1
1176;892861093;Servicios;8.6;2.0;16;17.9;4;81.7;30.8;2.63;43.2;42.4;30.9;0
1177;801027336;Servicios;9.9;8.3;48;5.4;6;79.3;16.2;2.7;56.4;61.3;7.0;0
1178;854645259;Servicios;13.1;10.6;71;16.0;4;69.3;13.3;3.67;59.6;55.0;4.1;0
1179;839404004;Servicios;12.7;9.3;15;30.2;4;34.5;31.9;2.68;58.5;44.0;5.6;0
1180;983174605;Servicios;9.5;7.6;63;9.8;6;89.2;11.0;3.95;75.8;78.7;12.5;0
1181;806477718;Manufactura;2.8;0.6;47;1.1;6;88.0;13.0;3.99;75.0;59.9;17.1;0
1182;966063879;Manufactura;9.1;6.1;39;1.2;1;61.8;13.5;2.65;66.4;75.0;1.7;1
1183;982207654;Servicios;6.9;5.8;14;11.7;5;68.5;7.5;2.23;51.3;55.0;1.2;0
1184;893885855;Construcción;9.5;6.4;384;8.2;9;75.4;12.8;3.57;11.2;32.3;12.9;0
1185;869775999;Construcción;10.2;8.9;40;17.4;3;51.9;25.2;2.05;55.7;62.0;18.6;0
1186;970045366;Transporte;9.9;3.4;15;9.7;6;42.8;20.1;4.91;86.6;64.8;1.7;0
1187;955827302;Construcción;4.9;3.9;103;26.5;6;72.9;11.3;5.77;80.6;81.9;5.1;0
1188;926550374;Servicios;15.2;14.9;6;-1.8;1;63.7;30.2;2.9;77.8;74.9;12.5;1
1189;977288575;Transporte;6.8;3.7;13;8.0;6;62.9;10.9;2.8;55.8;72.0;10.9;0
1190;824642463;Tecnología;1.7;0.8;9;11.1;8;74.1;13.0;4.2;51.0;62.1;14.8;0
1191;916301433;Servicios;8.4;1.7;22;-9.3;5;68.4;15.2;3.26;62.0;56.9;14.0;1
1192;881330572;Servicios;11.5;5.9;52;-1.4;1;66.5;2.4;4.12;37.2;36.7;14.5;0
1193;976839829;Servicios;3.0;2.0;45;-9.3;9;81.7;20.3;1.64;79.8;76.1;1.7;0
1194;882072104;Transporte;3.3;1.8;52;11.8;4;44.3;23.9;4.78;31.4;46.1;16.8;1
1195;813910475;Comercio;11.4;7.1;23;1.0;3;65.0;35.4;1.4;92.6;74.5;22.4;1
1196;926628653;Servicios;5.4;3.2;46;-8.8;9;62.0;17.4;3.87;94.6;89.6;0.8;1
1197;840885992;Tecnología;3.5;2.1;19;3.9;7;78.8;17.1;2.52;80.2;78.7;3.2;0
1198;951598109;Transporte;6.7;3.0;17;9.8;6;88.3;19.0;2.97;78.7;81.3;32.9;0
1199;837305935;Manufactura;7.3;5.6;43;5.9;5;83.0;21.6;3.48;5.2;36.6;22.0;0
1200;902309964;Comercio;6.0;2.4;5;6.8;6;66.5;13.6;4.31;71.9;76.5;1.1;0
1201;880775407;Construcción;2.0;1.4;50;-7.4;5;71.2;34.4;4.57;69.0;64.6;14.2;1
1202;827650533;Servicios;25.7;6.3;28;1.8;5;66.8;17.3;3.09;41.9;49.1;50.0;0
1203;934341549;Comercio;6.6;4.9;20;6.4;9;100.0;16.0;2.0;35.7;49.5;18.9;0
1204;999230769;Servicios;2.2;0.7;17;18.2;4;54.6;15.4;4.06;66.0;57.1;10.2;0
1205;946984495;Comercio;6.6;2.4;7;14.8;5;69.2;6.1;3.98;64.9;56.6;16.7;0
1206;882151755;Servicios;5.2;4.3;60;-1.2;4;79.4;39.7;3.01;65.3;68.8;4.8;1
1207;922818637;Manufactura;18.9;16.0;18;15.2;2;58.2;24.1;3.11;50.7;54.6;28.2;0
1208;878122262;Manufactura;14.9;3.2;33;14.6;3;69.0;13.7;6.98;31.0;62.4;12.5;0
1209;933236877;Comercio;6.1;4.6;53;11.3;6;54.3;41.3;2.71;42.4;31.9;21.2;1
1210;831156875;Transporte;3.7;1.1;27;-8.2;5;70.9;15.6;4.26;65.9;58.6;8.0;0
1211;873007221;Transporte;6.4;3.2;8;-12.4;5;69.4;9.2;3.43;88.6;65.1;1.5;0
1212;894687850;Manufactura;44.3;19.2;30;5.1;4;58.8;3.3;1.56;54.5;79.0;4.5;0
1213;854319579;Servicios;6.4;3.5;27;12.5;4;76.7;11.9;2.68;84.4;81.7;0.8;0
1214;928958804;Comercio;19.9;17.4;9;6.5;6;77.9;22.3;2.01;98.8;86.0;8.5;1
1215;923571060;Servicios;24.2;11.7;25;-11.0;8;78.9;21.8;2.42;74.5;61.5;50.0;0
1216;905791771;Comercio;3.1;2.9;12;22.1;4;55.3;10.4;3.67;71.0;77.5;8.0;1
1217;830849690;Transporte;8.8;7.9;263;0.2;6;52.6;10.7;2.42;58.5;58.3;7.6;0
1218;834739408;Servicios;5.3;4.9;11;-9.8;0;57.6;13.9;2.7;71.1;84.6;0.8;1
1219;898970020;Transporte;8.7;2.6;8;-5.4;4;81.4;13.8;1.9;35.2;43.0;7.5;0
1220;843169079;Servicios;9.8;5.5;27;-7.9;7;76.9;1.1;3.49;54.3;62.2;50.0;0
1221;880466544;Construcción;22.3;12.3;29;-13.9;9;65.6;15.3;2.14;81.9;73.7;15.1;0
1222;957949205;Comercio;10.9;6.8;53;-5.5;6;63.9;21.6;4.61;79.4;85.0;2.4;0
1223;910390857;Manufactura;45.7;19.5;13;19.4;7;74.3;19.0;3.18;96.3;80.2;2.5;0
1224;995149605;Servicios;17.8;7.4;51;10.0;6;55.4;30.9;3.56;66.7;42.3;21.1;0
1225;921166067;Servicios;17.2;7.1;11;15.8;7;81.1;6.6;3.23;84.3;83.0;5.1;0
1226;905070617;Servicios;4.4;2.6;17;5.4;2;67.6;8.0;2.0;78.9;70.7;6.6;0
1227;887753301;Manufactura;28.5;15.5;37;7.2;1;52.5;13.7;2.79;28.5;34.5;0.3;1
1228;815699268;Servicios;6.0;2.9;6;-4.0;3;44.3;20.7;3.2;77.2;63.6;9.4;1
1229;905334059;Comercio;15.2;5.4;52;-3.2;4;45.7;26.3;10.92;66.7;77.8;7.6;0
1230;868689980;Construcción;5.1;4.2;44;-0.9;7;81.5;17.2;4.69;42.3;51.1;18.8;0
1231;867390214;Servicios;17.5;5.6;119;5.2;2;66.8;14.4;4.69;32.5;37.0;1.3;1
1232;981971245;Servicios;7.8;5.6;29;12.5;6;73.9;2.5;2.84;44.7;57.3;12.1;0
1233;873329521;Servicios;4.8;4.4;91;3.8;5;60.3;11.9;3.89;58.8;59.4;32.8;1
1234;820127318;Comercio;10.1;7.6;5;-3.1;7;84.2;35.7;2.16;70.7;63.2;7.4;1
1235;842764930;Construcción;27.3;12.7;15;8.1;5;68.9;15.8;3.6;54.4;44.2;1.3;0
1236;944340521;Servicios;2.3;1.6;7;-1.8;3;49.5;5.3;4.16;70.9;67.7;16.1;1
1237;954315968;Servicios;8.0;6.2;14;10.6;6;70.7;9.5;3.07;64.0;54.8;1.8;0
1238;822618455;Servicios;4.3;2.6;5;-0.5;4;56.3;17.2;3.95;73.6;72.2;0.1;0
1239;925017993;Servicios;7.3;7.3;35;9.5;0;51.9;7.1;2.1;65.3;53.4;7.9;1
1240;872586588;Construcción;14.5;9.8;26;15.3;0;53.8;6.2;3.12;41.7;33.3;5.5;0
1241;923048783;Servicios;6.3;5.6;10;12.1;5;62.0;26.8;3.24;82.3;64.0;4.2;0
1242;900430422;Servicios;3.7;0.9;18;13.1;3;70.1;9.0;4.03;63.8;64.9;3.3;0
1243;874826546;Servicios;24.6;5.6;9;-1.9;1;43.6;15.2;2.87;67.4;61.8;19.5;1
1244;873397627;Transporte;10.6;3.6;47;7.7;3;54.0;10.7;2.83;45.0;34.7;0.2;1
1245;830410532;Servicios;9.1;3.5;5;-7.8;6;85.6;15.1;2.94;65.2;49.5;4.3;0
1246;925331745;Transporte;10.9;9.4;42;19.8;6;71.9;12.1;1.88;81.5;82.5;8.7;0
1247;824320315;Manufactura;9.7;8.9;35;9.4;5;68.0;12.5;3.89;92.5;70.2;3.4;0
1248;909420068;Manufactura;18.0;5.9;64;3.2;1;46.2;3.1;3.38;12.8;36.8;27.9;0
1249;914884980;Manufactura;20.8;10.1;31;-6.6;6;63.0;3.4;3.89;20.3;47.6;8.7;0
1250;948515646;Tecnología;11.7;7.0;12;5.3;9;85.1;17.2;1.87;59.5;57.2;8.2;0
1251;939954295;Manufactura;4.1;3.5;15;15.7;4;70.3;22.4;3.58;80.7;84.3;4.4;0
1252;835781345;Construcción;15.9;9.2;11;15.6;6;75.1;3.6;3.48;73.8;60.7;21.7;0
1253;920447785;Comercio;8.3;2.3;50;-22.4;4;61.8;11.0;3.36;62.8;44.5;9.2;0
1254;886637950;Transporte;5.7;3.0;5;-5.0;5;70.5;19.9;3.38;66.3;67.7;9.2;1
1255;981105503;Manufactura;8.5;7.5;17;-4.1;3;59.7;9.5;4.14;22.3;40.0;2.7;1
1256;850645711;Servicios;3.1;2.3;19;-8.7;8;81.2;17.9;2.89;81.5;68.7;8.5;0
1257;937123902;Comercio;6.4;3.7;81;-7.7;9;79.4;12.3;3.85;33.2;29.2;3.4;0
1258;800185137;Servicios;5.3;1.8;32;1.8;6;71.2;18.7;2.03;49.3;56.8;9.7;0
1259;940170528;Transporte;17.1;4.8;21;-2.6;7;61.7;12.9;2.54;66.5;48.0;10.9;0
1260;927688172;Construcción;18.5;17.6;19;25.3;5;83.4;25.2;3.67;70.4;50.5;1.7;0
1261;896529691;Transporte;18.2;6.8;20;10.9;6;73.0;17.6;3.37;73.7;73.9;18.9;0
1262;920867209;Transporte;22.5;9.3;12;-3.4;9;75.4;15.1;2.19;20.6;42.7;28.8;1
1263;944181130;Servicios;6.6;4.9;6;-0.6;4;57.2;26.3;2.13;55.9;49.4;9.1;1
1264;873453654;Comercio;6.0;2.9;21;-4.1;4;56.7;35.8;4.14;36.4;42.7;5.7;1
1265;815558125;Servicios;15.2;7.7;18;1.9;10;82.8;16.3;3.81;66.9;45.2;4.9;0
1266;827228260;Tecnología;6.1;3.5;17;18.4;3;63.9;8.3;2.82;61.5;54.9;1.0;0
1267;861348970;Comercio;8.9;8.2;26;10.8;6;76.7;39.2;2.78;85.5;72.8;7.6;0
1268;990689906;Comercio;31.6;12.4;62;-4.7;4;69.7;3.7;4.36;51.5;64.4;11.7;0
1269;926421424;Transporte;20.4;9.7;44;-6.2;6;74.7;11.8;4.51;42.6;54.8;6.3;0
1270;943430814;Comercio;4.9;4.9;66;24.3;6;65.2;2.4;1.33;17.8;19.4;8.1;0
1271;888250684;Servicios;3.0;2.6;15;11.0;4;74.2;2.8;3.22;81.0;71.1;0.2;0
1272;986700367;Tecnología;2.8;0.9;5;-9.6;5;74.3;15.6;2.36;41.9;59.0;2.4;0
1273;916739134;Comercio;9.9;7.3;25;-7.1;7;74.2;13.5;5.29;75.1;64.0;7.5;0
1274;854186017;Construcción;14.4;10.8;8;-3.9;5;43.3;18.7;3.51;43.3;40.2;5.5;1
1275;909163363;Servicios;4.1;3.9;9;23.6;6;67.3;20.5;4.39;53.2;58.5;2.8;0
1276;870865264;Servicios;2.1;1.9;9;16.1;3;59.6;13.4;1.3;27.2;37.7;3.9;1
1277;900301693;Comercio;10.3;4.3;15;-4.4;6;85.8;10.7;1.36;65.1;67.1;3.9;0
1278;958821894;Servicios;7.1;4.5;155;7.3;1;24.9;39.2;5.44;93.0;98.9;0.6;1
1279;982787934;Transporte;20.6;15.2;113;1.4;6;70.9;32.9;2.71;71.0;66.2;15.2;0
1280;874217348;Comercio;7.7;7.1;11;6.2;3;68.9;19.7;6.29;65.4;67.0;1.1;0
1281;978738519;Construcción;10.9;3.2;5;-0.9;2;66.2;25.8;5.58;61.4;58.2;5.1;1
1282;872773615;Servicios;1.6;1.3;64;-11.5;2;59.7;8.3;3.0;51.2;51.5;10.1;1
1283;939865658;Comercio;6.8;3.4;23;26.2;4;71.6;5.0;3.47;92.9;77.2;9.7;0
1284;959109420;Servicios;16.7;15.5;16;7.9;0;59.4;22.2;2.69;71.4;86.2;2.9;1
1285;847905921;Construcción;9.5;3.5;80;2.3;4;59.1;16.3;1.47;39.4;60.7;0.7;1
1286;905121013;Servicios;23.3;15.5;10;0.3;6;77.6;9.0;4.07;50.6;43.3;4.0;0
1287;834325552;Manufactura;4.4;1.1;14;1.5;5;67.3;13.0;3.61;79.9;70.6;9.1;0
1288;975254679;Transporte;4.1;2.2;31;15.9;4;69.5;25.3;2.49;27.0;54.5;15.4;1
1289;963208547;Transporte;35.8;33.3;10;7.6;9;76.9;1.0;3.45;43.6;47.4;9.4;0
1290;938282929;Comercio;5.3;2.6;54;-10.4;4;44.4;14.8;4.2;59.4;64.9;45.9;1
1291;805133836;Servicios;9.6;9.5;11;5.1;5;60.5;20.0;4.74;71.3;90.5;12.8;0
1292;832345664;Servicios;7.7;1.6;73;-0.6;9;80.2;16.8;5.1;78.0;65.2;22.5;0
1293;928880540;Servicios;26.6;11.2;28;3.6;7;92.9;1.0;3.56;44.2;44.8;29.2;0
1294;966615733;Servicios;9.5;7.9;11;17.0;3;69.5;13.1;2.79;69.0;68.2;16.3;0
1295;952516074;Manufactura;4.2;3.4;19;13.6;3;47.7;12.8;1.9;53.2;64.3;3.3;1
1296;842057378;Manufactura;12.5;5.5;25;9.0;3;51.7;11.7;6.04;90.9;100.0;2.0;0
1297;902103665;Servicios;4.1;3.0;32;10.8;7;100.0;25.4;2.32;59.9;70.2;0.4;1
1298;892447229;Manufactura;3.9;1.9;43;12.1;6;56.9;8.1;2.49;63.9;77.4;10.6;1
1299;884721777;Comercio;8.2;7.2;26;14.6;4;75.9;2.3;1.99;25.3;44.5;11.2;0
1300;991784988;Servicios;5.7;2.7;5;16.0;3;59.3;10.4;4.05;68.6;62.2;9.0;0
1301;839753141;Servicios;5.2;1.4;10;-0.4;4;65.0;12.7;2.21;65.4;69.9;16.3;0
1302;986432393;Construcción;7.6;7.1;16;15.1;7;82.2;15.2;2.31;45.6;55.3;8.0;0
1303;891355608;Comercio;14.4;3.9;86;-11.3;5;74.1;12.4;2.99;78.5;81.7;29.4;0
1304;826821561;Manufactura;4.7;4.6;46;-18.0;2;58.2;28.8;5.93;36.8;39.8;23.2;1
1305;828921979;Manufactura;6.6;3.8;22;5.1;2;41.1;9.5;3.26;57.1;65.1;0.8;0
1306;885473339;Servicios;11.1;8.8;6;8.9;7;75.7;18.5;1.82;16.6;47.3;24.0;0
1307;837686826;Construcción;10.4;9.5;30;6.6;3;58.3;16.4;1.97;81.6;72.7;3.5;1
1308;952938076;Servicios;12.8;8.5;44;20.0;4;73.4;39.2;2.25;23.5;40.8;5.4;1
1309;967449150;Servicios;6.9;3.1;37;5.7;6;77.1;21.5;3.26;61.1;44.9;1.5;0
1310;823429063;Manufactura;11.4;10.2;23;6.8;6;65.6;17.3;4.39;88.3;90.5;15.9;0
1311;850991958;Comercio;8.8;6.3;11;-2.9;5;68.9;11.2;3.86;18.1;47.2;1.6;0
1312;890188282;Servicios;20.8;14.8;31;3.4;5;53.5;10.5;3.7;86.5;73.7;13.4;0
1313;867361042;Servicios;7.8;7.0;98;-5.3;4;56.0;3.3;2.8;81.5;71.6;8.2;0
1314;854996708;Comercio;19.9;12.0;60;-8.5;4;56.5;20.8;2.39;44.5;39.0;11.7;0
1315;935442091;Comercio;5.8;3.4;28;6.0;5;77.2;21.1;2.56;76.4;71.2;25.3;0
1316;862436122;Comercio;9.6;1.9;58;13.2;6;84.7;26.5;6.38;53.1;60.9;10.3;0
1317;818074700;Servicios;7.3;5.3;10;8.5;3;55.0;3.8;3.41;76.2;76.2;8.4;0
1318;909165762;Servicios;42.6;22.4;15;-1.9;3;44.6;11.8;2.69;70.4;62.0;34.2;1
1319;859249038;Tecnología;6.8;5.2;10;2.4;5;65.7;24.2;5.66;65.1;48.9;30.3;1
1320;910158784;Comercio;3.4;2.9;40;0.9;4;57.5;24.1;3.76;41.7;47.0;31.5;1
1321;876434015;Servicios;12.1;9.2;29;-1.8;9;76.8;11.7;5.16;54.4;43.2;37.9;0
1322;985148919;Servicios;11.8;4.2;7;14.1;0;27.4;23.7;1.92;63.2;50.5;32.7;1
1323;810672825;Servicios;27.9;27.2;10;30.0;5;70.7;9.7;5.56;53.2;39.5;29.6;0
1324;926595779;Servicios;11.6;9.4;89;25.8;3;59.8;23.6;3.02;33.4;46.7;4.9;1
1325;898572017;Servicios;5.6;1.3;8;13.0;5;67.2;19.4;2.43;66.7;54.6;0.7;0
1326;812989311;Transporte;20.8;9.5;17;7.2;8;81.6;12.3;2.47;40.1;48.1;2.3;0
1327;952503403;Transporte;4.4;2.4;23;6.1;5;66.4;21.6;3.43;65.8;51.0;0.9;1
1328;853202086;Servicios;1.2;0.8;9;-3.0;6;54.3;20.0;4.71;92.9;100.0;13.1;1
1329;895305568;Comercio;10.2;5.7;5;-5.0;9;69.1;7.1;3.39;76.4;88.8;19.7;0
1330;991648597;Transporte;8.4;5.2;28;2.5;5;75.1;16.5;3.99;57.8;44.1;1.1;1
1331;906387377;Comercio;5.9;1.4;46;5.3;4;58.0;35.0;1.73;46.6;57.6;20.2;1
1332;911890257;Comercio;12.5;4.9;31;9.5;10;92.2;22.4;2.73;45.6;46.0;6.5;0
1333;994230703;Manufactura;11.1;6.7;88;22.6;3;52.4;4.7;1.84;73.3;59.6;7.4;1
1334;969393837;Tecnología;9.9;3.6;114;10.5;7;81.3;18.2;3.67;49.8;51.2;14.4;0
1335;919710536;Transporte;10.7;3.5;16;6.7;5;72.9;16.2;3.71;49.2;74.6;34.3;0
1336;815572695;Servicios;8.2;3.9;89;28.0;4;50.1;3.0;2.09;59.8;59.9;37.6;0
1337;958417072;Comercio;12.6;3.6;45;10.0;5;65.9;14.8;4.62;62.7;70.1;24.7;0
1338;983222440;Servicios;4.3;1.3;12;4.0;5;74.8;11.9;1.89;83.3;85.2;5.0;0
1339;836277372;Transporte;9.3;6.6;43;3.4;3;43.3;18.5;3.21;67.6;45.8;10.5;1
1340;980770544;Servicios;14.4;10.6;9;-12.4;3;53.1;16.5;4.04;91.3;87.2;0.5;1
1341;914878995;Servicios;6.1;2.5;50;-5.4;4;62.1;5.4;2.6;75.6;74.3;22.8;0
1342;881292660;Servicios;38.8;23.9;5;14.4;1;60.4;10.9;3.59;63.8;48.6;1.0;1
1343;974500828;Comercio;12.3;3.3;14;13.5;6;76.2;7.0;5.4;48.0;60.4;8.8;0
1344;946095631;Transporte;4.6;4.2;29;7.2;5;63.3;8.5;2.28;67.9;60.5;23.5;0
1345;876588793;Comercio;12.1;2.7;16;5.4;9;89.9;5.1;3.08;50.0;55.4;8.0;0
1346;975467790;Transporte;3.0;0.7;7;5.7;1;50.6;6.0;4.77;40.0;68.9;10.1;1
1347;995887821;Servicios;26.3;6.3;14;22.0;2;37.3;11.6;3.39;53.2;62.2;4.5;0
1348;806261900;Comercio;17.4;14.6;66;-0.6;4;55.0;2.6;2.56;64.2;63.6;10.7;0
1349;897741153;Comercio;6.2;6.0;19;7.1;4;65.6;15.9;2.21;11.4;13.9;3.9;0
1350;999616804;Transporte;21.7;6.9;64;4.6;5;77.2;22.5;1.93;81.8;62.9;0.1;0
1351;805424199;Servicios;21.4;13.5;39;-6.7;0;47.7;22.0;2.7;91.7;82.1;2.1;1
1352;963279991;Comercio;5.2;3.3;35;10.1;6;72.4;13.7;2.75;69.6;73.5;15.4;0
1353;946468691;Comercio;7.5;7.4;18;9.7;2;73.6;10.0;2.68;75.9;72.1;19.1;1
1354;996798150;Tecnología;3.5;1.8;7;3.2;8;77.0;48.5;3.98;31.3;51.9;1.3;0
1355;810969804;Construcción;6.1;5.1;11;9.8;3;55.5;20.4;4.14;50.6;53.0;23.6;1
1356;984413019;Construcción;10.9;3.9;41;7.8;3;71.9;21.4;3.45;54.0;64.4;50.0;1
1357;964298454;Servicios;12.2;6.5;24;6.8;2;51.5;2.7;4.13;76.8;67.0;9.3;0
1358;967307849;Comercio;5.3;4.2;14;8.4;6;83.5;27.0;1.58;43.1;57.4;35.1;0
1359;856193380;Servicios;8.1;6.9;31;7.9;10;99.0;11.5;3.03;74.9;78.6;0.3;0
1360;930600322;Manufactura;5.8;3.4;12;14.9;4;68.2;16.3;2.63;53.5;53.6;3.3;1
1361;973838712;Transporte;19.9;17.2;13;-2.5;3;63.6;16.0;1.7;54.4;65.8;7.1;0
1362;872217575;Manufactura;20.6;13.8;17;8.4;3;57.9;4.3;4.6;41.3;36.5;17.6;0
1363;874443000;Servicios;18.4;6.6;32;17.1;2;36.7;19.5;3.65;56.6;47.8;2.8;1
1364;854649186;Servicios;8.1;6.8;27;-4.2;6;88.1;15.2;2.22;62.6;62.9;6.2;0
1365;824237966;Servicios;4.9;2.2;51;1.9;8;91.9;36.4;3.0;66.3;73.3;11.4;0
1366;923057916;Construcción;6.1;3.2;7;9.8;4;53.0;26.7;4.1;35.4;39.2;7.6;1
1367;866488811;Comercio;31.1;28.6;15;21.2;3;58.5;17.5;2.85;40.4;53.7;3.6;0
1368;867099421;Comercio;18.1;5.4;5;3.9;4;69.2;24.1;3.29;36.9;42.8;1.9;0
1369;885178817;Comercio;15.4;12.9;16;-5.9;1;46.0;7.3;2.76;60.6;56.7;29.0;0
1370;949345993;Servicios;3.4;1.5;28;7.9;5;71.1;9.4;3.56;65.5;65.0;7.8;0
1371;991883732;Servicios;9.2;8.0;23;15.1;8;94.2;20.9;5.71;56.5;60.6;0.2;0
1372;899160828;Transporte;13.4;10.8;26;10.9;0;37.4;16.1;2.38;82.0;68.2;0.1;0
1373;916472444;Manufactura;6.1;4.0;107;10.1;5;72.9;6.4;4.89;16.0;48.7;0.8;1
1374;885134228;Servicios;5.1;1.0;21;16.0;1;45.4;15.6;3.82;73.5;62.3;50.0;1
1375;877259831;Manufactura;6.4;1.7;11;4.9;4;73.7;29.5;3.36;71.1;63.4;2.3;0
1376;828224896;Transporte;18.2;18.0;31;10.9;4;58.4;33.4;5.18;92.9;81.2;8.1;0
1377;954384856;Servicios;5.0;2.1;28;-4.2;4;66.6;6.9;4.92;90.0;92.9;1.4;0
1378;990264938;Manufactura;10.4;4.8;25;-3.3;3;79.7;27.2;3.22;74.1;69.8;16.4;1
1379;995527527;Comercio;6.0;3.9;25;9.9;0;31.3;17.1;2.85;74.4;73.5;1.0;1
1380;978163042;Servicios;4.2;3.5;83;13.4;7;72.7;22.7;3.8;57.0;63.7;25.4;0
1381;824308270;Construcción;6.5;3.8;19;2.2;4;63.2;8.5;3.06;79.8;61.4;3.6;0
1382;926561434;Construcción;42.9;22.6;35;5.5;1;58.0;47.1;2.95;86.3;74.4;9.2;1
1383;968433966;Comercio;17.7;12.7;32;-1.6;4;62.6;28.0;3.84;58.7;72.3;4.6;1
1384;868823163;Tecnología;6.4;1.6;129;0.6;1;53.4;12.9;2.69;53.8;50.4;11.0;1
1385;929647186;Servicios;6.7;1.6;17;3.9;4;65.3;19.4;2.15;71.9;65.5;6.9;0
1386;983744065;Servicios;6.9;6.0;45;9.9;3;58.9;10.3;4.62;79.7;83.9;9.4;0
1387;868553004;Transporte;5.4;3.9;30;-5.4;8;69.4;30.9;3.47;52.6;50.4;14.1;0
1388;852500021;Servicios;3.8;3.3;19;5.9;8;93.2;11.2;3.93;55.8;58.3;15.3;0
1389;923639456;Servicios;2.9;1.9;70;11.2;7;71.4;43.5;2.37;29.1;32.6;4.9;1
1390;869740772;Servicios;23.2;21.7;97;9.6;6;78.9;42.0;2.83;56.3;58.6;1.8;0
1391;862469671;Manufactura;21.0;10.2;33;23.3;4;71.2;32.1;2.91;45.0;58.2;20.1;1
1392;859727398;Servicios;5.8;5.6;35;5.9;2;52.1;17.8;2.32;26.7;31.6;3.7;1
1393;951573483;Comercio;6.7;6.5;59;18.0;6;66.5;9.0;2.22;17.7;35.8;0.5;0
1394;850814644;Manufactura;4.4;2.2;21;8.4;3;43.3;7.8;5.62;71.5;64.1;3.1;0
1395;876998915;Servicios;11.9;11.2;38;-10.1;8;100.0;18.5;2.81;49.8;66.2;14.8;0
1396;965964333;Tecnología;6.2;5.4;48;17.2;0;42.8;25.6;4.41;62.4;39.6;3.2;1
1397;846228873;Servicios;1.9;0.4;10;-0.9;6;69.5;14.0;3.96;69.2;48.0;1.9;0
1398;941846666;Transporte;6.0;1.5;9;2.5;9;100.0;27.6;7.26;85.2;78.2;10.7;0
1399;804601648;Manufactura;3.1;1.1;17;-1.8;2;47.8;30.1;4.42;68.3;57.9;1.9;1
1400;800030815;Construcción;8.1;2.8;55;7.4;4;67.4;1.2;1.86;58.3;70.6;0.3;0
1401;954681735;Comercio;17.1;7.4;14;20.2;2;53.9;7.8;4.01;74.9;77.6;17.4;0
1402;959600960;Servicios;4.8;3.0;48;12.8;7;71.4;3.2;3.85;51.2;70.2;10.8;0
1403;996914928;Comercio;11.1;10.4;38;2.2;6;80.3;0.7;1.59;52.8;41.7;4.1;0
1404;873870128;Comercio;5.9;2.4;21;26.6;5;75.0;4.7;2.61;60.6;31.6;1.4;0
1405;812143526;Comercio;7.9;7.3;5;-1.5;6;81.0;9.5;3.58;77.8;73.6;1.9;0
1406;885789800;Servicios;2.2;1.4;47;-1.8;6;80.3;29.5;2.45;36.9;34.1;7.9;1
1407;886448885;Manufactura;16.5;16.5;18;4.2;7;90.5;23.2;1.83;82.9;77.6;24.1;0
1408;922293924;Comercio;2.8;1.5;26;7.9;3;46.5;6.9;2.09;64.0;52.4;19.9;1
1409;806238403;Construcción;5.3;1.6;10;2.4;6;64.5;14.2;2.03;91.7;71.1;7.6;0
1410;842520162;Comercio;4.2;3.4;27;-1.5;8;71.6;10.3;4.68;65.0;53.5;8.6;0
1411;963097521;Comercio;11.6;8.9;12;9.0;5;72.5;35.3;2.36;86.9;81.8;4.2;1
1412;819365971;Transporte;8.6;1.8;134;22.1;6;66.9;28.3;2.87;39.7;54.6;5.8;1
1413;803504475;Comercio;10.1;6.0;9;-1.9;6;67.7;2.5;4.02;49.3;45.5;0.2;0
1414;955148703;Comercio;15.5;8.6;8;4.9;4;74.7;16.8;1.66;32.8;39.2;3.9;0
1415;982135814;Servicios;10.4;10.3;10;2.6;5;70.6;13.7;2.39;82.8;74.0;17.1;0
1416;965851139;Construcción;4.7;2.8;56;-11.9;0;59.3;11.0;2.9;92.6;54.2;3.5;1
1417;813640645;Transporte;6.0;3.1;43;1.9;1;46.7;23.2;3.36;35.1;60.3;23.9;1
1418;912156477;Comercio;23.9;15.8;5;-3.4;4;57.0;31.9;3.53;86.7;76.6;20.5;1
1419;928926418;Servicios;31.3;28.6;73;-1.1;8;59.6;13.9;4.12;53.5;59.2;1.9;0
1420;953719137;Manufactura;11.6;7.9;42;-17.6;4;69.0;19.2;3.03;42.1;58.4;4.1;0
1421;871407868;Servicios;17.9;5.3;19;3.6;6;95.0;9.3;2.23;60.8;71.8;19.4;0
1422;899231681;Comercio;9.7;2.3;59;12.4;4;54.0;3.4;3.97;28.9;48.3;19.6;0
1423;979493947;Comercio;8.6;5.6;8;4.2;9;96.3;4.1;4.91;83.6;84.6;11.6;0
1424;832767675;Servicios;5.5;3.6;19;10.7;3;64.9;24.3;7.52;69.1;50.8;1.1;1
1425;988728455;Servicios;7.9;3.8;11;-5.8;4;58.3;9.3;2.46;64.0;64.4;8.5;1
1426;911962314;Servicios;4.0;2.7;16;-3.6;6;71.8;4.4;5.6;77.8;63.2;1.0;0
1427;982872330;Comercio;8.8;8.2;38;5.9;3;54.0;11.0;4.94;79.4;95.0;8.2;0
1428;920336311;Servicios;5.9;3.6;44;11.3;4;78.2;15.9;2.09;9.1;39.5;7.1;0
1429;926088553;Manufactura;10.3;9.6;46;-3.0;1;52.5;25.2;4.19;70.1;66.0;10.7;1
1430;949332008;Comercio;4.2;2.7;25;11.5;5;69.0;32.7;4.2;31.5;57.5;4.2;0
1431;804232743;Servicios;6.3;2.9;13;-18.8;6;68.6;22.9;2.71;55.3;71.5;47.3;1
1432;992793135;Comercio;2.5;1.4;16;-11.2;1;34.5;6.7;3.74;80.5;67.3;4.8;1
1433;847154056;Servicios;7.4;1.7;68;28.4;4;54.7;8.0;4.1;50.7;75.9;2.1;0
1434;931350437;Servicios;11.0;4.8;20;1.7;5;63.1;21.9;2.87;28.6;41.1;1.6;0
1435;946148573;Construcción;9.8;5.7;13;0.1;3;52.4;32.1;4.73;39.1;57.5;8.5;1
1436;864841385;Servicios;10.7;7.3;6;14.9;6;67.0;39.2;4.58;50.6;63.9;6.0;0
1437;808642928;Construcción;7.6;3.7;10;26.5;2;55.8;12.0;3.14;74.3;77.3;0.9;0
1438;882625399;Manufactura;20.8;15.2;15;10.0;7;76.4;18.3;4.24;53.5;65.9;4.8;0
1439;817065386;Construcción;6.1;3.5;217;10.0;4;64.4;24.7;2.21;54.9;55.1;1.3;0
1440;843033204;Comercio;12.3;3.8;39;9.1;8;77.8;19.3;5.59;74.1;72.8;29.2;0
1441;903084998;Comercio;14.9;5.0;6;-5.1;6;58.3;9.2;3.61;36.7;36.9;11.4;1
1442;981750216;Servicios;5.7;3.0;5;7.1;2;67.5;11.6;2.0;78.3;84.0;5.6;1
1443;984353152;Comercio;16.2;15.5;13;0.4;5;69.8;17.9;5.16;52.8;31.1;3.3;0
1444;819844309;Manufactura;12.4;5.2;37;-22.6;2;57.5;1.5;2.72;46.4;54.3;3.7;1
1445;960006687;Comercio;3.7;2.1;5;0.9;4;66.5;16.7;3.59;83.2;73.1;0.9;1
1446;811661324;Servicios;15.1;12.0;8;0.1;4;62.4;20.2;5.52;48.5;54.0;1.8;0
1447;840473935;Transporte;26.2;20.0;7;24.9;7;61.2;4.5;3.61;78.4;81.1;2.5;0
1448;957567625;Manufactura;14.7;3.4;9;-4.7;4;71.1;10.5;3.12;48.8;65.4;12.8;1
1449;831781149;Comercio;4.0;3.2;33;2.3;6;78.7;23.3;6.57;78.0;75.2;2.5;0
1450;831736429;Servicios;8.6;5.5;21;12.0;8;77.0;24.0;2.66;73.9;64.2;2.8;0
1451;970218086;Comercio;6.5;2.0;49;1.4;9;81.9;12.4;3.26;84.7;81.4;1.6;0
1452;845348130;Comercio;4.0;3.2;11;12.3;5;55.2;5.9;6.14;29.5;50.3;3.1;1
1453;995951068;Manufactura;5.4;3.9;8;-12.1;6;68.0;9.9;3.74;81.0;63.3;1.0;0
1454;912161984;Servicios;10.1;3.5;40;9.5;5;65.7;18.5;2.47;99.5;90.5;1.1;0
1455;848206992;Comercio;8.0;2.4;5;-3.6;8;70.7;9.7;2.07;66.9;72.1;6.8;0
1456;907899394;Manufactura;3.3;1.9;26;-0.9;8;80.0;13.3;2.88;57.4;71.8;10.0;0
1457;903930520;Servicios;4.9;4.5;40;17.5;3;54.6;8.6;5.4;67.4;58.7;1.0;0
1458;920041245;Comercio;5.7;2.7;17;3.1;4;62.5;35.5;3.74;42.3;43.1;13.5;1
1459;894899871;Construcción;3.4;3.3;21;3.0;9;86.7;22.1;2.21;65.8;62.1;4.5;0
1460;861274650;Servicios;9.1;7.5;29;20.5;5;47.3;22.7;3.63;63.3;72.0;33.9;1
1461;855766031;Comercio;19.3;17.7;57;-5.6;5;61.1;11.8;2.52;71.0;70.9;8.3;0
1462;952928046;Servicios;10.2;2.2;14;9.6;3;69.6;38.2;2.55;60.8;82.8;2.3;0
1463;869635764;Comercio;6.7;3.8;28;18.1;5;73.9;6.3;4.74;29.4;54.1;1.8;0
1464;818455104;Servicios;5.5;3.6;96;-6.8;1;58.1;17.1;1.33;54.4;59.3;0.5;1
1465;846940669;Servicios;7.3;1.9;5;0.3;2;77.4;24.1;3.92;53.5;52.9;0.8;0
1466;885896365;Tecnología;5.3;5.2;16;14.2;1;58.2;34.4;2.57;46.2;54.6;10.6;1
1467;832552185;Manufactura;14.9;13.8;6;15.1;5;45.1;11.1;3.53;74.1;68.2;1.5;0
1468;978687714;Comercio;20.4;12.6;23;3.5;3;61.6;7.3;3.97;83.6;80.4;4.7;0
1469;925390564;Comercio;50.0;36.5;122;-8.0;6;60.7;4.7;2.08;19.9;33.4;4.8;0
1470;905208924;Comercio;4.9;3.2;23;14.2;6;59.7;18.7;4.59;33.5;36.2;2.8;0
1471;975973055;Servicios;26.5;15.2;82;14.0;6;72.8;21.8;2.42;69.2;57.0;27.6;0
1472;995266742;Servicios;15.3;8.2;144;3.9;2;50.0;10.2;4.97;43.0;45.6;21.5;0
1473;813324172;Manufactura;14.8;9.2;22;13.5;4;76.9;31.7;2.96;60.7;57.9;2.2;0
1474;911030474;Servicios;8.3;2.3;15;-14.8;4;78.0;17.1;2.2;71.9;71.7;1.8;0
1475;816242754;Comercio;22.1;8.7;17;5.6;6;71.8;17.9;4.19;52.5;66.4;2.2;0
1476;869663071;Comercio;5.6;4.6;180;6.7;1;51.9;15.4;5.29;87.7;81.3;4.3;0
1477;880623196;Transporte;6.1;1.3;27;18.3;4;70.7;17.4;3.6;91.4;78.6;0.3;0
1478;984351252;Comercio;21.8;7.6;10;2.9;4;78.4;30.4;3.73;78.9;59.8;25.9;0
1479;856689960;Construcción;6.0;1.7;21;15.9;8;74.5;6.3;2.95;33.2;44.7;15.7;0
1480;912798337;Comercio;6.0;3.5;25;15.0;4;31.2;18.8;2.85;85.7;95.3;5.1;1
1481;892070765;Construcción;20.4;5.3;49;6.2;7;68.3;30.8;3.84;50.0;62.8;10.8;0
1482;836211148;Comercio;9.5;7.4;150;11.8;7;98.3;1.1;1.94;46.3;59.3;3.3;0
1483;901028131;Transporte;6.9;5.4;18;3.3;3;68.0;26.1;3.61;77.3;75.9;18.5;1
1484;982058961;Construcción;9.4;3.0;71;8.5;2;35.9;28.1;2.17;64.4;60.4;2.3;1
1485;979058730;Manufactura;8.2;4.0;79;-11.2;4;63.2;14.1;3.01;63.1;50.2;1.8;0
1486;852576880;Servicios;1.3;0.4;9;8.8;3;63.1;6.1;6.76;69.5;72.8;1.3;0
1487;825885828;Transporte;6.5;5.1;13;18.8;4;54.0;21.9;2.36;55.8;57.8;50.0;1
1488;864488592;Transporte;8.7;3.0;12;8.1;5;76.8;14.8;3.14;74.0;63.1;6.8;0
1489;824247332;Manufactura;9.5;4.7;47;-5.3;10;87.2;6.8;6.33;69.2;65.1;5.2;0
1490;951021567;Comercio;7.0;6.0;25;11.3;3;59.8;16.5;1.21;74.8;95.0;1.0;0
1491;806315781;Servicios;7.2;2.1;5;12.0;4;53.9;2.9;3.79;71.8;75.5;11.1;0
1492;885760630;Comercio;5.0;2.0;84;-8.4;8;97.7;5.9;4.02;32.5;43.1;23.9;1
1493;886481463;Transporte;13.3;10.9;5;6.8;9;73.1;27.6;6.11;72.6;69.5;6.9;0
1494;849984013;Comercio;10.3;9.8;26;16.7;4;55.4;20.9;2.89;93.5;74.0;5.7;0
1495;958465178;Construcción;13.4;9.6;22;-1.4;8;73.2;8.5;4.16;83.2;71.0;0.7;0
1496;981981849;Manufactura;21.9;17.9;6;12.3;4;53.4;17.0;3.76;90.0;81.5;12.8;0
1497;911449216;Tecnología;5.1;2.7;51;0.6;8;81.1;7.5;1.74;27.9;58.6;18.2;0
1498;860588355;Construcción;32.8;9.2;16;-7.0;7;72.5;8.7;2.0;69.4;76.0;2.2;0
1499;990975217;Construcción;6.2;1.7;14;12.5;3;57.4;6.5;4.12;76.9;87.9;12.5;0
1500;965313099;Comercio;13.4;7.4;14;-1.3;4;60.6;11.7;2.48;65.5;73.6;16.2;0
1501;876833152;Comercio;6.5;4.0;5;11.0;1;26.9;40.6;3.15;87.3;73.2;1.9;0
1502;858107561;Construcción;9.0;3.6;9;-14.4;1;55.2;4.7;2.53;98.1;73.0;4.8;1
1503;849042955;Manufactura;45.0;33.5;10;0.3;4;69.5;37.3;2.93;62.2;61.0;10.5;0
1504;909145148;Servicios;6.6;1.5;35;-3.2;4;69.5;10.7;4.12;58.3;49.5;14.1;0
1505;949049934;Transporte;7.6;6.1;7;14.5;8;80.6;10.3;2.96;58.7;71.4;4.2;0
1506;870715034;Manufactura;26.6;10.7;14;-3.8;3;59.8;32.9;2.69;73.6;82.5;5.8;1
1507;940354624;Manufactura;23.7;15.9;20;4.7;4;57.8;18.3;3.5;76.2;80.6;2.5;0
1508;844879531;Tecnología;8.0;7.8;62;10.2;6;69.0;13.4;2.57;58.4;50.7;1.2;0
1509;839329586;Comercio;20.7;12.1;10;7.4;4;50.0;25.4;3.35;78.6;72.2;3.9;1
1510;915918383;Construcción;5.1;1.4;38;-12.8;5;73.8;36.5;5.52;66.5;73.8;14.3;1
1511;904043464;Servicios;24.7;19.8;24;1.4;5;59.5;5.7;2.4;74.6;85.8;23.3;0
1512;948971013;Construcción;5.9;2.0;18;15.4;7;71.7;5.7;3.01;80.4;65.1;1.8;0
1513;800571806;Transporte;17.8;13.3;83;5.2;6;72.0;27.5;4.71;39.2;39.4;2.8;0
1514;810349774;Manufactura;16.0;11.3;43;15.7;6;89.7;22.0;2.18;43.9;47.4;12.7;0
1515;963501877;Transporte;8.5;5.8;13;27.9;4;68.0;11.5;3.39;43.5;56.5;6.8;0
1516;925476277;Comercio;4.1;1.5;5;-5.2;9;71.8;15.2;2.45;51.3;50.6;15.1;0
1517;881737509;Transporte;4.4;2.0;11;14.8;4;48.1;3.9;4.26;43.3;59.6;11.5;1
1518;825386199;Manufactura;9.9;5.0;32;-3.2;3;33.7;17.4;3.16;37.6;48.1;11.2;1
1519;939370290;Manufactura;4.2;3.5;29;12.1;7;81.5;21.2;4.12;53.0;67.7;1.6;0
1520;873973475;Tecnología;7.0;1.9;17;0.3;2;49.7;16.8;3.28;49.1;59.1;0.4;1
1521;935813734;Servicios;3.5;2.9;71;18.9;6;86.9;22.9;4.49;57.5;60.4;10.5;0
1522;876379456;Comercio;4.5;1.6;8;10.9;6;97.0;11.9;3.16;53.7;48.7;2.3;0
1523;886121678;Servicios;2.5;1.6;10;-2.5;3;74.0;5.9;3.06;31.0;48.7;24.8;0
1524;903136571;Servicios;19.1;5.1;18;12.9;2;55.1;18.8;5.54;87.9;95.5;1.3;1
1525;806599013;Servicios;2.6;1.0;68;2.4;4;53.7;10.2;2.15;66.4;81.1;7.8;0
1526;886778215;Manufactura;2.0;1.0;15;4.6;5;77.0;19.5;2.64;70.4;70.4;23.0;0
1527;846757039;Servicios;3.8;2.2;108;11.1;3;57.5;23.9;3.0;81.9;67.2;6.7;0
1528;981727213;Servicios;19.3;19.0;86;9.4;1;44.9;26.4;7.5;35.2;57.8;2.5;0
1529;926959387;Comercio;21.3;16.6;12;0.2;4;50.1;13.2;3.44;23.2;53.3;3.9;0
1530;942861070;Servicios;28.5;25.3;14;6.3;6;70.5;26.8;3.08;66.2;64.7;10.2;0
1531;916552290;Servicios;2.2;1.5;23;8.0;6;63.9;41.4;2.66;43.8;30.3;2.5;1
1532;821825620;Comercio;9.8;3.1;110;-7.9;8;92.1;0.4;3.49;54.8;59.7;0.7;0
1533;833643929;Servicios;8.9;4.9;140;15.3;5;61.4;6.9;3.44;15.6;37.9;7.1;0
1534;980168909;Transporte;7.0;2.8;6;0.6;0;39.8;24.1;4.25;56.3;69.3;8.2;1
1535;965296394;Transporte;2.8;1.7;72;17.5;4;71.5;3.1;2.66;37.1;53.6;40.4;0
1536;908357170;Transporte;8.8;4.0;57;19.8;2;75.3;13.8;4.54;43.9;72.2;14.8;0
1537;807452210;Comercio;19.3;5.1;29;-9.9;1;63.1;9.3;1.99;61.2;41.4;28.8;1
1538;968619934;Manufactura;11.0;4.4;124;-6.3;8;92.9;10.9;3.5;52.6;54.9;3.1;0
1539;805132221;Servicios;12.8;3.4;34;23.8;5;60.3;30.1;3.07;64.6;58.1;8.6;1
1540;823640184;Tecnología;12.4;12.2;74;3.7;6;87.5;24.9;3.65;68.4;74.2;9.4;0
1541;893784437;Servicios;2.3;1.6;25;3.8;8;78.9;16.9;2.31;27.3;36.3;2.4;0
1542;849014311;Comercio;16.2;15.5;7;7.1;7;85.4;13.4;3.58;44.2;46.0;4.3;0
1543;887746015;Servicios;21.0;18.4;18;18.7;8;83.0;27.0;2.38;72.9;72.8;27.8;0
1544;867079488;Tecnología;7.5;3.6;35;8.6;6;75.2;8.3;2.86;55.6;61.9;7.8;0
1545;954895841;Comercio;6.6;1.8;12;-0.4;5;67.9;12.4;3.41;69.4;61.2;1.3;0
1546;836715329;Tecnología;4.7;3.0;41;6.3;8;95.9;29.5;2.07;64.5;58.5;18.0;0
1547;813712028;Comercio;6.0;5.8;12;4.0;6;65.2;3.6;1.97;28.9;51.8;3.0;0
1548;960640153;Transporte;11.2;4.7;15;-5.6;4;54.4;23.3;4.01;59.8;62.7;25.6;1
1549;954906316;Transporte;7.6;6.1;16;8.2;6;77.8;27.1;3.54;48.5;59.1;0.6;0
1550;997812792;Manufactura;2.5;0.7;62;6.0;7;58.5;25.3;3.52;22.1;37.5;10.6;1
1551;904171670;Comercio;17.8;15.2;49;-15.4;6;84.2;31.0;3.82;50.2;67.2;6.7;0
1552;807042885;Transporte;11.7;4.0;22;14.5;4;77.7;31.7;2.4;41.4;57.1;17.8;0
1553;911897053;Construcción;9.1;3.9;14;16.8;3;42.4;26.4;2.16;56.5;72.1;8.3;1
1554;820949408;Servicios;33.9;9.9;24;14.7;8;68.6;5.3;5.7;58.6;50.1;10.5;0
1555;920126902;Transporte;19.6;12.5;13;8.2;6;70.0;8.7;3.35;29.6;45.3;50.0;0
1556;903500540;Transporte;8.2;2.2;373;1.1;5;75.5;10.4;2.99;70.8;68.4;24.9;0
1557;918922784;Manufactura;3.9;2.5;11;-3.2;7;78.9;9.9;5.05;83.2;58.8;11.3;0
1558;844781712;Comercio;15.4;8.6;12;-7.2;9;82.4;5.9;3.08;67.7;57.3;17.6;0
1559;951966033;Manufactura;9.6;4.8;16;7.8;2;56.0;1.8;5.07;78.5;72.6;4.5;0
1560;906373889;Construcción;6.7;3.8;11;-6.9;3;62.6;9.8;3.23;53.5;49.5;1.4;1
1561;903787598;Comercio;15.3;6.1;19;22.4;5;70.9;29.2;1.93;50.2;50.0;35.4;0
1562;956710643;Servicios;2.6;1.4;78;19.5;6;54.4;19.5;2.4;75.2;77.0;11.0;0
1563;950554359;Transporte;19.3;4.3;89;21.1;7;92.2;14.7;6.68;47.6;64.0;24.6;0
1564;839615543;Servicios;9.9;2.9;6;-4.9;5;58.2;19.5;5.23;57.7;66.4;7.0;1
1565;970412755;Manufactura;7.4;5.3;23;-2.8;0;45.5;12.7;7.35;50.5;70.5;1.3;1
1566;903688942;Servicios;19.3;8.9;15;8.3;9;98.5;16.9;1.06;62.8;76.6;1.9;0
1567;865900847;Comercio;8.4;5.3;22;-19.7;5;50.4;15.5;3.28;54.1;70.6;8.4;1
1568;888554073;Transporte;8.1;6.2;96;17.6;4;58.5;12.3;3.92;55.0;59.6;4.5;1
1569;910201077;Manufactura;15.6;15.4;20;1.4;5;44.6;28.2;2.78;51.2;47.2;10.9;1
1570;804513759;Construcción;4.6;2.4;22;-5.7;3;59.6;15.5;3.56;69.2;67.6;4.9;1
1571;952951712;Servicios;34.3;20.7;140;-5.1;5;74.1;4.9;2.27;43.9;61.3;19.6;0
1572;898892213;Servicios;7.4;6.1;53;-6.6;3;61.1;9.1;5.43;88.5;79.0;5.3;0
1573;922010517;Manufactura;17.0;6.3;32;5.7;5;77.5;10.5;3.01;90.7;80.8;4.7;0
1574;920612747;Comercio;8.3;8.2;25;11.0;5;69.8;12.3;3.76;64.9;51.0;12.2;0
1575;977743973;Manufactura;19.5;4.9;38;8.7;6;87.0;1.4;3.79;38.0;45.7;18.6;0
1576;888385024;Servicios;15.1;11.8;78;4.8;3;58.2;10.1;2.9;80.5;64.8;2.8;0
1577;951373971;Construcción;5.7;1.9;12;22.2;7;79.7;21.3;4.07;82.1;54.8;27.9;0
1578;979538298;Comercio;1.8;1.4;36;4.9;0;42.6;12.4;2.51;75.2;67.4;10.0;1
1579;893183074;Servicios;16.0;14.1;23;9.9;4;52.2;17.3;5.63;62.7;66.7;9.7;0
1580;832322418;Transporte;16.0;11.8;38;-2.0;1;47.2;13.5;3.43;37.1;35.6;1.9;1
1581;989517860;Manufactura;5.4;4.8;31;9.3;8;67.4;8.3;2.53;71.9;84.7;2.5;0
1582;807649527;Servicios;4.0;3.0;25;25.3;5;49.5;17.0;1.72;83.9;87.1;2.2;0
1583;959332809;Servicios;9.4;9.0;17;3.9;6;73.5;24.7;2.22;60.8;43.3;1.0;0
1584;909571393;Manufactura;4.8;2.5;7;12.6;3;51.9;18.5;3.49;15.1;57.2;18.3;0
1585;955901626;Manufactura;17.2;11.6;89;10.3;7;77.2;16.0;4.52;58.9;74.4;16.6;1
1586;900757852;Comercio;11.4;9.4;23;7.2;6;72.2;19.5;2.01;37.2;42.6;0.6;0
1587;986434404;Comercio;7.0;2.2;7;6.8;6;74.4;2.0;4.6;77.7;77.7;21.4;0
1588;860741015;Comercio;9.6;5.6;141;-9.0;7;70.1;9.8;4.99;89.5;80.6;5.4;0
1589;802640197;Comercio;4.8;1.8;63;0.6;7;81.6;28.5;2.31;15.2;56.5;2.0;1
1590;971813598;Tecnología;15.5;12.7;42;29.4;7;90.7;18.9;3.01;39.1;55.6;8.7;0
1591;845706969;Construcción;2.6;1.8;64;6.7;4;67.8;12.0;3.12;18.5;42.0;9.9;0
1592;821422498;Servicios;15.5;12.4;42;9.3;5;55.8;23.4;3.37;57.9;37.6;3.1;0
1593;855062385;Comercio;16.9;13.4;12;4.1;5;41.2;15.9;3.83;49.9;57.4;3.1;0
1594;967239721;Comercio;15.3;8.6;27;10.0;3;72.7;7.4;2.72;40.4;35.4;38.2;0
1595;824373715;Servicios;50.0;24.6;31;19.7;5;63.5;11.0;3.66;89.8;95.7;20.6;0
1596;903059353;Servicios;12.3;11.2;47;-13.9;5;68.0;41.9;4.2;58.7;51.1;7.6;0
1597;902805007;Comercio;2.6;2.3;5;7.3;2;49.3;5.0;3.2;87.8;82.7;13.4;1
1598;841436688;Manufactura;15.6;10.2;89;16.4;2;53.8;18.3;3.22;89.4;69.7;1.1;0
1599;958326298;Comercio;9.7;5.1;35;4.7;6;78.2;17.4;3.91;38.7;37.6;15.5;0
1600;880594111;Manufactura;3.5;3.3;5;23.7;5;72.0;18.3;2.44;98.0;86.3;1.8;0
1601;866052743;Servicios;2.5;1.0;58;27.8;4;53.5;12.6;2.41;80.1;72.4;28.8;1
1602;936604456;Comercio;9.8;5.6;7;13.6;6;74.6;21.4;3.0;30.7;44.7;7.1;0
1603;808813471;Manufactura;18.5;8.1;5;-4.0;4;70.2;7.6;4.69;45.4;40.2;13.3;0
1604;948372135;Construcción;38.2;15.4;20;10.7;6;72.3;14.2;4.9;59.0;66.2;5.0;0
1605;918717102;Comercio;5.7;1.8;40;13.0;5;80.8;38.1;4.69;17.1;45.0;40.1;0
1606;928273258;Servicios;4.3;2.4;112;9.4;4;78.2;17.6;3.73;45.5;47.9;1.1;0
1607;952977101;Servicios;8.3;7.5;17;-8.7;5;75.8;40.6;6.35;52.4;67.5;8.8;1
1608;816271532;Transporte;4.0;3.8;8;22.0;5;59.0;16.2;4.55;32.5;38.8;0.3;0
1609;877783150;Comercio;8.6;3.5;10;14.0;6;67.9;17.4;3.62;69.9;85.0;1.9;0
1610;831424645;Servicios;16.3;8.8;63;-3.5;2;59.2;10.5;3.12;88.1;83.2;9.9;0
1611;822289692;Comercio;4.4;1.0;8;-0.0;6;77.6;4.4;4.06;55.9;41.3;1.1;0
1612;962701796;Servicios;7.8;5.4;58;7.0;3;73.4;14.2;2.24;35.6;30.4;4.5;1
1613;903484216;Manufactura;5.6;4.6;68;-3.4;6;45.6;21.3;1.81;75.1;86.4;11.1;1
1614;963505392;Comercio;3.2;2.3;13;24.5;5;61.2;22.5;4.8;73.4;81.2;1.0;0
1615;840495427;Servicios;24.2;21.9;81;12.8;4;64.9;18.0;3.07;63.0;72.5;18.9;0
1616;934786702;Servicios;6.9;6.6;68;2.2;1;41.1;16.4;3.86;93.6;71.0;12.7;1
1617;972022938;Comercio;8.7;5.0;34;6.2;0;56.7;4.2;3.21;64.4;87.2;7.2;1
1618;955091239;Servicios;18.5;4.5;42;-1.8;5;77.9;18.0;1.36;13.8;51.6;14.5;0
1619;984624118;Construcción;7.2;1.4;34;6.2;3;63.1;12.8;2.8;89.2;90.4;35.1;0
1620;838230942;Servicios;7.8;2.9;37;1.1;4;72.7;15.1;2.82;74.1;83.2;34.4;0
1621;873306666;Servicios;11.2;5.3;38;3.8;4;69.4;9.9;3.96;85.4;66.7;2.8;0
1622;913434417;Transporte;12.8;6.8;57;-11.2;5;62.9;2.6;2.94;26.9;23.2;0.6;1
1623;857208265;Construcción;10.5;6.2;160;0.6;4;61.6;16.4;2.79;92.9;79.7;4.7;0
1624;872850314;Construcción;10.9;9.3;41;8.6;6;90.7;11.9;4.82;74.5;69.0;12.5;0
1625;870900410;Servicios;8.5;4.9;22;-0.4;4;71.4;10.2;2.59;43.3;57.1;0.6;0
1626;807403232;Servicios;3.4;2.3;13;4.6;1;42.3;25.6;2.66;49.8;59.3;3.6;1
1627;848474834;Servicios;11.5;5.5;9;16.9;8;78.1;24.5;3.12;52.0;54.9;10.4;0
1628;916803493;Servicios;10.4;2.4;39;-2.0;5;60.4;34.4;3.52;61.9;60.3;16.5;1
1629;837704304;Comercio;4.3;2.3;40;2.6;4;62.6;17.2;3.98;38.2;44.1;4.3;1
1630;833091841;Transporte;14.4;7.2;19;8.6;4;60.1;29.8;5.63;77.0;82.6;2.8;1
1631;837302463;Construcción;11.3;10.1;13;-5.4;8;71.3;11.6;3.32;93.3;77.9;5.5;0
1632;974987466;Manufactura;8.1;7.7;121;21.7;7;73.3;23.3;3.0;77.8;79.6;0.5;0
1633;857737078;Servicios;3.8;1.9;43;2.0;1;42.9;15.2;4.45;83.0;61.3;0.1;1
1634;972327967;Comercio;5.4;4.0;56;4.1;6;70.6;9.9;4.11;53.7;58.8;0.2;0
1635;956816035;Comercio;7.0;5.9;49;13.7;6;84.8;17.0;2.33;17.1;31.8;2.8;0
1636;872837197;Comercio;13.7;3.1;33;6.7;7;82.1;10.6;3.94;37.4;40.7;0.9;0
1637;862151873;Servicios;9.8;6.5;26;-0.8;7;81.8;16.9;3.85;56.4;70.1;22.4;0
1638;949840955;Servicios;7.0;6.3;8;8.4;3;36.2;22.7;3.02;54.1;65.1;15.3;1
1639;927080183;Construcción;6.8;2.8;5;-11.7;8;100.0;31.6;2.44;71.9;62.0;5.5;0
1640;815360845;Comercio;4.6;4.3;26;-0.6;4;46.1;30.5;5.15;97.6;94.5;0.4;0
1641;937998417;Comercio;23.0;14.9;37;12.1;3;54.4;17.2;4.19;67.4;48.8;2.2;0
1642;895930371;Servicios;12.4;9.9;137;3.2;7;56.8;20.7;4.22;66.4;58.2;12.7;0
1643;881795316;Servicios;12.2;10.8;24;13.8;7;69.3;11.6;2.5;59.3;42.0;9.9;0
1644;891897802;Servicios;17.5;14.1;24;18.5;1;37.9;45.1;5.5;56.7;58.7;3.0;1
1645;830314476;Servicios;7.6;1.9;22;14.5;4;74.9;17.6;2.59;80.6;52.2;5.6;0
1646;982924335;Servicios;10.9;4.5;26;-20.7;5;72.4;21.0;4.72;72.1;68.1;27.4;1
1647;867955371;Construcción;18.5;9.1;93;-6.4;8;81.1;7.1;5.3;40.4;39.1;14.2;0
1648;984913838;Servicios;7.2;4.9;48;-7.4;3;75.7;15.6;2.35;37.0;58.3;24.0;1
1649;924765056;Servicios;18.4;7.1;16;-2.5;2;31.0;11.5;1.6;40.8;60.7;9.9;0
1650;823856516;Servicios;4.9;1.7;36;-4.8;5;70.2;20.5;5.13;49.4;57.0;1.9;0
1651;917628471;Servicios;7.6;3.7;12;12.3;6;75.5;21.0;3.36;83.6;73.6;9.3;0
1652;833208190;Servicios;28.3;14.2;14;19.9;6;66.4;18.1;5.38;48.0;46.5;15.9;0
1653;821372931;Tecnología;19.8;16.1;17;14.8;4;63.4;10.5;2.93;29.0;37.8;15.1;0
1654;923009091;Comercio;2.6;1.6;29;3.3;3;47.4;18.9;4.19;54.2;57.2;0.1;0
1655;922610677;Manufactura;5.6;2.5;54;-2.6;5;67.9;46.6;2.17;74.4;73.5;9.0;1
1656;869506444;Comercio;7.1;2.6;33;-0.8;7;100.0;10.8;8.49;71.9;79.5;7.5;0
1657;819604657;Servicios;9.0;4.3;47;5.1;3;55.8;7.5;3.69;44.4;55.3;25.6;1
1658;908647771;Servicios;15.3;7.2;39;10.7;6;69.8;21.6;2.73;63.9;61.4;8.8;0
1659;997598920;Tecnología;4.6;1.0;76;15.7;4;67.6;15.9;4.66;91.5;81.2;26.9;0
1660;893226430;Servicios;4.1;1.8;174;3.1;1;22.1;18.9;3.6;60.3;68.0;18.3;0
1661;875906911;Servicios;25.0;19.2;13;28.7;8;69.5;8.9;4.49;48.3;42.9;4.8;0
1662;893987367;Manufactura;14.2;6.3;21;10.7;2;44.7;17.6;3.21;86.6;70.9;3.0;0
1663;856065000;Manufactura;4.1;1.2;8;6.6;5;75.7;11.5;3.53;50.5;62.8;6.6;0
1664;917787817;Manufactura;10.4;9.6;6;16.7;2;59.2;23.4;3.36;63.3;61.3;6.2;1
1665;941441491;Manufactura;9.3;6.5;34;9.9;6;67.7;9.5;2.12;83.1;76.4;0.1;0
1666;903161833;Manufactura;7.4;6.6;29;-4.0;6;68.2;21.1;3.55;63.3;68.9;8.3;0
1667;992952244;Servicios;19.7;8.4;141;1.1;4;60.5;25.3;3.04;34.5;38.2;1.1;1
1668;803039467;Manufactura;6.1;3.9;48;6.2;3;55.1;33.6;3.48;43.0;48.3;34.6;1
1669;924039285;Servicios;8.7;7.3;149;7.1;8;69.8;16.4;1.74;87.2;78.0;15.7;0
1670;917098895;Manufactura;6.6;2.6;35;7.8;8;71.9;6.0;2.3;77.3;60.6;2.7;1
1671;840759990;Tecnología;2.0;1.9;13;17.9;2;64.7;14.9;3.26;25.3;35.6;2.5;1
1672;915260754;Manufactura;9.4;9.2;27;9.7;4;63.1;13.7;2.82;62.4;78.6;3.5;0
1673;986833532;Servicios;9.7;7.1;43;19.7;4;79.5;8.7;4.56;61.0;51.8;8.5;0
1674;895027290;Comercio;19.6;15.5;21;8.7;5;50.7;45.8;3.19;71.5;71.3;9.0;1
1675;975102226;Servicios;5.8;2.6;298;9.6;2;59.9;40.0;2.83;67.7;68.9;9.1;0
1676;897705638;Manufactura;6.6;2.2;22;-1.8;3;60.9;12.9;3.65;72.4;73.7;10.5;0
1677;975466340;Transporte;4.8;2.1;18;4.1;4;57.6;13.8;2.82;46.1;47.2;9.6;0
1678;810971692;Construcción;5.9;2.8;25;-2.0;5;79.6;21.6;5.47;74.1;58.7;4.0;1
1679;829697355;Transporte;14.5;4.4;19;-2.1;4;53.4;32.4;3.08;80.9;61.1;2.8;1
1680;996989368;Servicios;6.0;3.3;5;8.3;4;48.8;6.8;3.42;70.5;68.0;6.6;0
1681;835072847;Transporte;16.3;13.9;39;5.4;7;84.8;3.5;3.81;49.3;46.1;3.4;0
1682;912709686;Comercio;12.4;3.4;98;23.9;7;74.8;25.6;2.11;66.2;47.8;13.2;0
1683;947061132;Servicios;5.2;4.6;8;2.7;0;43.2;13.2;3.87;51.2;38.0;3.8;1
1684;872335055;Comercio;14.3;11.9;10;17.4;6;67.1;21.1;2.16;41.8;47.9;14.0;0
1685;911172290;Servicios;8.1;3.8;37;-7.5;5;73.3;36.0;3.13;83.4;64.6;49.4;1
1686;875827115;Comercio;5.8;2.7;19;-8.0;3;61.4;24.3;6.12;81.9;63.9;5.9;0
1687;901602012;Construcción;3.5;3.0;59;8.9;6;81.3;17.4;2.98;75.4;65.4;2.5;0
1688;908768194;Servicios;11.7;10.0;28;1.3;3;70.2;24.3;2.84;63.8;70.2;11.0;1
1689;911664623;Servicios;4.9;2.0;17;-3.5;8;74.8;13.3;2.38;81.5;72.4;3.8;0
1690;802966793;Manufactura;7.3;7.0;24;11.0;5;58.4;7.6;1.15;61.7;64.8;5.2;0
1691;974894841;Construcción;12.7;8.7;5;19.7;3;58.1;11.3;4.85;79.0;76.0;4.9;0
1692;986149682;Servicios;11.4;7.8;15;13.8;8;81.9;24.7;4.41;70.5;71.5;44.9;0
1693;816421335;Comercio;21.3;20.8;78;8.1;5;62.7;23.8;2.43;75.5;53.4;16.9;0
1694;914946679;Comercio;11.5;9.6;103;17.2;5;69.8;10.4;4.86;71.7;58.4;12.1;0
1695;877230360;Servicios;7.3;6.0;29;9.6;3;57.2;31.6;4.09;88.6;91.0;4.0;1
1696;985731623;Transporte;17.3;11.9;180;4.3;6;71.6;11.4;2.13;53.6;64.4;2.1;0
1697;901781694;Servicios;15.3;10.7;53;-5.3;4;63.4;11.0;2.65;73.1;62.1;10.4;0
1698;820476853;Servicios;2.8;0.8;143;12.0;7;72.1;7.5;2.88;11.2;26.8;12.8;0
1699;894174740;Construcción;10.2;7.1;16;-4.7;4;57.9;18.0;4.24;18.9;7.9;25.6;1
1700;858468210;Servicios;3.1;0.8;21;-17.7;7;74.0;18.1;1.75;73.0;63.5;12.8;1
1701;967350791;Tecnología;4.6;1.2;170;23.5;1;35.2;18.5;3.83;29.6;30.6;10.7;0
1702;829569124;Comercio;18.3;17.1;19;-14.9;7;56.9;31.9;1.6;21.1;38.1;9.5;1
1703;822361823;Comercio;2.0;0.5;17;-5.5;8;78.5;11.9;2.32;49.3;53.5;6.0;0
1704;818467387;Servicios;22.0;13.0;12;14.4;3;59.5;15.9;3.15;74.1;70.4;30.8;0
1705;804722553;Servicios;2.4;0.9;13;-0.1;5;88.3;35.0;4.0;64.5;82.9;5.2;0
1706;843164845;Comercio;5.8;5.8;15;29.7;1;77.1;31.6;1.89;33.0;39.0;1.2;1
1707;852067098;Servicios;22.1;14.5;35;30.5;8;72.2;16.9;1.62;76.4;74.7;22.3;0
1708;989723154;Servicios;6.7;2.2;7;-6.3;7;78.2;11.7;2.88;89.3;84.0;12.5;0
1709;849319106;Servicios;8.1;5.2;11;3.9;6;96.6;14.7;6.8;81.8;58.6;6.3;0
1710;890125093;Servicios;21.8;10.0;28;6.3;5;58.2;31.2;3.53;82.6;77.4;24.6;0
1711;996903967;Comercio;21.6;16.4;6;20.9;5;72.7;5.8;3.98;38.2;60.8;14.0;0
1712;934686050;Servicios;13.9;6.7;23;5.7;5;92.4;10.0;7.83;66.0;76.8;31.4;0
1713;950039408;Servicios;8.0;4.4;8;-3.6;2;53.0;27.4;2.32;52.1;51.0;10.4;1
1714;993113113;Servicios;7.8;3.7;57;3.8;4;49.4;33.0;3.27;24.9;53.7;0.7;1
1715;850637580;Servicios;29.1;12.3;67;24.0;5;63.8;13.2;5.29;56.8;76.9;12.3;0
1716;876671595;Comercio;28.2;22.0;44;5.4;9;99.5;15.9;2.22;66.6;52.0;8.7;0
1717;883917756;Manufactura;3.4;0.8;14;-0.8;4;72.7;10.8;3.55;61.2;58.9;12.1;0
1718;866646710;Servicios;9.9;4.6;63;-0.2;5;69.8;20.8;2.75;86.3;67.4;3.2;0
1719;845563277;Comercio;33.8;13.3;5;10.8;3;49.4;10.2;6.07;35.7;36.0;4.2;0
1720;908983121;Construcción;6.8;5.2;24;-5.3;4;51.5;8.3;2.32;59.0;68.4;12.6;1
1721;814289267;Manufactura;11.1;4.6;27;23.5;3;66.2;20.5;1.73;48.4;55.1;7.3;0
1722;956245411;Servicios;16.7;11.2;189;7.5;6;83.8;15.9;2.76;53.6;46.4;1.9;0
1723;922703564;Comercio;5.4;2.1;88;3.6;6;89.2;18.9;2.76;45.2;68.2;6.7;0
1724;881351316;Servicios;18.7;12.6;18;26.6;2;58.3;11.7;4.95;48.6;65.1;2.4;0
1725;889161354;Servicios;10.2;5.6;30;13.2;3;66.7;28.4;5.35;84.8;71.4;2.7;0
1726;818196273;Comercio;4.7;1.0;18;-8.0;4;61.6;15.2;3.28;22.7;38.7;6.8;1
1727;822169982;Tecnología;4.4;1.2;17;-4.8;6;69.7;30.7;2.54;21.0;55.3;8.9;1
1728;866263218;Comercio;19.7;5.3;29;14.8;4;58.4;7.2;4.88;52.2;55.5;12.1;0
1729;808909253;Comercio;12.0;11.9;43;12.9;5;68.9;28.1;4.96;89.4;86.0;13.8;0
1730;903451004;Servicios;50.0;48.6;72;2.5;5;52.4;38.3;3.28;13.9;46.3;10.5;0
1731;935188549;Tecnología;7.4;3.7;19;-9.3;2;47.5;41.6;6.34;44.1;71.5;7.3;1
1732;864717734;Servicios;50.0;18.4;73;5.3;1;57.6;34.3;5.03;70.6;55.2;2.9;0
1733;840778500;Servicios;15.9;5.7;5;-2.8;7;84.9;3.5;3.99;88.6;62.1;2.8;0
1734;979191554;Tecnología;17.0;11.7;257;-2.7;7;70.1;27.9;5.15;60.4;67.8;11.2;0
1735;839487662;Tecnología;20.2;15.2;25;12.3;4;56.9;22.4;2.72;72.5;53.4;2.2;0
1736;871613911;Manufactura;15.9;5.9;10;-14.2;4;74.8;15.7;2.71;84.2;59.2;15.7;0
1737;880574086;Comercio;30.3;17.0;85;-6.5;3;44.8;11.4;3.17;66.3;61.5;0.6;0
1738;983130708;Manufactura;17.0;6.5;61;22.3;4;49.8;11.7;5.7;40.5;46.2;8.7;0
1739;929882137;Comercio;17.1;9.8;13;1.9;7;67.3;18.8;1.58;89.7;51.9;0.2;0
1740;954074099;Comercio;11.3;10.8;201;8.2;6;61.6;25.2;3.22;6.6;30.3;1.9;0
1741;902377049;Transporte;8.6;3.1;69;-0.9;5;53.1;36.0;2.77;52.8;66.7;0.5;1
1742;862493145;Construcción;33.4;19.7;9;-1.1;4;83.7;33.3;2.9;60.1;62.7;50.0;0
1743;886841434;Comercio;19.9;4.7;22;-0.8;0;32.8;7.7;1.5;37.5;48.3;0.8;0
1744;899182695;Comercio;12.8;3.4;26;14.0;5;73.8;14.4;3.62;77.4;71.2;3.3;0
1745;929266422;Manufactura;9.4;5.5;20;-2.7;5;75.2;21.1;6.81;79.7;75.1;3.0;1
1746;838861304;Comercio;19.1;5.3;13;17.2;4;55.1;8.9;2.45;73.6;83.7;4.8;0
1747;823624038;Manufactura;4.4;1.3;22;11.8;5;68.1;12.9;2.23;60.7;58.4;25.9;0
1748;933578758;Comercio;11.2;8.6;58;-8.4;5;73.3;8.9;4.72;48.0;59.3;12.0;0
1749;988290256;Transporte;19.1;15.1;48;12.5;4;64.3;26.0;1.53;70.6;66.3;7.9;0
1750;996636018;Servicios;11.9;6.8;10;1.1;0;44.5;13.9;2.87;48.4;67.0;1.1;1
1751;853496708;Servicios;16.3;10.7;25;-13.2;9;100.0;25.3;4.26;41.3;47.9;18.0;1
1752;862037549;Servicios;9.8;8.6;17;19.6;1;46.2;4.8;3.38;35.1;59.0;6.0;0
1753;879226168;Construcción;8.5;8.4;83;7.7;2;61.8;5.8;2.36;68.6;73.4;9.0;0
1754;917083898;Servicios;28.9;8.7;5;11.7;4;79.3;15.9;3.8;55.1;58.8;19.2;0
1755;850872336;Tecnología;8.7;7.4;9;-2.0;5;74.4;14.7;3.24;72.3;64.2;6.4;0
1756;861385196;Servicios;6.0;2.6;9;-9.6;6;75.0;20.2;2.53;46.3;55.5;4.8;0
1757;861086315;Comercio;8.3;4.3;16;12.1;6;79.7;23.6;4.43;63.4;65.1;7.2;0
1758;853327797;Transporte;10.3;6.7;47;-5.3;5;66.4;21.6;2.39;70.2;55.1;20.1;0
1759;883129259;Servicios;12.7;4.7;36;12.3;4;75.9;13.9;6.8;58.0;78.3;8.7;0
1760;937614934;Comercio;24.5;9.8;5;16.9;7;80.7;9.9;3.9;46.8;52.6;4.7;0
1761;977063988;Servicios;11.4;10.9;128;-6.2;0;60.8;13.3;3.52;67.1;73.7;3.9;1
1762;863956370;Comercio;10.7;3.9;35;11.1;4;52.1;21.7;2.18;72.3;34.9;8.5;1
1763;880389178;Manufactura;4.0;2.8;83;16.4;1;65.6;17.4;4.79;35.5;56.6;35.1;1
1764;862731740;Comercio;3.0;2.7;28;2.7;5;64.5;21.7;2.1;18.1;24.5;22.3;0
1765;930925703;Comercio;9.2;7.0;41;-0.9;7;87.4;5.2;3.27;81.6;64.0;3.4;0
1766;841147072;Servicios;4.2;2.4;33;-5.8;3;69.5;30.7;4.36;63.9;58.6;5.8;0
1767;896027520;Construcción;6.3;6.1;7;18.9;9;94.9;5.7;4.01;93.8;73.9;2.1;0
1768;881377647;Comercio;23.9;9.7;24;-1.8;5;59.2;9.8;2.93;80.5;86.1;17.5;0
1769;800054542;Servicios;3.4;3.2;5;9.3;6;69.9;13.2;2.2;44.2;44.5;17.8;1
1770;932871549;Servicios;13.9;8.0;46;8.7;6;52.6;5.5;2.63;26.1;41.6;1.3;0
1771;864643174;Comercio;18.3;8.8;69;-4.2;6;71.8;14.3;3.85;31.8;29.8;15.4;0
1772;945819655;Manufactura;16.2;6.6;45;20.3;6;91.3;27.1;2.76;54.5;55.6;0.3;0
1773;881738800;Comercio;11.8;2.6;22;-7.5;2;52.7;8.8;3.1;50.1;80.6;3.3;1
1774;961263156;Comercio;10.3;8.6;89;-15.2;4;46.2;3.7;2.36;26.2;30.8;9.2;1
1775;967831018;Construcción;13.2;11.9;16;13.3;2;38.9;19.5;2.17;64.6;65.6;9.9;1
1776;921880347;Tecnología;7.0;6.3;42;19.1;6;77.9;10.5;4.46;67.1;45.3;2.1;0
1777;861324357;Comercio;15.7;3.5;51;6.1;9;86.6;22.8;3.0;87.3;75.0;2.4;0
1778;833321799;Comercio;19.1;4.8;23;-2.4;6;71.3;16.1;2.4;98.9;92.6;2.8;0
1779;942328376;Servicios;4.0;2.0;16;-9.0;7;68.9;6.4;2.61;78.0;68.2;2.1;0
1780;839657945;Comercio;3.1;1.3;284;10.9;3;50.9;17.3;3.87;80.3;59.0;9.2;0
1781;804189431;Comercio;6.1;5.2;75;11.7;7;70.9;17.2;3.34;66.4;71.0;4.0;0
1782;994768481;Comercio;14.1;11.0;12;-16.0;10;96.7;21.1;3.3;64.7;62.3;12.8;0
1783;838475248;Manufactura;11.8;3.6;25;11.5;4;49.7;8.7;2.82;83.0;58.2;13.6;0
1784;993101065;Comercio;3.4;2.6;28;12.9;6;72.8;22.5;3.31;61.5;65.3;10.9;0
1785;915130808;Servicios;35.7;19.7;10;2.1;7;86.2;30.8;5.54;53.0;61.3;3.0;0
1786;883593185;Comercio;2.3;2.3;22;1.8;3;64.8;10.6;4.77;71.4;65.5;1.2;0
1787;968632227;Construcción;7.5;1.9;15;25.4;3;62.7;20.7;2.54;93.1;85.9;13.3;0
1788;993843572;Comercio;1.6;1.4;41;14.5;4;64.9;14.7;4.47;93.3;70.7;35.6;0
1789;936501301;Servicios;10.5;9.6;104;1.3;1;56.9;18.3;5.5;54.4;56.8;3.9;1
1790;800338904;Servicios;12.5;6.7;10;1.2;7;93.7;1.3;3.19;49.9;55.3;2.9;0
1791;968934885;Construcción;8.0;7.8;21;2.1;6;78.6;24.5;3.28;32.1;32.5;9.5;0
1792;860947933;Comercio;5.2;1.7;34;3.3;7;84.7;9.6;4.43;59.6;53.9;1.3;0
1793;895251503;Servicios;19.4;4.7;68;5.0;9;89.0;17.0;2.75;48.7;60.2;17.8;0
1794;997921654;Servicios;39.2;13.5;17;4.2;2;60.8;14.7;3.38;25.0;44.6;1.7;0
1795;936848406;Transporte;4.2;1.0;23;8.4;3;40.6;11.0;5.59;69.5;68.9;2.1;0
1796;877478729;Servicios;3.2;1.8;30;9.0;8;76.6;18.0;2.89;54.1;54.9;6.7;0
1797;938683986;Construcción;38.3;34.0;44;12.5;5;66.6;27.7;4.74;85.4;70.8;8.4;0
1798;997914213;Comercio;5.6;1.2;16;24.7;8;61.4;28.3;2.88;63.1;67.5;5.7;0
1799;997526151;Construcción;5.5;1.5;38;-9.1;2;63.1;38.8;5.5;81.5;89.2;21.7;1
1800;934798546;Comercio;4.1;2.0;81;-7.6;2;78.5;12.4;3.45;61.9;67.3;4.4;1
1801;880502491;Comercio;4.9;4.6;155;-9.4;1;53.3;8.1;2.73;48.1;48.1;9.2;1
1802;859996080;Servicios;8.6;2.7;5;16.5;6;78.8;27.9;3.17;92.5;71.1;3.2;0
1803;808222719;Comercio;7.9;6.1;31;11.4;5;55.5;20.1;3.19;55.4;45.8;7.7;0
1804;827957777;Transporte;3.1;1.2;69;23.9;4;57.9;9.6;6.43;43.7;54.4;6.3;0
1805;969609577;Comercio;19.7;17.0;33;3.1;5;61.6;26.7;3.71;92.4;87.1;1.1;0
1806;994953669;Servicios;15.1;3.1;27;-4.4;1;55.5;11.9;4.36;25.8;41.5;3.4;1
1807;910840227;Manufactura;9.6;9.0;9;-20.7;9;88.7;33.9;3.05;74.8;53.7;29.7;0
1808;917138310;Manufactura;3.0;1.7;48;15.1;5;74.6;27.5;3.75;47.1;37.2;7.0;0
1809;850010328;Comercio;26.6;16.7;29;-9.5;3;68.1;13.7;5.82;56.3;44.3;5.8;0
1810;928984756;Servicios;9.7;2.5;125;-5.3;5;68.5;1.5;2.52;77.1;81.3;2.8;0
1811;969214554;Tecnología;21.8;10.1;57;12.1;5;69.2;10.5;3.34;70.5;85.5;50.0;0
1812;963124779;Manufactura;9.1;7.2;12;6.6;1;58.9;18.9;2.88;25.3;31.9;14.8;1
1813;850418771;Manufactura;6.7;2.7;56;26.0;6;77.7;16.4;2.34;55.5;81.0;10.2;0
1814;934766674;Manufactura;1.8;0.7;29;20.6;6;53.2;11.0;3.12;64.3;59.7;4.6;0
1815;872667709;Transporte;3.4;2.1;46;29.9;5;60.2;8.9;4.57;66.3;52.1;12.4;0
1816;960603608;Transporte;11.4;6.3;42;-6.8;5;64.7;8.6;3.48;93.5;94.0;17.4;0
1817;852040375;Servicios;6.1;5.8;5;24.7;5;48.8;2.6;3.14;10.5;37.8;50.0;0
1818;879514584;Comercio;2.9;1.0;19;-15.9;6;70.3;2.0;3.82;77.6;73.7;6.1;1
1819;911946521;Comercio;22.1;12.0;9;6.1;4;66.3;6.4;6.86;86.0;72.6;9.2;0
1820;809853053;Tecnología;8.0;7.4;37;-4.1;6;75.4;37.3;3.64;96.4;88.1;8.5;0
1821;949905087;Tecnología;11.4;5.1;8;4.2;7;70.2;10.2;3.23;69.0;68.6;4.5;0
1822;900908391;Comercio;5.7;4.1;9;13.2;5;81.9;23.1;2.89;45.5;46.5;2.7;0
1823;837661836;Manufactura;14.0;6.1;73;-0.0;5;67.3;13.2;4.71;53.9;57.9;1.2;0
1824;900957792;Servicios;18.0;15.8;19;-1.0;4;69.0;8.6;3.31;70.4;35.5;5.3;0
1825;808077134;Manufactura;11.7;10.8;19;-9.8;5;69.0;30.1;3.64;42.8;60.1;9.0;0
1826;849475092;Comercio;6.3;1.3;19;-5.9;3;53.3;30.2;2.01;75.0;70.0;7.3;1
1827;984670195;Servicios;12.8;6.3;12;7.8;6;52.3;13.3;4.11;66.1;60.8;15.4;1
1828;816950947;Tecnología;5.3;2.1;38;9.8;2;42.7;17.4;2.42;22.7;27.2;10.6;0
1829;980840931;Tecnología;18.2;3.9;30;0.3;4;71.7;31.3;2.08;63.9;55.4;7.5;0
1830;920673759;Servicios;16.3;9.2;53;5.2;4;59.5;23.5;3.59;72.8;58.5;16.8;0
1831;852463723;Servicios;18.9;6.0;20;-0.9;6;64.6;18.3;1.79;79.7;77.3;4.6;0
1832;994049987;Construcción;9.2;2.2;23;12.8;5;67.5;12.4;4.22;27.0;27.8;16.6;0
1833;837916838;Construcción;23.9;17.6;13;-4.6;8;78.5;13.4;2.59;39.1;61.5;0.9;0
1834;951575603;Construcción;10.5;4.9;13;-11.2;3;41.9;15.1;2.76;54.8;47.8;1.1;1
1835;931854194;Comercio;14.3;10.5;19;14.8;4;44.6;18.0;3.2;77.1;71.1;4.6;1
1836;962827959;Comercio;15.4;11.8;36;7.7;8;74.2;26.4;3.19;79.8;76.7;6.5;0
1837;817215353;Servicios;10.6;2.2;15;-2.3;5;64.0;6.8;1.85;27.7;35.2;5.9;0
1838;890164109;Comercio;27.9;27.2;77;-1.9;8;88.7;21.6;4.35;75.9;73.4;10.7;0
1839;826325972;Servicios;23.3;7.6;5;-10.5;7;89.9;15.0;2.61;68.6;53.1;2.7;0
1840;802898790;Comercio;7.4;6.6;6;20.2;1;51.8;18.0;3.12;75.9;73.5;0.1;0
1841;801837480;Comercio;9.5;7.8;15;3.1;7;71.1;23.8;1.76;40.0;56.1;6.2;0
1842;997179899;Servicios;1.7;1.7;38;-5.3;6;73.0;4.7;5.84;59.8;66.3;3.2;0
1843;880434658;Comercio;4.3;2.6;18;-2.4;5;58.8;11.7;3.62;49.8;71.0;6.6;1
1844;843738594;Comercio;11.7;3.8;79;-6.2;2;42.3;10.9;4.44;42.7;62.6;4.9;1
1845;836876360;Servicios;6.7;4.4;24;-5.6;8;74.0;21.5;3.48;89.1;97.7;0.4;0
1846;832532901;Manufactura;4.3;3.6;23;-7.1;5;69.7;14.5;3.96;84.7;80.0;8.7;0
1847;804844311;Servicios;22.6;7.6;25;19.1;5;56.6;12.3;4.37;71.1;68.2;10.4;0
1848;944568699;Manufactura;12.0;8.7;22;-1.9;4;70.2;21.0;3.15;35.7;53.5;28.2;0
1849;813805435;Transporte;18.2;11.0;35;-2.9;5;73.9;23.6;4.88;67.4;71.6;5.7;1
1850;929565347;Servicios;11.3;3.3;38;11.5;5;66.9;16.3;3.53;68.1;70.4;0.7;0
1851;851338589;Construcción;12.0;11.7;6;27.9;1;42.5;12.5;3.24;71.5;62.6;5.4;0
1852;885770480;Comercio;12.0;7.1;25;8.8;3;74.7;40.5;1.97;54.7;67.7;16.7;1
1853;998486908;Servicios;30.4;9.8;28;6.5;7;80.5;16.8;3.1;79.5;53.6;18.6;0
1854;865515866;Servicios;16.5;13.4;17;1.6;3;45.9;25.9;2.7;69.1;74.8;32.3;1
1855;845808364;Servicios;8.4;3.4;5;4.7;4;65.8;19.6;3.8;57.5;46.2;10.7;0
1856;960378613;Transporte;11.6;4.8;58;5.8;4;70.4;14.8;2.95;63.8;55.8;3.6;0
1857;830697399;Manufactura;23.6;9.5;28;9.6;2;46.7;22.0;4.69;63.6;85.1;6.9;1
1858;898573543;Construcción;4.3;4.2;19;-8.9;3;59.7;11.7;2.84;73.5;75.2;3.3;1
1859;837260909;Servicios;9.6;7.1;57;14.8;5;73.5;14.8;3.6;67.5;66.9;35.4;0
1860;908722807;Comercio;3.3;1.3;34;5.4;4;50.9;41.4;1.79;58.8;60.0;0.6;1
1861;977107663;Comercio;15.4;10.4;5;-0.5;3;60.9;28.3;3.47;72.0;67.0;1.1;1
1862;874225098;Manufactura;4.6;3.0;32;0.9;4;71.4;27.5;3.16;71.9;63.7;23.9;1
1863;926123547;Construcción;6.3;5.6;8;7.8;5;62.4;4.3;2.18;59.3;62.7;19.8;0
1864;857542364;Servicios;2.8;1.0;46;14.6;5;65.9;10.0;4.18;50.0;35.7;13.0;0
1865;941266382;Comercio;15.9;12.5;8;2.9;3;63.9;16.6;2.41;15.7;29.7;50.0;1
1866;818158020;Servicios;24.2;14.7;32;-11.1;4;72.0;7.3;6.12;37.3;54.0;4.6;1
1867;994973169;Manufactura;13.4;7.2;23;35.3;5;60.0;22.6;1.73;60.7;67.7;11.3;0
1868;847538316;Transporte;15.6;5.3;6;0.1;8;78.9;4.1;4.9;93.8;83.6;2.1;0
1869;900884687;Servicios;18.2;13.7;7;4.5;4;65.0;16.7;7.22;22.2;37.9;2.2;0
1870;937126476;Transporte;7.0;4.7;15;-7.6;2;67.8;26.4;3.63;83.4;88.6;4.0;1
1871;954780453;Servicios;17.6;7.0;13;7.3;8;78.6;14.3;3.3;57.8;58.2;3.7;0
1872;871838668;Servicios;13.6;10.5;25;8.6;7;70.6;13.5;1.91;57.5;64.9;0.5;0
1873;827923030;Manufactura;18.1;5.1;9;19.9;4;58.3;16.8;1.92;58.7;46.7;14.2;0
1874;941978225;Servicios;3.4;2.3;29;7.9;4;67.4;4.7;1.87;42.4;56.5;12.9;1
1875;880458170;Transporte;13.0;10.4;42;19.9;2;54.7;29.3;5.35;62.3;55.4;7.5;1
1876;979695021;Servicios;6.4;5.6;21;-8.9;3;48.7;18.7;7.67;46.1;32.1;1.4;0
1877;904404790;Servicios;8.3;1.7;126;2.3;4;78.9;13.3;2.1;97.8;84.9;1.9;0
1878;991247394;Comercio;5.1;3.5;27;15.3;4;71.5;26.0;3.92;66.2;57.8;24.8;0
1879;885560576;Comercio;6.9;5.1;42;8.4;7;90.9;17.4;3.29;82.0;59.5;22.9;0
1880;815199985;Manufactura;6.1;5.2;21;-3.9;2;64.4;20.5;4.79;67.5;41.6;6.9;1
1881;894507202;Servicios;14.7;13.7;13;5.7;4;53.0;18.8;2.68;72.3;57.7;2.4;0
1882;995671303;Servicios;9.5;9.4;36;-14.1;7;76.2;5.9;3.01;56.4;66.9;5.1;0
1883;988763708;Transporte;13.2;10.8;6;0.6;5;67.9;6.5;2.87;67.8;64.1;9.1;0
1884;812661900;Comercio;1.8;1.5;37;12.4;2;34.2;16.8;2.63;17.2;39.0;10.9;0
1885;883181496;Comercio;8.1;1.8;8;12.6;6;60.2;15.0;2.24;90.9;88.4;3.2;0
1886;826207287;Servicios;18.5;5.0;34;21.5;4;51.6;45.6;3.3;92.1;64.3;6.2;0
1887;958025211;Construcción;20.8;10.8;9;23.8;4;68.4;20.6;3.41;95.8;82.9;1.5;0
1888;962571252;Comercio;4.0;1.0;55;4.7;7;75.7;38.1;4.56;19.0;36.0;18.3;0
1889;835276291;Transporte;2.1;1.7;30;4.3;6;77.8;12.3;4.54;76.0;58.2;19.2;0
1890;972138665;Comercio;6.8;4.3;14;27.6;5;76.4;11.6;3.36;66.6;69.6;5.8;0
1891;974907732;Tecnología;6.4;2.8;26;24.3;4;52.0;6.9;5.24;84.5;69.5;8.5;0
1892;907223304;Comercio;16.7;8.5;39;24.1;1;61.9;19.3;2.4;34.7;40.4;12.5;0
1893;927635152;Comercio;12.6;11.5;12;15.2;1;54.3;17.6;4.09;80.9;77.7;28.6;1
1894;979072703;Comercio;50.0;49.6;27;9.3;7;80.4;21.8;3.87;8.1;20.1;10.2;0
1895;826331386;Servicios;17.3;10.9;44;11.5;6;63.9;12.0;4.34;73.6;69.8;4.1;0
1896;867904448;Comercio;10.0;7.3;101;-4.8;4;68.2;35.3;2.92;74.3;69.3;2.3;1
1897;907784203;Transporte;5.4;3.8;14;12.2;7;69.4;13.6;4.95;57.1;52.0;17.2;0
1898;891925042;Construcción;16.0;8.5;9;24.1;5;70.7;9.5;2.59;73.2;74.6;28.2;0
1899;841741892;Manufactura;3.0;1.6;55;26.9;3;63.3;1.8;6.32;67.6;74.7;5.3;0
1900;893412188;Servicios;10.8;7.7;26;6.0;6;84.2;15.9;3.32;89.3;95.6;5.8;0
1901;903814253;Servicios;8.8;8.7;33;9.9;3;73.0;26.2;4.45;54.7;47.7;3.5;0
1902;821792773;Comercio;23.7;22.6;33;1.7;4;53.4;21.8;2.44;56.8;49.7;2.0;0
1903;910506497;Servicios;8.1;6.2;13;13.2;8;93.0;24.2;1.75;52.6;68.1;17.1;0
1904;988286949;Servicios;20.2;5.5;33;-2.6;9;92.7;13.9;2.95;60.0;52.7;3.6;0
1905;917585359;Servicios;13.6;10.1;16;-3.3;4;47.1;26.0;3.9;18.5;40.1;11.1;1
1906;966381340;Servicios;10.8;5.0;136;5.0;5;88.8;23.1;1.92;85.2;96.7;9.3;0
1907;959782407;Manufactura;29.7;13.0;72;-8.0;8;68.4;30.9;3.25;71.4;65.2;2.1;0
1908;838358092;Servicios;5.5;3.0;17;33.2;1;61.2;21.5;3.27;49.0;58.5;17.0;1
1909;809206650;Servicios;5.6;2.5;21;18.4;4;60.8;35.0;3.92;94.7;76.0;5.5;0
1910;877707184;Manufactura;11.4;8.6;73;-12.6;6;77.5;8.0;3.92;89.9;61.3;3.7;0
1911;941645265;Servicios;13.1;5.3;32;-17.1;4;74.9;14.6;2.34;41.1;54.5;6.9;1
1912;821597150;Comercio;10.8;7.9;53;-4.4;7;86.4;10.6;2.41;43.1;51.9;7.8;0
1913;923389407;Comercio;10.3;4.1;25;-5.2;9;100.0;18.7;4.38;45.2;52.1;10.0;0
1914;888388112;Servicios;13.6;9.5;10;4.5;4;60.8;22.3;3.43;74.1;62.1;7.4;0
1915;941390920;Transporte;4.8;1.4;43;9.8;3;48.5;17.9;2.98;64.9;62.9;20.0;1
1916;895201282;Servicios;3.6;3.5;20;12.0;7;89.5;7.9;2.4;34.5;55.7;27.2;0
1917;997102608;Manufactura;21.2;13.1;5;18.7;4;72.4;19.7;3.7;92.1;79.1;18.9;0
1918;894671072;Servicios;14.9;14.3;25;17.0;2;70.4;20.6;1.89;78.4;58.0;30.5;0
1919;890338266;Comercio;5.4;1.9;33;8.2;1;49.4;7.6;2.57;88.0;85.3;18.2;1
1920;975602653;Transporte;4.9;2.9;6;5.6;9;84.2;20.5;5.41;58.0;78.1;6.2;0
1921;943827190;Servicios;2.5;1.5;106;25.0;6;67.4;48.1;2.67;59.4;62.6;15.5;1
1922;923008636;Servicios;12.6;4.9;35;14.1;0;42.7;5.8;2.55;38.8;44.2;5.9;1
1923;938170490;Servicios;50.0;14.9;61;13.7;6;75.4;15.7;2.51;35.5;61.6;0.9;0
1924;962951479;Servicios;12.8;11.9;48;9.0;4;67.8;28.7;3.42;72.2;48.3;8.4;1
1925;851626802;Servicios;18.4;7.4;6;17.1;4;81.0;28.5;3.73;63.2;54.7;42.5;0
1926;966306569;Comercio;11.2;6.6;70;-12.5;5;56.4;29.1;2.6;79.7;79.4;5.0;1
1927;898200274;Manufactura;11.6;10.9;55;12.5;2;59.4;16.5;4.47;83.0;60.2;6.0;1
1928;993202470;Servicios;12.7;9.8;16;2.6;6;59.4;19.0;2.27;67.7;67.3;5.1;0
1929;809667504;Servicios;16.3;14.3;20;3.5;2;64.5;9.0;1.76;32.0;43.9;23.9;0
1930;847540768;Comercio;3.4;3.2;91;0.7;1;61.3;18.9;3.15;24.7;55.2;0.2;1
1931;902921272;Servicios;6.4;4.2;13;11.5;1;45.2;3.7;4.6;69.1;85.8;7.0;0
1932;840070466;Comercio;5.5;3.0;40;0.9;4;59.1;15.1;2.41;72.0;68.2;0.5;0
1933;945390699;Comercio;2.2;1.2;15;5.5;6;76.9;5.4;3.24;56.3;69.3;4.6;0
1934;868935586;Transporte;3.6;2.3;55;6.3;8;73.4;10.8;2.92;9.1;35.0;7.5;0
1935;950246681;Manufactura;5.6;4.4;18;0.7;3;60.2;34.1;2.97;46.8;64.0;25.4;1
1936;802686525;Construcción;5.5;3.5;27;4.5;4;59.5;11.6;2.54;71.5;77.6;2.3;0
1937;849545555;Servicios;6.2;4.7;17;2.6;5;73.5;15.8;3.56;34.2;47.3;15.1;1
1938;908911137;Transporte;5.1;4.2;110;1.6;6;79.3;9.9;2.94;63.0;67.0;9.0;0
1939;846502898;Transporte;12.8;4.6;18;-3.4;3;63.2;16.2;5.32;59.8;48.2;3.0;0
1940;878964583;Manufactura;13.5;4.8;29;20.3;2;45.3;5.2;4.51;76.1;69.6;1.6;0
1941;993718060;Comercio;6.1;2.9;12;18.6;4;56.5;10.1;2.63;38.4;64.9;21.5;0
1942;889695992;Comercio;15.2;12.1;27;-1.9;6;80.5;29.6;3.16;28.0;39.8;9.3;0
1943;987938922;Servicios;8.1;5.9;20;12.2;4;61.5;15.5;9.17;32.8;41.1;0.0;1
1944;896062239;Comercio;13.4;10.1;10;9.3;4;76.9;8.1;3.72;80.3;76.9;15.2;0
1945;831353278;Servicios;13.1;6.8;5;5.4;5;66.7;8.3;2.43;58.7;59.3;7.7;1
1946;925741124;Servicios;6.5;6.0;15;-1.9;4;59.4;27.5;4.55;35.2;49.2;16.0;1
1947;944985137;Manufactura;4.6;1.8;49;16.7;0;37.9;25.3;4.6;77.7;59.6;6.1;1
1948;819903356;Construcción;29.0;22.6;44;18.4;5;77.7;7.5;3.72;89.5;72.2;0.8;0
1949;835648562;Transporte;5.2;3.1;27;6.2;8;74.1;14.6;3.4;36.1;40.6;1.9;0
1950;854863749;Servicios;16.3;7.6;61;-0.1;7;79.5;5.5;3.4;68.5;65.4;9.6;0
1951;827225165;Transporte;4.2;3.2;10;-10.7;6;77.9;5.5;2.31;46.5;60.2;0.6;0
1952;939752650;Comercio;6.7;1.6;5;4.3;1;43.3;13.3;2.87;22.5;58.6;4.3;1
1953;896308370;Servicios;2.8;0.9;20;-9.4;6;83.4;22.5;2.46;68.0;63.0;4.8;0
1954;925150266;Comercio;3.8;2.3;27;-8.4;4;53.0;22.5;2.87;63.8;59.6;13.5;1
1955;820644786;Comercio;2.6;1.6;10;8.2;4;48.8;1.9;3.42;32.3;41.3;5.0;0
1956;933551380;Construcción;9.7;5.3;11;-1.8;5;70.6;28.2;4.25;55.4;60.0;1.7;1
1957;835803516;Servicios;7.8;1.8;25;18.7;7;77.1;25.3;2.9;66.4;47.1;37.6;0
1958;939689222;Comercio;15.2;7.0;92;14.9;5;85.9;17.5;2.42;91.7;80.1;1.1;0
1959;879897369;Transporte;23.8;18.7;45;2.8;9;90.9;26.0;1.99;50.5;59.6;1.2;0
1960;856695184;Servicios;5.4;2.9;9;4.1;9;73.5;20.4;5.41;55.3;47.8;7.1;1
1961;970322651;Servicios;15.7;11.0;13;-12.6;5;58.5;6.0;3.95;56.9;63.0;0.6;0
1962;889906321;Construcción;10.7;4.3;17;-10.7;5;67.1;15.9;4.46;39.0;33.9;2.3;1
1963;944293150;Servicios;13.1;7.0;9;-8.4;6;76.5;13.6;3.4;35.0;57.3;0.4;0
1964;804050020;Manufactura;3.4;2.2;30;13.8;1;48.6;8.7;3.3;54.0;44.6;3.8;1
1965;872612369;Servicios;10.5;6.9;32;16.2;5;73.1;6.5;2.76;18.9;43.6;1.8;0
1966;957542453;Comercio;21.3;16.1;70;31.8;8;70.1;17.7;3.13;52.8;64.8;2.9;0
1967;904776383;Servicios;3.4;2.5;63;5.9;4;60.8;11.6;4.89;68.0;76.5;10.7;0
1968;825706267;Manufactura;8.7;7.5;6;-21.5;4;65.3;18.1;2.73;41.0;45.0;6.9;1
1969;883894025;Construcción;25.2;15.2;23;15.0;6;85.2;5.5;3.67;41.0;48.8;0.6;0
1970;860871865;Servicios;4.2;1.3;27;-6.9;3;69.4;20.6;4.06;54.0;41.6;2.0;1
1971;982650375;Servicios;15.3;13.8;5;-8.9;0;57.9;36.9;2.68;87.6;72.3;1.0;1
1972;933101442;Servicios;11.4;2.3;78;5.3;7;71.8;11.4;5.2;35.3;66.5;8.3;0
1973;846825352;Servicios;13.5;3.3;26;-1.5;4;75.1;13.9;2.37;95.1;65.3;8.9;0
1974;865052763;Comercio;1.9;0.9;16;-17.9;6;73.9;20.5;5.36;50.2;64.9;11.5;1
1975;972975917;Servicios;3.0;2.4;55;4.7;8;89.5;10.6;3.24;92.2;70.7;17.8;0
1976;804962313;Servicios;5.4;2.0;31;-2.7;7;58.8;33.2;4.05;62.1;57.4;5.6;0
1977;936921014;Comercio;2.2;1.0;9;-6.0;4;60.4;9.2;4.12;75.0;82.7;4.9;0
1978;976683157;Transporte;28.6;18.3;56;14.2;0;53.6;32.5;5.37;71.9;85.6;9.4;1
1979;832060402;Servicios;1.9;0.7;11;18.1;1;57.1;3.0;2.14;52.9;70.2;7.6;1
1980;857024422;Manufactura;4.9;2.8;37;1.6;3;69.2;31.2;3.64;41.6;62.3;6.1;1
1981;925084766;Comercio;6.4;4.2;49;17.5;7;90.5;5.5;4.1;41.6;39.7;3.0;0
1982;894446239;Comercio;11.2;6.3;15;9.4;3;49.6;15.5;3.41;50.6;56.0;24.2;0
1983;881268886;Comercio;4.1;1.6;17;0.3;5;66.0;20.3;1.96;54.8;49.7;1.5;0
1984;879768944;Servicios;13.0;12.8;31;-12.0;5;60.9;33.7;2.14;66.6;67.4;0.9;1
1985;992066236;Tecnología;5.3;1.2;17;-8.3;6;83.1;7.6;3.06;97.1;82.1;0.5;0
1986;988337818;Servicios;16.4;14.4;121;-10.4;3;73.9;27.3;2.77;91.4;75.2;0.6;0
1987;833902442;Transporte;20.6;10.5;37;-20.8;1;64.0;13.5;4.02;65.6;61.4;23.5;1
1988;995759458;Comercio;4.2;4.0;5;15.0;6;63.9;11.3;2.87;64.8;49.4;4.1;0
1989;852572079;Servicios;17.3;11.7;21;7.3;4;51.1;15.5;5.23;79.3;80.8;1.7;1
1990;814875744;Comercio;8.6;5.5;5;24.4;8;78.5;32.6;4.18;56.3;56.7;14.2;0
1991;811298080;Tecnología;12.0;4.0;9;5.1;3;66.8;39.5;3.48;37.6;46.8;2.5;1
1992;972483245;Comercio;1.7;1.1;31;3.7;7;80.7;12.0;5.02;73.0;74.9;4.0;0
1993;964359561;Servicios;1.3;0.6;7;-4.1;1;50.1;4.2;3.52;58.1;40.6;4.2;1
1994;899345507;Servicios;12.5;11.6;13;6.0;3;49.6;43.0;3.39;65.1;82.6;12.4;1
1995;854053780;Tecnología;5.8;1.7;51;-11.5;0;57.4;4.8;1.37;74.5;64.2;8.7;1
1996;971838336;Comercio;16.3;16.1;10;17.4;0;41.1;29.6;3.01;56.1;68.6;5.8;1
1997;863397558;Comercio;13.3;8.3;18;-6.7;5;79.5;27.5;3.11;16.6;30.0;14.7;0
1998;991743105;Comercio;7.8;3.3;34;5.6;4;54.5;30.7;4.35;79.5;97.8;2.8;0
1999;825508278;Comercio;6.8;5.0;30;13.0;3;49.6;15.5;4.57;72.1;69.7;0.7;1
2000;969753776;Transporte;5.9;3.4;206;18.0;6;76.8;5.9;2.91;46.9;64.4;5.3;0
2001;879547740;Servicios;12.5;6.5;115;5.9;7;59.0;10.1;1.94;34.1;52.7;11.0;0
2002;946464895;Construcción;17.0;15.3;25;-8.8;3;52.3;20.6;5.22;57.7;41.6;11.3;1
2003;980416214;Construcción;21.9;11.0;52;15.2;6;74.1;31.2;3.47;85.4;78.6;8.5;0
2004;964074694;Manufactura;13.0;10.0;5;4.8;7;92.6;13.9;2.75;83.8;70.6;12.4;0
2005;882094221;Comercio;2.1;1.3;9;22.8;6;81.4;2.3;2.05;28.5;40.9;16.3;0
2006;895973786;Tecnología;5.4;3.7;21;10.3;3;65.2;10.5;6.76;57.5;74.0;1.3;0
2007;984781908;Comercio;7.4;7.2;14;4.6;5;55.9;26.9;2.99;66.4;65.8;26.3;1
2008;885154183;Servicios;6.1;4.9;20;8.1;5;58.0;17.2;4.77;52.9;58.0;7.3;0
2009;948330624;Transporte;16.0;3.4;28;-3.9;7;76.2;18.2;3.65;75.9;71.0;4.7;1
2010;879744619;Servicios;7.3;4.4;28;-2.4;2;53.0;19.3;3.46;42.4;47.3;6.4;1
2011;932605172;Transporte;26.0;19.7;54;18.7;1;61.9;13.8;3.47;97.1;87.8;2.2;0
2012;824343991;Transporte;11.1;4.4;38;7.6;6;60.4;19.5;3.57;81.8;71.9;4.2;0
2013;976611038;Servicios;3.4;2.4;28;4.6;5;63.3;2.3;5.51;89.7;87.5;19.5;0
2014;850357058;Servicios;10.2;10.0;284;21.8;2;36.1;19.8;2.32;31.7;41.7;13.2;0
2015;866283228;Construcción;9.5;8.8;13;10.6;6;49.3;3.5;2.61;59.1;59.2;8.4;0
2016;967903391;Construcción;4.7;2.6;20;6.8;5;51.3;10.2;3.53;30.6;40.1;14.4;1
2017;920112758;Tecnología;2.1;0.5;10;4.2;2;24.9;15.4;3.13;64.2;52.4;14.1;1
2018;951998857;Servicios;14.1;6.0;32;10.3;9;81.7;25.1;2.33;78.2;82.1;6.5;0
2019;867915738;Transporte;7.5;2.7;9;19.8;8;94.8;21.8;4.55;74.6;79.7;4.8;0
2020;844613817;Servicios;3.0;1.1;25;-11.8;3;44.9;6.3;2.81;70.8;66.0;0.0;1
2021;834650536;Comercio;6.7;5.6;117;4.9;4;56.9;27.4;2.57;81.7;66.3;1.6;1
2022;993266396;Manufactura;30.5;24.0;31;4.9;6;80.4;17.0;2.57;37.2;58.1;2.0;0
2023;852660364;Comercio;8.5;4.7;60;22.5;5;67.5;14.4;3.56;47.4;68.4;46.4;0
2024;937976133;Servicios;4.7;1.9;27;26.1;6;91.1;1.6;4.3;58.6;58.9;4.7;0
2025;862164311;Manufactura;31.7;13.4;14;-6.0;4;83.2;30.5;3.5;57.7;54.2;2.7;0
2026;872619935;Servicios;9.8;6.5;63;-5.8;8;87.8;22.8;3.05;75.0;58.8;5.2;0
2027;948496501;Transporte;5.7;2.3;35;-0.6;6;74.9;4.4;5.14;49.8;54.5;5.5;0
2028;950438516;Servicios;5.5;4.8;26;-5.1;3;58.4;10.9;3.84;28.9;42.6;19.8;1
2029;879794514;Manufactura;8.7;2.9;5;18.9;7;85.1;4.4;1.74;52.9;59.0;7.2;0
2030;990246585;Manufactura;10.7;10.4;5;-11.0;6;62.4;7.3;2.44;88.3;71.9;10.0;0
2031;810239589;Transporte;8.1;5.6;59;-24.6;7;74.3;25.3;2.43;61.1;88.7;5.4;1
2032;956922374;Comercio;7.5;3.5;18;-7.4;5;67.5;18.1;3.48;92.6;81.4;11.6;0
2033;869455028;Construcción;10.2;10.1;139;8.5;3;59.9;35.3;3.68;26.2;44.3;4.6;1
2034;952312260;Construcción;5.7;2.5;21;-0.0;4;54.9;17.4;2.29;70.1;49.2;16.5;1
2035;938405135;Servicios;3.1;1.9;40;2.7;3;44.4;43.9;2.54;60.3;44.0;4.9;1
2036;951734354;Manufactura;4.0;3.1;30;-4.1;5;72.1;9.1;3.58;56.8;78.0;3.1;0
2037;994034933;Servicios;5.4;2.3;80;2.6;3;58.7;9.6;4.05;34.1;57.6;22.6;0
2038;934067316;Comercio;10.1;7.6;19;0.8;7;55.0;8.3;3.28;69.2;68.5;4.5;0
2039;943321656;Comercio;10.7;9.9;17;-7.1;8;79.1;17.9;2.59;43.2;51.5;4.1;0
2040;885363887;Comercio;12.4;5.7;27;6.6;1;44.5;10.7;3.4;86.5;79.1;16.6;1
2041;958924954;Comercio;7.0;6.6;13;-4.1;7;80.0;21.4;3.65;21.5;25.1;3.7;1
2042;970103161;Manufactura;12.5;12.3;44;7.0;4;58.5;2.6;3.0;32.6;38.1;8.3;0
2043;961873149;Manufactura;6.4;5.3;21;10.6;8;100.0;11.9;3.28;31.1;30.5;0.9;0
2044;924732693;Transporte;8.4;7.2;46;13.0;8;79.2;5.6;5.81;55.6;56.6;12.0;0
2045;934191380;Servicios;3.0;0.8;65;24.0;5;78.7;9.0;2.51;48.7;52.3;24.4;0
2046;988558752;Manufactura;18.5;16.5;42;-14.7;3;71.6;23.6;3.23;88.8;65.0;17.5;0
2047;822196567;Construcción;5.2;4.9;46;-14.3;5;50.6;28.1;5.76;63.9;66.9;3.8;1
2048;981466066;Transporte;2.3;1.3;23;-12.0;6;58.9;11.7;3.37;46.7;54.8;0.6;0
2049;926138187;Servicios;20.9;18.9;27;8.2;8;80.4;22.8;2.62;29.9;42.0;3.2;0
2050;969460095;Servicios;12.9;6.8;11;4.9;8;91.7;16.7;6.0;27.8;50.3;9.9;0
2051;890896198;Manufactura;28.9;18.8;17;-2.9;4;72.6;22.1;4.31;25.6;42.1;9.8;0
2052;882691168;Manufactura;11.5;10.6;11;24.4;4;43.7;6.0;4.77;69.2;71.5;3.6;0
2053;945714467;Servicios;15.8;6.1;29;8.8;4;49.6;17.8;2.93;65.1;67.9;1.9;0
2054;845019409;Construcción;7.3;3.7;139;12.8;4;51.7;24.7;5.51;73.4;82.1;4.9;1
2055;812878368;Construcción;14.3;7.4;65;-1.2;5;77.8;38.9;1.95;82.7;63.3;12.2;0
2056;942288995;Comercio;4.9;1.9;83;12.2;5;78.6;6.1;2.46;89.8;76.0;7.4;0
2057;927812867;Servicios;6.7;2.9;10;14.8;1;51.2;15.6;5.61;31.8;58.4;2.0;1
2058;990936336;Transporte;12.3;10.7;48;13.8;5;78.3;18.7;3.29;49.6;51.9;7.5;0
2059;819850280;Manufactura;9.5;5.1;5;3.7;5;76.4;27.0;3.67;79.5;75.3;7.5;0
2060;874038417;Manufactura;11.4;10.1;75;-5.8;5;71.8;12.8;3.87;61.9;58.5;11.1;0
2061;906087499;Servicios;7.5;4.6;11;-9.2;3;42.8;12.8;2.95;18.9;31.9;8.5;0
2062;887285016;Comercio;1.7;1.3;40;-1.1;9;72.3;22.2;3.41;11.9;37.4;0.6;1
2063;807453398;Servicios;4.0;2.5;23;2.5;4;50.0;24.3;4.01;71.7;59.8;0.4;1
2064;980685054;Tecnología;16.2;9.0;5;6.9;5;77.4;19.1;2.17;69.0;55.7;2.6;0
2065;822692657;Comercio;5.6;5.5;12;6.1;4;54.9;6.1;2.18;25.1;40.8;2.5;0
2066;845243792;Transporte;12.8;11.6;15;4.2;2;62.9;18.7;4.0;61.5;50.8;0.6;1
2067;929800939;Construcción;6.1;3.2;11;8.9;8;70.4;2.3;3.43;42.6;46.6;5.2;0
2068;998486085;Comercio;12.6;9.4;35;7.7;3;47.2;13.0;2.98;88.3;76.9;1.7;0
2069;978399151;Servicios;7.4;6.0;14;6.6;2;33.1;21.0;2.55;35.3;43.5;38.1;1
2070;946936739;Comercio;4.6;1.1;230;12.7;8;76.3;10.9;4.17;70.5;81.5;5.2;0
2071;989257324;Servicios;11.9;6.2;10;7.2;3;44.5;32.4;4.79;71.9;81.3;3.8;0
2072;858200241;Servicios;2.5;1.5;102;13.3;7;72.5;6.8;3.31;79.5;55.0;14.4;0
2073;831095496;Servicios;8.5;5.7;8;-8.8;6;62.9;2.8;2.41;54.3;56.4;10.4;0
2074;990735671;Servicios;3.9;1.0;105;9.2;6;78.8;20.7;3.09;68.4;77.6;12.6;0
2075;821527317;Comercio;32.1;14.3;24;-1.4;1;37.2;19.6;5.19;49.8;67.0;13.4;1
2076;860258743;Comercio;13.5;2.8;5;-21.2;3;52.8;45.4;3.5;66.2;48.0;8.9;1
2077;935231421;Comercio;7.3;5.2;29;0.2;7;84.1;7.3;3.14;25.6;42.0;8.6;0
2078;987108701;Comercio;12.9;7.7;24;-8.8;9;84.0;5.3;1.11;60.3;56.0;46.4;0
2079;970040802;Servicios;15.9;13.1;62;-0.3;6;69.1;6.7;3.54;64.0;62.9;10.9;0
2080;929060027;Transporte;9.4;5.0;17;3.2;3;62.7;25.0;2.96;28.7;57.0;12.9;1
2081;982160981;Comercio;7.1;3.1;10;-15.8;5;66.6;16.3;5.29;52.7;63.9;27.0;0
2082;813123284;Servicios;14.2;11.0;23;18.5;7;80.9;14.5;2.9;50.3;62.3;1.9;0
2083;828580527;Comercio;5.2;2.1;38;25.9;6;65.3;12.1;5.18;70.2;71.6;3.9;0
2084;870600140;Comercio;30.0;29.7;8;-5.9;2;55.6;24.0;1.7;32.1;55.9;9.2;0
2085;912917696;Servicios;9.1;3.4;30;-2.6;5;78.6;4.6;2.74;38.6;48.9;1.7;0
2086;864359053;Comercio;16.6;11.9;81;1.0;7;62.4;11.9;5.02;37.6;44.4;37.5;0
2087;937140821;Servicios;5.2;4.3;19;-20.1;6;59.7;13.0;3.06;58.1;64.8;3.8;1
2088;989660319;Comercio;20.6;16.1;23;20.7;6;87.7;28.8;2.62;36.2;46.5;2.1;0
2089;841958478;Servicios;9.1;5.3;57;6.9;9;66.1;3.7;3.15;33.5;57.4;3.0;0
2090;896973180;Comercio;13.1;11.3;22;-11.1;5;71.1;15.0;1.98;35.5;62.0;17.8;0
2091;952005490;Comercio;12.8;4.6;14;22.2;5;60.9;13.1;5.12;79.7;83.6;6.0;0
2092;851351231;Construcción;9.4;2.0;12;16.9;8;66.7;8.2;3.01;51.1;50.2;0.6;0
2093;916588047;Servicios;22.7;21.6;189;11.7;2;64.6;18.0;1.49;80.5;79.9;0.5;0
2094;909582999;Construcción;4.2;2.3;20;8.6;5;50.3;3.2;2.76;51.9;60.9;7.2;0
2095;838460375;Servicios;15.5;6.6;24;-0.3;5;72.8;26.3;1.99;51.5;46.0;8.7;0
2096;854881232;Transporte;3.6;1.6;24;-7.5;6;90.7;15.9;6.46;87.8;69.2;5.4;0
2097;992422294;Servicios;13.8;4.0;31;2.9;2;49.7;10.6;2.69;93.4;77.5;31.9;0
2098;932175535;Servicios;3.7;1.3;9;24.9;4;75.8;8.3;7.82;58.5;68.0;18.4;0
2099;896146942;Comercio;10.0;3.9;112;0.4;0;45.1;17.1;3.13;76.9;70.8;1.2;1
2100;958262012;Comercio;2.3;0.5;17;-1.0;7;66.1;30.0;2.99;37.8;40.0;0.0;1
2101;891648626;Construcción;6.9;2.2;54;8.8;3;55.5;19.6;4.41;58.6;62.9;15.7;0
2102;909131717;Servicios;18.8;5.4;31;-2.3;6;77.0;28.0;3.58;69.0;76.4;12.2;0
2103;904360484;Tecnología;1.4;0.6;67;2.3;4;61.6;34.1;1.34;67.3;56.3;4.8;1
2104;962640360;Manufactura;5.6;2.1;58;19.1;6;57.8;10.7;4.83;84.8;86.6;5.8;0
2105;927864918;Construcción;8.5;5.0;52;-3.9;5;79.1;26.4;4.04;53.9;58.2;25.8;0
2106;989146933;Construcción;5.5;3.4;6;-2.8;3;67.5;4.4;2.91;72.0;73.4;11.5;0
2107;966531157;Comercio;13.2;9.7;30;0.4;9;67.7;9.1;2.03;61.0;55.0;4.1;0
2108;954611382;Transporte;8.4;6.7;38;6.5;5;51.6;18.5;4.56;37.9;51.1;1.3;1
2109;924540193;Servicios;13.3;3.9;41;6.4;1;37.6;17.2;2.89;13.1;19.8;4.7;1
2110;857261211;Manufactura;30.5;25.0;40;3.3;5;57.6;17.9;2.35;68.9;72.5;6.6;0
2111;925903835;Construcción;14.5;4.6;5;9.0;4;62.6;17.8;4.76;39.2;45.4;3.1;1
2112;875927961;Transporte;10.3;9.0;44;7.0;3;56.9;11.2;3.7;75.3;80.5;2.5;0
2113;848146964;Transporte;4.9;4.4;52;10.3;7;86.3;18.6;2.31;62.4;49.0;10.2;0
2114;938911644;Transporte;1.9;0.8;59;-0.8;0;34.2;28.7;2.58;22.7;37.9;42.3;1
2115;939077723;Manufactura;18.0;11.0;16;-8.7;5;59.0;14.9;3.38;81.6;54.4;3.8;0
2116;813259436;Servicios;7.9;7.6;35;8.5;5;68.2;9.1;2.6;82.7;74.7;12.3;0
2117;960963405;Manufactura;5.8;5.5;93;15.6;2;54.8;17.4;1.72;91.4;96.3;4.8;0
2118;900121465;Servicios;12.1;10.0;5;8.9;4;53.9;30.8;3.28;28.9;49.3;26.9;0
2119;862546208;Servicios;3.2;2.8;30;-10.9;6;47.3;18.3;1.61;68.3;71.9;14.4;1
2120;832249376;Construcción;9.6;8.5;178;-10.5;6;64.7;16.0;2.84;43.7;46.2;14.6;0
2121;902378436;Servicios;9.6;7.0;28;-1.3;5;45.5;16.5;2.41;67.3;70.7;10.0;0
2122;810832979;Transporte;6.6;2.2;17;1.5;5;74.9;5.7;4.44;42.1;52.8;1.6;0
2123;968807966;Comercio;5.1;4.0;22;10.2;6;81.0;13.4;3.7;33.9;30.8;29.5;0
2124;835221041;Servicios;2.4;2.1;10;4.5;5;54.7;3.7;3.31;62.8;55.7;4.8;0
2125;833313487;Tecnología;20.3;11.6;16;9.6;7;84.9;11.1;2.98;73.2;64.2;8.9;0
2126;863176850;Comercio;17.0;8.0;32;2.5;7;79.4;20.5;2.78;46.3;45.6;8.6;0
2127;903689747;Servicios;23.3;17.3;8;-1.8;2;56.2;6.1;2.73;76.4;64.5;8.7;0
2128;818380429;Manufactura;7.8;6.5;119;10.7;5;62.2;15.3;2.97;41.5;46.8;10.4;0
2129;836957877;Manufactura;11.7;6.2;28;4.7;4;61.1;12.9;3.48;38.7;40.6;26.6;0
2130;916594951;Servicios;4.9;2.2;13;-6.2;9;90.1;34.3;4.22;22.1;52.1;0.2;0
2131;916730243;Manufactura;8.7;6.9;19;-4.2;4;81.9;10.4;5.21;50.6;60.6;3.0;0
2132;885951610;Construcción;1.9;0.6;7;4.9;6;73.2;15.1;3.15;61.2;50.9;1.8;0
2133;909594734;Comercio;5.4;4.2;6;11.1;3;55.4;6.3;3.53;87.5;65.8;12.2;1
2134;854860959;Servicios;19.0;7.4;76;8.4;6;82.7;20.6;4.16;63.6;74.4;0.9;0
2135;828001740;Construcción;10.1;7.8;11;7.9;9;87.0;7.3;2.49;80.7;70.2;4.7;0
2136;975915752;Comercio;21.3;8.4;61;-7.6;5;82.8;6.8;3.01;28.6;42.8;28.7;0
2137;941274254;Comercio;6.5;5.4;17;20.1;4;52.6;14.5;1.91;77.8;89.4;5.3;0
2138;878488011;Servicios;5.2;4.9;26;10.0;5;57.4;17.1;4.11;54.6;69.1;1.0;0
2139;956745592;Construcción;4.1;1.5;32;6.9;2;69.7;33.6;3.48;24.3;19.5;6.9;1
2140;874152601;Tecnología;5.9;4.1;6;11.7;4;61.0;39.6;2.63;84.4;49.1;4.9;0
2141;955705379;Comercio;19.8;18.0;44;1.3;5;80.6;15.9;2.64;62.7;61.1;13.7;0
2142;927002087;Servicios;9.5;8.8;88;10.1;1;48.4;36.2;2.41;66.5;71.8;2.4;1
2143;971934435;Comercio;7.5;4.1;48;5.6;8;80.7;14.4;3.75;62.5;68.4;12.2;0
2144;937990673;Servicios;5.0;2.9;19;2.2;6;72.7;35.4;3.27;6.6;29.7;19.3;1
2145;817639923;Comercio;7.9;5.8;12;11.8;5;84.1;3.5;2.85;51.8;58.9;50.0;0
2146;840851195;Construcción;14.3;6.0;18;4.5;3;47.3;24.7;3.4;68.4;70.3;18.9;0
2147;803510580;Transporte;16.7;12.6;6;10.5;4;62.6;18.1;4.14;57.6;67.1;6.5;1
2148;926753324;Transporte;10.2;9.4;123;-8.1;4;70.3;18.0;3.62;76.9;61.8;8.5;0
2149;923906490;Manufactura;6.9;3.7;33;6.7;3;44.3;10.9;3.39;78.6;64.2;5.0;1
2150;997979236;Transporte;8.1;4.6;36;-10.1;5;66.5;12.2;4.23;42.1;67.7;10.8;0
2151;992080727;Comercio;25.0;19.9;59;10.4;3;63.9;17.9;3.85;83.6;94.5;18.3;0
2152;810773286;Comercio;19.7;8.3;26;8.4;3;53.2;11.3;7.08;77.8;83.9;1.6;0
2153;981849185;Servicios;24.3;10.0;17;26.3;4;50.1;7.3;4.54;83.9;63.8;5.3;0
2154;843541112;Comercio;30.1;23.2;5;13.5;5;67.9;19.2;5.01;75.6;73.3;1.3;0
2155;984433261;Comercio;6.5;1.7;94;4.5;4;62.7;19.2;5.44;91.7;91.5;6.6;0
2156;915139510;Tecnología;1.0;0.3;14;3.7;9;82.1;10.6;2.48;77.1;47.1;8.9;0
2157;873278494;Servicios;5.6;2.5;23;10.7;8;100.0;1.7;2.28;20.0;26.6;7.6;0
2158;816801343;Transporte;2.0;0.5;6;-5.8;1;46.3;24.1;5.04;87.3;81.9;4.7;1
2159;804279106;Servicios;3.9;3.8;24;2.5;4;64.7;11.7;4.32;74.7;64.0;3.2;0
2160;889087944;Construcción;5.7;3.7;24;3.6;2;46.5;25.6;2.36;85.5;80.0;10.9;1
2161;835288351;Tecnología;7.3;2.3;15;1.1;2;66.6;5.0;3.34;62.6;62.1;9.4;0
2162;970063066;Servicios;6.2;4.5;13;-5.4;2;42.7;14.8;2.38;24.2;39.0;2.7;1
2163;938882828;Manufactura;3.8;1.2;8;4.1;6;62.5;30.1;3.98;83.6;75.4;12.0;0
2164;803627150;Servicios;16.4;15.0;38;-4.1;5;77.5;4.4;2.45;77.8;78.2;7.4;0
2165;905587528;Comercio;10.0;8.8;49;-1.6;4;64.3;13.2;6.61;27.8;27.1;13.2;1
2166;827336102;Manufactura;30.1;21.5;6;-8.6;5;66.7;7.8;3.79;59.2;74.5;47.2;0
2167;986102491;Comercio;3.7;2.4;46;9.0;6;89.3;22.3;4.43;86.3;85.6;12.5;0
2168;958913583;Servicios;4.5;1.0;42;4.2;4;60.1;6.9;2.97;96.3;86.6;1.2;0
2169;898288401;Comercio;4.9;1.3;47;7.3;6;82.5;9.2;3.19;47.0;55.3;7.6;0
2170;814778885;Transporte;7.6;5.1;32;10.1;3;52.9;13.2;3.79;76.3;68.8;12.8;0
2171;973964912;Manufactura;14.2;3.1;77;15.8;5;61.9;17.9;2.81;50.0;58.5;1.3;0
2172;854539306;Servicios;7.3;5.4;11;13.1;4;59.1;27.6;2.73;36.0;66.7;4.3;0
2173;925487152;Manufactura;3.5;2.4;117;27.8;7;61.5;25.0;3.45;26.7;37.1;10.8;1
2174;991224062;Servicios;10.1;5.0;34;10.1;4;69.0;6.9;4.24;49.0;63.6;7.7;0
2175;868282433;Servicios;15.2;14.3;32;4.5;6;53.1;24.4;2.54;76.1;78.4;25.2;1
2176;997403837;Servicios;9.9;6.4;21;-2.4;2;38.6;16.9;2.34;37.5;34.1;1.8;0
2177;900292677;Servicios;3.7;3.1;11;-1.1;3;54.0;23.9;2.0;16.8;31.6;8.1;1
2178;985565544;Transporte;7.6;5.9;15;11.1;4;63.3;13.1;2.23;77.6;91.1;49.0;1
2179;934078526;Servicios;9.2;6.8;30;-4.2;3;59.3;7.1;3.14;82.8;56.4;5.4;1
2180;964316223;Tecnología;8.5;5.9;351;7.1;7;74.2;24.9;4.39;83.2;82.8;6.4;0
2181;881024699;Manufactura;2.8;2.6;9;6.2;5;70.6;21.8;3.38;34.1;53.8;11.1;1
2182;807887674;Servicios;5.6;2.8;14;7.0;4;41.7;0.4;1.65;73.4;74.8;2.7;0
2183;895630263;Servicios;22.9;10.8;41;9.0;4;67.7;23.0;5.07;55.5;58.0;3.2;0
2184;951545966;Transporte;17.3;13.3;39;31.9;7;97.0;14.9;4.01;68.5;54.6;3.6;0
2185;846548486;Servicios;10.2;8.4;13;4.8;9;100.0;27.0;1.8;90.1;75.9;4.3;0
2186;888700532;Comercio;1.8;0.7;10;1.9;4;61.0;20.0;5.0;60.4;46.7;4.1;1
2187;807501377;Comercio;16.9;6.3;5;7.8;6;75.6;22.1;4.41;71.1;79.6;10.2;0
2188;946938123;Servicios;3.4;2.0;66;9.1;4;59.3;20.8;2.91;42.6;31.4;3.1;0
2189;945247739;Manufactura;31.0;22.1;27;0.7;5;62.2;24.1;4.37;72.9;92.0;0.3;0
2190;963182146;Servicios;22.7;13.7;5;7.1;6;40.1;12.3;3.72;46.1;44.9;7.4;0
2191;876822570;Comercio;3.1;2.7;18;9.3;6;64.5;13.8;2.93;79.9;64.1;22.2;0
2192;965533089;Construcción;26.1;18.4;29;-1.5;7;81.2;18.5;2.52;43.1;52.4;4.8;0
2193;873445036;Servicios;8.7;8.5;18;20.8;7;72.2;8.9;2.68;92.6;74.4;5.6;0
2194;940765016;Manufactura;9.9;2.2;14;11.8;4;45.3;15.8;3.37;70.0;44.5;2.1;1
2195;952199820;Servicios;21.5;14.4;8;3.8;2;61.0;38.8;2.23;71.5;71.7;15.4;0
2196;826109404;Servicios;15.3;6.9;14;3.1;6;76.5;22.1;5.9;45.0;66.1;14.8;0
2197;972220835;Servicios;11.6;2.5;5;15.6;3;56.1;31.5;2.66;28.1;43.2;3.4;1
2198;846505549;Servicios;16.1;14.9;9;10.2;4;58.0;32.6;4.25;60.8;52.6;21.0;1
2199;996369853;Comercio;15.0;11.6;42;11.7;7;81.8;21.7;4.68;57.9;64.4;4.5;0
2200;937098353;Manufactura;5.3;2.5;5;2.7;4;61.8;18.0;6.37;94.1;72.3;1.4;0
2201;891384912;Servicios;4.6;2.0;6;15.4;2;45.8;34.0;2.83;48.8;69.5;1.0;1
2202;975241197;Servicios;19.1;14.8;29;-11.1;8;87.2;13.3;2.38;50.6;53.9;0.4;0
2203;891355913;Transporte;18.0;3.8;7;0.6;7;62.0;27.2;2.09;69.5;85.3;11.4;0
2204;827930328;Servicios;10.1;7.1;51;12.9;8;95.0;9.6;4.05;82.0;84.8;17.4;0
2205;982172862;Comercio;41.1;35.3;42;8.7;4;70.1;19.0;8.89;67.6;74.7;4.4;0
2206;801229457;Servicios;10.5;6.1;194;-2.6;1;61.9;5.7;2.12;63.1;53.2;2.3;0
2207;894517250;Comercio;16.4;7.0;124;16.9;8;89.6;10.7;2.25;68.4;64.9;14.1;0
2208;994325884;Comercio;3.4;1.1;92;5.9;7;72.7;10.9;5.18;46.8;36.7;3.0;0
2209;932523257;Construcción;31.2;15.0;10;5.8;6;73.3;13.5;2.15;41.8;58.7;20.8;0
2210;820884815;Manufactura;18.0;12.7;34;4.1;1;40.4;17.5;3.1;50.6;59.3;49.0;1
2211;948521428;Manufactura;15.9;11.1;27;-1.0;4;31.4;13.6;5.41;67.5;84.8;16.4;1
2212;905181135;Comercio;5.1;3.6;19;3.2;0;50.0;20.8;3.82;28.8;44.2;4.8;1
2213;929271704;Construcción;14.0;8.3;15;6.0;5;70.0;14.6;3.75;51.9;45.4;6.4;0
2214;803023118;Construcción;5.4;4.8;12;-3.2;6;67.7;16.4;3.74;76.0;61.1;10.4;0
2215;807110455;Comercio;5.8;4.9;11;-2.4;3;49.1;24.1;1.77;56.7;60.7;27.8;1
2216;992876232;Servicios;11.8;10.2;13;4.8;6;66.5;7.0;2.58;71.0;60.9;15.3;0
2217;882418309;Manufactura;4.0;2.7;22;10.1;2;56.6;19.7;2.85;66.2;78.8;0.2;0
2218;841708599;Manufactura;9.0;1.9;22;10.1;3;79.6;22.1;4.35;89.5;80.6;19.5;0
2219;953957521;Comercio;10.2;2.7;23;4.7;4;64.0;28.3;3.1;56.8;51.7;4.1;1
2220;991213545;Manufactura;14.8;10.7;22;5.6;2;59.6;22.6;3.77;74.4;72.0;8.8;1
2221;827643361;Servicios;38.7;25.4;8;3.5;9;80.0;15.8;6.94;71.6;53.3;6.5;0
2222;935315826;Transporte;6.5;5.3;49;-13.4;7;78.9;21.2;3.15;29.7;50.3;11.2;1
2223;977986835;Manufactura;6.7;3.9;48;13.9;3;51.5;1.6;1.89;64.3;85.3;7.5;0
2224;820984601;Servicios;3.4;2.1;45;14.7;3;56.5;6.0;4.29;41.5;37.2;23.8;0
2225;836066960;Servicios;8.2;3.8;26;-0.4;6;82.4;27.1;5.49;85.5;72.6;3.6;0
2226;985557099;Transporte;11.4;8.6;20;0.8;4;55.3;12.9;4.03;50.0;55.0;5.4;1
2227;908934112;Manufactura;3.2;1.9;5;-2.8;1;62.9;10.3;3.28;60.4;65.4;3.5;1
2228;811257849;Servicios;4.3;3.5;14;5.5;2;54.5;25.8;2.86;87.1;77.2;0.9;0
2229;807138255;Manufactura;5.5;4.8;40;20.8;4;84.9;7.7;4.99;74.7;84.7;38.9;0
2230;853680601;Comercio;5.1;4.2;8;22.0;6;80.8;13.9;2.13;50.3;50.3;17.5;0
2231;931691977;Servicios;8.2;3.5;8;10.3;7;49.9;9.0;5.68;52.4;65.7;10.8;0
2232;939216464;Servicios;8.3;4.7;31;7.5;5;51.0;28.4;4.84;64.8;61.8;16.7;1
2233;831976954;Comercio;6.0;1.7;5;15.4;2;48.8;25.6;3.95;65.0;66.3;2.2;1
2234;822718020;Servicios;12.0;3.2;17;-6.7;6;74.4;13.1;2.47;88.7;75.0;12.4;0
2235;957170066;Construcción;12.0;11.9;12;-0.5;8;76.8;17.9;1.93;77.3;72.5;24.2;0
2236;814407269;Servicios;4.1;3.2;31;18.1;3;57.7;9.0;2.4;40.3;47.2;5.9;0
2237;962149273;Servicios;7.2;5.3;14;8.5;5;67.6;8.0;3.53;72.5;72.0;0.5;0
2238;910859360;Transporte;13.7;13.3;87;18.1;6;63.5;8.3;2.39;69.0;70.2;34.9;0
2239;989163483;Manufactura;11.3;11.0;11;-5.8;0;40.1;33.5;2.77;81.7;80.6;15.0;1
2240;904598594;Servicios;26.7;16.6;67;-2.0;9;91.2;3.4;2.06;78.2;73.2;9.7;0
2241;991116873;Manufactura;4.1;2.9;5;5.8;4;73.2;31.8;2.18;71.8;55.9;4.3;1
2242;994933770;Servicios;8.9;1.9;121;-14.7;2;40.5;3.1;5.11;32.9;29.5;26.9;1
2243;842354062;Comercio;15.6;9.6;8;22.5;5;66.3;12.6;6.03;41.5;67.8;8.4;0
2244;982858267;Manufactura;1.8;1.2;39;-6.5;4;69.3;17.9;2.0;63.5;72.0;43.6;1
2245;925549797;Manufactura;14.6;5.2;51;-3.3;5;70.8;14.0;2.82;26.3;36.5;4.0;0
2246;800995162;Comercio;17.7;9.6;40;10.3;3;57.8;20.7;3.5;53.8;46.4;8.2;0
2247;902602707;Comercio;8.6;6.8;39;15.9;6;68.0;13.3;4.67;45.8;35.4;0.8;0
2248;981811330;Manufactura;6.9;2.1;11;14.9;3;59.3;25.8;3.4;71.8;60.4;14.9;1
2249;842541590;Comercio;15.7;6.0;13;4.9;5;61.6;10.2;3.54;65.2;57.2;22.3;0
2250;930019710;Servicios;5.9;5.7;18;7.3;4;59.7;26.6;3.25;52.5;57.9;3.4;0
2251;916958421;Construcción;5.2;4.8;213;-2.1;7;80.7;4.3;4.2;48.3;73.3;18.0;0
2252;859084031;Manufactura;7.0;6.3;70;29.9;6;84.0;16.8;4.52;76.3;72.2;1.5;0
2253;874671817;Manufactura;13.5;10.7;143;2.5;6;56.2;8.9;4.39;69.3;64.5;5.7;0
2254;813680389;Tecnología;22.7;18.2;79;24.2;5;82.7;7.8;3.1;63.3;67.5;12.5;0
2255;820085937;Comercio;5.2;1.9;20;-8.0;3;69.1;25.4;2.34;56.0;36.3;23.3;1
2256;813470369;Servicios;16.1;6.6;41;6.2;4;67.7;27.5;3.67;66.8;66.3;37.2;1
2257;924245101;Manufactura;14.2;9.8;31;6.7;6;68.7;21.4;4.27;72.6;89.0;3.5;1
2258;896835559;Servicios;8.5;3.2;22;-11.3;5;62.9;11.7;2.98;76.8;49.3;5.6;1
2259;982355056;Servicios;9.1;1.9;7;2.1;0;33.3;21.9;6.13;53.2;45.4;2.9;1
2260;943093495;Servicios;14.4;5.7;81;4.2;6;66.3;29.5;2.43;70.5;55.7;4.1;0
2261;913767590;Comercio;4.4;2.0;83;-0.8;5;60.4;6.8;4.38;52.7;56.8;17.3;1
2262;837347490;Servicios;10.7;3.4;29;27.2;1;61.0;37.6;2.26;75.0;60.0;7.2;0
2263;931543625;Servicios;13.7;3.8;30;18.1;8;82.2;8.7;3.97;35.2;54.5;8.0;0
2264;915047070;Manufactura;11.6;5.0;51;-5.2;1;33.5;30.7;4.91;27.0;27.8;28.1;1
2265;928921576;Servicios;9.5;6.6;21;4.0;9;95.4;6.6;2.83;35.0;58.4;1.2;0
2266;992133563;Servicios;8.7;3.5;10;-14.9;5;52.1;16.1;3.93;89.0;79.2;15.5;0
2267;955752787;Construcción;8.2;8.1;29;20.8;1;53.6;31.9;5.89;90.0;76.8;20.8;0
2268;800834494;Servicios;4.5;3.5;33;14.9;2;58.2;13.5;3.72;91.6;77.0;1.3;0
2269;999027835;Construcción;5.6;5.6;26;17.7;6;74.4;11.7;2.68;85.2;73.0;7.1;0
2270;990586560;Manufactura;30.9;7.7;16;15.5;5;63.3;13.2;2.6;88.3;74.8;1.1;0
2271;816232719;Manufactura;41.1;20.1;18;-1.4;5;70.2;5.1;3.24;48.5;55.9;0.4;0
2272;869556004;Servicios;19.1;17.6;24;-2.2;4;64.0;12.8;3.87;34.6;43.1;20.6;0
2273;931233232;Servicios;7.5;6.8;35;16.5;0;42.3;10.1;4.1;94.4;76.1;7.3;1
2274;909491127;Servicios;6.6;4.1;14;10.6;9;90.0;20.1;3.01;95.0;80.7;11.5;0
2275;933435325;Comercio;4.4;3.6;18;19.4;1;46.1;24.5;2.02;34.5;27.6;4.0;0
2276;887691115;Servicios;15.7;7.6;31;20.5;5;58.4;12.8;3.3;79.7;72.5;1.6;0
2277;859569344;Comercio;40.3;35.0;12;10.7;8;71.5;15.6;3.78;52.9;66.6;8.5;0
2278;902019812;Tecnología;11.7;2.6;91;28.4;4;57.5;9.1;2.21;62.3;55.1;21.2;0
2279;825121854;Comercio;4.9;3.3;18;1.7;4;65.1;7.9;2.83;20.8;34.2;3.4;0
2280;915061250;Construcción;10.8;6.6;13;16.9;0;57.1;6.2;3.63;71.3;60.0;45.2;0
2281;800515070;Construcción;5.5;1.4;53;11.4;6;88.6;21.2;3.29;85.1;93.9;4.8;0
2282;951635235;Servicios;25.1;20.5;18;-0.6;3;55.0;22.0;3.7;27.3;29.7;22.8;1
2283;869699981;Servicios;16.8;9.1;82;-8.3;2;53.9;7.6;1.99;51.1;43.8;10.1;1
2284;885408035;Comercio;24.4;22.7;34;2.5;5;86.4;25.4;1.87;60.2;58.2;6.0;0
2285;958294434;Servicios;19.0;10.7;39;15.6;3;67.8;6.9;2.9;59.0;64.8;50.0;0
2286;874324072;Servicios;13.6;5.2;60;1.8;8;88.8;20.7;5.5;46.1;44.6;17.3;0
2287;889348822;Servicios;6.6;2.4;42;15.0;4;72.8;11.5;3.22;29.3;40.2;8.8;0
2288;807630206;Transporte;15.6;9.4;98;3.7;5;52.2;11.2;3.21;49.7;43.5;10.9;0
2289;851019670;Servicios;5.7;3.8;174;14.1;0;55.0;19.4;4.54;37.8;29.9;0.1;1
2290;953310779;Construcción;3.7;2.6;32;-0.4;1;30.5;14.0;3.61;48.7;42.5;26.3;1
2291;994394571;Comercio;50.0;45.9;14;-3.1;5;50.0;10.5;2.51;80.2;90.1;7.3;0
2292;901520565;Manufactura;13.4;6.9;20;4.6;7;81.4;26.6;3.08;69.7;83.9;10.0;1
2293;958993513;Manufactura;10.7;6.1;8;-9.7;6;76.5;13.7;3.46;27.6;46.1;15.3;0
2294;849547301;Servicios;4.5;3.2;11;3.4;1;31.6;24.9;3.25;70.5;79.4;16.9;0
2295;857520704;Construcción;9.6;3.9;10;2.4;8;70.9;4.9;5.07;86.6;79.7;4.8;0
2296;868875368;Comercio;7.3;5.5;18;5.4;5;60.6;13.4;4.23;48.5;38.5;1.4;0
2297;806204537;Servicios;4.0;1.8;24;11.5;3;53.7;18.4;3.01;57.9;52.8;6.6;0
2298;850101533;Manufactura;6.9;6.1;32;25.7;8;64.6;16.9;3.04;75.7;76.4;2.6;0
2299;816173859;Servicios;8.1;8.1;7;12.2;6;77.7;12.5;4.89;41.3;43.3;2.8;0
2300;944340264;Comercio;12.2;11.4;9;-13.6;2;55.8;26.3;2.97;84.3;77.2;4.1;1
2301;953183353;Comercio;8.4;2.1;18;-0.6;4;60.1;29.4;2.48;49.2;51.4;4.6;0
2302;805115233;Servicios;12.5;4.7;58;2.5;5;65.3;7.2;1.6;53.6;54.9;5.3;0
2303;809593321;Servicios;6.2;2.9;48;5.4;0;29.2;29.3;2.46;48.4;55.5;28.4;1
2304;829345318;Transporte;5.5;3.5;19;21.8;3;55.4;6.0;6.01;6.9;24.4;10.9;0
2305;825035190;Servicios;11.5;11.2;12;-4.7;9;91.6;31.3;3.34;69.9;51.6;7.6;0
2306;839614127;Construcción;17.3;4.1;43;9.0;3;53.9;17.1;3.38;51.2;72.8;5.5;0
2307;909803528;Transporte;13.4;3.7;5;4.0;3;53.9;13.1;3.76;74.6;79.8;3.0;1
2308;995464923;Servicios;4.9;1.1;42;0.3;5;61.3;10.1;3.07;64.7;88.8;1.0;1
2309;877815677;Comercio;9.9;8.3;14;19.7;3;67.6;25.3;3.38;49.4;64.8;25.0;0
2310;822334273;Servicios;8.7;6.5;32;2.8;7;81.1;11.5;4.02;77.7;74.9;27.3;0
2311;908696064;Servicios;10.9;3.1;5;6.4;7;77.0;18.0;5.03;28.8;64.7;11.9;0
2312;869157831;Servicios;6.0;3.0;68;25.4;4;61.3;32.6;4.27;32.1;42.8;8.1;1
2313;834596828;Comercio;12.4;6.9;124;8.0;4;64.9;7.1;3.17;77.6;67.8;0.9;0
2314;929518126;Servicios;7.5;5.3;18;18.0;6;71.2;13.7;4.19;43.4;66.3;2.1;0
2315;958965206;Servicios;16.6;15.3;13;9.4;2;49.1;28.5;1.95;50.4;66.3;35.7;0
2316;862977791;Servicios;22.2;14.1;10;-15.2;4;60.3;7.4;3.18;64.8;46.9;11.6;0
2317;890675538;Servicios;17.2;12.2;73;-0.8;2;27.0;34.1;2.74;24.4;12.7;25.3;1
2318;983080186;Comercio;6.9;6.5;65;25.1;1;58.6;36.9;4.1;74.2;65.4;19.6;0
2319;902092967;Servicios;3.6;1.9;13;1.6;3;64.6;6.0;3.3;52.7;78.4;2.2;0
2320;957117630;Transporte;4.7;3.9;24;2.8;4;61.8;21.1;4.21;49.9;85.8;13.0;0
2321;999015842;Servicios;9.7;4.5;28;23.5;5;68.5;3.9;3.79;68.9;72.6;35.2;0
2322;944881965;Comercio;20.8;5.8;55;-7.2;4;53.7;20.0;3.4;57.1;53.2;28.2;0
2323;961130030;Comercio;31.8;27.6;13;13.5;0;49.1;8.8;1.82;28.4;46.3;0.7;1
2324;827445493;Manufactura;30.4;8.3;35;-4.7;2;40.8;21.5;3.5;57.9;67.5;5.7;1
2325;975725170;Servicios;17.5;10.9;9;15.3;5;75.5;11.3;5.89;76.6;63.8;3.0;0
2326;887608842;Construcción;13.0;8.8;12;14.1;6;80.0;27.5;6.51;63.8;62.9;11.1;0
2327;857459156;Construcción;11.3;9.9;14;3.7;8;94.0;7.1;2.38;97.4;72.2;6.5;0
2328;907739099;Tecnología;18.9;18.3;10;13.1;5;49.8;18.4;1.5;71.4;71.5;6.8;0
2329;872330858;Servicios;11.6;7.9;14;13.6;5;65.6;10.3;3.03;52.4;74.7;0.4;0
2330;824549650;Servicios;6.9;2.6;45;20.5;5;63.1;27.3;5.41;70.1;81.5;18.9;0
2331;950700989;Comercio;2.3;0.9;40;25.7;5;53.1;10.4;5.49;37.4;39.7;1.2;0
2332;899021387;Servicios;17.8;17.5;12;0.0;3;49.7;22.0;2.44;84.1;74.0;6.5;0
2333;912188883;Construcción;10.4;2.8;14;3.6;5;69.8;18.6;5.19;54.4;68.5;3.1;0
2334;835542833;Tecnología;15.2;13.9;16;-2.6;5;85.8;8.3;2.88;79.8;73.2;4.0;0
2335;972314722;Tecnología;6.5;6.3;106;2.9;3;84.8;38.7;5.94;47.0;54.6;0.0;1
2336;866253701;Comercio;8.9;8.1;95;10.0;5;74.2;11.6;2.71;95.8;75.4;7.2;0
2337;846029711;Servicios;1.6;1.3;19;6.2;6;68.1;4.9;3.95;86.0;92.9;26.9;0
2338;871523498;Transporte;7.0;1.6;12;14.5;4;65.6;26.1;4.73;64.1;76.9;0.7;0
2339;884353784;Transporte;8.2;6.2;43;12.9;2;57.4;15.9;3.59;67.0;77.4;15.7;1
2340;947731143;Servicios;6.0;2.4;11;12.5;4;75.9;22.5;4.83;79.5;83.4;34.9;0
2341;857262353;Servicios;8.7;6.1;30;-0.5;5;64.2;9.8;6.6;62.0;59.0;2.3;0
2342;859518062;Comercio;6.5;3.7;62;8.2;1;57.8;6.3;4.74;30.6;39.0;14.0;1
2343;995762595;Construcción;9.3;3.1;17;10.1;4;65.7;28.2;1.93;46.7;68.8;9.8;0
2344;922652559;Servicios;5.2;2.7;73;5.0;5;71.1;28.8;4.43;55.9;62.5;0.1;1
2345;893630977;Comercio;14.7;10.3;14;28.4;0;37.0;14.8;4.56;15.0;31.6;50.0;1
2346;971464447;Manufactura;2.0;1.4;5;4.7;4;66.3;38.1;3.21;11.9;40.1;21.4;1
2347;924891732;Comercio;6.5;1.8;12;12.1;4;55.3;9.7;3.77;93.2;78.0;8.3;0
2348;847765572;Comercio;9.9;9.8;34;12.6;1;56.8;0.7;4.02;26.6;19.9;1.4;0
2349;816985811;Servicios;14.9;9.2;9;9.9;5;72.0;22.9;6.04;70.0;75.6;35.4;0
2350;817826230;Servicios;3.9;2.5;18;15.6;4;57.2;23.4;3.05;42.5;16.9;30.9;1
2351;826120392;Transporte;2.5;0.8;18;5.2;5;60.5;7.1;4.7;77.9;54.7;1.0;0
2352;875891276;Transporte;26.1;10.1;78;7.1;2;49.8;7.2;2.77;28.0;58.5;50.0;1
2353;944724813;Comercio;6.8;6.7;57;-0.6;3;52.1;22.9;3.46;74.7;62.4;18.2;0
2354;885563999;Comercio;9.4;6.1;7;0.1;5;79.8;27.2;5.65;41.1;60.9;15.4;0
2355;981565691;Construcción;13.1;12.1;59;15.5;5;86.3;11.5;4.09;48.0;50.0;17.8;0
2356;946907013;Manufactura;8.7;6.3;26;-0.1;5;60.2;4.8;3.76;41.0;57.5;7.8;0
2357;890823879;Servicios;8.0;1.9;21;8.0;6;74.5;20.3;3.33;27.9;47.2;18.0;0
2358;928268300;Construcción;12.1;6.9;29;5.0;6;66.6;22.9;4.66;77.2;63.1;2.4;0
2359;873304988;Servicios;10.7;4.1;10;11.9;5;63.8;32.7;2.3;69.1;69.3;0.1;0
2360;839002022;Servicios;3.3;0.7;26;-3.4;4;52.4;9.9;2.7;88.6;72.4;26.1;0
2361;962667459;Construcción;9.9;3.3;10;-9.7;5;75.7;5.7;3.95;88.6;74.0;8.7;0
2362;821024196;Comercio;14.7;7.0;6;-17.8;5;66.2;19.8;2.2;76.7;81.5;17.0;0
2363;983322938;Construcción;5.1;2.8;5;11.3;1;44.7;23.1;5.98;60.0;76.6;2.8;0
2364;957633974;Servicios;4.5;3.4;42;-3.0;6;66.9;3.8;4.5;67.2;62.2;4.6;0
2365;842668612;Servicios;12.4;3.4;26;-0.9;2;65.9;9.9;2.29;41.0;59.6;4.7;1
2366;961797948;Comercio;4.3;2.1;5;28.6;4;62.9;16.2;5.46;55.8;48.4;5.7;0
2367;913769836;Comercio;18.8;6.4;26;-9.7;7;70.6;33.2;2.1;58.0;77.4;0.0;0
2368;828199689;Comercio;8.1;7.2;10;14.8;0;39.8;24.5;4.41;57.7;48.5;4.1;1
2369;946766769;Servicios;8.0;7.2;40;0.1;8;97.7;6.6;2.48;52.0;43.8;15.6;0
2370;845791807;Transporte;7.9;6.8;13;18.6;1;46.4;29.8;3.36;46.1;55.1;14.3;1
2371;882433815;Servicios;11.8;10.1;67;-4.6;4;73.4;23.6;2.7;70.7;75.4;0.5;0
2372;853114675;Servicios;14.6;6.9;39;-2.7;0;25.2;18.1;4.41;74.7;70.2;1.4;1
2373;979739719;Servicios;17.8;4.3;38;10.9;0;48.6;28.3;3.66;60.4;60.3;1.4;1
2374;967643327;Manufactura;10.8;9.5;17;-0.4;4;49.4;13.2;3.61;45.1;57.4;1.3;1
2375;877013416;Comercio;7.0;3.1;22;-2.7;6;82.6;6.1;2.92;45.4;60.8;33.2;0
2376;846498237;Comercio;6.0;5.5;28;-2.0;3;70.1;15.2;2.89;78.7;74.5;25.7;0
2377;938842261;Manufactura;26.4;24.3;29;12.1;5;72.6;26.7;2.86;68.8;61.3;2.8;0
2378;835721639;Manufactura;3.3;2.2;5;7.8;5;88.5;8.8;6.75;40.6;61.6;24.1;0
2379;892521641;Servicios;14.5;5.3;8;10.0;6;73.2;28.5;3.49;30.2;27.3;3.9;0
2380;860627527;Servicios;8.7;2.1;13;-30.0;6;51.0;26.3;2.74;80.7;64.7;1.4;1
2381;921427060;Comercio;1.3;0.7;27;8.3;2;59.0;27.1;6.59;81.9;71.8;10.6;1
2382;854779286;Manufactura;11.1;6.6;27;13.4;5;59.3;11.8;1.81;20.4;33.8;0.1;0
2383;961591849;Transporte;9.1;6.0;40;6.7;3;65.6;12.9;2.33;98.0;85.9;14.8;0
2384;969419430;Comercio;11.2;5.1;65;10.9;5;79.5;28.7;4.9;62.9;68.1;4.2;0
2385;940671099;Transporte;16.3;8.9;6;4.9;2;57.7;35.2;2.07;39.1;45.6;6.7;1
2386;893356759;Servicios;17.9;15.8;57;7.8;3;51.1;13.3;3.57;48.5;57.7;7.3;1
2387;812047482;Comercio;11.8;3.6;11;12.4;4;58.5;10.1;4.54;42.5;39.7;4.2;1
2388;804874874;Servicios;3.6;1.8;68;9.5;5;75.6;25.5;2.73;48.8;61.7;14.9;1
2389;841039337;Servicios;7.1;2.3;42;2.6;3;44.2;10.6;2.22;64.3;76.5;2.6;0
2390;923232878;Comercio;7.1;4.4;34;-17.8;2;38.8;10.1;1.74;92.1;77.2;14.4;1
2391;980692773;Tecnología;1.9;1.7;8;-1.0;4;71.7;19.4;5.11;69.4;64.0;1.8;0
2392;982124674;Servicios;7.9;6.3;38;0.6;5;62.0;16.2;5.03;40.5;29.3;0.9;0
2393;869346618;Servicios;11.9;2.9;31;-8.3;5;68.8;18.1;3.32;92.9;72.7;17.1;0
2394;847690982;Servicios;6.7;6.2;18;1.9;9;66.6;22.2;3.14;71.4;85.6;1.9;0
2395;834694083;Comercio;11.3;9.1;15;-7.7;4;46.0;9.9;2.55;61.3;59.9;6.7;1
2396;954862226;Comercio;20.7;13.7;16;-5.4;6;75.3;9.3;2.87;92.2;82.9;17.0;0
2397;833896053;Comercio;16.0;9.9;16;6.1;4;57.3;19.8;2.43;58.9;65.1;13.4;0
2398;904569027;Comercio;4.7;4.6;5;14.6;6;85.2;34.7;2.03;53.1;52.9;6.0;0
2399;836071817;Servicios;11.2;2.8;14;-2.5;5;82.0;13.7;3.15;67.7;66.5;14.4;0
2400;988170240;Servicios;27.7;10.0;26;16.5;4;49.0;21.4;3.01;32.6;40.6;27.9;0
2401;897829368;Manufactura;8.6;7.6;12;4.0;4;58.6;9.1;2.72;95.5;84.8;3.3;1
2402;861447951;Manufactura;7.4;3.5;23;1.4;2;43.0;23.2;2.32;47.1;62.8;4.4;1
2403;950101654;Comercio;15.5;9.8;6;4.3;4;62.5;30.8;4.38;30.2;51.5;1.3;0
2404;965658798;Comercio;30.2;25.1;24;4.1;5;80.4;7.2;4.38;63.3;75.8;2.1;0
2405;910257622;Servicios;5.3;3.2;121;-1.1;6;73.3;28.6;2.18;24.4;53.3;4.5;0
2406;942531709;Servicios;4.8;4.1;68;13.9;5;65.7;7.9;3.19;72.8;86.8;1.8;0
2407;959743076;Comercio;8.9;4.2;20;-3.3;7;90.8;17.1;4.31;66.9;74.7;0.2;0
2408;822485872;Tecnología;26.6;11.3;65;9.2;0;35.9;8.7;2.85;59.5;62.3;12.4;1
2409;918201399;Comercio;4.2;2.6;59;-5.5;4;61.3;10.1;2.18;58.4;65.3;5.9;1
2410;828168228;Comercio;1.8;0.7;56;-13.9;4;72.6;10.8;2.44;62.6;56.8;11.4;0
2411;948206602;Servicios;12.2;11.7;144;-19.8;4;60.8;19.8;4.9;84.4;68.1;7.1;1
2412;882769684;Servicios;22.7;14.0;67;8.0;4;64.4;18.3;6.49;72.4;56.9;0.9;0
2413;804106863;Servicios;17.0;13.9;46;15.8;0;40.7;24.8;2.06;28.8;47.6;0.7;1
2414;942619046;Servicios;6.6;3.7;20;11.3;6;84.0;2.7;1.62;27.4;34.1;6.5;0
2415;982510832;Construcción;12.0;6.1;41;1.9;3;57.9;20.4;2.91;68.2;69.5;9.7;0
2416;809879912;Tecnología;13.0;11.4;18;17.6;5;82.6;18.0;3.07;43.4;80.7;31.8;0
2417;976878730;Manufactura;8.3;7.6;25;15.5;2;69.4;16.8;2.42;74.3;80.0;3.4;0
2418;935963404;Manufactura;9.6;4.3;11;8.0;7;84.2;17.6;3.1;51.1;57.1;10.4;0
2419;824666166;Comercio;1.7;1.7;24;24.7;7;74.4;14.1;2.69;57.5;44.5;3.4;0
2420;980774358;Manufactura;12.9;7.8;29;1.2;6;89.8;8.6;4.43;70.0;62.3;3.2;0
2421;840381930;Tecnología;9.3;8.9;10;16.0;5;62.5;29.9;2.75;89.4;77.5;0.6;0
2422;881447593;Transporte;8.0;6.6;49;-9.8;2;72.3;25.9;3.63;92.3;97.2;2.5;0
2423;814196393;Servicios;18.6;6.7;31;-2.6;4;60.1;27.6;3.01;76.2;72.8;9.0;0
2424;926351004;Servicios;14.6;12.3;127;6.6;10;87.0;12.0;3.96;32.2;35.0;22.7;0
2425;933213761;Servicios;4.6;1.0;5;10.6;2;31.7;32.2;4.73;61.0;55.2;1.9;1
2426;801295176;Servicios;6.5;4.2;26;20.2;4;51.2;28.5;3.07;42.6;57.1;5.4;1
2427;999314551;Servicios;27.9;18.6;7;-3.0;4;69.4;25.6;7.56;49.6;72.6;2.4;0
2428;829616707;Construcción;4.9;4.0;103;5.2;7;85.8;6.4;2.54;46.1;63.6;32.7;0
2429;859109122;Manufactura;7.4;4.2;27;-12.2;5;70.1;7.7;4.67;52.3;60.2;28.8;1
2430;859754769;Comercio;7.5;1.5;29;28.6;3;75.0;21.0;1.92;42.0;53.9;11.4;1
2431;867084673;Servicios;15.3;7.6;50;-3.3;3;63.2;6.2;2.9;71.9;47.3;32.0;1
2432;992254542;Servicios;50.0;30.9;19;-2.0;7;100.0;14.0;2.35;52.0;65.9;11.9;0
2433;865648050;Servicios;17.7;17.6;6;-5.2;4;57.3;25.5;4.29;69.2;66.4;3.9;1
2434;921856539;Transporte;21.2;13.1;13;-0.8;3;50.1;38.2;1.67;51.0;58.6;4.9;1
2435;909974752;Servicios;19.1;12.1;56;8.9;5;60.3;21.0;4.99;84.9;59.9;0.0;0
2436;946705410;Comercio;7.5;6.1;52;31.5;4;74.2;22.6;4.17;80.7;61.5;2.6;0
2437;992467834;Servicios;12.0;9.2;47;4.6;8;76.2;20.2;4.69;79.5;57.0;0.7;0
2438;859750627;Comercio;6.6;6.3;30;-8.2;5;58.6;16.6;2.43;45.8;57.7;0.2;0
2439;956915958;Construcción;9.3;6.5;19;10.4;4;67.9;35.1;3.85;45.2;59.1;5.4;1
2440;928044594;Servicios;14.8;7.9;32;-10.9;5;89.3;22.5;5.02;25.3;49.1;4.3;0
2441;979236613;Manufactura;5.7;4.7;115;12.7;8;72.6;19.4;2.86;60.4;69.5;4.0;0
2442;807359640;Tecnología;4.4;1.4;56;7.2;1;57.8;45.9;2.82;86.3;75.3;11.3;1
2443;914193612;Comercio;22.7;18.9;17;-2.6;3;54.6;15.9;3.44;37.5;47.8;3.5;0
2444;946588682;Servicios;8.1;2.2;42;-2.3;6;66.3;8.3;3.35;61.3;41.3;2.4;0
2445;914856974;Comercio;3.7;2.8;21;-1.0;2;43.2;7.5;2.22;49.1;51.2;4.0;0
2446;893708688;Servicios;4.6;3.7;37;15.9;4;51.9;31.6;2.91;71.6;64.4;1.9;0
2447;909171862;Servicios;8.7;6.5;17;5.2;5;77.0;3.3;3.79;48.9;41.8;21.9;0
2448;809909194;Servicios;3.7;1.6;19;5.0;3;75.0;14.3;2.75;40.0;44.6;23.4;0
2449;806843020;Servicios;11.2;3.4;38;6.7;6;58.7;34.9;2.23;42.9;51.9;1.9;1
2450;953797819;Manufactura;12.9;12.7;8;-6.3;4;50.4;14.9;2.41;82.4;58.8;15.2;1
2451;820051463;Servicios;7.2;4.4;71;13.8;5;83.1;13.3;2.77;72.5;56.9;4.1;0
2452;894751134;Servicios;7.6;4.9;8;13.5;4;74.4;14.8;2.42;56.4;58.4;2.2;1
2453;803451273;Servicios;19.4;13.5;19;10.2;3;70.4;7.8;3.01;26.0;52.5;11.8;0
2454;924712775;Tecnología;10.4;5.6;37;26.2;6;80.6;25.9;2.93;46.3;62.4;18.6;0
2455;851843769;Tecnología;8.6;4.8;35;2.2;6;59.7;12.9;3.63;25.6;39.1;0.6;0
2456;885198536;Transporte;17.5;15.4;13;0.5;2;60.9;16.0;1.98;74.9;82.8;8.6;0
2457;908118213;Servicios;16.3;4.5;97;-14.4;4;66.4;32.0;8.07;41.8;41.9;31.5;1
2458;963915774;Manufactura;6.6;3.7;256;-2.8;5;76.4;9.4;2.93;23.8;34.7;12.4;0
2459;937088193;Construcción;4.5;4.4;6;7.7;4;41.3;34.9;4.24;67.6;57.5;7.5;1
2460;875712355;Manufactura;12.0;8.3;37;3.2;5;52.1;17.3;2.43;85.2;91.6;1.1;0
2461;838698331;Tecnología;19.8;15.5;34;3.9;4;66.7;14.6;3.6;53.4;51.0;6.4;0
2462;802783661;Comercio;9.0;5.9;10;1.4;4;55.1;32.3;9.22;82.9;73.5;50.0;1
2463;843886172;Servicios;9.9;2.6;5;25.6;2;54.2;32.7;4.06;60.6;44.6;13.6;1
2464;878592588;Comercio;11.8;9.9;23;-5.1;2;61.8;18.8;4.28;48.1;61.5;8.4;0
2465;886097083;Construcción;12.5;10.5;49;1.6;8;70.3;14.7;3.45;80.5;82.1;5.5;0
2466;816938596;Comercio;7.0;2.8;75;-4.6;6;70.4;17.8;2.33;52.6;56.2;3.6;0
2467;997241414;Transporte;8.2;3.1;22;16.1;5;53.2;21.7;4.12;60.3;59.8;7.3;1
2468;935230180;Servicios;10.0;5.9;28;9.4;5;70.2;3.5;2.87;78.2;84.7;2.2;0
2469;875704668;Manufactura;4.7;4.1;11;-3.1;6;65.3;13.8;4.64;93.4;76.9;13.8;1
2470;942543186;Manufactura;4.8;3.7;19;19.4;4;63.1;10.5;2.4;62.3;62.5;2.0;0
2471;927938225;Servicios;5.7;5.3;34;17.8;4;52.9;2.5;3.52;76.7;91.9;11.3;0
2472;983771719;Servicios;13.5;3.2;34;-2.9;7;88.1;12.8;4.32;71.1;82.2;0.3;0
2473;826469975;Manufactura;6.7;4.7;14;12.7;7;91.0;20.0;4.32;42.9;37.5;6.5;0
2474;849549946;Comercio;15.5;9.2;15;1.1;2;70.7;22.2;2.91;59.7;43.5;0.8;0
2475;994100176;Manufactura;14.8;3.1;6;-9.1;5;73.6;1.8;7.68;68.6;75.8;1.9;0
2476;807991800;Comercio;11.6;4.8;121;-3.2;7;74.4;5.1;2.38;72.2;63.4;5.0;0
2477;936080233;Transporte;5.6;3.9;86;4.2;3;65.4;6.9;2.91;59.3;47.5;5.3;0
2478;967620209;Servicios;13.9;9.6;41;16.7;4;63.0;46.7;2.77;56.5;49.7;12.0;1
2479;852723146;Comercio;10.8;7.3;31;2.0;6;84.4;30.4;3.42;36.5;55.7;11.9;0
2480;960142878;Servicios;6.1;4.8;13;7.1;6;85.8;9.6;3.42;94.5;83.8;16.9;0
2481;970813592;Transporte;4.5;3.6;6;-3.6;3;51.0;23.2;4.12;55.8;59.9;4.8;1
2482;905058062;Construcción;17.3;16.8;27;9.7;3;66.9;6.2;4.15;82.9;72.0;3.8;0
2483;896084993;Manufactura;6.8;2.5;6;8.5;5;84.8;4.2;2.82;39.3;43.5;7.4;0
2484;838193781;Tecnología;2.9;2.9;16;10.3;10;90.5;19.3;2.91;19.8;21.7;2.0;0
2485;968401309;Servicios;7.1;3.7;9;1.5;5;67.0;30.4;3.37;56.6;67.5;22.5;1
2486;819368091;Comercio;3.9;3.7;15;15.5;5;59.0;36.6;4.47;39.4;40.6;4.0;0
2487;813151456;Comercio;3.9;2.7;16;5.1;5;70.4;4.2;2.74;41.2;51.2;25.6;0
2488;978517858;Servicios;11.4;4.0;7;22.8;1;50.5;11.2;2.86;73.0;69.5;2.5;0
2489;867429343;Comercio;14.5;5.0;5;21.7;4;52.1;22.9;2.56;89.5;73.7;7.2;1
2490;955432673;Comercio;6.6;6.4;12;17.9;7;75.7;29.9;5.52;82.5;73.5;7.1;0
2491;954144169;Comercio;12.3;7.0;56;16.7;2;59.0;9.3;4.74;65.4;76.1;0.5;0
2492;902678822;Comercio;10.2;4.1;325;16.7;7;98.4;10.0;2.74;87.1;75.1;4.6;0
2493;923237621;Construcción;17.9;14.1;12;8.6;5;72.2;12.0;2.42;38.2;38.5;10.9;0
2494;811633253;Manufactura;9.8;7.1;43;4.4;1;45.7;9.2;4.25;51.5;74.0;2.5;1
2495;821361458;Transporte;6.1;4.6;76;22.2;7;70.2;28.7;2.89;56.3;61.8;21.4;0
2496;828453230;Comercio;4.9;3.5;40;19.6;2;52.8;11.6;6.49;45.0;51.0;30.8;0
2497;845120347;Servicios;6.2;1.5;41;7.6;6;88.4;15.3;4.65;76.1;80.7;12.6;0
2498;992598298;Comercio;12.4;11.5;53;4.3;6;71.4;18.6;2.85;49.2;62.3;4.3;0
2499;941812054;Construcción;37.3;33.5;54;4.2;5;72.1;4.3;2.88;66.8;64.2;14.8;0
2500;988032048;Tecnología;12.7;12.2;9;5.8;2;63.0;38.7;4.72;61.4;64.9;20.5;1
2501;808392600;Servicios;14.5;6.2;47;-4.0;2;55.0;18.6;4.42;67.7;63.0;4.7;1
2502;999361371;Manufactura;11.3;8.7;8;16.9;2;62.8;10.6;3.31;38.2;53.4;2.4;0
2503;837301821;Servicios;13.8;9.8;35;1.6;2;70.7;1.3;5.12;88.3;97.0;1.9;0
2504;991577217;Comercio;19.4;19.2;28;9.9;5;68.1;9.9;2.85;27.5;20.3;5.7;0
2505;909348927;Servicios;44.4;31.0;102;-10.4;5;66.8;30.0;2.95;20.0;46.1;2.0;0
2506;847045089;Comercio;3.9;2.5;42;13.9;5;58.8;3.1;2.92;73.1;69.4;20.2;0
2507;804368484;Tecnología;12.1;4.8;61;19.6;6;81.3;17.5;3.37;60.0;69.4;12.1;0
2508;958493769;Comercio;21.6;19.6;37;16.3;5;60.2;12.2;2.86;40.5;38.7;19.6;0
2509;920428857;Transporte;18.6;7.3;76;15.9;0;62.9;15.1;2.64;65.0;60.1;8.0;1
2510;896441498;Transporte;15.6;6.0;25;4.9;8;89.2;6.7;2.44;29.1;36.0;4.1;0
2511;800560413;Comercio;10.5;9.4;10;4.2;3;36.7;11.3;3.3;63.6;58.7;10.3;0
2512;826085164;Manufactura;12.3;7.9;9;2.3;5;71.0;22.1;4.67;47.8;57.0;9.1;1
2513;961090629;Comercio;5.8;5.0;11;16.2;3;44.6;18.6;2.28;26.6;29.7;0.7;1
2514;928070366;Comercio;14.1;3.2;86;13.4;10;89.3;30.1;6.55;59.8;53.8;3.4;0
2515;906556325;Servicios;6.1;2.7;316;8.8;5;74.2;17.0;4.01;44.6;61.2;9.2;0
2516;910753679;Construcción;5.7;5.7;8;-10.7;6;55.0;37.6;4.15;56.0;65.7;2.4;1
2517;876854676;Servicios;5.1;4.2;42;13.0;7;74.7;11.3;5.31;90.6;75.5;49.3;0
2518;863020164;Servicios;26.2;7.1;10;-7.0;2;65.5;6.6;2.28;87.9;85.1;10.9;1
2519;929513765;Servicios;22.3;18.8;24;3.2;1;56.6;5.0;3.96;72.8;46.2;15.9;0
2520;945447095;Servicios;7.5;6.3;29;14.0;4;63.2;14.9;2.82;39.1;57.1;5.5;0
2521;926571495;Manufactura;17.6;16.8;8;15.5;1;39.7;23.8;4.1;55.2;60.6;12.9;0
2522;965019488;Servicios;7.7;1.7;23;4.2;3;61.8;39.7;1.8;44.7;78.3;6.3;1
2523;987476078;Transporte;39.7;34.3;68;4.3;2;46.9;15.1;3.09;35.0;45.3;1.9;0
2524;812437090;Construcción;15.2;11.0;63;-8.1;5;73.5;32.8;3.46;86.3;66.2;11.7;0
2525;970380785;Comercio;8.1;3.6;7;1.2;6;64.9;8.9;3.04;49.0;55.3;15.6;0
2526;846534002;Servicios;4.2;2.0;17;2.6;2;56.5;26.0;2.45;30.1;40.6;3.5;1
2527;853738547;Servicios;13.1;3.1;17;18.9;7;70.0;7.2;2.61;55.8;67.2;3.8;0
2528;993113908;Construcción;9.5;2.3;46;-1.9;4;65.4;18.4;3.88;63.6;64.5;8.9;0
2529;809239160;Servicios;6.5;5.5;45;8.9;5;72.8;10.1;3.77;53.8;52.6;0.4;0
2530;831810968;Servicios;5.1;2.2;94;22.0;6;64.7;5.2;5.15;55.0;62.0;0.6;0
2531;866311830;Servicios;7.9;4.7;19;-10.3;3;73.3;27.8;1.73;61.0;57.6;30.1;0
2532;959910903;Construcción;3.6;1.6;9;10.2;7;62.3;22.3;3.23;23.5;35.9;8.1;0
2533;988031584;Comercio;7.3;3.8;80;-30.0;6;73.4;20.7;2.64;43.4;51.4;15.1;0
2534;839788357;Comercio;4.6;1.8;11;10.2;1;29.2;20.9;2.58;65.1;65.8;5.6;1
2535;951940026;Construcción;3.4;3.2;25;-2.4;3;47.3;16.3;3.78;56.9;75.4;6.6;1
2536;890984454;Servicios;7.3;6.1;24;3.2;4;67.8;17.6;4.65;27.1;37.7;4.3;0
2537;991348036;Transporte;5.1;5.1;118;11.3;4;63.9;7.1;2.85;76.6;75.2;22.0;0
2538;803206192;Transporte;3.6;1.9;9;7.7;4;67.6;13.4;3.96;69.2;70.4;1.1;0
2539;917788307;Manufactura;22.1;14.7;26;5.9;6;72.4;16.2;3.58;54.6;65.9;9.2;0
2540;945698108;Comercio;5.6;4.4;21;18.0;8;96.3;11.4;2.21;63.1;66.4;4.4;0
2541;890532653;Comercio;3.6;1.6;5;-12.8;4;68.3;24.0;3.72;54.5;58.3;9.2;1
2542;964022966;Servicios;11.8;5.7;10;4.0;7;70.5;13.6;2.76;44.0;31.5;10.4;0
2543;889163319;Transporte;22.9;22.3;42;2.4;9;62.6;10.7;3.01;28.7;39.5;16.6;0
2544;955557966;Servicios;22.1;16.7;8;7.4;5;46.5;26.7;3.76;71.3;79.3;0.4;0
2545;829832893;Servicios;6.0;5.8;22;10.7;4;45.3;30.7;5.85;37.4;61.6;40.0;1
2546;984035273;Transporte;17.2;15.2;12;9.8;8;78.0;21.7;4.7;41.7;26.7;24.2;0
2547;891495664;Servicios;2.8;2.4;12;-14.5;7;78.4;20.5;6.13;86.4;88.6;0.6;0
2548;881494106;Servicios;5.0;2.2;140;2.6;4;64.6;14.1;2.53;81.0;76.1;10.1;1
2549;849093487;Manufactura;31.5;18.9;6;1.2;4;56.1;17.4;1.88;28.2;44.5;13.0;0
2550;872170598;Comercio;3.4;2.9;94;-0.6;5;77.6;17.3;6.65;63.2;58.4;30.0;0
2551;814045667;Transporte;8.7;4.8;71;-5.3;5;67.2;12.0;2.86;81.7;59.1;1.4;0
2552;872019923;Servicios;12.9;9.7;5;-4.7;7;70.3;9.0;1.33;38.2;41.7;20.3;1
2553;900713976;Tecnología;1.8;1.0;10;5.6;4;67.5;30.6;4.95;21.8;30.7;20.5;1
2554;821581960;Servicios;8.1;3.5;48;2.4;5;59.7;11.6;3.56;76.6;93.0;1.4;0
2555;894506886;Servicios;15.0;11.4;16;8.0;3;49.3;1.7;4.52;60.2;53.8;1.4;1
2556;899045268;Servicios;5.3;5.1;9;-4.8;2;36.1;9.4;3.26;62.9;73.6;25.0;1
2557;908034468;Manufactura;3.2;2.0;52;4.3;0;52.1;9.1;5.25;77.3;64.9;14.6;1
2558;866778718;Servicios;2.2;0.9;15;-7.3;4;58.7;30.3;7.34;57.9;56.8;0.8;1
2559;973794096;Servicios;11.6;7.7;38;15.7;6;75.6;7.3;1.47;43.5;52.8;2.9;0
2560;975539235;Construcción;8.0;4.3;20;12.5;4;54.7;10.5;3.5;35.1;48.4;50.0;0
2561;924231211;Tecnología;5.4;1.5;11;3.1;3;53.5;10.3;2.99;69.9;75.2;1.4;1
2562;816283567;Tecnología;8.1;8.0;14;-13.7;8;85.3;14.4;3.11;76.9;57.4;0.6;0
2563;882075024;Comercio;16.9;12.3;9;7.8;6;71.4;18.1;1.69;92.0;74.5;9.8;0
2564;809196658;Transporte;11.1;7.6;16;-3.9;3;60.3;17.1;3.03;33.9;42.3;1.1;1
2565;996216030;Servicios;5.3;2.6;27;12.2;3;76.6;24.2;2.31;76.3;66.4;3.3;1
2566;945456911;Construcción;18.8;11.4;53;-10.9;4;70.8;27.4;3.12;85.4;75.4;10.4;1
2567;988991083;Servicios;15.5;12.5;15;8.3;3;70.8;10.6;3.0;40.0;31.9;24.7;0
2568;995497640;Servicios;17.1;9.2;48;33.2;5;72.6;33.5;2.4;66.8;74.6;13.7;0
2569;819680813;Tecnología;8.4;6.7;42;5.4;4;74.8;22.8;3.71;47.3;55.5;0.4;0
2570;851475239;Comercio;20.5;13.6;6;12.4;6;80.1;15.8;4.37;53.0;63.7;6.8;0
2571;805972947;Servicios;23.9;19.8;16;-1.1;4;60.0;9.9;3.05;87.4;73.4;4.5;0
2572;866703748;Transporte;15.5;4.4;10;17.7;7;67.0;10.0;4.66;30.9;62.1;1.7;0
2573;887810894;Tecnología;14.1;10.9;17;14.7;5;50.1;27.4;5.15;82.9;62.1;10.0;1
2574;821687699;Construcción;13.6;8.5;80;-15.9;1;61.4;2.6;4.64;43.2;57.9;7.5;1
2575;941809588;Comercio;7.7;4.8;10;6.2;10;100.0;46.8;5.36;54.1;57.4;10.7;1
2576;879105033;Comercio;6.5;6.0;13;-0.3;4;76.1;10.2;2.4;29.8;55.0;39.9;0
2577;828320024;Comercio;13.3;8.9;66;10.2;4;48.5;27.7;3.79;32.4;42.9;50.0;0
2578;949544982;Servicios;3.3;1.2;55;-11.5;5;58.0;18.4;4.36;24.6;27.7;6.8;1
2579;990631914;Servicios;6.2;3.3;96;2.1;6;69.4;22.3;2.63;54.6;43.8;6.4;1
2580;816945017;Servicios;2.7;2.4;9;0.8;7;67.2;10.9;3.99;48.8;51.8;1.9;0
2581;972026373;Comercio;5.3;4.1;28;2.2;2;40.4;11.9;7.43;84.6;82.9;0.5;1
2582;955760640;Comercio;12.6;5.2;82;14.6;4;80.1;12.6;1.82;74.4;71.8;8.3;0
2583;854695685;Comercio;9.5;5.1;32;5.3;9;67.8;2.5;1.84;76.0;81.0;1.0;0
2584;918730854;Servicios;11.9;11.9;24;10.7;5;46.2;13.0;2.76;86.6;45.7;16.3;0
2585;872816955;Comercio;13.8;11.5;7;1.3;6;85.2;33.8;1.91;66.9;52.0;6.5;1
2586;947173095;Transporte;9.5;2.5;6;-4.4;7;87.6;14.1;5.02;34.4;33.8;4.4;0
2587;892749782;Transporte;1.2;0.5;109;-5.0;5;57.5;10.1;2.39;77.0;59.5;8.4;0
2588;849211931;Servicios;3.3;0.7;85;-1.3;5;67.8;6.6;2.76;75.0;81.5;5.1;0
2589;924075635;Transporte;7.9;2.6;15;15.3;1;32.8;32.1;3.37;66.5;78.0;17.1;1
2590;911469175;Comercio;5.1;1.6;46;8.2;0;44.4;7.2;2.4;70.1;74.7;15.3;0
2591;862676407;Servicios;3.4;2.8;52;12.3;7;71.5;31.2;5.12;34.1;24.1;3.6;0
2592;986917610;Tecnología;9.3;2.1;8;-21.5;7;83.7;4.4;2.8;49.3;33.8;10.4;0
2593;857258992;Servicios;2.3;1.2;48;18.3;7;77.3;18.4;4.84;77.7;76.8;1.8;0
2594;856047832;Servicios;16.5;6.1;28;18.5;0;48.2;10.0;4.65;81.5;69.9;10.3;0
2595;910071959;Transporte;12.6;8.7;34;14.3;3;60.3;8.0;3.71;41.8;49.5;6.3;1
2596;895438403;Comercio;9.2;3.0;31;-0.9;5;73.3;26.9;4.49;30.9;52.8;0.6;0
2597;849658280;Transporte;9.7;6.8;66;23.1;7;85.3;16.6;2.86;76.6;94.2;3.4;0
2598;862592425;Transporte;5.2;2.8;19;7.8;7;74.6;8.5;3.19;81.4;64.7;6.5;0
2599;984075725;Manufactura;1.3;0.8;18;14.0;3;44.0;18.2;4.85;11.6;26.7;2.4;1
2600;999090854;Construcción;11.2;7.5;64;-6.6;4;66.6;12.0;2.97;65.7;63.0;21.2;0
2601;917679132;Comercio;6.2;4.2;22;3.3;6;66.6;4.7;2.81;49.7;52.0;8.4;0
2602;893133896;Servicios;7.9;6.1;78;8.3;6;83.0;12.3;4.81;79.3;46.1;2.9;0
2603;867614121;Transporte;3.3;0.8;34;4.2;4;54.9;6.5;4.41;71.9;63.6;30.4;0
2604;846580595;Comercio;3.3;3.2;36;8.1;10;86.9;36.1;2.32;50.3;37.2;7.5;0
2605;911903401;Transporte;7.0;6.6;5;8.9;5;72.3;23.0;3.68;73.0;49.4;3.3;0
2606;893550917;Servicios;12.6;4.7;30;-3.7;4;54.5;28.0;2.67;67.1;66.0;22.3;1
2607;964203050;Construcción;20.1;19.1;71;22.6;7;71.5;16.4;4.91;58.7;58.0;12.7;0
2608;922946985;Comercio;12.2;7.6;33;12.5;3;49.2;8.6;4.33;69.3;58.5;1.3;0
2609;837412565;Manufactura;18.5;17.3;64;-8.6;6;77.6;8.2;3.21;34.9;22.0;3.9;0
2610;801236617;Servicios;9.5;5.2;21;-6.0;4;49.9;6.5;4.89;58.3;65.7;6.9;1
2611;947533055;Servicios;4.3;3.2;29;7.5;2;43.8;16.9;3.36;88.0;85.0;20.6;1
2612;961547883;Manufactura;8.9;8.8;29;5.2;3;49.7;12.7;2.99;83.2;78.2;32.3;0
2613;828324031;Comercio;31.4;29.1;187;6.8;4;79.0;6.1;4.63;43.3;45.5;7.0;0
2614;896749318;Servicios;48.9;39.7;15;-13.3;5;49.7;22.8;2.58;85.9;89.1;1.6;0
2615;893888401;Comercio;17.0;12.0;22;-1.5;3;56.1;11.5;3.08;56.2;59.9;31.1;0
2616;817842261;Servicios;6.4;1.9;23;12.0;6;55.9;17.1;5.29;42.7;42.0;0.6;1
2617;891628389;Tecnología;6.6;2.3;38;20.6;4;72.0;3.3;2.25;31.2;50.4;1.5;0
2618;805538862;Comercio;11.2;5.6;52;-1.8;2;64.8;28.2;2.0;62.8;48.4;3.1;1
2619;901180786;Servicios;5.3;2.8;61;0.5;5;57.9;2.0;5.46;67.7;54.3;0.5;0
2620;881299477;Construcción;7.5;6.4;84;-2.1;5;76.6;10.0;3.55;58.9;49.9;2.2;0
2621;839916603;Servicios;38.7;16.2;138;-6.2;2;55.2;26.0;2.75;86.3;76.5;10.4;0
2622;940417265;Manufactura;22.2;14.9;80;21.6;8;86.9;11.2;4.01;80.9;74.7;1.8;0
2623;994802793;Construcción;23.9;9.9;136;-8.8;6;73.7;17.4;5.21;79.4;84.3;49.6;0
2624;881604775;Servicios;21.1;14.6;34;5.1;5;67.4;16.6;3.41;68.2;61.5;16.5;0
2625;957504793;Comercio;11.5;8.8;9;-0.0;3;61.0;2.1;2.04;82.0;77.7;6.4;0
2626;971183809;Construcción;4.8;2.2;8;17.3;6;72.1;18.4;4.79;16.5;31.7;7.0;0
2627;814478429;Servicios;20.7;15.6;6;1.0;5;79.4;16.9;4.08;79.3;70.0;8.4;0
2628;868854392;Servicios;5.8;5.7;30;21.8;2;61.2;21.7;3.41;86.2;80.8;14.1;0
2629;841466063;Transporte;4.8;4.2;19;4.7;5;65.6;16.1;2.31;35.9;49.1;2.1;1
2630;845575137;Comercio;3.5;2.0;20;8.6;7;85.4;15.4;2.91;32.8;42.3;7.1;0
2631;843789571;Tecnología;17.0;4.5;38;2.4;3;41.1;25.5;7.76;78.8;60.6;14.3;1
2632;908940560;Tecnología;11.5;5.3;123;12.8;0;44.3;28.5;2.6;70.1;82.6;20.0;0
2633;964999192;Servicios;13.1;7.8;31;-1.9;5;61.7;42.6;2.69;28.5;52.9;8.7;1
2634;846369312;Transporte;18.0;17.1;10;4.2;7;64.9;26.7;3.07;77.1;74.2;10.3;0
2635;991134121;Servicios;11.2;3.9;31;4.0;3;29.3;36.4;2.04;30.6;41.6;4.6;1
2636;801856362;Manufactura;21.5;16.5;125;-4.6;10;97.2;35.5;5.32;95.5;79.8;19.4;0
2637;921177673;Comercio;7.0;2.2;55;19.5;5;60.6;10.2;2.12;50.0;66.8;50.0;0
2638;806057172;Construcción;13.3;9.3;11;-1.4;0;47.2;9.9;3.02;69.3;64.1;1.4;1
2639;989803614;Servicios;4.7;3.5;68;-2.6;3;60.3;16.9;3.75;38.8;43.5;3.5;1
2640;983171624;Servicios;4.5;3.1;51;-7.2;7;63.8;21.0;4.01;55.4;49.6;1.2;1
2641;898104239;Manufactura;15.1;13.8;142;-2.2;3;58.0;29.8;3.31;48.2;35.9;3.4;1
2642;847549390;Comercio;3.0;1.5;33;20.9;5;76.5;26.5;4.02;68.3;62.2;7.6;0
2643;945714193;Manufactura;5.8;3.7;39;15.4;5;65.1;3.8;4.52;32.5;50.4;15.1;0
2644;973368663;Comercio;3.0;2.3;5;-8.3;4;45.1;11.1;2.3;88.6;70.0;6.9;1
2645;858601466;Construcción;9.2;5.3;15;-4.1;4;69.0;12.6;5.21;22.2;45.7;3.2;1
2646;848701394;Comercio;7.0;1.6;7;11.5;3;50.6;39.8;3.84;35.8;38.9;0.2;1
2647;861833920;Construcción;8.7;5.4;70;17.7;5;65.5;20.3;2.82;92.0;65.8;22.4;0
2648;940382356;Construcción;23.7;11.6;111;6.8;5;70.0;27.7;2.63;73.7;64.7;6.2;0
2649;841824768;Comercio;7.7;4.9;22;4.0;4;72.1;23.3;4.71;53.9;60.2;19.1;1
2650;961178988;Comercio;13.5;9.9;37;-2.3;1;35.4;24.5;4.0;63.2;84.7;0.2;0
2651;807423542;Servicios;12.5;8.9;10;7.2;3;50.7;23.9;2.24;79.1;69.1;2.4;0
2652;837122900;Comercio;13.6;4.2;24;-5.6;5;73.7;13.3;4.08;85.0;79.7;30.3;1
2653;912442987;Servicios;11.5;4.7;20;11.5;5;70.6;4.8;3.71;41.5;21.4;50.0;0
2654;959647644;Manufactura;5.2;1.1;25;-4.8;4;59.4;21.0;2.15;67.1;82.0;1.2;0
2655;845605255;Transporte;6.9;3.6;37;-3.8;6;77.1;12.8;3.33;59.9;71.1;15.6;0
2656;959570203;Construcción;7.1;4.1;5;-9.7;7;91.6;21.9;3.55;56.8;65.2;19.0;0
2657;881920909;Construcción;6.6;6.5;48;9.7;7;76.7;7.2;4.18;43.3;70.3;0.9;0
2658;880916277;Servicios;7.2;5.4;25;11.4;7;91.6;17.3;2.8;66.6;66.5;8.4;0
2659;854023569;Comercio;8.5;2.6;22;2.9;4;64.9;16.9;4.46;27.6;33.0;17.8;1
2660;885247913;Servicios;8.3;2.2;18;17.4;4;66.9;31.4;5.14;78.7;81.4;4.4;1
2661;913504761;Comercio;4.7;2.1;36;-6.1;4;58.4;18.0;5.71;42.4;51.0;1.2;1
2662;941981317;Transporte;8.0;4.3;156;16.1;5;64.8;18.5;2.31;73.8;75.0;8.1;0
2663;812363821;Servicios;12.7;6.9;62;-14.8;8;73.1;8.8;4.87;72.0;55.9;17.1;0
2664;864912155;Tecnología;14.2;9.0;16;5.7;8;77.5;18.3;2.94;54.4;55.7;40.6;0
2665;972202416;Construcción;11.0;9.2;72;0.4;4;68.0;13.3;3.13;82.1;93.8;0.4;0
2666;825774868;Manufactura;7.8;5.0;26;-10.1;4;61.3;11.2;3.28;50.3;35.8;7.6;1
2667;899850829;Tecnología;3.9;3.6;78;-3.7;6;64.6;19.8;3.57;40.2;23.5;10.1;1
2668;974819907;Servicios;11.8;11.4;51;23.6;6;85.8;34.7;4.07;29.9;53.6;14.2;0
2669;962828492;Servicios;26.3;24.0;18;-1.0;7;79.3;17.2;3.35;43.3;67.4;28.5;0
2670;982134791;Construcción;23.7;9.2;5;-4.7;7;93.9;12.2;3.03;72.7;65.1;17.6;0
2671;874087399;Comercio;6.8;4.8;22;6.0;5;77.0;7.6;2.54;38.3;52.2;13.6;0
2672;969924942;Comercio;17.7;6.3;47;20.7;4;69.0;2.7;2.66;90.5;74.2;4.0;0
2673;831723212;Servicios;15.1;4.5;26;-1.8;6;79.7;23.0;1.6;51.0;43.4;31.8;1
2674;833160124;Manufactura;14.8;5.1;46;0.7;4;77.9;27.7;4.45;26.5;56.8;9.3;1
2675;853305250;Comercio;14.8;11.2;136;3.0;4;71.7;21.1;5.89;74.9;67.4;1.6;0
2676;909522087;Manufactura;2.0;1.4;11;19.6;8;92.4;11.7;7.14;41.4;59.4;3.7;0
2677;926045256;Comercio;15.0;9.6;75;-4.1;5;67.9;9.5;2.83;9.9;43.8;1.6;0
2678;833373407;Tecnología;8.0;7.6;23;3.5;5;55.4;21.7;6.35;67.6;59.8;15.2;1
2679;833397517;Manufactura;13.8;4.6;8;3.7;5;70.2;11.3;4.98;26.4;31.0;11.3;1
2680;858442320;Servicios;9.1;7.4;129;5.6;7;81.8;9.4;2.16;58.5;71.3;5.6;0
2681;984512611;Servicios;11.1;5.8;27;-0.2;6;63.0;8.4;2.14;50.4;46.9;1.9;0
2682;985663008;Manufactura;13.8;8.7;5;0.8;8;87.7;20.8;3.15;44.9;44.7;15.0;0
2683;806910060;Transporte;11.1;3.7;27;13.2;5;78.2;11.9;4.07;79.6;61.9;1.8;0
2684;917163179;Servicios;12.4;5.9;27;-0.7;6;85.7;0.5;2.75;36.6;49.8;1.4;0
2685;929510951;Servicios;15.8;7.7;10;24.2;4;71.2;46.6;3.39;82.1;85.5;7.5;0
2686;854948535;Manufactura;24.6;6.6;10;-4.6;3;59.0;12.2;3.88;39.6;32.9;16.3;1
2687;942748290;Manufactura;3.1;2.0;14;-4.1;5;85.1;7.6;5.13;22.2;30.0;18.1;0
2688;836804116;Servicios;5.7;4.7;6;20.4;1;49.4;16.8;3.22;20.2;17.0;0.6;1
2689;838737538;Comercio;10.1;2.2;24;6.0;5;70.3;26.7;1.82;65.9;62.4;9.6;0
2690;938831886;Transporte;9.7;5.6;37;6.2;3;76.9;12.2;2.92;82.7;74.3;11.5;0
2691;957540063;Transporte;24.3;22.9;48;15.0;2;49.5;7.4;4.02;45.3;47.3;6.7;0
2692;906071029;Transporte;3.9;3.1;32;7.1;3;50.2;18.4;3.78;32.9;51.1;1.6;1
2693;923439254;Construcción;10.8;9.4;7;9.0;6;69.1;15.7;2.07;70.4;70.2;10.0;0
2694;905542554;Transporte;5.5;1.8;11;16.3;3;35.1;6.4;3.56;78.9;66.2;1.0;0
2695;854390123;Comercio;7.7;3.4;21;13.5;3;53.2;21.8;3.26;77.7;71.6;4.9;0
2696;906196160;Comercio;3.6;2.2;14;6.9;0;49.0;9.5;2.71;87.6;75.2;5.4;1
2697;825182450;Manufactura;5.0;1.6;78;5.2;4;70.6;25.1;5.35;70.0;56.4;6.5;0
2698;968129727;Servicios;8.2;4.2;92;23.5;9;75.9;12.5;2.94;38.8;67.4;1.5;0
2699;853850573;Comercio;9.4;4.5;19;19.8;6;69.3;25.4;2.22;43.0;27.1;3.6;0
2700;999212782;Comercio;7.7;5.9;12;2.8;4;94.7;25.5;3.01;82.1;65.7;11.9;0
2701;992597972;Servicios;5.2;3.5;8;16.0;3;49.8;27.8;3.35;75.7;73.8;1.7;0
2702;970085227;Servicios;10.4;9.0;70;5.0;6;71.6;15.9;1.88;59.3;62.1;3.4;0
2703;962674752;Servicios;6.4;5.5;74;-6.3;4;80.5;22.0;3.49;55.2;54.7;14.6;0
2704;870350968;Servicios;6.2;1.5;9;-4.8;2;53.2;17.6;6.46;65.2;67.6;1.7;1
2705;930772897;Comercio;4.9;4.1;28;9.7;6;74.7;21.3;5.65;66.9;58.3;6.2;0
2706;981525752;Servicios;15.8;3.3;52;15.6;2;38.6;38.2;1.83;61.5;60.6;0.2;1
2707;902365356;Servicios;5.5;4.7;48;-2.3;2;51.9;16.2;3.1;56.7;65.6;7.7;1
2708;948567812;Construcción;3.2;2.4;10;5.2;5;59.6;9.1;4.21;50.8;61.2;10.1;0
2709;859557910;Servicios;6.5;5.4;7;2.9;5;79.3;44.0;3.75;29.4;52.9;23.1;1
2710;845231630;Comercio;7.5;6.0;61;9.8;5;53.2;19.1;2.79;79.7;70.1;1.5;0
2711;873526527;Servicios;13.0;6.6;21;16.5;4;61.5;10.3;2.62;70.7;76.2;0.8;0
2712;888956733;Construcción;23.6;8.8;50;-1.5;3;65.2;8.1;4.67;56.6;45.4;6.8;1
2713;899528464;Manufactura;2.7;0.8;39;17.1;4;65.3;13.4;4.33;38.1;49.3;18.4;0
2714;837895802;Transporte;9.3;5.2;25;17.7;2;59.4;30.3;3.95;92.1;84.5;8.0;1
2715;931694442;Manufactura;9.2;2.7;25;-2.2;9;73.8;18.3;1.89;63.0;86.7;14.3;1
2716;864155663;Transporte;2.9;1.0;24;30.9;5;73.2;12.6;3.66;74.9;77.7;10.1;0
2717;896452665;Servicios;5.9;5.8;11;5.3;5;58.8;16.2;3.05;67.5;50.0;10.9;0
2718;973958635;Comercio;26.8;10.4;46;11.5;5;67.1;12.4;2.56;33.5;36.7;19.5;0
2719;926665350;Manufactura;26.7;25.9;81;-13.5;5;67.6;11.9;2.26;77.1;78.1;20.8;0
2720;991506512;Manufactura;8.1;3.8;5;9.7;6;67.1;13.0;2.8;59.2;57.9;6.3;0
2721;950142461;Servicios;39.7;28.5;11;20.7;7;67.0;17.2;2.73;55.2;66.8;0.2;0
2722;937844099;Construcción;5.8;5.6;33;0.9;4;75.1;12.7;2.94;57.2;53.4;0.4;0
2723;859915453;Construcción;16.0;8.9;47;-5.5;5;90.0;19.2;2.97;70.7;76.1;16.6;0
2724;803629683;Servicios;11.0;2.5;6;4.5;4;67.0;18.1;4.02;65.0;50.3;32.5;0
2725;895315512;Servicios;8.3;4.3;16;18.4;1;46.4;12.3;2.85;65.5;63.6;17.1;0
2726;828776420;Tecnología;14.4;3.2;23;-7.0;6;83.0;17.9;2.81;87.0;80.3;0.2;0
2727;834437594;Comercio;10.8;7.3;28;1.4;3;66.3;4.3;4.44;89.4;96.2;1.1;0
2728;849429690;Comercio;11.3;6.9;20;4.4;6;66.1;21.5;3.5;71.7;65.7;1.2;0
2729;899605913;Comercio;7.2;3.3;11;3.2;5;76.7;8.6;2.08;30.5;25.0;14.5;0
2730;967043387;Manufactura;10.2;4.8;15;-1.5;5;61.6;18.8;1.46;61.6;59.2;26.1;1
2731;867705315;Servicios;13.6;13.4;101;26.6;3;68.0;13.2;6.34;26.5;42.0;24.3;0
2732;887134915;Comercio;6.2;2.7;22;-7.6;6;69.4;6.2;3.87;65.7;46.3;30.6;0
2733;942777343;Servicios;7.1;6.9;47;-7.0;4;74.5;7.7;2.94;62.2;61.4;4.0;1
2734;961887239;Servicios;17.0;10.0;40;12.1;5;70.2;20.1;2.72;70.3;50.3;21.7;0
2735;965682632;Comercio;12.3;9.0;15;36.4;7;74.1;25.6;5.26;12.5;19.3;2.4;0
2736;912630360;Transporte;50.0;48.4;125;9.3;2;53.7;3.1;5.02;59.5;68.9;2.2;0
2737;800199510;Servicios;25.8;21.1;28;16.9;8;89.5;27.9;5.2;83.3;73.9;7.5;0
2738;998078915;Construcción;6.2;2.7;5;6.9;0;56.4;26.7;3.21;13.5;19.7;6.6;1
2739;906695240;Comercio;10.2;9.6;18;10.9;5;78.3;40.2;2.31;41.3;41.9;3.6;0
2740;843214411;Transporte;23.7;8.9;12;-10.2;6;61.7;10.7;2.81;35.0;39.4;1.3;0
2741;836422744;Transporte;22.7;18.5;116;-0.7;1;60.4;21.4;2.64;81.5;85.9;3.5;0
2742;913397238;Servicios;5.7;5.3;26;-4.8;5;59.7;19.8;3.66;87.8;80.0;3.3;0
2743;983798415;Comercio;5.6;3.5;21;27.2;7;82.0;10.9;4.13;67.5;58.1;23.4;0
2744;839561089;Servicios;13.3;12.6;10;-0.0;5;77.0;28.5;4.28;93.7;88.7;23.4;0
2745;845812545;Tecnología;4.6;3.3;8;-2.6;3;58.0;32.5;2.82;65.2;49.4;48.7;1
2746;851974709;Transporte;3.3;1.7;19;-2.8;4;56.3;4.2;3.5;47.0;51.7;1.6;0
2747;848732547;Servicios;5.8;3.6;20;17.6;7;72.5;17.8;3.52;39.4;59.6;10.0;0
2748;955622225;Servicios;11.5;9.8;48;6.7;3;70.0;30.2;2.23;76.2;90.2;5.0;0
2749;943152392;Comercio;5.5;4.9;67;9.3;5;65.7;14.6;4.71;54.8;47.7;4.7;0
2750;848829443;Servicios;5.5;1.5;59;2.8;6;79.5;19.2;2.61;79.3;70.8;0.8;0
2751;864302473;Transporte;6.9;2.6;17;20.3;5;88.0;26.6;2.78;66.6;81.8;12.0;0
2752;956822809;Comercio;9.9;5.5;36;7.7;3;60.0;15.4;4.74;64.5;72.7;0.6;0
2753;858722597;Servicios;13.0;3.2;9;-4.2;5;63.7;24.5;4.1;43.1;44.0;1.2;1
2754;999376441;Construcción;3.5;1.7;33;-9.7;5;62.8;28.7;3.28;33.6;41.2;6.1;1
2755;977695201;Transporte;8.7;3.8;7;16.2;9;90.9;10.9;1.98;55.1;66.0;2.3;0
2756;914863455;Servicios;5.9;2.4;33;1.2;8;84.9;12.4;3.43;69.6;50.9;0.7;0
2757;828524951;Servicios;13.4;5.7;38;3.2;0;26.0;19.5;2.47;48.8;44.9;1.4;1
2758;802195589;Comercio;12.8;5.9;115;-1.2;5;67.9;6.4;1.51;77.3;75.5;27.0;1
2759;880486743;Servicios;19.2;9.0;82;15.3;4;66.3;17.4;3.1;58.3;72.2;19.9;0
2760;826821585;Servicios;1.4;0.3;45;11.6;6;63.5;10.3;2.36;65.2;49.1;9.7;0
2761;922727106;Construcción;14.7;4.6;20;0.1;6;83.4;4.7;1.99;77.1;70.9;15.7;0
2762;920574126;Servicios;4.4;2.1;12;-5.3;0;39.9;18.7;1.99;25.9;19.9;2.2;1
2763;806239099;Servicios;15.2;14.6;5;5.0;6;71.8;16.0;2.99;70.0;67.5;9.4;0
2764;878454820;Comercio;5.5;4.9;44;15.3;4;59.4;24.0;5.44;45.9;83.0;15.0;0
2765;876808734;Manufactura;4.9;2.9;9;6.6;5;62.8;27.2;4.0;81.1;80.8;1.0;0
2766;818245142;Construcción;50.0;38.0;15;0.8;0;56.5;18.5;5.05;75.2;79.3;6.7;0
2767;904445734;Tecnología;15.2;6.2;30;7.4;2;48.6;17.7;2.97;54.2;62.4;11.1;1
2768;934764779;Servicios;32.2;23.4;21;15.9;5;69.9;7.5;3.03;71.6;68.0;2.2;0
2769;948334621;Construcción;2.1;1.9;22;11.9;5;74.3;14.7;4.14;84.9;55.0;0.5;0
2770;834480519;Comercio;14.0;4.5;43;12.3;5;58.5;35.2;5.19;69.0;64.6;15.4;0
2771;823037632;Servicios;27.4;11.5;27;11.2;6;61.9;23.0;2.36;45.9;59.6;0.6;0
2772;932117266;Comercio;10.3;2.3;49;12.8;7;81.9;9.7;4.36;51.6;68.9;11.3;0
2773;965571054;Comercio;8.7;3.0;87;6.0;4;78.1;18.7;3.68;29.6;54.2;0.1;0
2774;854019609;Comercio;25.0;7.2;19;-2.9;4;61.5;25.5;3.67;88.3;74.4;4.7;0
2775;851765524;Construcción;7.6;4.0;5;-1.8;3;53.1;20.7;2.38;79.9;65.3;0.6;1
2776;872969056;Servicios;9.9;5.5;100;12.1;4;30.7;17.1;4.15;53.6;57.9;8.5;0
2777;804862867;Comercio;20.5;13.7;16;-10.0;0;58.3;4.7;2.56;80.9;72.3;2.6;1
2778;994246329;Servicios;7.5;6.3;13;16.8;8;81.5;24.9;2.14;29.4;20.0;11.0;0
2779;938465949;Manufactura;33.5;17.3;135;11.2;7;69.8;11.3;2.95;71.4;64.6;38.3;0
2780;982523913;Servicios;6.3;1.4;16;17.6;2;44.3;5.3;3.29;39.3;34.1;8.7;1
2781;977807275;Comercio;9.6;6.3;9;22.2;2;39.8;7.8;2.86;59.2;61.2;17.8;1
2782;863175564;Servicios;9.0;2.8;196;9.4;3;55.4;20.2;2.31;78.4;78.5;2.6;0
2783;892407462;Servicios;11.3;9.0;20;12.4;4;68.1;10.8;1.87;57.7;56.3;4.3;0
2784;941740633;Servicios;27.8;15.7;27;10.1;4;49.7;17.9;3.7;80.5;68.4;0.1;0
2785;840824068;Transporte;7.8;6.8;111;13.6;2;44.1;12.6;2.04;52.6;57.6;2.7;1
2786;938040771;Tecnología;13.1;4.5;36;-2.5;5;78.7;18.3;2.32;58.4;70.7;1.4;0
2787;910614299;Comercio;2.6;1.6;38;3.1;5;79.4;21.1;1.52;32.4;55.4;1.5;1
2788;923959673;Tecnología;5.5;2.5;22;4.3;3;64.6;19.1;6.3;74.0;77.0;4.0;0
2789;805020076;Servicios;4.2;3.0;31;7.8;6;75.3;17.0;3.47;41.1;55.0;0.8;0
2790;921595097;Construcción;7.0;3.1;239;4.9;5;58.1;11.1;2.16;96.7;66.8;10.8;0
2791;914263342;Manufactura;5.2;4.7;82;2.1;2;47.4;14.7;4.59;56.5;83.5;23.3;1
2792;991925348;Comercio;5.4;3.8;38;-10.7;8;71.8;7.3;4.58;41.0;54.9;44.6;0
2793;914384031;Manufactura;11.0;9.2;10;10.8;3;74.3;26.8;2.77;50.6;55.1;1.5;0
2794;903135201;Transporte;33.0;27.4;7;-5.1;7;89.7;16.4;1.77;93.0;87.3;10.0;0
2795;812427974;Transporte;6.1;2.2;55;-1.8;1;47.6;14.2;1.98;33.9;43.0;2.4;1
2796;847828252;Servicios;16.1;4.3;11;8.5;6;61.8;11.6;2.8;94.6;69.9;32.9;0
2797;980988013;Manufactura;12.3;6.1;22;-8.3;5;83.0;8.7;1.62;62.1;76.4;0.9;0
2798;807644384;Comercio;9.8;3.6;15;-6.3;6;89.5;8.3;7.0;46.6;51.4;3.1;0
2799;823930085;Manufactura;9.2;4.6;50;-4.7;1;42.3;20.9;3.13;66.5;59.9;7.9;1
2800;906534456;Servicios;10.2;3.0;16;0.6;6;68.0;36.5;5.51;49.2;67.5;15.9;1
2801;822873427;Comercio;5.2;3.0;30;12.4;5;67.1;2.7;2.68;73.2;59.6;4.7;0
2802;933823224;Comercio;10.6;10.6;65;3.9;3;53.7;5.1;2.29;50.6;44.9;16.7;0
2803;827070784;Servicios;13.2;3.9;5;0.3;7;77.1;12.0;3.33;64.1;65.2;16.6;0
2804;828234973;Servicios;5.1;3.1;42;5.5;5;68.4;19.4;3.99;53.6;83.6;1.3;1
2805;908693630;Comercio;5.8;3.5;33;13.7;4;86.6;3.9;5.07;70.5;79.8;45.5;0
2806;970102804;Manufactura;20.8;7.8;6;-9.3;4;56.2;20.9;3.14;60.4;69.0;7.8;1
2807;873785529;Comercio;10.6;6.5;12;2.2;4;64.3;29.1;3.49;41.6;39.1;10.0;1
2808;809980579;Comercio;15.3;6.1;19;15.3;3;75.3;20.2;1.85;63.8;67.7;2.5;0
2809;894258665;Servicios;6.7;6.4;62;16.5;8;81.7;11.6;4.62;72.5;74.0;0.6;0
2810;821162080;Manufactura;8.9;1.8;53;21.4;4;69.4;35.3;2.36;57.4;52.1;3.5;0
2811;915871658;Manufactura;12.8;7.5;5;13.6;4;65.4;14.6;3.25;60.1;72.8;21.6;0
2812;916352280;Servicios;16.1;8.0;52;2.0;1;44.8;18.2;3.22;39.6;45.3;14.0;1
2813;801957233;Servicios;9.6;7.1;5;13.0;7;61.5;43.6;2.95;26.0;38.3;0.3;1
2814;881468616;Construcción;4.0;3.8;56;7.2;9;82.1;29.5;3.31;15.9;31.3;7.3;0
2815;836100084;Comercio;7.2;2.6;18;14.7;2;52.3;21.2;4.12;77.1;91.3;0.6;0
2816;931700748;Servicios;11.4;6.1;48;-8.4;6;86.6;12.5;3.7;69.0;66.3;9.9;0
2817;997411331;Comercio;5.4;5.1;14;6.2;4;50.6;10.6;3.41;35.8;53.2;3.8;1
2818;847119341;Manufactura;10.2;6.2;6;-0.1;2;38.9;8.5;3.54;40.4;40.9;7.7;0
2819;878338637;Servicios;4.3;1.3;41;15.5;8;93.3;14.2;4.09;58.1;56.0;24.0;0
2820;955882490;Transporte;11.9;7.9;47;13.7;2;53.1;18.8;9.04;92.8;88.9;7.7;1
2821;977408727;Servicios;8.0;6.9;34;11.5;9;79.7;12.1;4.59;84.5;62.6;5.3;0
2822;834230345;Servicios;10.2;8.5;39;-1.4;7;88.1;10.2;4.07;50.0;39.1;9.3;0
2823;967745074;Servicios;4.4;2.9;31;-5.7;5;65.4;19.3;6.3;37.0;43.0;1.9;1
2824;914211003;Comercio;5.7;4.1;48;-7.1;7;65.9;23.1;2.77;24.5;25.5;1.5;0
2825;810497204;Servicios;11.3;8.6;34;14.5;6;83.2;20.5;2.98;72.0;66.7;10.8;0
2826;946649817;Servicios;3.3;2.8;25;16.4;9;92.2;9.5;3.4;76.3;62.2;12.7;0
2827;960558101;Construcción;11.8;2.8;26;16.6;4;53.1;15.7;2.43;34.0;51.2;8.1;1
2828;833262369;Manufactura;15.7;5.9;110;-8.8;5;68.0;15.3;2.98;35.6;43.0;1.9;0
2829;827280022;Transporte;9.3;6.2;113;13.2;4;68.9;29.9;2.31;86.2;82.7;5.6;0
2830;828479883;Servicios;7.0;2.5;71;1.0;4;56.8;33.4;2.27;58.5;67.6;12.7;1
2831;946602424;Comercio;10.8;9.3;77;2.9;5;67.5;4.6;6.27;56.8;68.4;3.9;0
2832;839182481;Comercio;4.0;3.1;47;11.3;5;59.6;15.2;1.62;29.0;57.3;1.4;0
2833;860340560;Servicios;9.8;3.8;11;2.8;2;63.5;3.4;2.44;82.2;81.8;6.5;0
2834;857216842;Servicios;11.1;3.9;175;6.0;7;63.1;25.4;2.84;46.7;62.5;1.6;1
2835;848740715;Comercio;6.7;6.5;30;24.0;4;79.3;9.8;4.04;81.4;79.0;9.3;0
2836;856230401;Comercio;7.3;4.2;12;-2.1;4;70.8;4.7;2.93;49.8;55.3;10.3;0
2837;930693293;Comercio;5.5;4.2;146;-9.3;6;78.0;7.6;1.94;67.0;55.5;7.7;0
2838;960244480;Construcción;12.2;9.2;10;12.6;2;19.8;34.6;2.15;35.2;73.2;0.9;0
2839;830911380;Servicios;3.3;1.9;30;6.6;5;63.0;30.1;4.42;53.7;56.6;10.3;1
2840;872115375;Servicios;4.7;2.2;6;0.7;4;71.3;9.8;4.91;77.0;66.2;1.9;0
2841;821383360;Servicios;3.6;1.7;46;10.4;5;55.4;23.7;3.17;51.1;40.6;10.9;0
2842;965332817;Comercio;13.9;13.5;29;10.1;5;62.2;2.8;3.53;70.9;67.9;3.9;0
2843;844184258;Servicios;3.6;2.3;34;22.4;5;74.0;20.3;2.35;80.8;65.9;0.8;0
2844;884058224;Manufactura;31.7;13.9;14;25.8;6;74.5;14.5;3.67;51.1;62.4;16.4;0
2845;845339310;Servicios;14.9;9.3;22;-9.7;6;64.4;7.3;5.1;62.2;58.8;9.6;1
2846;950943985;Construcción;8.5;3.7;40;14.3;7;55.2;39.2;4.43;27.6;47.5;1.9;1
2847;992792170;Construcción;7.9;7.5;41;10.8;3;64.6;9.4;2.85;59.4;61.8;0.2;0
2848;819633852;Construcción;3.2;2.2;25;-6.1;2;47.7;25.9;3.42;13.7;25.7;2.1;1
2849;952060043;Comercio;10.1;7.0;68;18.4;8;79.6;10.8;3.94;95.4;87.1;10.9;0
2850;899953080;Comercio;3.8;3.6;14;1.2;5;61.5;8.0;5.17;49.5;55.2;0.5;0
2851;953837612;Servicios;5.9;1.5;25;8.4;5;77.8;8.9;4.13;51.6;72.4;0.0;0
2852;930534575;Manufactura;2.7;1.9;40;6.9;4;79.3;23.0;7.84;85.5;72.6;1.2;0
2853;897508818;Servicios;13.8;4.9;27;-2.3;3;48.3;35.6;1.62;69.0;47.3;5.1;1
2854;864806185;Transporte;16.4;10.6;31;7.3;4;60.6;14.3;1.85;83.7;56.8;0.7;1
2855;892416545;Servicios;5.0;2.7;26;3.8;8;75.6;22.7;3.92;33.0;51.5;6.1;0
2856;850060685;Servicios;26.1;9.9;35;-6.6;2;49.3;11.0;2.58;54.4;76.1;23.6;0
2857;807724925;Servicios;2.5;2.2;124;5.6;5;74.9;24.6;3.94;37.0;46.5;10.0;1
2858;857030191;Comercio;4.2;1.3;14;8.6;5;92.8;21.0;2.99;91.6;94.3;2.9;0
2859;820702780;Servicios;8.9;3.4;77;3.9;6;72.1;4.7;1.76;71.4;76.6;2.0;0
2860;911320388;Servicios;6.4;3.7;8;-1.7;5;56.7;19.8;2.7;91.9;64.8;6.5;1
2861;848282530;Construcción;8.6;6.6;45;24.9;4;77.7;8.4;2.18;55.1;47.4;4.4;0
2862;866811332;Manufactura;4.5;3.3;7;-1.6;5;44.3;19.1;1.9;41.5;54.0;3.1;1
2863;895188134;Comercio;15.7;4.5;9;-2.7;4;55.5;7.6;2.22;77.8;72.0;0.4;0
2864;930549969;Servicios;11.7;8.7;6;-9.1;7;76.0;22.1;2.61;76.0;65.4;4.5;0
2865;890634773;Manufactura;17.4;4.8;203;2.9;6;69.6;6.4;3.37;89.0;70.2;1.7;0
2866;860978257;Servicios;2.5;1.7;115;-6.8;6;72.0;13.4;3.72;60.1;63.3;21.9;0
2867;946976010;Comercio;7.1;6.1;24;8.5;7;86.4;11.5;2.34;43.2;39.7;8.6;0
2868;923722882;Servicios;4.4;4.1;32;-14.3;6;86.9;28.1;4.75;53.4;57.1;14.8;0
2869;908308509;Servicios;8.1;4.9;44;-5.2;6;78.3;17.1;3.62;67.9;67.2;41.3;0
2870;944702010;Comercio;11.0;5.5;7;13.5;3;53.7;12.6;4.81;26.7;47.4;1.7;1
2871;881778477;Servicios;9.9;2.6;15;11.6;7;90.3;18.8;3.97;25.9;40.3;9.3;0
2872;836362433;Comercio;5.2;3.5;20;3.5;6;47.5;8.2;4.64;31.7;56.0;28.6;1
2873;820834171;Construcción;8.1;7.6;6;4.4;0;48.2;24.4;1.7;24.8;48.5;5.7;1
2874;985920826;Comercio;9.6;7.2;6;15.5;4;78.7;14.6;3.08;43.0;51.0;17.9;0
2875;807181979;Transporte;31.7;25.5;46;9.5;4;52.0;3.0;3.45;59.5;62.6;21.0;0
2876;997553151;Tecnología;3.4;0.8;60;18.1;5;50.5;5.1;2.94;63.5;66.5;8.0;0
2877;982057334;Servicios;10.2;5.6;31;-4.8;0;39.1;32.5;2.79;83.8;77.4;8.3;1
2878;833679716;Manufactura;15.1;10.6;49;7.8;3;65.8;19.4;3.55;91.8;74.1;5.6;0
2879;997265073;Manufactura;50.0;43.9;13;3.9;4;64.7;3.3;3.02;57.5;65.4;12.6;0
2880;854806203;Transporte;16.0;6.8;23;3.8;3;61.3;16.4;1.79;71.2;45.7;19.9;1
2881;871887641;Comercio;6.9;1.9;5;-7.9;3;56.7;7.8;4.27;87.7;98.5;3.2;1
2882;889232436;Servicios;4.4;1.0;8;5.7;3;48.0;15.7;4.15;38.8;48.2;25.7;1
2883;867439579;Transporte;7.6;2.6;7;-6.7;5;47.6;18.7;1.79;47.8;63.9;2.9;1
2884;993737079;Servicios;15.9;10.2;22;-0.3;3;42.7;18.6;5.57;62.1;65.2;4.3;1
2885;909719791;Manufactura;10.5;3.2;34;12.5;7;70.2;6.9;4.85;82.1;69.7;1.3;0
2886;923397894;Tecnología;16.2;4.7;61;11.7;2;75.1;20.2;3.3;71.0;70.1;4.7;1
2887;872878480;Comercio;9.1;6.5;72;31.2;0;61.9;10.9;3.06;84.6;66.6;0.7;1
2888;866748123;Manufactura;10.3;3.7;61;-3.2;9;86.4;3.9;3.38;94.0;78.4;5.3;0
2889;885191679;Servicios;5.7;2.4;30;8.5;5;62.8;2.6;7.0;53.7;45.6;8.7;0
2890;916209647;Comercio;7.4;4.0;29;0.2;5;83.4;10.3;2.55;66.1;54.4;0.8;0
2891;828590022;Comercio;2.9;1.9;7;11.4;4;70.1;27.9;3.33;53.5;58.4;0.5;0
2892;844414273;Tecnología;9.7;5.6;38;5.5;5;84.4;12.1;2.99;43.4;43.8;45.4;0
2893;859818651;Servicios;5.2;4.1;24;11.0;1;51.2;13.7;3.92;83.4;74.8;1.5;1
2894;952676810;Servicios;12.6;5.7;30;9.2;2;52.4;15.1;2.28;58.0;59.6;8.9;0
2895;849529468;Comercio;16.3;12.3;21;9.6;7;71.9;23.0;5.11;33.0;34.3;2.8;0
2896;898027935;Comercio;5.3;4.3;30;11.4;4;49.6;6.5;2.01;71.0;67.2;3.7;1
2897;982286606;Construcción;3.0;2.8;27;27.4;2;45.2;36.1;2.91;62.9;55.4;38.9;1
2898;961331367;Servicios;18.2;6.0;17;15.7;4;62.7;27.3;3.63;78.9;61.3;14.9;0
2899;894950127;Servicios;7.2;4.0;23;25.4;3;53.2;7.2;4.52;71.8;71.5;4.1;0
2900;999893302;Servicios;16.7;13.9;21;-19.0;3;67.0;22.3;3.14;86.7;83.0;20.0;1
2901;951286357;Servicios;9.5;9.3;39;30.5;5;79.2;17.5;2.88;69.3;83.9;0.7;0
2902;898073898;Manufactura;10.0;4.0;113;19.6;6;67.8;15.3;4.9;58.8;62.3;4.7;0
2903;876752085;Construcción;10.7;8.1;15;9.8;7;81.4;14.8;3.32;65.6;54.0;7.6;1
2904;852649656;Servicios;4.5;1.7;37;27.3;4;55.3;18.2;2.61;47.2;57.0;3.2;0
2905;906328275;Transporte;5.8;2.0;20;-3.6;1;55.6;20.7;3.57;89.4;63.6;10.2;1
2906;811591887;Comercio;10.3;4.3;24;10.0;3;44.2;7.6;5.41;80.4;52.8;4.4;1
2907;833715601;Servicios;10.5;8.7;35;3.6;4;67.5;3.8;4.14;81.6;80.2;15.2;0
2908;988363815;Manufactura;5.2;2.0;5;8.0;5;72.5;8.4;2.19;40.9;49.5;6.7;0
2909;899436771;Servicios;14.2;7.2;127;-9.5;10;85.5;3.5;1.86;82.4;84.7;13.7;0
2910;917921496;Comercio;21.8;19.0;53;32.8;5;56.5;9.4;8.51;67.5;73.2;10.2;0
2911;852998397;Manufactura;23.1;19.8;13;19.9;3;73.6;22.0;3.4;59.1;62.4;18.9;0
2912;821453698;Servicios;17.6;8.2;6;14.9;6;71.5;6.7;3.37;58.8;51.5;19.0;0
2913;931296714;Manufactura;9.1;4.0;5;1.6;4;58.8;15.3;4.32;80.0;76.5;18.4;0
2914;826919375;Manufactura;10.5;3.8;26;6.3;3;51.7;23.0;3.76;60.2;66.3;0.4;0
2915;989108620;Tecnología;17.8;12.2;21;-7.6;4;62.8;7.8;4.0;53.3;48.3;36.3;1
2916;897303608;Servicios;10.1;4.7;10;-2.6;8;62.2;10.1;2.26;82.3;83.8;1.9;0
2917;976228049;Servicios;50.0;43.5;36;-19.8;4;68.8;9.9;6.03;81.0;88.2;8.0;0
2918;837214169;Servicios;8.9;6.2;32;14.1;6;75.4;9.9;3.84;65.4;55.9;3.3;0
2919;857198926;Servicios;14.8;13.5;5;1.1;3;55.1;16.0;1.83;76.3;60.5;5.7;1
2920;845441178;Tecnología;13.6;9.7;30;25.1;3;66.0;32.6;3.39;51.8;34.9;15.3;1
2921;946797979;Construcción;4.8;4.7;27;11.6;6;72.6;13.4;3.88;60.3;54.3;10.1;1
2922;972281104;Servicios;36.8;22.9;9;-3.8;6;56.0;9.8;2.44;34.0;47.8;1.5;0
2923;948505287;Tecnología;47.2;35.6;57;4.9;5;63.4;12.4;5.11;72.7;78.9;15.7;0
2924;983750546;Manufactura;46.5;35.4;31;6.5;8;71.1;8.2;3.34;93.4;67.2;11.3;0
2925;876034148;Comercio;4.9;4.0;12;-10.0;7;65.7;7.0;4.76;70.2;54.1;0.6;0
2926;960377266;Servicios;1.9;0.8;18;3.7;7;84.3;26.6;2.76;71.7;83.4;24.4;0
2927;929116213;Tecnología;6.6;4.6;112;17.1;3;70.7;19.7;2.67;93.4;62.8;12.5;0
2928;981819187;Comercio;6.5;5.7;32;-9.3;6;83.7;16.0;2.85;79.8;74.4;8.2;1
2929;911136209;Comercio;5.8;4.6;40;-7.2;6;80.4;29.4;5.42;25.7;38.6;3.5;0
2930;931780604;Manufactura;2.3;0.6;9;-10.3;3;50.2;35.9;4.46;49.5;37.1;10.0;1
2931;993201701;Comercio;11.2;7.5;15;4.0;7;75.0;10.8;2.53;37.3;41.2;5.8;0
2932;961451025;Servicios;6.8;1.5;42;-3.0;3;57.7;26.0;3.37;70.3;60.5;3.6;0
2933;962389673;Transporte;9.2;9.2;9;21.6;7;86.7;11.6;1.81;38.4;38.4;6.6;0
2934;990976664;Manufactura;10.1;6.2;22;6.7;9;83.9;23.6;5.41;57.8;54.2;9.9;1
2935;971270574;Comercio;6.6;2.5;47;14.9;5;70.1;11.2;2.82;44.3;34.3;27.6;0
2936;947358645;Manufactura;6.5;2.9;17;8.2;6;64.0;36.4;3.6;37.7;42.4;8.5;1
2937;984057130;Comercio;7.4;2.8;19;8.8;4;66.6;10.0;1.63;68.9;62.8;2.4;0
2938;989243527;Comercio;7.0;6.9;67;4.6;5;50.9;5.7;2.74;42.3;54.8;17.7;0
2939;919826564;Comercio;12.7;11.8;9;3.4;1;56.2;16.9;4.35;71.3;76.1;21.9;0
2940;848780718;Transporte;13.8;13.7;99;5.7;5;76.7;19.2;3.99;67.2;54.3;7.6;0
2941;964522638;Transporte;11.5;5.3;24;11.7;5;73.4;51.7;5.35;27.6;36.4;2.7;1
2942;970124204;Manufactura;9.5;9.5;52;9.0;3;62.4;39.6;5.74;27.5;31.7;23.2;1
2943;868726015;Manufactura;5.9;3.1;19;-0.6;5;66.9;14.3;3.06;49.0;49.2;27.3;0
2944;898077173;Manufactura;5.8;5.0;29;31.8;6;76.4;33.3;4.07;15.2;49.3;20.7;0
2945;917992295;Construcción;8.2;7.5;11;5.9;7;77.4;20.5;4.46;48.4;53.2;0.9;0
2946;802130041;Servicios;7.6;1.8;21;17.1;6;77.1;25.3;2.09;41.0;42.0;0.3;0
2947;957706662;Manufactura;16.1;15.6;99;20.2;7;84.4;16.0;2.0;90.8;77.7;5.9;0
2948;911144698;Servicios;13.9;6.5;18;-2.8;6;70.5;16.8;5.46;77.4;80.2;7.3;0
2949;936639394;Construcción;8.1;7.9;44;7.9;4;69.7;36.1;3.45;54.8;59.3;34.6;1
2950;916025795;Comercio;5.1;5.0;28;11.3;6;71.7;8.1;2.8;37.8;52.9;4.7;0
2951;947274079;Servicios;5.1;3.8;63;20.1;4;65.0;12.9;4.66;78.7;72.5;13.6;0
2952;865534182;Servicios;12.2;8.3;21;10.3;7;70.8;12.2;3.31;44.5;51.5;16.8;0
2953;911152113;Manufactura;4.8;3.0;8;13.1;5;74.5;10.4;1.76;23.3;21.7;10.8;0
2954;998453141;Manufactura;10.7;2.2;6;10.2;7;90.0;3.2;2.47;81.7;73.1;0.8;0
2955;923807682;Manufactura;4.2;1.1;31;-6.3;6;65.5;33.6;2.06;95.3;97.4;15.8;1
2956;905162727;Transporte;4.7;1.7;5;6.3;3;66.0;25.4;2.81;70.8;72.2;7.1;1
2957;888023256;Servicios;16.0;8.7;117;-15.1;9;79.6;29.8;4.84;84.2;54.2;15.3;0
2958;826574045;Comercio;7.4;5.1;39;1.3;7;64.8;18.1;2.52;18.8;43.1;10.3;0
2959;946878321;Servicios;7.6;3.8;11;6.7;2;58.4;29.8;2.36;57.3;49.2;13.1;1
2960;871134486;Servicios;7.4;3.5;210;-18.6;5;75.9;11.8;4.68;69.8;89.7;11.9;0
2961;897970407;Comercio;8.7;6.3;46;-0.9;7;60.6;29.3;4.07;42.1;46.2;25.8;1
2962;996101577;Transporte;16.7;12.8;104;4.1;4;59.2;26.0;1.97;37.2;49.9;11.8;0
2963;902855847;Servicios;3.8;2.3;25;14.9;8;80.4;14.8;3.22;55.1;60.8;13.9;0
2964;928515351;Servicios;18.7;10.1;8;-3.8;8;97.0;13.3;4.07;43.3;40.6;6.3;0
2965;821403554;Comercio;5.6;1.8;10;-10.0;6;91.5;31.2;1.8;84.3;78.4;22.2;0
2966;826040056;Transporte;11.0;10.6;5;1.0;5;68.9;28.3;3.66;58.0;58.3;1.6;0
2967;992402485;Servicios;9.5;2.1;39;18.4;5;75.4;16.9;2.99;66.2;72.8;9.2;0
2968;860539495;Manufactura;21.8;13.7;157;-9.9;0;54.7;8.5;2.66;92.9;64.8;17.3;1
2969;875147489;Comercio;14.9;4.5;256;-0.5;8;81.8;4.6;2.02;58.3;58.0;7.3;0
2970;998022612;Servicios;3.9;1.3;30;6.6;2;47.0;5.4;4.84;79.0;55.9;21.4;1
2971;987850239;Servicios;11.0;7.0;8;-15.1;6;83.5;11.4;1.94;52.4;37.9;26.2;0
2972;925787329;Comercio;9.3;1.9;7;18.6;6;86.8;7.1;3.26;38.2;39.6;8.4;0
2973;894444889;Transporte;12.3;6.0;31;5.7;9;86.0;29.9;4.41;46.3;31.3;2.3;0
2974;861901186;Comercio;7.8;6.9;5;-0.0;3;64.7;25.9;4.0;48.4;47.4;23.2;1
2975;927104100;Construcción;12.2;7.8;15;-4.6;5;79.9;12.2;4.25;74.3;70.9;17.6;0
2976;937446963;Servicios;19.0;11.5;28;19.1;1;48.2;11.2;3.86;34.0;52.0;2.1;0
2977;840736014;Comercio;9.1;7.6;27;4.1;4;56.9;15.0;3.07;67.0;62.6;0.2;1
2978;867048958;Manufactura;11.7;3.4;11;-24.6;4;48.9;10.6;1.55;83.4;79.5;26.4;1
2979;918590130;Construcción;11.8;4.3;82;-0.8;5;50.5;21.1;4.05;20.9;25.6;7.3;1
2980;982352691;Comercio;3.3;1.6;15;-3.9;8;76.4;15.0;3.1;13.0;25.4;2.2;0
2981;834180664;Manufactura;8.6;4.2;51;4.3;4;53.1;11.7;3.54;72.8;75.0;9.6;0
2982;855978551;Comercio;2.4;1.8;13;7.7;3;60.2;15.9;1.26;89.0;62.7;22.0;0
2983;965092822;Transporte;9.5;8.8;47;27.6;5;57.9;23.4;3.41;73.4;67.7;3.9;0
2984;936285572;Transporte;13.1;2.8;8;20.6;4;49.1;28.2;2.8;66.4;65.0;10.0;1
2985;973278866;Tecnología;11.0;5.3;103;12.5;5;56.3;22.1;6.43;89.0;63.0;7.8;0
2986;898893622;Comercio;8.0;2.2;18;12.2;3;68.9;15.7;3.33;67.8;64.3;0.0;0
2987;914531169;Comercio;8.6;5.0;12;10.8;5;70.6;24.9;4.04;56.6;58.5;11.1;0
2988;863426072;Manufactura;8.5;4.8;5;4.6;7;52.4;10.2;3.73;32.9;53.4;12.1;1
2989;828250020;Manufactura;15.3;12.7;32;8.5;1;64.1;17.4;3.02;92.5;74.0;7.5;0
2990;930696913;Manufactura;6.3;1.3;43;14.0;8;100.0;20.4;4.79;81.5;65.9;14.2;0
2991;969365321;Construcción;7.3;1.9;53;2.4;0;30.0;29.8;2.83;59.9;79.9;8.1;0
2992;841408994;Servicios;5.0;4.4;11;-4.1;3;73.5;3.8;2.6;74.2;52.7;1.7;0
2993;856628910;Servicios;6.9;2.4;28;-4.5;7;84.4;8.4;4.12;70.1;68.3;13.5;0
2994;938371333;Servicios;8.1;4.0;26;20.3;3;69.7;34.1;5.64;84.8;94.5;7.1;0
2995;981537948;Manufactura;25.6;20.3;26;-3.3;7;94.6;15.3;6.05;85.5;77.1;2.2;0
2996;862444611;Servicios;5.6;1.6;28;-3.5;2;43.2;20.8;2.41;87.4;94.7;4.1;0
2997;988646842;Transporte;9.4;8.8;15;10.4;4;65.0;20.2;4.76;56.7;60.0;2.4;0
2998;864586320;Servicios;19.7;8.9;5;-4.7;5;64.4;20.5;5.14;88.5;69.9;9.6;1
2999;897748129;Comercio;9.3;2.4;17;24.3;3;55.2;8.8;3.02;47.2;45.9;21.4;0
3000;856177648;Servicios;18.9;6.3;22;24.5;5;56.2;12.5;2.56;73.7;77.7;4.0;0
3001;925889543;Comercio;16.0;13.0;81;24.4;2;56.7;10.3;4.63;14.3;18.8;50.0;0
3002;949553516;Manufactura;1.0;0.7;7;19.6;3;55.3;30.1;2.66;72.2;73.8;14.6;1
3003;891349239;Servicios;19.1;15.3;9;10.9;7;63.6;27.3;1.74;79.4;75.5;50.0;0
3004;908813885;Construcción;31.9;9.3;23;9.8;0;49.4;15.3;2.07;49.3;46.4;19.4;1
3005;982789268;Servicios;8.4;7.4;14;0.3;1;66.2;5.4;2.84;56.9;76.4;12.3;1
3006;901058203;Comercio;2.0;0.8;12;28.8;7;75.8;19.6;5.88;59.0;47.5;13.3;0
3007;984969684;Construcción;13.2;13.1;21;13.5;3;54.8;14.0;7.02;48.7;50.0;1.9;1
3008;836937284;Tecnología;22.4;13.5;20;-14.8;7;66.6;21.9;3.0;37.6;48.8;18.9;1
3009;929312906;Manufactura;6.8;6.7;21;-4.6;7;75.2;9.5;3.65;49.6;52.9;8.6;0
3010;914153730;Manufactura;7.8;5.7;16;-1.8;4;77.8;10.5;4.09;46.2;41.6;5.2;0
3011;937315745;Tecnología;35.0;25.0;5;10.0;5;61.9;14.5;4.49;35.1;42.8;50.0;0
3012;993573760;Servicios;12.7;5.3;67;5.3;5;84.3;16.3;3.44;60.4;62.3;2.9;0
3013;920306758;Servicios;11.6;5.7;5;14.7;4;36.0;13.5;3.51;63.9;70.5;20.0;1
3014;994589669;Comercio;5.6;4.8;35;12.8;4;49.2;20.4;4.4;48.3;42.6;12.9;0
3015;896325890;Comercio;16.4;8.7;21;6.5;6;80.1;7.2;2.8;69.3;62.3;7.3;0
3016;978798277;Servicios;12.5;10.9;13;2.8;7;76.3;14.8;3.05;61.5;70.6;0.6;0
3017;823559830;Manufactura;10.5;5.6;24;-4.7;6;62.2;8.7;2.09;78.3;92.9;9.8;0
3018;980414328;Servicios;18.4;15.9;42;5.8;6;72.5;14.4;2.82;76.9;75.2;14.7;0
3019;961053085;Manufactura;7.9;4.6;9;15.9;5;78.2;13.8;3.46;90.7;44.6;0.2;0
3020;963071222;Servicios;8.9;7.5;11;14.7;3;49.3;21.2;3.72;87.3;78.5;4.5;1
3021;886080027;Manufactura;7.5;4.7;109;1.2;2;62.6;28.5;3.33;84.7;83.6;15.7;0
3022;833620034;Transporte;10.4;5.4;29;12.5;6;94.6;7.7;2.51;72.4;68.2;22.0;0
3023;983390327;Manufactura;2.6;2.3;119;5.5;5;56.5;9.5;3.05;34.7;53.3;10.2;0
3024;957610589;Construcción;7.6;7.3;26;4.7;7;79.8;24.4;2.61;41.5;40.3;11.5;0
3025;989937595;Servicios;17.0;13.7;60;8.6;8;81.7;7.8;3.28;52.7;39.2;1.1;0
3026;942472417;Transporte;3.0;2.4;11;13.3;4;68.1;23.1;5.09;54.7;68.6;11.3;0
3027;941107526;Transporte;6.4;2.2;9;-1.9;5;75.1;17.1;3.04;36.7;53.3;5.8;0
3028;861134130;Manufactura;4.5;2.2;51;2.1;3;55.1;22.0;4.73;65.5;60.0;12.6;1
3029;856276838;Servicios;10.9;2.4;50;11.0;5;55.5;16.5;3.68;45.9;59.7;14.1;0
3030;962391901;Comercio;9.8;5.9;5;11.9;3;68.8;6.8;2.47;54.9;59.1;13.7;0
3031;843801754;Comercio;10.6;8.9;13;-2.5;4;46.2;2.3;4.82;31.9;45.2;6.9;1
3032;830600729;Servicios;17.3;11.9;19;-2.3;3;41.5;21.0;2.42;71.3;68.6;21.3;1
3033;829837867;Comercio;41.9;39.5;23;4.5;4;67.0;15.2;2.94;44.1;55.2;3.6;0
3034;875818481;Construcción;6.5;2.0;19;-7.7;4;47.1;31.3;3.34;70.7;64.0;10.6;1
3035;873469088;Manufactura;14.9;11.7;25;-3.7;0;44.8;17.8;3.67;76.3;83.9;10.3;1
3036;845897829;Manufactura;4.0;4.0;5;-4.7;2;61.0;24.5;3.42;67.2;95.3;3.1;0
3037;914700576;Manufactura;31.6;19.3;12;7.8;6;67.7;40.5;6.03;51.4;51.1;0.9;0
3038;813965698;Servicios;21.1;17.3;57;17.9;0;53.8;14.7;4.13;72.2;66.6;0.9;0
3039;868154027;Servicios;3.2;1.8;8;-9.2;3;58.9;26.4;3.5;59.7;54.8;8.0;1
3040;872331230;Transporte;4.1;2.8;37;12.2;9;79.8;9.9;2.48;92.4;86.7;4.0;0
3041;875955802;Transporte;12.1;11.1;17;15.5;3;58.3;9.9;4.08;88.3;75.5;14.9;0
3042;859854191;Servicios;3.5;2.4;16;16.1;7;64.3;24.4;3.21;22.5;32.4;21.0;0
3043;940812741;Comercio;5.0;1.5;6;12.4;5;68.4;28.3;2.36;69.7;61.4;5.5;1
3044;815286080;Servicios;50.0;40.8;130;12.4;2;43.7;10.4;2.03;39.2;48.8;1.7;0
3045;977875309;Servicios;15.1;12.6;57;18.7;6;80.4;30.6;1.39;50.7;44.1;3.7;0
3046;872833001;Servicios;26.9;25.7;67;6.0;4;64.7;6.5;3.37;52.0;45.1;4.5;0
3047;917736883;Servicios;8.4;5.6;18;4.9;9;96.9;19.4;1.87;58.5;47.6;3.7;0
3048;842959153;Comercio;14.5;7.3;18;22.6;5;73.1;12.6;2.29;9.9;39.0;8.0;0
3049;963149988;Comercio;10.0;2.8;5;15.2;1;49.4;18.6;4.0;38.2;34.1;0.2;1
3050;851238200;Manufactura;2.9;1.8;124;14.1;7;94.9;34.5;2.72;41.5;64.7;4.8;0
3051;824300441;Servicios;34.6;22.8;21;2.6;5;73.5;17.4;6.0;72.7;70.8;20.6;0
3052;838138803;Manufactura;18.6;13.9;5;8.1;5;65.2;14.6;2.16;70.1;77.0;0.3;0
3053;975538660;Manufactura;8.4;7.9;48;15.9;0;34.5;36.9;1.94;71.0;54.0;16.2;1
3054;977872900;Comercio;19.1;9.6;31;-7.4;5;61.2;5.8;2.57;61.0;68.1;22.8;0
3055;857809092;Servicios;3.8;1.9;12;-5.3;5;70.3;15.2;1.48;63.1;71.8;17.6;1
3056;899551478;Servicios;7.4;4.9;71;-3.2;4;70.9;18.3;2.61;72.1;69.5;3.9;0
3057;800698726;Comercio;11.7;10.1;48;2.8;10;94.1;11.3;2.78;79.2;67.8;4.6;0
3058;805590820;Servicios;14.3;7.4;8;-8.2;3;51.9;24.8;4.57;76.4;76.1;3.7;0
3059;985108641;Construcción;11.4;10.6;36;-0.4;5;75.1;4.0;4.07;31.2;51.9;4.8;0
3060;926034441;Transporte;14.5;13.0;27;-2.1;7;83.8;37.8;4.01;61.5;59.5;0.4;0
3061;815652012;Servicios;20.3;16.6;14;5.6;4;77.8;30.5;1.98;58.7;56.0;2.2;1
3062;880809698;Servicios;7.7;6.3;9;-2.1;10;91.4;24.0;3.83;45.3;45.9;14.9;0
3063;818863942;Manufactura;3.3;2.7;43;5.8;1;44.0;2.7;3.89;73.4;46.2;8.3;0
3064;909477582;Comercio;23.7;17.2;14;1.7;5;56.2;23.3;6.2;24.0;36.3;5.9;0
3065;928774221;Servicios;20.4;17.2;7;31.3;7;83.4;20.9;4.28;74.4;77.2;13.3;0
3066;899946820;Comercio;6.6;4.9;33;-4.6;6;61.9;13.4;4.67;39.7;64.5;4.0;1
3067;981964092;Manufactura;12.7;7.6;6;2.0;6;65.2;4.2;2.41;52.4;58.4;3.5;0
3068;884476242;Manufactura;20.2;13.2;28;-13.8;6;61.0;27.0;1.57;34.6;41.9;17.3;1
3069;890967374;Comercio;7.7;3.4;8;18.8;0;45.9;32.8;2.58;69.3;64.2;6.6;0
3070;979443173;Comercio;14.5;10.8;17;10.9;3;61.1;19.5;4.46;57.5;47.6;14.7;1
3071;811648961;Servicios;9.2;8.5;45;-2.6;8;73.2;18.0;2.42;75.6;66.7;42.7;0
3072;905694766;Manufactura;12.1;6.7;170;-2.7;6;79.7;9.5;2.35;73.4;85.6;16.8;0
3073;902809067;Comercio;7.7;4.9;29;-14.9;4;62.7;28.2;2.61;77.9;93.7;1.5;0
3074;960856301;Servicios;5.3;3.8;44;5.8;7;77.7;8.4;3.61;49.9;60.0;17.0;0
3075;970858967;Servicios;13.5;3.5;33;0.4;5;74.2;31.3;5.17;40.8;30.2;26.5;0
3076;916225062;Servicios;13.8;5.4;63;-8.1;7;77.3;28.3;6.53;45.8;44.0;5.5;0
3077;836187439;Transporte;21.1;5.9;71;10.9;6;60.9;18.7;2.08;21.4;47.2;0.5;0
3078;905290481;Servicios;23.5;5.2;31;0.7;4;70.6;24.5;2.53;39.8;41.2;10.9;1
3079;874960120;Servicios;5.7;5.0;7;12.9;0;47.1;5.3;3.52;18.8;43.8;1.9;1
3080;915022835;Servicios;5.8;5.5;11;8.7;3;70.4;13.3;5.12;91.6;82.6;22.3;0
3081;833364435;Tecnología;6.5;1.7;38;-7.4;7;87.2;8.5;5.44;82.9;73.3;11.5;0
3082;921463792;Servicios;6.4;2.1;39;15.7;2;52.6;23.3;2.21;49.8;48.1;19.9;1
3083;908535382;Construcción;2.9;1.3;85;17.6;5;54.0;32.9;3.04;54.2;41.6;2.8;1
3084;849842305;Comercio;19.6;8.6;15;7.0;8;81.0;25.0;4.61;54.9;56.5;18.7;0
3085;920507478;Tecnología;10.0;8.3;20;20.5;5;57.3;28.3;4.64;52.9;45.7;9.8;0
3086;984475746;Comercio;33.6;23.8;16;2.2;6;85.8;7.9;3.23;53.9;46.0;11.2;0
3087;806052080;Servicios;4.5;2.5;21;18.3;3;49.3;5.4;2.81;70.8;67.0;13.1;0
3088;984564761;Manufactura;5.7;3.0;20;-22.4;5;73.5;9.2;2.87;10.0;25.6;1.8;1
3089;915809593;Comercio;5.0;3.8;20;-12.4;5;56.4;23.5;3.44;21.8;39.3;19.3;1
3090;881528000;Servicios;3.5;3.0;16;5.3;6;76.7;4.1;2.42;69.3;70.2;7.0;0
3091;814255079;Comercio;32.7;14.1;15;-2.6;1;43.0;20.0;2.38;26.5;26.4;6.1;1
3092;814514297;Manufactura;5.0;3.4;38;5.1;2;61.4;18.8;1.26;88.4;71.0;4.4;1
3093;964507612;Construcción;5.5;5.4;6;-8.2;5;67.4;26.5;2.52;68.9;51.4;1.4;1
3094;986588365;Construcción;1.4;0.9;11;2.6;5;83.6;27.1;1.85;72.1;77.5;4.6;1
3095;945139475;Comercio;14.8;7.8;21;-8.6;7;68.9;31.8;3.18;45.2;65.4;7.8;1
3096;861807905;Servicios;9.1;9.0;32;1.4;4;38.6;4.1;3.09;96.6;67.4;3.7;0
3097;804568064;Servicios;6.6;2.7;57;-0.2;8;94.0;2.4;3.27;59.1;61.7;0.3;0
3098;956890076;Servicios;3.0;1.2;52;8.5;6;65.4;19.3;2.88;50.4;68.5;4.2;0
3099;864020027;Manufactura;2.3;1.2;11;1.0;7;68.0;33.0;2.81;35.2;49.9;4.0;1
3100;952552378;Servicios;6.8;4.8;55;6.5;6;75.5;12.0;2.91;8.1;43.0;0.2;0
3101;950639846;Comercio;50.0;43.6;20;0.2;8;93.3;23.0;3.81;68.3;56.1;1.5;0
3102;842050280;Transporte;7.3;3.5;31;-15.3;6;83.2;24.8;2.95;55.1;60.6;18.5;0
3103;815702338;Comercio;8.5;2.2;37;12.8;4;71.0;22.9;3.25;93.4;91.3;14.2;0
3104;851765769;Manufactura;20.6;9.2;8;8.3;4;56.5;24.7;3.12;68.0;62.8;7.5;0
3105;909140415;Comercio;7.9;5.5;6;-8.3;4;78.9;19.8;4.8;66.9;55.8;8.4;0
3106;868776880;Manufactura;29.5;14.4;71;16.1;4;50.6;7.6;1.22;69.8;59.1;10.7;0
3107;851514961;Comercio;5.2;2.0;113;19.0;4;54.3;29.5;5.75;73.0;86.7;9.9;0
3108;887541583;Manufactura;14.9;12.3;16;13.9;5;100.0;14.6;2.9;66.2;71.0;0.6;0
3109;870303702;Comercio;24.4;10.7;9;9.9;7;71.1;12.7;3.79;48.5;62.4;1.2;0
3110;888516173;Transporte;15.7;10.0;7;0.1;3;42.0;12.4;4.04;43.1;54.2;6.3;1
3111;983187299;Servicios;6.2;4.4;5;-3.2;2;59.0;16.9;5.12;34.5;45.5;2.2;1
3112;976563886;Comercio;21.4;12.7;20;2.0;5;65.6;8.8;2.7;90.9;78.6;9.3;0
3113;825485727;Manufactura;8.1;2.6;44;-6.5;4;55.7;8.0;2.81;43.6;39.0;3.0;1
3114;928788735;Manufactura;13.9;4.4;23;-4.7;4;52.6;15.7;2.66;73.5;88.8;28.6;1
3115;923213348;Comercio;15.5;3.3;106;11.5;5;91.1;18.3;2.97;74.7;81.7;10.1;0
3116;996710014;Comercio;5.7;3.0;38;2.4;7;78.2;19.0;5.48;33.7;23.0;22.9;0
3117;955014560;Manufactura;6.2;4.2;41;11.9;6;70.0;21.9;4.39;66.1;75.1;2.2;0
3118;800528628;Construcción;8.5;5.2;18;12.7;7;73.4;18.7;3.21;29.7;63.5;3.8;0
3119;841405662;Tecnología;11.5;4.3;98;7.9;7;91.1;19.7;2.76;61.2;55.2;0.6;0
3120;942283804;Construcción;3.0;2.7;5;21.5;3;68.9;18.2;3.19;30.8;51.7;19.1;0
3121;824786500;Construcción;11.1;4.0;22;8.8;4;42.8;13.7;2.19;97.6;86.3;5.8;0
3122;952662694;Construcción;4.7;3.7;86;-9.1;7;86.8;6.2;2.36;36.3;50.9;18.5;0
3123;944466804;Transporte;8.2;3.9;50;-16.0;9;92.3;33.7;4.75;51.1;50.5;1.8;1
3124;831671390;Servicios;18.5;6.7;71;-2.8;4;78.7;27.1;6.73;87.7;77.0;9.2;0
3125;878361367;Servicios;5.2;3.6;8;7.5;2;43.5;4.7;4.09;64.7;47.3;18.1;1
3126;813233994;Servicios;3.0;1.1;20;17.9;4;55.9;34.6;4.87;70.0;72.3;1.4;1
3127;911290903;Servicios;23.7;10.6;87;16.7;7;74.3;19.6;2.79;63.5;73.7;8.9;0
3128;941937255;Servicios;4.6;1.2;14;8.0;4;74.3;11.4;4.88;65.4;55.6;5.4;0
3129;836543897;Construcción;2.8;1.6;5;2.6;6;73.1;42.0;2.57;37.3;47.0;3.1;1
3130;816730248;Construcción;7.4;6.8;12;30.4;5;67.8;26.4;3.29;57.4;63.2;20.6;0
3131;959127854;Servicios;10.7;9.3;7;11.1;3;68.5;12.1;2.08;68.0;64.7;0.1;0
3132;814294422;Servicios;14.7;9.5;45;-1.9;6;73.2;13.7;2.13;93.2;76.1;7.8;0
3133;828243223;Tecnología;5.4;5.3;7;10.2;8;90.3;23.1;2.99;91.7;79.8;3.3;0
3134;921441487;Servicios;4.8;2.8;17;-7.3;4;53.7;12.7;4.83;84.6;68.7;39.9;0
3135;921552940;Manufactura;15.2;11.0;6;4.9;5;70.5;18.8;3.35;39.8;36.0;1.0;0
3136;897075820;Servicios;8.4;5.0;68;11.8;7;81.6;22.2;3.65;59.5;67.4;19.5;0
3137;806870326;Servicios;6.2;5.7;20;2.5;7;70.9;19.4;2.8;45.1;61.5;0.2;0
3138;840922716;Servicios;6.9;1.7;16;-4.4;6;58.7;16.2;2.23;82.3;97.5;6.1;1
3139;935563598;Construcción;10.4;4.6;354;8.2;3;52.4;12.7;2.25;89.2;79.6;21.6;0
3140;819620613;Servicios;11.8;3.1;16;-11.9;2;63.6;19.5;4.53;29.3;34.4;21.2;1
3141;926277116;Servicios;14.1;3.0;66;13.3;7;76.2;9.8;5.1;27.1;48.2;10.2;0
3142;899748305;Comercio;5.0;1.4;12;11.3;5;57.4;18.9;5.58;88.4;84.9;13.4;0
3143;993089273;Servicios;17.1;8.5;22;9.1;6;81.6;15.2;2.12;45.2;55.9;11.3;0
3144;981646841;Comercio;10.1;4.8;25;2.4;4;50.7;26.6;2.71;62.0;62.0;12.7;1
3145;961089518;Servicios;22.4;9.6;389;4.7;2;59.7;8.2;3.24;76.5;84.7;1.8;0
3146;802920912;Comercio;13.5;5.2;117;14.9;5;50.9;8.1;6.56;84.6;79.4;4.2;0
3147;821795390;Tecnología;5.8;1.2;29;11.6;5;53.4;10.6;1.81;50.5;65.8;3.1;0
3148;970875494;Construcción;10.7;4.4;60;7.2;7;67.4;25.6;3.29;68.4;68.2;9.4;0
3149;886052920;Servicios;20.8;17.4;69;7.2;2;46.6;15.6;2.93;86.2;70.4;15.3;1
3150;889792016;Manufactura;27.6;6.9;20;8.3;9;61.4;23.5;4.18;65.4;63.2;3.4;0
3151;884011522;Manufactura;2.3;1.2;16;29.7;6;61.1;8.9;1.93;89.9;77.1;12.6;0
3152;817492916;Servicios;17.1;9.7;19;13.6;6;79.7;8.3;4.71;77.4;69.9;13.1;0
3153;972009610;Comercio;13.0;2.7;9;13.6;2;68.9;4.0;3.54;24.9;28.5;27.4;1
3154;956053244;Servicios;3.4;1.4;92;-12.5;3;65.5;13.4;2.72;74.4;59.2;2.1;0
3155;862584382;Manufactura;8.0;7.4;5;4.9;7;79.6;40.9;5.62;24.8;26.5;3.4;1
3156;905257599;Servicios;25.1;6.7;36;-0.4;6;74.9;33.5;1.69;56.1;60.0;15.4;0
3157;856701219;Servicios;7.2;3.7;16;6.4;5;69.7;13.9;3.58;97.0;86.2;2.0;0
3158;929329187;Transporte;31.8;27.2;9;-8.9;3;30.2;5.6;6.95;72.1;64.7;29.1;0
3159;825761953;Comercio;3.3;2.3;36;0.8;4;60.3;20.4;2.73;31.7;32.2;8.7;1
3160;821235298;Comercio;9.4;8.5;17;16.1;5;48.9;17.7;2.32;98.4;100.0;4.5;1
3161;957520486;Construcción;7.5;5.9;32;0.1;5;84.3;14.9;4.02;55.1;66.8;3.9;0
3162;951187134;Servicios;8.8;3.2;91;12.0;6;50.4;24.8;4.05;67.3;72.1;15.6;0
3163;858311673;Manufactura;3.3;2.2;78;7.0;2;62.8;10.9;3.62;57.5;54.8;1.8;1
3164;999356990;Manufactura;15.5;9.6;25;9.3;4;55.6;19.9;4.0;78.9;68.0;5.7;0
3165;914874964;Comercio;9.0;6.3;25;0.1;6;53.6;4.6;2.86;64.5;70.2;6.6;0
3166;823668786;Comercio;7.1;4.1;6;7.2;7;60.0;9.7;2.3;68.7;83.8;4.8;0
3167;860873399;Servicios;6.0;2.6;42;9.5;6;75.0;20.4;2.63;49.0;62.0;0.2;0
3168;819473969;Tecnología;7.9;5.9;31;17.1;3;60.8;6.9;3.31;52.6;50.3;6.7;0
3169;845048455;Servicios;5.3;3.0;9;-11.2;4;52.4;16.2;4.93;12.3;21.5;5.5;1
3170;896464753;Manufactura;20.8;19.6;10;9.5;1;58.3;24.7;4.65;59.5;74.3;1.9;0
3171;806332676;Tecnología;5.7;2.3;13;4.4;7;85.3;6.2;2.52;86.1;90.0;0.8;0
3172;883462054;Servicios;12.6;12.0;55;-10.2;3;58.4;27.1;2.99;64.5;52.1;7.5;1
3173;913698649;Servicios;8.0;3.8;15;7.1;5;76.3;9.8;4.43;44.1;48.5;14.8;0
3174;855566886;Servicios;17.6;4.0;17;-4.7;5;65.5;17.3;5.08;48.3;50.3;3.3;1
3175;971277274;Servicios;19.9;19.4;75;15.3;4;71.4;15.3;5.78;7.6;33.8;2.9;0
3176;966732533;Comercio;3.0;0.8;90;12.6;4;61.1;21.0;3.24;64.6;56.7;2.6;1
3177;906161798;Transporte;32.3;8.6;21;11.7;4;77.7;8.0;6.6;66.6;66.8;7.6;0
3178;960395875;Manufactura;19.5;10.7;119;1.1;4;68.6;38.0;4.06;70.6;72.0;37.0;1
3179;880193139;Construcción;15.6;4.1;31;6.8;4;75.4;25.8;3.66;38.3;50.4;8.7;0
3180;909323566;Servicios;8.6;3.9;5;12.4;0;43.3;12.0;4.02;51.0;57.6;1.0;1
3181;990083389;Manufactura;4.2;2.7;26;1.2;0;34.1;4.3;2.8;71.1;60.1;6.7;0
3182;840093637;Servicios;8.6;4.7;6;-10.5;9;67.4;10.0;4.29;48.7;51.9;20.4;0
3183;903916337;Construcción;4.1;4.1;28;11.2;4;72.7;18.6;2.99;61.3;49.4;17.9;0
3184;878950725;Servicios;11.2;3.1;83;21.3;9;72.7;0.5;2.84;75.9;61.7;9.3;0
3185;802942069;Servicios;7.4;2.3;15;10.1;1;57.6;24.9;2.07;66.0;68.7;11.3;1
3186;889228067;Transporte;19.7;18.9;33;-5.8;2;62.0;21.5;1.71;61.4;70.2;6.3;1
3187;962039253;Servicios;12.1;8.3;13;10.8;0;49.3;5.0;3.42;44.3;45.4;13.9;0
3188;878449024;Tecnología;2.4;2.2;6;-9.3;8;79.4;24.6;2.65;40.1;73.1;4.1;1
3189;953526444;Servicios;6.5;5.9;32;7.7;4;66.9;13.8;2.48;73.4;72.6;0.2;0
3190;883329896;Comercio;8.5;5.2;14;5.7;0;24.9;42.4;2.93;54.9;61.8;7.8;1
3191;842694097;Transporte;2.3;1.3;9;4.0;10;85.7;30.0;4.42;46.0;39.2;1.6;0
3192;935076624;Manufactura;7.8;3.4;22;5.8;4;55.7;13.8;2.96;58.5;49.0;0.5;0
3193;829259039;Manufactura;11.0;7.6;14;-7.8;5;68.5;15.9;2.7;67.8;56.7;9.4;0
3194;858116133;Servicios;3.8;1.1;11;22.0;5;71.9;23.0;2.71;67.6;72.6;8.0;0
3195;859772350;Manufactura;13.9;11.1;19;0.7;5;74.2;1.8;5.94;85.9;72.4;11.6;0
3196;948944522;Manufactura;5.9;2.5;91;14.5;2;58.9;10.3;4.71;53.5;32.8;2.6;0
3197;993014849;Transporte;21.4;15.1;56;9.4;0;42.0;30.4;2.96;49.6;47.9;3.3;1
3198;954192255;Manufactura;8.6;5.7;5;-0.5;6;84.1;14.3;3.37;57.0;69.8;12.7;0
3199;932316151;Servicios;33.3;29.7;80;0.1;1;56.8;18.8;4.07;91.3;82.5;0.8;0
3200;963749669;Manufactura;10.1;6.7;118;3.9;4;75.4;10.6;2.72;87.3;78.7;4.7;0
3201;963622644;Transporte;12.7;10.0;9;18.4;6;79.9;33.5;3.56;75.8;74.6;12.6;0
3202;954267245;Comercio;6.8;4.5;21;-16.7;3;58.9;22.9;3.33;81.3;77.5;0.7;0
3203;948896398;Servicios;5.5;2.2;47;6.9;7;68.5;38.5;1.61;60.8;63.4;3.7;1
3204;821040519;Comercio;13.0;10.4;10;5.4;6;57.8;5.4;4.0;53.2;61.1;21.6;0
3205;890000291;Comercio;4.2;3.0;25;-5.8;4;65.7;10.0;4.84;72.2;72.1;11.9;0
3206;831986134;Comercio;6.0;5.9;18;-0.2;3;30.7;24.5;3.17;28.3;52.5;17.5;1
3207;889200177;Comercio;10.8;3.3;18;2.6;5;56.8;19.9;2.95;69.5;63.8;1.8;1
3208;808985210;Manufactura;10.8;9.8;25;5.4;10;98.5;33.4;2.95;82.6;83.8;3.5;0
3209;878541835;Construcción;21.1;11.6;47;-3.9;1;43.3;25.7;4.34;32.1;51.5;3.6;1
3210;836686457;Comercio;14.3;10.8;20;-19.8;7;82.2;2.3;2.78;45.7;58.4;0.4;0
3211;990296635;Comercio;9.9;7.8;10;0.4;4;42.1;10.2;3.0;52.4;49.2;18.6;0
3212;861045942;Servicios;10.8;8.6;12;-2.0;4;61.5;10.2;4.55;52.0;63.0;4.5;1
3213;896367886;Comercio;14.5;13.9;15;5.3;5;63.9;23.9;2.32;37.7;43.1;19.6;0
3214;963381598;Manufactura;22.5;13.6;53;17.4;2;56.4;3.8;2.94;34.4;37.2;3.1;0
3215;806411800;Servicios;9.1;6.0;7;2.1;4;69.3;30.2;2.99;71.5;87.0;4.7;1
3216;974836528;Servicios;17.6;16.2;36;7.4;4;57.6;29.5;4.86;43.7;38.4;0.0;0
3217;939128126;Servicios;9.4;4.1;26;2.6;4;65.4;12.6;3.4;38.4;57.9;9.9;0
3218;880891782;Transporte;6.2;3.1;7;21.5;7;75.7;7.2;2.17;79.3;82.3;0.6;0
3219;987362651;Comercio;8.1;7.3;34;-10.6;6;97.0;14.9;3.29;68.1;61.4;7.6;0
3220;881371372;Manufactura;12.4;3.7;53;0.1;6;66.0;30.5;5.73;54.3;46.9;23.4;1
3221;992753156;Servicios;2.8;1.7;43;-3.7;2;71.7;7.9;3.58;61.9;60.2;14.7;1
3222;817941642;Servicios;8.4;3.1;20;15.1;4;62.4;15.0;1.48;59.0;58.0;1.3;0
3223;813200641;Transporte;17.8;10.0;28;1.8;10;99.8;1.0;2.26;43.4;60.3;8.5;0
3224;808384313;Manufactura;6.0;5.5;17;6.8;4;68.9;18.2;4.37;66.6;66.3;1.9;0
3225;816583007;Transporte;6.6;6.6;20;-4.6;6;75.1;40.4;3.14;49.6;44.9;3.3;1
3226;803551643;Comercio;9.5;2.8;25;17.3;7;87.0;8.5;3.17;64.1;68.6;13.0;0
3227;879723368;Servicios;4.9;4.2;12;-1.8;0;35.6;7.7;4.69;50.3;81.1;2.9;1
3228;935940030;Tecnología;10.2;3.0;8;13.9;6;75.2;5.8;3.24;78.5;72.0;23.1;0
3229;956689883;Comercio;2.6;1.8;11;10.9;8;73.9;30.1;2.64;79.2;67.6;36.6;0
3230;964287557;Comercio;10.2;9.2;19;2.3;6;60.4;18.8;3.38;58.6;58.4;28.2;0
3231;913396201;Servicios;4.6;1.9;45;14.7;4;78.1;20.1;1.91;58.2;68.9;47.3;0
3232;801059075;Comercio;5.0;3.3;92;2.8;2;37.1;7.8;3.9;54.0;38.3;3.0;1
3233;965367936;Manufactura;3.2;1.2;69;7.8;4;58.2;26.7;3.42;73.7;70.2;5.2;1
3234;898310814;Servicios;17.8;14.9;96;3.5;6;70.4;24.6;9.25;27.9;30.5;14.1;0
3235;833555677;Servicios;17.3;7.7;6;1.1;7;87.5;24.1;9.25;82.0;63.0;15.1;0
3236;854906248;Comercio;6.2;6.1;11;8.7;2;54.8;22.1;4.97;54.1;59.7;4.9;0
3237;813028146;Construcción;9.4;9.0;14;1.4;3;55.4;32.4;5.19;69.3;69.3;14.9;1
3238;955760233;Transporte;4.8;3.6;5;-5.5;10;81.0;13.7;4.3;71.5;81.0;5.1;1
3239;912687155;Servicios;10.1;9.9;34;13.6;7;74.5;5.0;2.93;32.9;40.6;0.4;0
3240;871077845;Transporte;9.1;2.3;33;-8.1;2;52.9;20.9;6.95;81.6;79.5;9.0;1
3241;987287802;Manufactura;9.6;5.7;19;0.1;7;64.2;2.7;4.11;26.8;42.2;9.6;0
3242;890966366;Construcción;12.9;10.8;13;10.8;2;48.0;12.4;3.29;79.3;73.6;2.1;0
3243;858574471;Servicios;11.0;9.4;67;8.9;5;66.5;26.1;3.1;61.9;73.3;20.6;0
3244;862876456;Manufactura;5.8;2.9;5;-14.1;4;57.2;20.8;1.44;80.5;60.4;6.6;1
3245;801670282;Servicios;13.1;2.8;19;3.0;2;43.6;16.3;2.57;76.5;73.1;5.9;0
3246;936777215;Construcción;15.4;6.7;22;21.3;7;70.1;9.9;3.55;70.3;76.1;18.4;0
3247;830068845;Servicios;14.2;10.3;25;-2.0;5;73.3;11.0;2.66;71.9;71.4;1.3;0
3248;992287419;Manufactura;20.2;15.6;26;3.8;4;40.2;25.2;2.04;51.8;58.9;8.1;1
3249;868006878;Tecnología;4.3;4.0;69;7.3;6;88.9;21.9;6.12;66.2;62.6;21.9;0
3250;975725508;Manufactura;9.7;3.6;21;14.7;1;51.3;23.2;3.37;62.4;62.0;3.4;1
3251;992467714;Servicios;3.8;0.9;7;7.3;4;74.0;12.4;6.34;55.7;54.3;4.2;0
3252;822677529;Construcción;7.4;5.8;30;10.7;6;77.5;16.0;2.76;87.3;88.4;36.1;0
3253;876584506;Comercio;7.3;6.1;6;15.7;6;66.7;23.8;2.17;83.1;68.9;2.3;0
3254;964253539;Manufactura;5.2;4.5;20;7.6;6;70.6;16.0;8.75;46.1;35.1;8.3;0
3255;879528797;Servicios;9.6;8.6;32;7.2;2;58.1;36.8;4.64;40.5;48.5;13.3;1
3256;967160364;Manufactura;4.7;3.5;134;10.0;7;74.0;30.8;1.42;44.0;63.0;13.3;0
3257;982460947;Servicios;5.4;4.4;25;3.6;4;52.4;9.1;2.79;43.2;53.0;34.2;0
3258;967506350;Transporte;9.8;3.2;13;3.5;2;66.1;20.0;2.31;14.7;53.7;8.2;0
3259;963907170;Comercio;4.8;4.2;66;-11.4;5;69.8;29.2;2.7;88.0;75.2;1.2;1
3260;889568318;Comercio;7.1;4.6;13;-13.3;7;90.6;2.0;2.66;63.2;76.9;5.8;0
3261;863447778;Comercio;5.2;1.4;10;-7.2;2;54.7;26.4;3.84;81.1;71.4;0.7;0
3262;866169451;Comercio;16.4;13.8;5;25.5;5;79.7;25.6;2.77;51.4;63.8;1.2;0
3263;969370468;Manufactura;8.9;3.3;7;1.6;1;46.5;35.9;3.71;69.9;77.2;1.1;1
3264;983775869;Comercio;8.4;4.4;32;7.5;4;49.5;2.3;2.94;76.8;100.0;12.4;0
3265;841524377;Comercio;11.5;10.7;24;5.2;3;63.6;7.4;1.64;11.6;52.3;7.6;0
3266;969201115;Construcción;4.6;4.5;44;29.5;1;25.1;41.8;2.03;47.9;40.6;17.0;1
3267;959029425;Servicios;21.9;19.2;15;28.6;6;62.0;24.9;4.13;29.7;62.7;0.6;0
3268;944376871;Construcción;4.6;2.9;28;8.6;4;40.9;15.1;4.85;31.5;45.4;6.2;1
3269;860546097;Construcción;5.1;2.1;5;2.8;3;50.7;33.4;3.21;70.1;51.1;5.4;1
3270;916797282;Servicios;10.5;10.0;60;-7.2;3;68.6;15.7;2.58;22.2;20.8;2.6;1
3271;892800693;Transporte;2.2;1.9;14;-9.1;3;42.3;12.8;3.47;47.5;47.6;0.5;1
3272;969738022;Comercio;5.6;5.3;19;19.0;9;80.4;35.0;4.26;57.2;54.4;4.9;0
3273;815675892;Servicios;9.5;2.1;70;-1.1;6;64.7;12.5;1.93;13.6;48.3;4.9;0
3274;972828833;Manufactura;6.3;6.1;38;14.0;6;67.8;18.2;3.23;15.9;58.7;10.0;1
3275;840012175;Manufactura;10.4;7.9;36;-10.4;7;80.2;38.8;3.38;85.7;74.9;3.0;0
3276;993918663;Manufactura;11.5;6.4;49;10.5;4;71.5;4.0;4.5;52.7;75.4;1.8;0
3277;824498670;Tecnología;5.3;3.9;17;6.5;7;84.7;5.6;2.52;69.0;73.0;14.6;0
3278;827712435;Comercio;6.9;4.6;11;-0.1;2;55.2;39.9;4.89;42.3;56.5;2.0;1
3279;837286339;Transporte;6.1;3.7;34;-3.6;2;53.3;10.2;4.47;64.2;73.1;46.7;0
3280;956923927;Servicios;6.3;6.0;24;-2.8;4;50.4;24.6;7.67;59.2;65.1;8.7;0
3281;921642504;Servicios;7.1;2.2;24;11.4;2;41.0;6.8;2.44;83.2;73.4;26.7;1
3282;889164532;Servicios;4.3;1.9;149;6.6;6;62.2;10.2;5.82;96.9;74.2;20.9;0
3283;860701963;Servicios;8.7;3.9;56;4.1;5;67.7;20.1;5.95;74.0;81.4;8.3;0
3284;860478223;Tecnología;4.2;1.8;8;-5.0;8;98.0;9.7;4.41;64.4;66.5;8.5;1
3285;940902079;Servicios;3.2;3.0;19;0.5;5;73.8;5.7;2.35;80.3;75.4;13.0;0
3286;990821636;Servicios;32.3;11.2;23;5.0;3;58.0;11.8;4.2;64.1;73.1;6.8;0
3287;930020267;Construcción;18.7;9.1;15;13.2;2;56.0;20.2;2.45;69.9;65.0;4.2;1
3288;957280410;Construcción;5.0;4.5;273;12.7;5;69.8;8.6;2.09;84.7;92.1;5.8;0
3289;915852373;Comercio;17.6;8.8;23;13.3;5;74.6;15.8;4.48;34.1;40.9;0.1;0
3290;847077699;Manufactura;7.8;4.9;24;6.3;1;42.6;16.0;2.52;58.6;74.5;2.9;1
3291;855670211;Servicios;17.9;11.5;12;-17.9;4;58.4;9.4;3.06;77.4;72.9;15.0;0
3292;813547958;Servicios;14.8;6.2;9;-5.1;4;75.9;5.6;2.89;53.0;62.4;0.7;0
3293;983012462;Manufactura;7.2;5.8;103;2.2;6;66.6;6.5;3.23;69.3;51.1;4.4;0
3294;895778408;Manufactura;5.2;1.1;35;-0.2;5;57.4;7.5;3.18;77.6;65.0;11.1;0
3295;826900153;Manufactura;22.2;10.5;55;2.0;5;73.2;12.1;4.02;62.9;53.4;18.1;0
3296;914789139;Comercio;24.8;6.1;14;9.0;0;50.3;14.0;3.59;60.8;53.4;11.2;1
3297;860646135;Servicios;40.9;10.7;62;12.4;6;70.3;12.0;1.8;27.1;35.8;6.7;0
3298;893012998;Servicios;13.7;11.6;9;14.8;9;85.4;28.1;3.7;72.8;66.0;29.0;0
3299;810861265;Comercio;4.9;1.8;69;-4.3;5;71.8;11.1;8.04;94.6;72.9;2.6;1
3300;923000142;Manufactura;37.4;21.9;117;23.5;4;65.8;9.9;3.79;68.7;62.7;15.9;0
3301;982404289;Comercio;5.7;2.0;7;13.1;3;58.7;6.7;2.47;71.9;87.6;0.7;0
3302;943556023;Comercio;7.1;4.8;17;14.8;2;64.4;6.1;3.91;93.7;94.4;16.3;0
3303;991672108;Transporte;1.7;1.5;5;2.3;3;67.3;5.5;2.19;63.8;71.2;19.1;0
3304;980441041;Comercio;16.6;10.7;24;21.2;1;60.0;24.3;3.53;27.1;42.0;13.2;1
3305;883673703;Servicios;6.4;5.6;43;7.7;5;66.3;9.2;3.9;46.3;38.5;8.5;0
3306;980087559;Servicios;7.2;3.4;10;3.2;7;81.5;15.4;5.56;51.5;42.3;13.4;0
3307;821781973;Comercio;5.6;2.4;12;1.0;1;35.8;25.6;4.06;79.9;79.4;16.1;1
3308;845176371;Transporte;5.0;4.2;44;-11.5;1;65.1;31.4;4.22;86.1;61.5;0.1;1
3309;906195802;Construcción;5.0;4.0;28;5.3;5;70.2;8.1;3.45;74.1;87.3;31.9;0
3310;819269007;Construcción;8.1;4.1;29;-1.7;2;48.1;14.7;2.65;67.6;68.0;9.8;0
3311;987742805;Servicios;15.3;5.7;23;3.1;4;55.9;5.9;3.99;67.4;63.6;0.2;0
3312;994588165;Transporte;10.0;3.0;6;23.4;6;68.1;11.9;1.34;15.4;48.6;0.2;0
3313;997670375;Manufactura;18.9;11.9;6;13.6;4;64.2;23.5;2.7;72.4;72.7;8.4;0
3314;937996864;Servicios;10.0;5.4;18;18.3;5;63.3;16.4;3.39;63.3;53.2;21.5;0
3315;966362476;Servicios;11.4;2.4;41;6.2;4;73.1;9.5;3.1;69.8;73.2;10.8;0
3316;864390038;Transporte;5.4;1.6;7;5.0;4;68.9;18.0;2.88;43.5;60.7;2.3;0
3317;888590198;Manufactura;23.0;10.1;37;6.5;4;55.5;26.5;1.59;93.6;72.6;21.2;0
3318;868427083;Comercio;6.3;5.4;5;3.9;5;76.8;29.9;5.62;54.6;58.6;5.1;0
3319;809447410;Construcción;17.4;13.6;11;-18.4;1;68.6;26.8;3.12;68.4;59.3;7.1;1
3320;882766608;Servicios;5.4;1.8;10;6.8;3;51.3;35.9;3.2;87.7;71.0;3.0;1
3321;937917649;Transporte;9.6;7.9;20;-12.8;6;85.9;23.3;2.22;33.5;45.9;6.3;0
3322;989442873;Transporte;9.0;5.5;42;16.6;5;58.7;23.6;3.77;38.4;51.6;0.3;0
3323;978618363;Servicios;4.5;1.7;18;14.3;7;75.0;23.9;2.8;77.0;72.7;4.1;0
3324;959548965;Servicios;6.9;5.1;9;16.6;4;61.6;30.5;3.21;75.7;70.2;5.7;1
3325;891995405;Servicios;10.0;5.5;35;12.4;6;57.3;6.7;4.11;32.1;34.6;10.3;0
3326;968340728;Manufactura;7.1;4.1;24;16.6;2;55.9;14.1;2.51;33.5;72.7;1.4;1
3327;990298821;Servicios;8.5;6.6;5;3.8;6;68.3;41.3;2.41;66.3;65.0;2.9;1
3328;993461959;Servicios;9.8;9.1;33;5.1;9;72.1;11.4;2.41;79.6;88.0;12.0;0
3329;810775125;Construcción;16.2;4.0;104;2.1;5;66.0;11.9;3.76;57.1;59.2;15.7;1
3330;819035447;Servicios;19.4;5.5;13;10.5;2;48.1;34.0;2.93;93.9;100.0;5.7;0
3331;936677621;Servicios;3.4;0.9;10;7.1;5;69.6;20.7;2.06;82.0;83.5;26.4;1
3332;929474813;Servicios;11.7;11.6;29;15.5;5;65.2;11.3;1.67;13.0;26.7;7.7;0
3333;954093113;Tecnología;14.0;10.3;74;-6.4;2;45.2;16.1;5.82;63.0;56.7;25.8;0
3334;836861928;Servicios;2.7;2.0;64;2.9;4;72.5;18.7;1.89;52.7;60.1;0.6;0
3335;884462594;Servicios;9.3;3.1;7;-17.1;6;74.1;10.6;3.62;64.6;70.1;20.5;1
3336;896151320;Comercio;45.2;29.1;51;0.7;7;74.1;19.0;2.03;41.4;52.7;4.6;0
3337;857514834;Transporte;7.6;3.7;30;0.6;5;57.9;4.1;2.58;67.6;62.9;16.4;0
3338;835373473;Manufactura;1.8;0.5;7;-1.7;5;65.6;18.9;5.26;65.6;77.3;50.0;0
3339;926579977;Servicios;11.5;4.4;8;0.5;3;54.7;11.9;3.02;70.7;62.6;38.4;1
3340;895052225;Transporte;6.3;5.7;88;15.6;3;75.1;11.2;3.15;64.9;47.3;1.5;1
3341;828011622;Comercio;25.4;22.1;12;4.8;6;78.6;13.6;2.83;58.9;55.9;14.7;0
3342;900353134;Servicios;7.2;6.3;12;3.5;5;65.2;9.6;3.37;89.4;69.0;13.8;0
3343;816817627;Tecnología;5.4;2.2;5;22.0;9;81.1;41.1;5.01;45.8;74.6;9.7;0
3344;861943729;Comercio;7.9;6.9;18;-4.6;5;66.1;22.5;4.54;18.3;19.4;8.8;1
3345;976387469;Comercio;9.8;3.1;9;3.8;5;74.4;13.7;4.03;83.9;79.8;12.9;1
3346;892177760;Manufactura;17.7;16.2;86;-16.3;3;66.4;14.3;7.19;45.3;37.6;3.2;0
3347;816773747;Comercio;23.4;19.8;121;4.0;1;58.2;26.2;2.76;40.3;53.3;17.2;0
3348;969227509;Servicios;36.2;9.3;41;3.8;1;48.4;14.6;3.64;67.0;74.7;3.7;1
3349;885756699;Transporte;8.3;7.2;27;-13.5;4;72.5;10.9;3.05;57.7;48.9;7.6;0
3350;845071260;Comercio;7.2;2.1;94;17.2;6;68.3;18.4;3.88;85.9;83.7;0.2;0
3351;869793376;Tecnología;5.4;4.5;46;-16.9;4;76.7;9.9;4.07;72.9;63.5;11.3;0
3352;854998348;Servicios;14.7;10.5;26;27.6;6;58.2;7.8;2.39;73.6;64.3;11.3;0
3353;936153817;Tecnología;9.8;3.0;60;1.6;7;73.8;11.2;6.0;80.7;80.9;13.9;0
3354;800787988;Servicios;6.9;6.1;32;-5.8;4;62.1;26.3;6.66;79.3;82.0;11.5;1
3355;927258635;Servicios;14.8;12.8;38;20.9;3;56.4;18.7;2.34;50.9;49.9;1.1;0
3356;933894264;Construcción;31.1;17.6;5;14.8;5;66.8;25.4;3.34;50.0;63.5;6.7;0
3357;918904939;Transporte;2.7;0.5;14;18.7;9;83.7;18.3;3.66;97.9;87.7;1.5;0
3358;936372549;Tecnología;7.2;3.2;29;5.6;7;83.8;7.0;3.39;66.8;63.0;13.7;0
3359;985275387;Manufactura;9.2;7.6;25;-5.6;6;68.5;6.8;3.02;60.5;63.2;1.1;0
3360;902565881;Comercio;8.5;7.1;33;23.2;4;67.8;4.9;6.43;74.5;74.4;35.3;0
3361;954205516;Servicios;7.4;2.9;5;17.3;5;65.5;9.4;4.89;89.8;73.4;12.7;0
3362;976502365;Manufactura;6.0;2.9;13;5.9;6;68.0;15.5;3.95;44.6;47.9;15.2;0
3363;933515653;Servicios;15.8;6.1;6;-0.8;4;38.7;14.7;3.67;64.4;53.1;37.4;1
3364;861595253;Transporte;5.2;1.9;10;12.7;2;58.0;11.2;4.59;69.7;86.7;9.8;0
3365;861186424;Comercio;9.5;3.9;14;15.4;4;62.5;31.6;2.94;54.5;47.8;24.2;1
3366;826377976;Transporte;6.6;2.7;49;-10.1;7;94.9;3.6;5.28;66.2;42.4;9.5;0
3367;968444252;Transporte;7.8;5.2;5;-5.5;2;47.7;24.5;2.65;67.0;68.6;0.9;1
3368;827441030;Construcción;15.1;5.8;66;-9.9;4;59.3;17.0;2.57;55.9;57.0;10.8;1
3369;888233313;Comercio;5.5;2.9;14;11.8;5;70.1;16.1;5.08;73.9;95.4;9.5;0
3370;912233706;Comercio;10.0;5.4;10;0.7;6;71.5;6.2;3.52;34.1;43.9;24.7;0
3371;909545037;Comercio;16.1;13.4;6;13.6;2;53.5;3.1;2.25;46.7;61.9;17.5;0
3372;839498866;Construcción;5.0;1.1;34;5.7;4;56.8;18.0;3.92;40.4;56.0;13.5;1
3373;806215327;Tecnología;50.0;40.2;16;3.4;4;54.0;9.1;2.8;90.7;80.4;11.9;0
3374;856364031;Servicios;15.6;7.6;24;-0.2;7;73.5;8.9;2.64;50.4;47.8;0.6;0
3375;830714234;Manufactura;13.8;7.3;28;6.4;1;57.1;1.6;2.18;16.4;38.4;10.2;0
3376;870898183;Construcción;5.7;1.6;15;-11.0;9;91.4;19.2;2.65;76.4;65.6;0.5;0
3377;867175009;Servicios;14.2;11.7;15;8.9;8;79.7;20.9;5.26;64.0;67.4;0.1;0
3378;998502768;Comercio;8.7;7.0;11;7.1;6;67.4;20.3;4.7;65.8;67.4;1.8;0
3379;919056873;Construcción;7.3;1.9;37;1.4;3;56.0;13.6;2.47;48.9;52.3;4.4;1
3380;956529985;Comercio;8.3;6.9;9;20.7;4;59.5;8.5;2.98;64.1;69.2;4.1;0
3381;885453176;Servicios;3.9;3.4;47;11.3;3;76.3;30.3;4.09;6.2;20.4;4.6;1
3382;973066982;Servicios;8.2;8.0;55;13.1;6;68.3;18.3;3.37;27.7;55.4;0.6;0
3383;965674729;Servicios;19.1;12.6;30;13.7;7;75.7;6.7;2.8;47.4;58.4;2.3;0
3384;865110927;Comercio;8.5;5.6;30;13.6;4;54.4;23.5;2.37;47.8;66.0;3.1;0
3385;901775240;Servicios;15.9;7.7;20;10.6;8;78.6;4.0;4.25;50.2;58.7;4.2;0
3386;944260796;Transporte;9.6;8.0;137;16.4;4;49.7;25.0;3.36;64.7;49.1;13.9;0
3387;944342851;Servicios;27.5;26.2;12;-22.2;3;59.2;8.3;3.49;55.2;58.0;8.7;1
3388;981681384;Servicios;2.7;2.7;12;-9.5;7;76.0;12.4;5.7;62.1;59.8;13.3;1
3389;956893139;Servicios;16.5;13.1;31;2.3;5;59.4;26.6;2.22;13.0;32.7;9.4;0
3390;892057406;Comercio;8.2;2.0;75;19.3;3;61.3;19.0;3.96;66.8;53.3;14.4;0
3391;914421127;Servicios;8.9;8.0;10;16.1;6;69.5;19.6;1.99;88.3;61.0;3.6;0
3392;914283830;Construcción;3.7;2.8;12;-6.0;10;100.0;25.9;4.33;79.1;86.7;3.1;0
3393;802461342;Tecnología;6.3;3.5;15;-0.8;6;65.8;27.3;2.93;65.4;85.6;35.5;1
3394;821549774;Servicios;13.6;3.2;17;15.1;6;73.3;6.3;3.12;49.1;27.3;1.7;0
3395;953273517;Construcción;3.4;3.3;76;-6.0;7;67.7;4.8;3.3;50.9;73.2;18.9;1
3396;978623503;Servicios;9.4;4.8;22;1.9;2;57.7;25.4;5.1;60.0;52.6;15.5;1
3397;877436786;Construcción;8.8;7.4;62;10.5;5;70.3;24.6;2.53;84.9;62.3;22.3;1
3398;872431591;Comercio;6.7;6.3;23;13.5;6;87.3;11.0;4.94;49.2;76.5;1.3;0
3399;856352698;Servicios;15.4;12.9;227;11.5;3;40.2;27.9;4.22;52.7;40.9;10.9;0
3400;818171756;Comercio;7.7;7.0;25;15.6;7;78.9;21.8;6.68;43.5;57.9;6.9;0
3401;891269917;Construcción;8.8;6.8;26;4.9;8;100.0;22.4;4.68;49.2;58.8;7.7;0
3402;881100191;Servicios;10.0;6.3;35;8.6;3;53.2;25.9;3.46;80.0;74.0;12.2;0
3403;994064453;Servicios;21.1;12.0;5;21.5;2;49.4;5.3;2.21;45.4;64.5;2.3;0
3404;832614317;Servicios;6.7;1.7;56;12.9;4;58.1;7.0;4.49;21.1;26.0;5.7;0
3405;803029716;Servicios;7.4;5.2;25;9.3;7;88.2;11.4;2.0;86.1;70.7;9.1;0
3406;878203770;Servicios;38.2;31.7;21;9.4;7;71.9;7.1;3.27;85.1;69.8;3.4;0
3407;873570367;Manufactura;9.3;7.1;41;4.0;4;61.3;8.4;4.23;93.0;100.0;3.3;0
3408;888419340;Construcción;4.9;2.9;40;0.0;6;86.9;20.1;3.78;45.2;36.9;29.2;0
3409;895081103;Transporte;11.2;5.2;19;4.8;2;49.6;17.3;6.2;65.6;63.3;7.1;0
3410;940457687;Servicios;14.8;5.1;12;9.2;3;48.5;34.8;1.34;88.1;83.6;9.6;1
3411;908313923;Comercio;11.2;8.7;111;0.5;4;64.2;7.8;2.56;58.1;64.6;9.3;0
3412;807748341;Manufactura;12.2;10.4;38;14.7;1;58.3;14.8;2.45;58.5;70.0;1.9;0
3413;871375117;Comercio;4.7;3.6;38;8.4;4;50.9;10.7;3.49;60.4;39.0;6.2;0
3414;843593184;Transporte;22.3;10.0;17;1.5;4;58.5;7.8;4.1;77.2;85.5;4.6;0
3415;867519002;Manufactura;10.8;2.5;50;11.3;6;93.2;16.7;5.14;65.1;74.7;0.8;0
3416;873183933;Servicios;7.3;3.7;30;5.8;3;50.1;22.8;4.53;11.2;22.1;15.5;1
3417;853001565;Transporte;18.9;5.0;10;-5.5;3;41.1;4.4;4.33;59.9;53.0;8.1;0
3418;860625802;Manufactura;5.8;4.7;15;-3.9;8;100.0;3.0;2.61;58.3;41.9;6.3;0
3419;925510009;Transporte;16.4;8.1;23;19.2;4;67.6;13.8;2.78;77.5;87.8;21.3;0
3420;818134957;Comercio;10.5;9.3;5;21.8;5;60.0;31.4;3.56;54.8;78.8;12.4;0
3421;909733457;Manufactura;9.1;7.5;16;11.3;6;69.2;18.9;4.58;45.0;47.1;2.4;0
3422;976074672;Construcción;4.0;1.4;45;9.3;7;68.8;21.3;1.92;75.8;84.5;8.8;0
3423;837416803;Tecnología;10.0;5.3;6;12.3;6;71.8;43.2;1.77;65.6;52.0;17.9;1
3424;845577290;Servicios;4.0;1.5;5;-10.7;1;37.0;9.6;2.37;40.7;51.6;12.4;1
3425;824911257;Transporte;13.3;9.5;25;13.5;6;81.7;4.6;3.07;39.8;47.5;11.9;0
3426;912716613;Servicios;5.1;3.5;32;3.6;4;59.2;9.6;2.31;71.7;70.9;23.2;0
3427;821182373;Servicios;7.5;7.5;6;15.0;2;41.3;25.1;2.62;79.1;62.5;7.1;1
3428;920443963;Transporte;17.5;12.2;16;-8.1;4;48.8;1.1;2.99;54.4;68.5;8.3;0
3429;884650915;Servicios;4.2;0.9;5;7.4;4;71.7;26.2;4.59;51.5;43.0;12.3;1
3430;990937974;Servicios;5.5;2.9;80;-4.8;2;53.0;36.8;3.57;93.3;60.6;18.1;1
3431;959899960;Servicios;50.0;27.7;9;4.9;3;50.9;1.0;1.93;52.2;54.7;23.0;0
3432;965939299;Transporte;14.6;12.8;37;13.7;2;62.0;24.2;3.6;61.7;73.1;5.0;1
3433;939416039;Comercio;4.5;3.2;38;-15.5;7;91.5;38.0;2.61;19.3;38.7;9.7;1
3434;819147992;Tecnología;3.8;3.3;78;-17.5;4;77.5;6.0;3.9;71.1;78.6;5.8;0
3435;807440223;Manufactura;7.7;7.5;30;-7.5;6;86.1;23.1;4.04;53.2;57.1;8.5;0
3436;911725007;Comercio;9.4;3.3;10;20.9;5;63.9;22.8;5.37;91.2;76.8;13.8;0
3437;855317610;Comercio;8.5;2.6;28;18.4;3;61.0;24.5;3.18;71.0;81.1;1.4;0
3438;915867739;Servicios;13.9;7.7;22;-5.7;5;66.3;33.4;3.92;61.9;58.8;1.1;0
3439;846757653;Comercio;7.2;7.1;45;-9.5;2;86.8;19.5;2.93;49.1;31.5;0.3;0
3440;819234731;Comercio;18.2;15.1;59;-21.1;4;61.0;9.5;2.4;63.9;52.4;17.9;0
3441;950070138;Comercio;17.5;7.4;86;8.3;4;66.8;15.3;4.35;88.9;86.1;19.7;0
3442;947939721;Tecnología;7.6;5.6;11;9.8;1;47.0;18.2;2.37;85.9;66.8;1.2;1
3443;834856425;Transporte;15.0;10.0;10;10.1;7;92.3;27.2;6.56;44.0;51.0;0.1;0
3444;918128319;Manufactura;22.0;10.4;98;-2.7;5;65.1;24.5;1.99;30.0;49.7;15.1;0
3445;826728072;Manufactura;10.5;4.8;6;26.6;7;74.8;16.6;3.86;72.5;55.8;2.9;0
3446;946668165;Comercio;8.1;1.9;36;4.1;6;73.9;8.1;5.57;86.5;70.6;18.8;0
3447;990598929;Comercio;8.7;5.3;15;-27.2;8;99.0;31.7;5.3;76.8;47.2;0.4;0
3448;914822602;Comercio;15.1;7.8;8;-1.3;5;63.7;4.5;4.41;57.6;63.1;3.0;0
3449;878086388;Servicios;10.0;9.2;9;7.5;5;66.3;17.9;3.58;85.5;82.0;2.9;0
3450;946608780;Servicios;11.5;6.1;30;12.9;5;84.0;11.5;4.15;82.2;79.0;5.0;0
3451;884064118;Comercio;3.4;1.4;28;7.9;5;71.0;17.7;4.9;65.7;56.3;17.7;0
3452;930301146;Servicios;24.3;9.1;27;6.3;5;69.2;4.8;6.55;46.6;42.8;6.6;0
3453;933654162;Comercio;13.9;9.2;145;13.7;5;57.9;8.6;3.43;47.7;70.7;14.5;0
3454;881203745;Construcción;12.5;3.9;17;22.0;9;82.1;12.9;3.88;46.9;36.4;12.8;0
3455;920691554;Servicios;10.9;8.1;13;7.6;4;55.9;7.6;3.56;50.2;42.8;2.0;0
3456;865269640;Comercio;50.0;17.9;25;9.6;6;50.6;4.6;1.74;46.8;63.5;11.4;0
3457;944172067;Comercio;9.0;1.8;8;1.1;3;48.6;21.8;4.04;71.7;58.7;34.6;1
3458;985744992;Transporte;8.5;6.8;5;8.6;4;59.9;26.5;2.64;77.1;60.5;2.0;0
3459;878134329;Transporte;9.8;2.5;29;0.5;5;55.1;12.4;5.93;71.4;61.2;2.9;1
3460;858536387;Servicios;6.8;5.1;9;-7.8;5;73.5;36.3;2.94;36.3;35.5;14.7;1
3461;848290582;Servicios;15.2;13.8;9;-2.7;10;78.5;39.7;2.35;69.6;75.8;49.3;0
3462;840199233;Transporte;4.5;1.9;35;2.6;0;37.9;28.2;3.43;52.0;70.9;8.8;1
3463;896257961;Servicios;10.9;7.4;38;4.9;0;41.2;16.6;3.53;6.3;22.7;3.8;1
3464;842370350;Construcción;15.1;11.0;10;-6.9;4;55.0;5.5;2.41;26.9;48.9;9.0;0
3465;820096471;Manufactura;12.4;6.1;19;11.8;5;83.3;17.7;3.4;78.2;69.6;1.5;0
3466;892453719;Comercio;23.1;12.7;34;5.7;5;59.2;1.7;5.02;20.1;47.9;0.7;0
3467;899108121;Tecnología;5.4;4.6;32;5.2;6;69.9;23.8;2.24;69.9;80.0;1.0;0
3468;853829327;Servicios;28.3;8.4;7;-9.6;2;61.0;26.9;3.61;37.5;56.8;2.0;1
3469;970515210;Servicios;12.8;2.6;19;5.5;4;45.3;2.8;4.06;73.6;75.7;31.3;0
3470;965653062;Servicios;12.0;7.2;24;16.9;8;82.9;16.4;3.11;80.9;77.5;2.1;0
3471;865108272;Comercio;5.4;3.4;24;-8.7;3;67.9;20.9;8.03;35.4;56.8;12.1;1
3472;967640271;Manufactura;11.0;10.2;64;7.9;0;49.1;1.8;3.17;81.7;97.3;33.9;0
3473;987845071;Tecnología;13.7;11.9;19;20.2;3;72.2;28.7;3.07;35.7;38.3;1.3;0
3474;891269608;Manufactura;18.7;6.9;21;-6.0;3;44.5;9.2;2.0;96.0;92.2;0.3;0
3475;880609456;Transporte;4.7;4.5;16;-7.9;4;63.9;19.3;2.32;36.3;35.6;12.1;1
3476;849165387;Comercio;16.3;14.1;16;17.5;5;64.4;11.4;2.15;75.0;68.6;4.9;0
3477;911404371;Comercio;20.2;18.6;7;7.6;4;70.5;23.2;3.94;44.5;59.3;16.7;0
3478;940479586;Comercio;6.5;6.1;35;10.4;9;72.0;29.1;1.61;80.1;94.5;3.6;0
3479;987894182;Construcción;12.8;6.6;9;21.4;8;92.4;36.1;3.65;73.9;64.9;22.4;0
3480;898630243;Transporte;9.1;6.1;35;22.3;7;62.2;28.9;1.69;90.8;68.3;9.1;0
3481;991668044;Servicios;11.3;3.4;5;10.4;5;84.4;16.8;2.71;59.6;53.5;4.3;0
3482;986995346;Construcción;19.8;18.5;50;7.1;4;78.2;13.8;3.1;52.5;47.3;0.6;0
3483;923748245;Transporte;5.4;4.4;46;2.5;4;57.7;2.9;3.03;61.7;51.2;9.5;0
3484;802085634;Construcción;1.8;1.5;27;14.7;4;63.0;26.3;2.41;54.8;49.5;3.4;1
3485;885416462;Manufactura;16.1;10.8;18;-3.1;3;50.4;35.2;1.76;71.9;73.0;8.5;1
3486;855887447;Manufactura;20.3;5.7;20;6.4;4;81.5;5.6;2.51;89.0;78.2;1.2;0
3487;845667366;Comercio;12.7;3.9;39;8.3;2;59.6;28.6;3.24;58.1;51.7;7.4;1
3488;864705103;Comercio;8.8;4.7;32;-8.5;9;66.7;8.6;3.12;33.1;43.6;15.1;0
3489;845604675;Comercio;3.9;3.9;5;9.2;8;73.5;4.8;1.73;87.5;76.2;44.6;0
3490;978694936;Tecnología;5.3;1.7;43;3.3;4;57.1;8.3;2.33;33.9;53.7;8.8;1
3491;999300439;Servicios;5.4;2.2;7;4.8;6;68.1;8.8;2.02;59.8;70.5;50.0;0
3492;986584461;Transporte;13.0;7.7;23;-1.6;5;59.6;44.2;3.71;89.1;83.9;20.7;1
3493;866195603;Construcción;16.3;3.6;24;-2.5;3;40.6;7.0;3.9;36.4;53.7;7.4;0
3494;975386492;Comercio;6.0;4.1;19;0.9;9;69.2;33.4;4.02;59.8;61.8;0.3;0
3495;995484825;Servicios;14.1;4.5;5;14.6;7;70.8;31.7;5.79;54.5;47.8;6.4;0
3496;886815486;Comercio;11.7;11.3;33;27.0;5;71.8;11.1;4.31;90.6;83.7;1.2;0
3497;829844573;Comercio;16.3;16.0;10;-0.3;3;61.6;6.0;1.8;49.1;60.0;6.5;0
3498;986727213;Manufactura;8.8;4.2;8;7.9;6;46.4;26.9;4.51;56.5;58.0;0.8;1
3499;902123285;Servicios;2.6;0.7;13;7.0;5;78.1;35.7;2.96;97.8;73.2;3.6;0
3500;962240734;Comercio;11.1;4.2;58;-6.2;7;89.9;18.1;4.16;74.8;71.7;7.0;0
3501;941273683;Servicios;3.6;2.8;29;8.9;1;38.7;7.4;2.62;74.3;67.0;4.1;1
3502;998361345;Servicios;13.0;5.6;21;12.5;4;88.9;8.8;6.36;25.3;28.7;0.1;0
3503;932440958;Tecnología;9.8;3.4;79;-2.5;7;69.2;8.8;4.01;60.0;70.1;1.2;0
3504;933659353;Comercio;39.6;17.9;18;6.2;5;71.6;15.7;3.82;50.3;67.1;20.6;0
3505;858081212;Servicios;6.4;2.0;37;-2.5;6;79.5;19.7;4.58;88.1;75.6;15.8;0
3506;953586870;Servicios;4.5;2.3;29;6.1;5;68.0;34.9;3.23;76.5;70.0;11.0;0
3507;842446737;Servicios;4.6;2.3;18;17.1;8;82.3;14.4;2.47;87.9;58.8;42.8;0
3508;994090387;Manufactura;5.7;2.7;29;11.4;1;50.8;6.8;3.76;43.5;50.5;29.5;1
3509;926644636;Comercio;9.7;9.3;9;-1.9;4;62.7;8.6;4.26;91.9;82.7;26.6;0
3510;810730175;Comercio;6.8;5.0;48;13.2;3;61.8;22.0;2.22;61.7;60.5;10.8;1
3511;887887940;Comercio;2.8;2.6;29;2.1;1;66.1;24.8;2.53;27.6;13.4;0.8;1
3512;807701102;Servicios;4.2;4.0;92;16.1;4;51.9;7.3;3.2;47.5;47.4;3.2;0
3513;872387942;Servicios;3.1;2.4;13;0.2;6;75.2;2.7;4.98;78.0;53.1;20.2;0
3514;830161883;Comercio;22.1;17.7;18;2.7;9;77.4;21.0;3.59;30.0;35.4;3.2;0
3515;810580968;Comercio;18.3;4.8;89;-2.3;4;68.9;21.5;4.51;57.4;58.7;13.3;0
3516;892032769;Comercio;11.4;3.7;10;13.3;4;59.8;33.8;1.8;66.0;67.0;13.8;1
3517;800564402;Manufactura;3.4;2.7;13;14.5;9;79.9;14.0;2.46;92.5;92.7;21.5;0
3518;926570300;Comercio;2.3;2.0;33;-7.1;6;77.1;9.5;4.84;42.6;45.0;5.1;1
3519;914488234;Comercio;5.1;1.7;17;14.0;4;53.7;28.0;4.59;48.5;63.2;5.6;1
3520;950259863;Comercio;2.2;0.5;12;15.0;0;32.9;23.0;2.5;94.8;77.5;15.4;1
3521;924826039;Servicios;13.4;3.8;12;14.4;2;51.2;14.0;4.85;9.9;36.9;23.1;1
3522;947819011;Comercio;6.1;2.9;23;-3.2;2;59.8;5.5;2.53;59.2;68.5;13.0;0
3523;993641158;Manufactura;21.9;11.6;15;4.9;8;68.0;24.6;4.63;76.2;61.5;13.4;0
3524;820088106;Manufactura;15.4;12.9;5;18.2;3;51.6;27.2;3.09;34.0;40.4;21.9;0
3525;814252496;Comercio;10.3;3.2;42;11.5;4;52.5;24.4;2.28;64.0;70.0;3.3;1
3526;813090893;Tecnología;6.2;3.0;21;-8.2;3;51.8;36.6;4.05;59.8;57.3;0.3;1
3527;897559986;Servicios;6.4;2.3;40;5.2;5;78.8;0.6;4.76;67.0;60.7;1.9;0
3528;944408001;Construcción;2.0;0.5;23;-8.0;7;89.0;16.9;3.85;60.6;54.2;8.6;0
3529;897794150;Manufactura;6.4;5.8;17;-0.5;3;67.8;6.6;2.59;75.8;50.7;2.8;0
3530;916154980;Construcción;4.5;1.5;111;10.8;5;63.6;15.9;3.06;37.2;37.0;6.9;0
3531;877450994;Transporte;6.7;2.2;75;3.7;5;72.4;24.6;2.88;28.9;51.6;5.0;0
3532;873406234;Servicios;2.3;1.8;153;9.0;9;76.5;21.2;4.06;90.4;76.9;16.0;0
3533;938798378;Comercio;6.0;6.0;26;5.6;4;77.0;8.3;4.47;50.3;41.2;10.5;0
3534;991566805;Comercio;34.7;13.8;500;24.4;3;64.3;19.5;3.0;71.0;58.3;1.7;0
3535;909906063;Comercio;8.1;6.3;5;18.9;6;55.3;17.6;4.27;64.7;48.6;13.0;0
3536;891841383;Construcción;12.9;3.8;5;-5.8;0;48.7;21.8;3.96;67.8;70.4;5.6;1
3537;935822328;Servicios;9.5;3.9;40;20.5;5;58.9;35.3;3.5;75.4;80.4;0.7;1
3538;920496322;Manufactura;4.2;1.9;19;1.6;4;60.9;7.7;6.21;62.1;62.0;1.9;0
3539;997777378;Comercio;22.6;15.6;44;12.0;7;66.0;16.5;3.33;37.4;53.9;4.7;0
3540;908027221;Servicios;30.8;26.9;186;2.2;3;52.1;4.8;2.52;88.1;76.3;12.3;0
3541;929003603;Manufactura;19.7;13.5;34;11.6;5;62.1;18.6;2.93;55.5;65.9;12.1;0
3542;895201393;Construcción;22.4;19.7;49;-3.8;5;70.1;3.0;2.12;67.0;65.3;14.2;0
3543;982004576;Manufactura;20.5;17.1;49;-26.7;4;65.9;19.1;3.15;40.4;51.5;3.5;1
3544;888607780;Construcción;15.4;8.8;113;11.3;3;74.0;6.5;5.15;55.6;52.1;3.2;0
3545;931121938;Transporte;4.9;4.0;13;3.3;8;88.6;19.3;2.85;73.3;76.2;44.6;0
3546;934793114;Servicios;15.2;7.6;26;29.4;3;35.5;9.8;2.79;57.6;62.2;6.4;0
3547;860683644;Servicios;10.4;8.2;7;13.5;0;45.2;24.2;2.23;51.0;52.7;12.2;1
3548;990639936;Construcción;5.0;1.4;12;20.3;8;77.5;13.8;3.32;55.9;60.5;4.7;0
3549;837913058;Comercio;15.6;10.7;5;4.4;4;61.8;7.6;2.96;73.3;81.0;0.1;0
3550;966308796;Servicios;13.4;9.9;90;-5.7;8;76.1;11.4;2.48;52.7;49.2;7.7;0
3551;992187668;Servicios;8.2;2.8;12;4.4;8;81.8;22.6;2.18;86.9;81.1;0.3;1
3552;884915192;Servicios;23.4;21.1;9;17.0;1;30.6;7.0;1.89;46.4;51.1;16.5;0
3553;954190270;Comercio;6.2;2.6;175;-3.9;2;52.4;22.1;8.07;29.5;29.9;9.5;1
3554;952917642;Servicios;9.9;7.1;45;4.5;1;31.2;2.4;3.09;39.7;58.8;10.9;1
3555;990471631;Comercio;8.1;6.4;17;12.0;5;62.5;24.4;3.28;31.1;36.3;11.1;1
3556;951683687;Tecnología;12.0;5.5;33;-11.7;8;77.1;41.2;1.77;88.8;70.5;38.7;1
3557;997942554;Servicios;2.5;1.6;18;2.5;4;74.1;33.3;6.96;59.6;70.7;9.2;1
3558;949530345;Servicios;13.3;5.7;86;7.4;4;70.1;5.7;2.38;46.6;41.5;0.9;0
3559;866093059;Construcción;8.7;2.5;22;-13.7;2;46.1;7.9;2.2;70.8;59.1;1.1;1
3560;815113591;Servicios;5.4;4.3;36;5.3;8;83.8;20.5;3.32;68.5;74.3;2.8;0
3561;960155291;Servicios;5.5;1.4;5;8.1;7;65.4;23.5;2.97;40.9;67.4;4.3;1
3562;911242222;Comercio;18.2;6.4;51;-5.9;3;59.9;15.9;3.9;71.3;38.6;15.5;1
3563;881336415;Comercio;11.3;7.2;40;-15.4;0;53.1;17.4;2.3;87.9;80.3;3.0;1
3564;853920421;Servicios;5.7;4.8;27;-8.4;6;74.0;21.5;4.16;68.1;63.3;8.5;0
3565;802524894;Transporte;4.7;2.8;31;13.1;5;60.5;8.9;3.41;89.0;71.0;5.7;0
3566;996255597;Manufactura;22.0;15.7;34;7.5;3;59.1;32.1;1.68;38.5;46.6;33.5;1
3567;972944874;Comercio;9.9;8.8;12;11.8;7;82.9;2.7;3.32;53.4;69.7;6.2;0
3568;999117390;Comercio;23.4;17.7;9;-1.7;4;78.6;7.1;2.31;12.7;47.4;3.7;1
3569;968304637;Servicios;24.7;5.3;28;17.6;0;36.7;3.1;3.8;54.8;57.6;1.9;0
3570;809413338;Tecnología;7.8;5.2;21;-5.0;3;61.1;2.0;3.43;70.6;66.0;28.0;1
3571;895961796;Manufactura;7.2;4.1;13;-17.9;7;63.8;44.0;2.67;33.3;40.5;0.0;1
3572;915230682;Tecnología;5.7;3.1;31;13.0;3;67.1;10.3;3.76;71.8;65.4;5.9;0
3573;850186744;Comercio;7.3;3.6;8;-4.2;6;81.4;19.7;1.27;35.1;47.9;5.6;1
3574;984142083;Servicios;7.9;1.8;54;-2.1;6;78.0;3.9;4.08;13.0;45.9;8.6;0
3575;983003484;Servicios;7.0;6.7;126;-8.8;4;70.2;29.7;2.85;23.1;34.0;5.4;1
3576;876483496;Servicios;9.0;3.6;24;-3.8;0;44.3;19.7;8.1;77.1;68.6;1.2;1
3577;903379736;Servicios;5.3;3.0;16;-26.1;0;51.7;16.0;6.66;78.7;66.4;2.5;1
3578;931900655;Construcción;6.3;3.5;10;9.2;7;79.2;2.0;1.5;33.8;46.9;12.1;0
3579;967475180;Servicios;3.3;2.3;29;21.9;7;76.4;15.9;8.57;20.1;29.1;2.9;0
3580;919384883;Construcción;2.1;1.2;165;9.2;8;85.5;14.6;2.24;71.8;66.0;10.1;0
3581;891906388;Transporte;6.1;2.9;41;15.1;7;67.9;27.3;2.65;70.7;79.5;1.9;0
3582;938858564;Transporte;15.0;10.3;104;8.3;6;100.0;13.6;4.03;76.2;79.3;7.4;0
3583;970989107;Comercio;8.4;4.8;17;-9.9;4;66.5;26.0;4.44;41.0;54.6;8.3;1
3584;912855549;Manufactura;16.8;8.4;44;-10.4;2;75.8;27.6;2.38;26.7;52.2;6.0;0
3585;898467939;Transporte;19.2;5.7;12;1.9;5;70.8;17.6;3.7;80.8;70.9;4.0;0
3586;940042318;Servicios;12.3;8.9;52;-1.4;3;57.8;5.7;3.6;64.0;61.3;4.3;0
3587;996097410;Transporte;9.3;9.2;23;3.9;7;92.4;11.6;2.47;92.8;85.1;0.8;0
3588;919780447;Comercio;27.7;25.8;28;12.9;2;66.3;30.7;3.75;73.2;61.9;2.8;0
3589;935805963;Servicios;18.7;11.4;15;4.3;6;72.4;21.3;3.0;71.2;74.0;3.0;0
3590;921423123;Servicios;10.0;4.8;5;13.4;0;47.9;18.2;2.86;49.7;45.2;1.4;1
3591;955952730;Servicios;2.2;1.1;5;7.6;6;90.2;26.6;2.44;75.5;70.2;2.9;0
3592;957376738;Manufactura;8.5;7.7;29;5.8;5;80.3;12.6;2.52;55.1;63.4;15.3;0
3593;801934564;Manufactura;12.2;4.4;58;-18.2;1;48.9;6.6;5.67;32.8;42.3;0.0;1
3594;921183544;Comercio;7.2;6.1;82;25.4;7;89.2;15.2;3.24;78.1;69.7;4.4;0
3595;904911187;Manufactura;12.9;4.4;37;-4.3;7;78.0;7.5;3.68;74.5;66.1;22.9;1
3596;842965003;Construcción;5.5;5.5;53;11.5;4;69.5;5.2;3.54;59.3;73.2;1.9;0
3597;807184003;Construcción;30.8;11.1;93;-7.5;5;73.6;10.3;4.84;24.2;52.9;11.8;0
3598;831829044;Manufactura;11.6;8.8;45;-6.0;7;71.0;15.1;6.13;34.8;40.2;3.1;0
3599;882214201;Comercio;2.8;0.7;10;7.1;3;75.5;17.2;3.44;84.1;79.3;26.3;0
3600;979682585;Transporte;42.8;37.0;35;-6.2;5;68.3;8.0;5.37;26.1;46.4;2.6;0
3601;934400705;Manufactura;8.2;3.8;125;23.7;5;65.5;11.6;2.84;64.1;55.5;5.9;0
3602;987989510;Tecnología;10.9;4.4;44;13.1;4;69.0;18.9;2.63;43.9;49.7;8.0;0
3603;816652914;Manufactura;4.2;3.6;101;19.9;5;58.7;18.8;4.44;48.1;46.9;11.5;0
3604;847425133;Transporte;38.2;22.0;6;9.4;8;89.6;20.6;3.24;73.2;64.7;5.2;0
3605;861655564;Comercio;18.1;13.7;33;14.1;1;63.8;15.1;2.65;65.2;74.7;3.1;0
3606;851956013;Servicios;10.8;6.3;40;11.8;6;67.3;19.4;3.16;67.8;58.7;7.6;0
3607;996084429;Servicios;17.0;9.6;41;7.0;5;91.4;7.3;2.77;36.3;58.8;13.4;0
3608;976646868;Transporte;4.6;3.6;15;6.1;5;51.2;16.5;2.61;81.8;68.4;13.9;1
3609;852460484;Manufactura;7.9;4.6;37;4.7;5;51.0;11.9;3.29;33.1;45.3;17.5;0
3610;986332639;Comercio;4.4;1.5;13;17.5;8;84.9;15.8;3.07;53.1;55.4;20.1;0
3611;957411180;Construcción;11.5;10.0;73;9.2;3;67.8;21.8;4.13;49.2;45.1;6.9;0
3612;895334240;Construcción;6.1;5.8;51;1.8;6;73.6;11.3;2.81;50.7;60.3;16.2;0
3613;815480964;Transporte;13.7;6.3;7;4.9;5;66.0;11.8;6.66;82.3;64.6;9.5;0
3614;897394828;Comercio;15.4;5.8;86;19.5;3;68.7;30.1;3.38;71.6;61.2;50.0;0
3615;966299183;Servicios;11.8;9.7;5;-7.3;5;69.1;19.2;1.9;36.6;50.0;44.7;1
3616;902179648;Servicios;11.6;4.3;58;12.5;7;86.6;3.6;3.45;38.7;46.4;9.9;0
3617;828074339;Construcción;6.3;4.3;27;-7.9;8;80.0;17.8;3.74;74.1;73.6;1.2;0
3618;833037488;Manufactura;6.8;3.6;48;-5.5;4;64.8;21.6;2.58;52.0;54.4;5.5;0
3619;837321361;Comercio;11.1;10.7;9;-10.6;2;55.0;13.4;3.13;83.7;77.5;11.9;1
3620;873536443;Construcción;3.9;1.6;25;4.6;6;81.2;22.0;3.99;53.4;63.6;2.8;0
3621;802485008;Comercio;14.1;13.8;15;0.8;6;73.0;39.7;2.14;70.7;74.4;0.1;0
3622;906813521;Manufactura;4.6;3.3;84;7.3;1;44.5;22.9;2.89;22.0;24.5;27.3;1
3623;944148567;Manufactura;5.1;3.1;26;8.4;7;48.4;26.6;3.62;27.9;43.0;17.3;1
3624;825454550;Servicios;5.1;4.3;59;17.4;4;72.4;31.7;3.07;84.8;80.7;27.3;0
3625;853303510;Manufactura;4.8;1.5;5;-6.5;7;66.4;21.6;3.33;32.6;62.0;1.1;0
3626;852126325;Transporte;30.8;21.7;44;23.6;5;55.9;20.7;1.89;73.4;91.7;0.2;1
3627;987964086;Transporte;4.7;2.7;22;18.9;7;76.1;21.5;5.04;70.0;100.0;2.9;0
3628;937623499;Comercio;19.9;11.0;40;-11.6;2;37.7;7.7;7.41;83.8;59.1;3.0;0
3629;852388564;Servicios;31.5;29.2;64;2.7;1;46.5;0.6;4.95;52.6;48.7;7.4;0
3630;932255609;Servicios;15.6;4.6;31;9.8;4;73.1;2.4;3.04;62.2;51.9;11.0;0
3631;810809484;Servicios;13.3;8.2;103;7.6;3;36.7;12.1;3.01;74.9;71.0;0.5;0
3632;894923008;Transporte;37.5;24.1;42;1.2;9;97.9;15.6;2.72;80.9;91.6;36.9;0
3633;953608801;Servicios;14.5;4.3;12;-4.8;6;69.7;19.7;5.33;47.4;47.2;2.4;0
3634;871055386;Manufactura;3.8;2.5;86;13.5;5;70.6;25.7;2.41;63.3;56.8;16.0;0
3635;910589526;Servicios;5.5;1.5;66;8.7;4;84.9;6.6;2.78;83.5;68.8;2.5;0
3636;876936168;Manufactura;8.2;2.3;38;10.9;6;68.5;13.5;8.36;83.0;83.4;1.5;1
3637;872135980;Servicios;3.6;1.4;6;8.6;2;39.4;14.3;7.31;73.1;72.9;2.9;1
3638;800066738;Construcción;12.6;8.9;21;6.9;5;50.5;19.5;2.78;35.1;40.5;0.4;0
3639;940331343;Manufactura;8.3;2.2;42;-9.5;0;65.5;16.0;2.32;69.2;72.7;30.9;1
3640;968686682;Manufactura;6.0;2.2;6;-3.6;4;77.0;22.3;2.95;41.3;43.7;10.7;0
3641;998860930;Manufactura;14.6;5.5;35;1.6;10;100.0;18.5;5.57;90.7;79.7;9.0;0
3642;928429563;Tecnología;13.6;10.0;10;9.3;6;70.1;18.1;4.86;34.9;24.7;12.3;0
3643;958256936;Servicios;3.3;0.8;50;21.1;4;46.4;16.2;5.85;51.3;55.4;4.6;0
3644;800205139;Servicios;8.8;5.7;57;8.1;4;60.5;19.2;2.87;82.9;73.7;8.3;0
3645;974160018;Manufactura;7.5;7.3;62;-2.6;8;69.9;13.5;2.08;40.7;51.2;34.5;1
3646;960998760;Comercio;10.6;10.4;16;4.4;4;65.9;15.5;4.43;29.8;43.2;3.8;0
3647;827819562;Comercio;1.9;1.0;13;-8.5;5;55.1;12.4;2.75;49.1;60.4;15.8;0
3648;940747985;Transporte;5.8;3.9;11;11.9;4;72.2;27.4;2.24;82.7;80.2;2.9;0
3649;968071824;Manufactura;7.3;1.8;55;5.3;5;69.2;25.7;1.81;51.4;69.3;11.2;0
3650;843731739;Transporte;4.2;2.3;5;8.6;5;60.6;15.3;1.89;78.7;65.1;4.4;0
3651;984208057;Tecnología;8.4;4.5;14;-4.9;1;51.5;42.8;2.95;31.5;28.0;15.5;1
3652;954566050;Comercio;6.6;2.9;28;4.2;4;62.3;4.1;2.57;38.2;49.3;47.8;1
3653;955068727;Comercio;28.5;11.6;24;20.4;7;79.3;27.8;5.48;71.3;55.9;0.7;0
3654;846829609;Servicios;24.6;14.8;14;-10.4;3;78.6;14.5;2.34;85.6;71.5;15.5;0
3655;855184529;Servicios;12.8;3.1;14;13.3;6;82.1;38.8;3.12;62.0;63.0;9.2;0
3656;972850918;Servicios;7.3;2.5;38;11.0;5;61.1;21.2;3.88;52.7;46.3;8.5;0
3657;827713200;Servicios;49.0;45.3;12;25.4;9;83.5;20.4;3.67;66.6;56.1;38.1;0
3658;954797320;Comercio;8.5;2.9;21;4.5;4;63.0;35.5;2.81;82.5;73.2;10.6;1
3659;896686362;Servicios;9.8;7.3;37;-1.7;9;81.7;3.2;2.14;56.0;53.1;15.5;0
3660;853320017;Servicios;9.3;6.6;25;-3.3;4;58.5;16.8;3.36;83.8;59.0;1.5;0
3661;871260297;Servicios;33.1;8.8;33;5.4;7;80.1;4.4;4.92;55.1;55.2;17.5;0
3662;971598671;Manufactura;13.0;8.6;35;9.8;5;77.1;10.3;2.21;88.6;80.8;3.1;0
3663;913035827;Servicios;17.7;5.7;8;-5.8;7;58.5;10.8;3.34;35.0;50.3;6.8;0
3664;851263717;Comercio;21.6;13.7;32;3.1;4;70.9;15.2;2.3;69.7;61.3;22.0;0
3665;908139622;Construcción;4.2;3.9;48;16.4;5;56.7;2.7;1.57;60.4;54.3;14.7;0
3666;827130994;Comercio;17.0;6.7;18;2.6;6;71.7;46.3;1.51;66.5;70.8;9.7;0
3667;845674310;Tecnología;26.3;23.9;126;4.6;1;45.4;27.2;2.85;87.8;92.5;3.4;0
3668;913474884;Transporte;5.2;5.0;64;-21.6;5;74.3;19.0;3.59;74.1;85.4;9.5;0
3669;878451061;Servicios;9.8;4.9;14;-7.1;8;66.3;27.0;3.05;78.3;76.5;1.8;1
3670;996165518;Servicios;8.6;3.0;98;-9.1;6;63.5;13.9;5.07;36.3;27.2;4.2;1
3671;822990053;Comercio;9.4;5.4;35;-6.1;4;67.2;17.6;2.91;58.3;56.8;5.4;0
3672;817556776;Tecnología;2.6;1.7;25;5.3;2;54.2;17.7;3.91;64.5;67.1;11.7;0
3673;830799421;Comercio;8.1;5.5;58;16.4;7;92.5;11.8;4.39;76.9;76.0;3.9;0
3674;918627996;Manufactura;3.4;1.9;78;6.4;6;96.5;29.1;4.8;60.4;48.1;15.3;0
3675;966755784;Servicios;5.6;3.6;15;-15.2;2;60.1;4.0;2.45;81.5;78.7;5.7;0
3676;944315554;Construcción;7.8;7.0;10;21.0;4;67.5;8.2;2.61;63.4;57.2;35.3;0
3677;834503895;Servicios;19.0;7.2;17;-14.6;8;94.0;11.6;3.31;71.1;74.2;36.7;0
3678;934307674;Manufactura;14.3;10.7;21;-3.1;7;76.3;21.3;2.48;75.3;67.8;7.9;0
3679;924586520;Servicios;9.7;7.7;37;2.5;7;71.9;22.8;2.56;68.2;67.8;2.1;0
3680;981301904;Manufactura;11.3;6.3;6;4.4;3;59.7;30.9;2.34;26.1;56.0;7.3;1
3681;997267762;Construcción;9.2;7.7;30;0.5;5;70.1;12.3;2.44;45.3;46.1;0.8;0
3682;804722318;Servicios;3.7;1.3;15;22.9;5;64.0;11.2;6.85;58.2;60.7;20.0;0
3683;802452198;Comercio;5.5;3.4;138;-10.3;6;65.4;24.5;4.05;80.7;83.5;30.0;0
3684;957770583;Tecnología;7.6;3.7;5;6.2;4;66.1;21.9;2.62;31.7;37.0;6.0;1
3685;890900008;Transporte;7.9;1.9;16;15.5;7;76.6;34.5;1.47;58.3;51.0;6.0;0
3686;830844134;Comercio;9.0;8.7;13;22.8;3;63.3;25.4;2.8;68.8;53.1;0.4;0
3687;985614184;Manufactura;6.6;3.0;35;-0.6;4;54.5;23.6;4.05;91.0;84.0;7.3;0
3688;803501209;Servicios;13.1;11.7;116;-0.4;4;62.1;10.1;2.59;64.6;66.2;6.2;0
3689;944221714;Comercio;9.4;3.4;18;2.1;2;30.9;14.3;5.43;55.3;60.6;11.4;1
3690;885439986;Comercio;24.5;10.0;5;0.9;5;69.5;13.4;2.96;69.9;70.5;39.7;0
3691;861782692;Servicios;20.2;7.4;52;-3.8;2;34.0;21.3;4.97;75.1;57.8;2.3;1
3692;845798680;Manufactura;9.1;8.9;66;3.9;5;50.0;26.5;2.4;83.5;84.6;1.0;0
3693;896496280;Manufactura;13.0;7.0;45;6.4;6;64.8;13.4;3.76;67.5;77.2;1.3;1
3694;952850463;Comercio;11.1;8.2;16;12.8;6;89.1;26.8;4.29;17.4;48.7;7.0;0
3695;948643852;Construcción;12.0;3.8;13;-2.4;3;69.6;9.5;4.65;49.5;52.4;5.2;1
3696;939514449;Servicios;15.9;9.5;84;-1.8;6;51.7;14.7;4.15;69.4;65.6;3.8;0
3697;818023997;Transporte;13.1;8.8;13;3.1;5;70.2;25.1;3.41;41.2;61.2;5.6;1
3698;859727778;Manufactura;9.3;8.4;7;11.3;0;39.9;5.3;1.91;72.3;74.3;1.4;0
3699;994129795;Servicios;8.7;6.1;27;2.3;4;67.5;16.7;2.12;30.2;52.4;0.8;1
3700;987395703;Servicios;20.7;14.3;6;1.5;0;36.0;38.5;3.96;43.3;38.0;4.9;1
3701;914385941;Comercio;10.6;9.4;47;10.8;4;72.6;7.5;5.69;66.3;72.5;30.6;0
3702;919419664;Comercio;7.1;4.9;88;-1.9;5;68.4;11.9;4.28;38.8;43.0;4.5;0
3703;883876700;Comercio;4.8;3.1;6;1.5;8;93.7;9.5;4.97;69.6;73.7;6.3;0
3704;812271253;Servicios;15.3;8.1;27;14.1;4;66.0;28.7;3.92;60.2;73.1;12.9;0
3705;906597141;Servicios;5.0;2.8;82;18.3;7;62.2;10.4;7.24;75.5;82.1;18.7;0
3706;902546683;Construcción;13.4;12.3;16;4.8;5;70.5;11.9;3.48;30.0;28.4;0.4;1
3707;874716788;Construcción;30.6;7.5;85;1.6;5;55.0;30.1;4.27;63.9;60.9;0.8;1
3708;976442032;Manufactura;12.8;10.5;10;6.1;7;66.9;2.9;4.37;57.9;54.2;16.5;0
3709;946709515;Manufactura;5.5;3.4;18;15.9;2;37.1;11.2;1.9;97.0;73.8;28.9;0
3710;966084355;Construcción;5.1;5.0;30;6.1;6;73.5;3.2;3.22;39.6;43.1;12.3;0
3711;840330811;Manufactura;2.3;0.8;7;-3.3;5;51.4;10.7;3.03;98.7;88.7;1.7;0
3712;809774250;Transporte;11.5;4.8;36;3.7;3;62.5;15.6;4.38;80.9;73.3;5.6;0
3713;843970505;Servicios;25.3;11.3;5;8.5;10;73.3;4.7;3.66;45.9;40.0;2.3;0
3714;876344581;Servicios;13.1;11.0;10;14.2;1;45.3;16.6;4.18;83.0;75.4;6.8;0
3715;900347125;Transporte;8.2;3.1;17;-5.0;4;65.2;24.8;3.88;63.0;63.4;14.4;1
3716;920750593;Transporte;14.4;7.2;26;22.2;3;52.1;14.2;3.28;76.1;75.0;0.7;0
3717;864164024;Servicios;22.1;11.5;36;1.2;5;58.1;17.8;2.24;70.7;55.9;5.3;0
3718;957321841;Tecnología;6.0;1.8;35;-2.3;9;84.4;41.2;2.75;27.2;41.4;4.2;0
3719;899818674;Comercio;11.2;4.2;64;17.3;4;56.6;26.3;4.03;93.7;96.6;30.6;0
3720;959340856;Manufactura;3.9;3.8;26;6.8;4;67.5;7.9;4.36;53.8;54.1;5.3;0
3721;959391198;Servicios;4.3;0.9;14;11.3;2;68.3;9.0;7.24;66.5;64.0;2.9;0
3722;992306854;Servicios;9.2;2.8;24;5.0;4;49.9;11.6;6.04;31.0;64.8;11.3;0
3723;803672619;Construcción;6.5;6.4;55;7.3;4;66.5;10.3;3.69;99.5;67.1;12.6;0
3724;840353329;Comercio;6.3;2.5;66;25.9;6;60.0;22.7;4.35;67.4;57.2;14.2;0
3725;821337958;Comercio;9.3;8.3;56;7.2;7;63.0;9.7;6.0;70.3;76.2;31.4;1
3726;811553436;Comercio;8.8;2.7;75;4.9;5;100.0;9.4;2.28;43.2;38.6;0.5;0
3727;847901079;Transporte;50.0;12.2;58;20.4;0;36.5;15.4;7.25;50.4;46.8;15.9;0
3728;979146315;Comercio;6.6;4.8;21;-9.1;7;86.4;45.4;3.24;17.3;24.7;7.3;1
3729;958408666;Transporte;9.0;6.0;11;17.2;4;50.7;5.9;6.34;66.4;66.2;0.8;0
3730;949937626;Comercio;6.4;3.4;17;7.7;3;50.8;6.2;3.59;44.3;33.4;1.8;1
3731;846815831;Manufactura;4.7;4.6;18;21.9;10;82.4;14.9;3.58;63.7;69.3;23.6;0
3732;849814496;Manufactura;3.3;1.9;108;3.7;6;71.7;9.8;3.51;60.5;69.9;4.5;0
3733;852175419;Servicios;17.2;11.1;16;2.2;5;62.6;10.8;2.49;62.9;63.8;7.2;0
3734;908554432;Servicios;11.8;4.8;7;0.1;7;67.5;1.6;2.88;57.1;65.3;13.2;0
3735;959906989;Comercio;1.7;0.8;70;18.3;4;56.1;13.4;2.05;65.7;65.9;9.4;0
3736;943235938;Comercio;4.4;3.7;7;-1.2;6;67.0;22.9;2.11;72.3;67.0;16.4;1
3737;992710343;Comercio;11.1;7.6;22;-2.1;2;57.2;5.2;3.27;46.1;38.8;5.4;0
3738;832117413;Comercio;7.8;6.6;46;-4.9;7;77.0;12.1;6.65;82.0;74.1;4.9;0
3739;878480421;Construcción;14.4;12.8;128;-1.3;5;70.7;24.2;3.74;42.2;36.9;0.3;0
3740;915463496;Comercio;10.6;2.9;23;8.0;6;62.6;7.1;2.07;14.1;32.5;13.5;0
3741;990257381;Transporte;8.8;2.1;29;17.4;4;73.7;24.5;5.94;56.4;57.1;6.6;0
3742;812682654;Transporte;13.2;3.5;22;-20.1;5;72.4;29.7;4.37;85.5;95.8;7.4;1
3743;909355774;Transporte;8.8;7.9;18;14.7;7;80.3;5.9;3.24;86.2;66.8;3.2;0
3744;960505352;Servicios;14.5;9.0;21;9.1;5;62.1;12.7;4.35;18.6;48.6;7.8;0
3745;803056456;Transporte;15.4;8.1;45;5.6;5;53.3;10.6;3.77;43.9;55.3;23.5;0
3746;931817933;Servicios;14.8;4.0;30;13.6;7;66.3;22.9;3.18;34.0;30.0;49.8;1
3747;960565704;Comercio;5.6;1.5;31;9.5;3;60.0;33.9;3.42;67.0;44.8;0.4;1
3748;878733114;Manufactura;7.9;2.4;48;16.8;1;40.8;10.9;4.36;68.1;65.3;8.1;0
3749;872627469;Manufactura;8.9;2.6;28;3.2;10;100.0;17.5;2.34;42.6;48.3;19.3;0
3750;969469680;Transporte;11.5;3.7;9;-10.8;5;69.2;19.4;5.56;39.0;32.4;10.5;1
3751;837260044;Servicios;4.2;1.4;27;0.1;5;62.8;13.8;2.45;54.5;59.2;1.3;0
3752;967829118;Transporte;13.3;10.9;15;-2.3;5;82.6;20.2;2.14;73.1;74.2;10.8;0
3753;961923978;Servicios;30.7;7.5;17;14.2;1;52.7;12.9;4.4;32.0;42.5;8.0;0
3754;955181635;Servicios;24.4;19.2;24;4.1;4;57.8;22.5;4.69;86.3;75.2;1.2;0
3755;805595033;Transporte;30.6;14.3;96;-2.7;7;68.1;19.5;2.13;92.8;69.0;11.1;0
3756;909395975;Construcción;9.6;6.6;34;-18.4;2;60.5;1.2;5.29;66.2;72.9;50.0;1
3757;803962867;Manufactura;11.3;10.3;14;9.6;7;80.0;22.0;2.91;74.3;75.8;2.0;0
3758;936495071;Construcción;15.5;12.6;31;8.8;2;49.0;27.7;5.85;42.4;57.3;8.1;1
3759;883884747;Comercio;12.0;6.2;28;6.7;2;73.2;14.3;3.12;40.9;48.7;9.9;0
3760;937538077;Servicios;11.2;10.0;10;19.4;6;69.3;9.1;4.7;35.0;41.7;11.2;0
3761;889746550;Transporte;3.8;2.9;22;-7.1;8;90.6;32.4;3.81;44.4;44.9;2.4;0
3762;934492878;Servicios;5.7;3.6;32;-3.0;6;92.1;3.9;2.25;39.7;45.2;3.8;0
3763;861645992;Comercio;9.0;3.2;40;15.1;9;86.8;8.3;2.72;74.4;67.8;32.0;0
3764;968027246;Tecnología;2.5;1.8;18;14.1;6;68.2;5.6;3.19;70.5;71.3;6.0;0
3765;963414074;Transporte;22.1;15.5;12;12.0;5;69.4;12.3;2.93;35.4;44.1;0.6;0
3766;955447300;Manufactura;3.7;3.7;58;4.5;4;53.5;24.8;3.63;93.8;81.2;2.8;1
3767;811360976;Servicios;36.8;20.7;36;2.3;6;63.6;31.2;5.83;41.5;52.1;11.2;1
3768;999805079;Transporte;22.5;11.7;10;-0.4;3;64.8;16.9;3.55;85.7;74.5;12.7;0
3769;991656067;Tecnología;7.0;1.6;35;13.3;1;60.9;20.8;2.65;23.8;28.3;12.7;1
3770;890977392;Comercio;14.5;5.4;24;4.2;7;75.4;21.5;2.66;68.1;61.0;13.7;0
3771;852603574;Servicios;9.2;5.9;12;8.7;6;70.0;13.2;3.8;49.3;54.1;16.2;0
3772;853991729;Servicios;6.5;5.8;17;-6.7;3;44.5;20.5;4.71;77.8;59.0;19.3;1
3773;864015965;Manufactura;13.2;10.1;57;-4.2;4;63.3;15.2;3.8;91.7;79.1;10.1;0
3774;824335418;Comercio;2.2;0.7;18;6.0;2;48.0;16.3;4.27;46.1;44.3;4.0;1
3775;889777450;Construcción;19.2;8.8;27;-16.5;3;37.7;23.4;6.65;61.9;76.5;6.2;1
3776;922113745;Servicios;11.1;7.3;15;-0.2;5;59.4;3.2;1.58;54.4;53.2;16.5;0
3777;938373512;Servicios;3.8;2.1;147;8.6;2;63.6;20.1;3.24;66.7;62.7;20.9;0
3778;934215604;Comercio;23.3;5.1;62;-2.4;4;78.3;27.4;3.01;89.4;89.2;1.9;0
3779;919884613;Comercio;25.8;20.9;5;14.9;6;72.9;36.5;3.3;74.4;78.8;16.9;0
3780;976369468;Comercio;6.2;2.8;39;0.8;3;57.4;6.6;5.55;78.2;71.2;2.2;0
3781;827609390;Transporte;8.4;6.2;88;13.1;2;84.4;26.1;4.67;55.7;44.0;2.0;0
3782;841551773;Comercio;14.2;11.3;10;-8.9;9;98.3;6.8;3.21;55.5;67.4;6.0;0
3783;823506541;Servicios;10.9;7.6;31;-8.8;2;40.6;4.2;2.27;61.9;65.4;15.9;0
3784;878472251;Servicios;5.8;2.2;59;6.2;4;70.4;29.5;3.64;76.7;72.5;9.9;0
3785;886175264;Servicios;17.3;15.5;26;7.6;4;52.3;8.5;3.01;70.0;54.1;6.1;0
3786;874246512;Servicios;8.6;3.1;57;12.3;5;77.7;17.0;3.45;14.8;20.7;6.9;1
3787;822126742;Servicios;4.8;3.3;119;-1.6;2;48.0;14.9;3.47;53.9;63.0;2.3;1
3788;992605472;Manufactura;8.3;4.1;16;2.3;7;71.7;20.8;4.17;80.4;66.8;0.3;0
3789;990633615;Servicios;8.5;4.7;37;-4.1;0;39.4;17.4;2.41;80.4;73.4;1.6;1
3790;970210588;Servicios;34.0;9.0;6;9.4;4;68.9;11.9;3.8;26.2;45.5;5.4;0
3791;875411716;Comercio;3.6;1.6;65;19.7;7;88.2;18.9;4.3;34.4;65.6;17.2;0
3792;940936954;Comercio;14.7;9.7;42;18.0;3;41.8;31.4;3.18;23.2;33.8;4.8;1
3793;988708195;Transporte;14.1;5.9;29;-0.9;8;83.7;3.8;2.88;87.3;74.0;6.2;0
3794;811976778;Comercio;5.0;1.4;19;17.9;3;73.7;24.0;5.28;85.9;71.5;0.7;0
3795;854219225;Construcción;4.7;3.8;16;8.4;10;93.7;6.8;4.08;78.0;73.3;7.1;0
3796;840189487;Transporte;6.0;2.4;55;19.6;6;76.5;28.0;4.49;74.7;81.1;5.0;1
3797;959080000;Servicios;15.5;15.3;23;-6.0;5;70.1;28.5;2.47;81.0;75.2;3.2;0
3798;892391152;Transporte;3.7;3.6;17;26.8;6;74.9;12.2;3.51;25.2;51.2;4.3;0
3799;966737102;Transporte;2.9;2.8;31;1.0;4;80.0;9.9;6.33;77.2;58.7;8.5;0
3800;870177043;Manufactura;2.9;2.6;92;3.2;3;58.6;17.2;5.31;76.1;74.5;14.9;1
3801;865116253;Comercio;7.8;3.8;56;4.7;8;70.2;16.3;3.36;26.7;49.2;0.7;0
3802;889076318;Manufactura;1.6;1.4;16;-0.9;4;48.5;14.7;6.93;64.6;77.8;1.6;1
3803;880022407;Servicios;11.5;7.0;42;-8.7;8;76.1;8.0;2.87;51.1;37.9;8.6;0
3804;846213130;Servicios;23.9;7.1;31;4.6;2;58.8;2.7;5.02;38.4;44.7;1.4;0
3805;846425797;Manufactura;12.2;10.5;59;15.4;5;71.8;19.3;2.29;59.1;50.6;40.8;0
3806;943182317;Servicios;9.7;4.8;8;-3.8;4;56.6;12.9;5.02;66.2;81.5;8.8;1
3807;838807545;Servicios;43.6;43.1;40;-0.9;5;82.1;22.6;2.91;81.0;78.1;0.7;0
3808;961264325;Servicios;26.5;9.5;8;6.4;4;54.5;9.6;1.95;64.4;87.9;11.1;0
3809;860709814;Comercio;3.0;1.5;48;-11.0;1;63.0;29.2;2.74;64.5;62.4;27.3;1
3810;953898328;Servicios;4.8;3.0;10;-0.7;7;67.3;18.4;4.48;51.7;50.6;13.6;0
3811;930177231;Tecnología;7.8;4.2;180;7.0;4;55.4;18.6;3.89;68.0;61.9;16.6;0
3812;930768191;Servicios;14.0;7.8;32;-2.0;0;42.8;29.2;3.61;69.5;59.6;4.1;1
3813;820788921;Comercio;11.5;7.1;10;2.2;5;64.2;22.8;2.11;53.0;67.8;1.0;1
3814;834083397;Servicios;5.0;4.1;17;5.0;7;87.1;4.6;1.66;75.6;77.0;5.0;0
3815;888068870;Comercio;10.2;7.5;10;3.9;8;79.7;31.7;2.58;62.1;65.2;17.8;1
3816;917411389;Comercio;6.1;1.2;36;18.3;2;60.8;15.7;3.6;47.8;48.3;8.0;1
3817;869942571;Transporte;6.0;4.2;13;15.2;1;46.5;4.7;2.76;58.3;58.7;0.2;0
3818;925239244;Servicios;5.7;2.3;17;3.8;4;47.4;23.0;3.61;35.8;43.0;14.6;1
3819;892180311;Construcción;15.3;4.7;17;4.2;8;71.2;20.4;2.38;40.5;37.9;9.0;0
3820;825789542;Transporte;13.1;9.7;32;-2.4;1;44.9;13.8;1.97;88.7;68.3;7.9;1
3821;920415834;Tecnología;7.2;6.9;17;5.6;1;54.6;27.7;2.89;51.3;53.8;0.9;1
3822;962553166;Manufactura;5.4;4.1;5;20.9;0;40.3;28.0;3.98;40.2;47.9;31.4;1
3823;822275635;Transporte;4.4;2.8;55;-0.4;2;41.5;21.2;3.36;37.6;27.8;19.2;1
3824;872801596;Comercio;7.3;2.5;23;17.4;7;82.8;19.7;2.96;89.0;82.1;2.8;0
3825;939850164;Servicios;13.6;9.4;51;-1.5;4;60.3;14.0;3.78;57.9;50.4;19.4;0
3826;872644276;Construcción;23.0;8.8;33;-12.2;5;56.1;21.2;3.98;45.2;49.4;0.4;1
3827;831999809;Servicios;5.0;4.7;27;5.5;6;76.7;4.4;2.51;27.2;53.8;0.9;0
3828;817612926;Comercio;10.5;2.5;11;-6.8;4;69.2;34.1;3.86;31.3;41.1;9.7;1
3829;910923812;Comercio;8.3;2.2;18;8.5;4;69.4;4.9;4.39;85.1;60.0;5.4;0
3830;820229695;Comercio;6.3;4.3;16;17.1;3;43.9;16.9;5.24;38.0;50.5;1.2;0
3831;941976358;Comercio;13.7;3.2;50;7.5;3;60.1;27.4;3.03;81.2;86.8;9.6;0
3832;894812248;Servicios;7.9;2.7;16;17.6;9;91.7;5.4;2.79;86.6;76.2;17.2;0
3833;811556849;Transporte;7.2;3.8;5;-8.2;1;40.9;7.3;3.73;41.4;50.0;10.4;1
3834;834376412;Comercio;2.7;1.8;18;6.2;0;46.6;21.2;5.21;34.3;40.3;13.9;1
3835;991968963;Manufactura;14.8;3.4;62;-5.6;4;59.7;24.2;2.31;62.1;83.6;13.6;0
3836;844294369;Comercio;8.7;5.9;36;15.9;4;61.2;11.1;3.36;32.4;32.6;2.2;0
3837;910291870;Servicios;4.9;2.4;6;5.5;6;69.1;3.7;3.45;71.2;67.1;8.4;0
3838;846198501;Comercio;4.9;1.4;18;11.1;0;41.5;20.2;2.94;52.8;57.5;21.1;1
3839;971600594;Comercio;10.2;3.1;41;13.5;1;59.5;5.5;3.56;80.8;85.4;12.9;0
3840;936927747;Servicios;9.5;8.8;12;0.1;2;50.4;9.0;2.79;71.5;40.2;5.9;1
3841;890608988;Servicios;14.6;10.1;13;-7.0;7;71.0;10.0;3.78;35.0;34.6;2.2;0
3842;810788370;Manufactura;4.8;3.5;18;10.2;6;67.9;21.3;2.29;74.3;63.4;4.6;0
3843;886146718;Comercio;36.1;10.3;5;-11.2;5;70.7;16.6;1.53;70.3;77.8;1.9;0
3844;962095567;Servicios;7.7;6.3;12;12.3;5;74.6;3.1;3.31;74.3;75.8;21.5;0
3845;964746890;Comercio;5.7;4.0;28;14.8;5;68.0;23.9;2.54;70.6;73.9;4.2;1
3846;809727232;Construcción;39.4;25.8;41;12.5;1;45.9;17.4;2.06;67.4;54.6;6.8;0
3847;894940072;Comercio;9.1;5.0;70;9.5;8;73.3;2.1;3.92;33.0;44.2;13.3;0
3848;869512060;Construcción;4.6;1.1;61;18.6;7;65.8;7.2;2.55;39.5;50.2;32.9;0
3849;963120719;Servicios;9.9;8.8;15;-9.8;4;52.9;24.6;2.01;55.3;59.6;6.5;1
3850;866877606;Comercio;12.7;11.9;11;-15.0;5;48.5;14.3;3.2;50.8;58.7;1.7;1
3851;926406969;Manufactura;4.8;2.2;76;10.9;3;71.3;32.9;1.64;56.9;57.7;5.0;1
3852;869930110;Comercio;4.1;3.8;16;17.9;4;67.4;28.1;5.98;44.4;62.2;0.8;0
3853;863637669;Comercio;23.2;20.9;31;9.5;4;55.1;17.0;6.35;54.0;46.5;2.7;0
3854;840354255;Construcción;10.9;2.4;219;10.7;8;94.3;21.7;2.63;43.1;54.6;4.0;0
3855;857120129;Servicios;12.4;10.4;39;4.7;4;46.4;20.7;1.92;82.5;89.7;13.1;0
3856;916754137;Transporte;7.7;4.7;39;-10.3;5;59.1;14.5;5.09;81.5;75.3;0.8;0
3857;879764088;Comercio;7.4;5.5;20;12.4;0;49.2;11.0;3.37;83.7;53.2;2.2;1
3858;910494591;Servicios;6.4;2.8;22;12.6;2;52.4;14.0;2.81;75.0;65.0;2.0;1
3859;817127306;Manufactura;30.3;29.5;19;6.2;5;82.8;50.4;2.78;65.9;55.1;0.9;0
3860;832191004;Comercio;16.9;10.0;47;10.8;5;74.9;12.1;4.42;45.7;58.1;18.6;0
3861;990489205;Manufactura;28.0;26.9;51;-2.1;6;69.2;23.2;4.61;60.1;54.7;15.3;0
3862;887792728;Comercio;3.8;1.4;16;9.6;5;55.3;7.3;2.76;66.1;57.2;13.7;0
3863;978300810;Comercio;7.6;3.0;13;1.3;6;76.3;27.7;4.66;60.1;57.0;11.9;0
3864;962682468;Servicios;8.2;7.6;49;14.5;2;58.4;5.9;3.7;79.4;94.7;17.8;0
3865;844644092;Construcción;6.7;2.0;9;17.2;5;70.2;10.7;4.1;23.9;29.4;7.5;0
3866;806144780;Manufactura;11.4;4.5;28;5.6;6;73.3;8.2;3.62;62.4;67.5;7.3;0
3867;812306052;Comercio;8.5;5.5;14;15.3;4;66.0;33.3;2.44;79.9;73.2;2.1;1
3868;925199574;Servicios;10.2;6.4;12;-8.7;4;62.7;18.0;3.12;49.4;61.2;0.3;0
3869;885157412;Construcción;43.0;23.3;8;-2.9;6;65.2;13.4;3.6;80.5;69.7;4.8;0
3870;888843084;Construcción;5.5;1.7;12;-4.2;7;76.5;15.8;5.88;77.2;63.4;0.2;0
3871;978212973;Comercio;6.4;3.2;24;-0.1;6;86.6;20.7;9.15;32.5;36.4;11.0;0
3872;928328208;Construcción;10.5;7.0;6;-5.1;3;69.1;11.9;5.25;68.4;63.6;9.9;0
3873;945419178;Servicios;8.9;4.4;170;9.2;2;52.2;19.8;5.57;73.1;79.4;13.6;1
3874;860913092;Manufactura;4.9;1.0;46;0.6;4;63.1;1.4;3.98;66.5;85.4;13.6;0
3875;827898456;Construcción;13.6;12.2;40;-1.4;3;54.9;10.1;4.3;61.8;64.3;13.7;0
3876;847018877;Comercio;6.4;2.6;29;-8.7;3;44.1;18.3;2.24;68.1;50.8;1.6;1
3877;983152672;Manufactura;20.7;12.5;33;6.4;6;78.2;31.2;4.34;74.9;74.5;7.0;0
3878;908787412;Comercio;16.0;11.4;11;13.8;5;70.3;9.3;3.32;60.5;64.2;0.3;0
3879;995202296;Manufactura;2.9;1.8;188;10.2;6;60.4;14.3;3.53;20.3;31.5;29.9;0
3880;990138303;Construcción;24.9;24.3;20;6.7;3;66.8;6.0;2.01;29.1;34.6;6.3;0
3881;990347294;Manufactura;16.0;14.7;29;14.7;2;63.5;13.3;2.97;19.8;21.3;11.6;0
3882;945853303;Manufactura;11.3;5.5;27;9.1;4;58.3;22.8;2.56;71.2;79.9;4.2;0
3883;920950366;Manufactura;5.7;2.4;5;-1.5;5;47.4;17.6;4.15;52.6;63.7;48.0;0
3884;981448733;Construcción;17.2;8.2;273;22.9;9;88.5;6.0;3.16;70.2;64.1;9.1;0
3885;958333298;Transporte;3.6;1.1;13;-5.3;4;78.8;13.0;3.2;55.8;72.4;7.5;0
3886;961934014;Comercio;28.4;10.3;16;4.0;2;40.5;16.3;4.0;64.2;56.0;4.0;0
3887;960460679;Comercio;5.6;3.4;23;11.8;3;62.1;12.9;3.48;46.0;61.5;12.0;0
3888;945394741;Manufactura;22.2;11.1;35;-2.2;8;84.7;10.8;1.58;88.9;81.8;5.2;0
3889;943333972;Servicios;2.7;2.4;38;9.6;1;43.6;10.5;4.1;76.2;69.3;3.1;1
3890;865022970;Servicios;23.3;22.0;6;9.9;7;82.6;44.5;4.07;85.2;65.5;5.3;1
3891;908927994;Servicios;14.6;10.8;6;2.4;1;57.8;11.0;3.56;79.7;69.2;5.5;0
3892;857022359;Comercio;8.6;4.3;15;4.6;3;62.6;22.3;2.69;52.0;53.7;0.6;0
3893;837993160;Comercio;4.0;3.8;112;0.6;5;74.4;14.6;5.51;55.1;55.3;28.8;0
3894;892917240;Comercio;11.9;9.6;46;10.9;9;72.7;7.6;3.18;31.1;38.4;4.4;0
3895;996648151;Manufactura;3.0;2.3;16;12.4;3;57.5;23.3;2.48;44.6;58.4;0.7;0
3896;966950557;Manufactura;6.9;5.5;12;15.9;8;73.7;19.2;3.56;64.9;70.2;6.1;0
3897;989768605;Servicios;4.7;3.5;5;-3.6;3;58.0;7.6;3.88;64.2;54.6;6.9;0
3898;905473118;Transporte;17.1;4.8;11;-11.4;1;52.5;37.1;2.5;91.9;79.9;2.9;1
3899;998453726;Manufactura;13.4;5.8;26;6.0;4;74.0;20.5;4.39;73.6;70.9;2.2;0
3900;954785632;Servicios;11.2;8.7;11;9.0;3;57.4;8.9;2.15;78.9;68.9;7.1;0
3901;834748349;Servicios;20.1;14.8;61;30.9;5;62.0;19.2;4.17;62.1;76.5;0.8;0
3902;919614027;Servicios;25.6;9.2;31;-10.8;6;73.3;3.0;2.21;47.6;52.1;6.0;0
3903;919094748;Manufactura;8.5;2.5;16;14.6;6;82.9;24.3;3.05;47.2;50.8;4.0;0
3904;859707445;Construcción;4.5;2.3;54;-1.7;6;59.6;26.7;3.2;61.6;59.3;2.3;1
3905;906386454;Servicios;4.2;2.2;5;17.1;3;51.0;26.5;3.17;73.1;67.6;1.0;0
3906;829801448;Servicios;50.0;38.9;11;-30.0;4;71.4;10.7;2.33;93.5;100.0;5.9;0
3907;965381649;Comercio;8.5;4.9;11;7.6;4;72.4;14.1;3.28;44.8;47.3;38.8;0
3908;817561875;Manufactura;1.3;0.3;84;3.1;3;53.6;16.6;2.53;64.5;62.4;11.8;1
3909;946556234;Servicios;16.8;10.1;6;9.8;5;58.6;15.3;5.92;32.9;36.2;3.1;1
3910;882476494;Manufactura;14.8;6.4;67;13.6;3;54.3;7.2;2.18;37.1;39.0;0.8;1
3911;941286357;Manufactura;19.6;17.2;40;1.4;2;39.4;22.9;4.64;17.3;51.0;10.7;1
3912;957079209;Tecnología;12.6;11.1;9;32.6;1;45.1;18.4;1.69;86.4;76.1;0.8;0
3913;968029035;Comercio;9.7;6.6;16;0.7;6;65.7;16.7;4.67;65.5;54.1;1.9;0
3914;837190530;Tecnología;35.9;11.9;41;9.0;5;55.7;15.6;3.75;93.3;80.2;6.6;0
3915;991930088;Manufactura;7.4;2.2;39;-2.4;7;73.3;14.3;2.9;36.3;42.0;7.3;0
3916;818099482;Servicios;13.6;11.5;93;21.8;6;98.3;11.8;2.92;42.6;34.9;1.1;0
3917;902792355;Servicios;8.2;4.7;29;1.4;5;52.9;13.1;3.43;63.4;69.1;9.9;0
3918;804613976;Servicios;3.1;3.1;9;9.7;5;76.4;26.1;3.98;50.8;54.3;10.6;0
3919;955099855;Comercio;16.1;8.0;39;10.3;5;61.9;5.1;6.44;76.1;71.8;1.7;1
3920;884819935;Servicios;6.8;2.2;6;15.1;2;57.5;40.8;3.35;57.3;39.8;30.0;1
3921;981306062;Servicios;8.9;8.2;13;11.3;4;69.0;11.8;3.53;90.6;69.9;0.2;0
3922;809324674;Tecnología;2.7;1.3;5;13.0;3;63.0;33.0;2.6;73.2;74.6;1.8;0
3923;957671445;Comercio;7.4;3.3;110;25.2;4;68.1;14.9;4.81;38.0;46.4;9.4;0
3924;889765019;Comercio;7.9;5.0;42;10.2;2;58.5;25.4;3.51;68.3;72.4;6.6;0
3925;822738873;Construcción;11.5;3.6;40;21.6;3;58.2;27.4;2.95;44.6;47.5;5.9;0
3926;951262887;Construcción;12.8;12.2;20;15.6;5;55.2;10.4;3.95;92.1;71.6;45.4;0
3927;870276845;Transporte;3.4;1.6;5;-8.6;5;65.5;19.5;4.99;87.4;87.8;5.0;1
3928;820528443;Construcción;7.7;2.9;20;-1.1;2;58.0;15.6;2.18;58.7;62.4;6.3;1
3929;822276673;Manufactura;3.0;2.1;15;10.5;6;65.5;2.2;1.79;72.2;78.6;20.0;0
3930;915794140;Transporte;4.9;1.5;19;0.8;4;54.1;5.0;2.94;84.4;62.4;19.5;1
3931;885543746;Comercio;5.0;3.6;49;-11.5;6;51.9;13.0;4.66;92.1;76.2;15.6;0
3932;993867884;Manufactura;6.2;3.7;9;22.1;4;64.4;16.1;4.89;57.8;59.4;7.7;0
3933;826796585;Comercio;16.9;9.5;40;-8.7;4;69.0;15.4;4.23;56.9;44.9;5.2;0
3934;951141603;Tecnología;4.6;4.5;21;10.0;4;52.6;20.2;2.93;76.9;92.1;1.0;1
3935;950315868;Servicios;10.3;4.7;6;5.5;3;43.9;9.3;4.63;41.2;46.9;1.0;1
3936;999959448;Transporte;34.0;32.7;70;18.3;3;59.5;23.9;3.42;73.4;61.5;14.0;0
3937;913296623;Manufactura;19.5;9.1;25;2.6;3;66.8;10.8;3.12;37.5;37.1;12.6;0
3938;818394583;Servicios;9.1;5.1;50;11.9;1;53.4;16.2;2.37;82.6;67.6;10.7;0
3939;996161251;Servicios;2.0;1.1;55;9.7;6;66.5;16.9;4.32;58.1;60.7;1.5;0
3940;894152037;Servicios;6.6;2.6;25;-0.7;6;79.9;18.7;2.27;64.7;60.1;3.4;0
3941;875178659;Servicios;6.3;3.2;43;-7.1;7;68.0;14.0;2.85;64.3;79.6;5.6;0
3942;984096655;Construcción;19.4;18.9;12;-5.6;5;54.7;29.6;1.4;54.1;56.7;2.7;1
3943;900541164;Transporte;16.4;3.4;37;14.7;4;66.5;17.4;4.65;92.1;88.1;15.1;0
3944;914959838;Tecnología;7.3;4.9;85;6.7;5;92.5;38.7;3.05;43.2;49.0;0.7;0
3945;917639969;Comercio;12.4;9.7;11;17.2;9;79.8;7.6;2.94;75.0;76.1;2.4;0
3946;818493645;Comercio;10.0;3.3;24;-7.6;4;83.8;25.4;4.66;92.3;93.0;0.9;1
3947;816449564;Servicios;8.7;5.7;50;17.3;0;60.1;19.6;5.95;94.5;91.5;6.8;1
3948;867745464;Servicios;12.4;11.6;12;20.6;7;88.4;13.0;1.95;61.8;62.9;0.0;0
3949;843549615;Transporte;19.0;8.8;124;-0.6;3;54.1;9.9;2.43;14.6;39.3;9.3;0
3950;996592826;Comercio;12.9;8.1;14;5.9;5;50.3;5.1;3.29;84.2;74.9;7.4;0
3951;903469754;Manufactura;13.0;9.5;17;14.2;5;60.4;5.6;2.91;76.9;73.9;5.8;0
3952;942920110;Comercio;14.7;4.4;44;19.7;6;87.9;15.7;2.98;53.5;55.4;7.2;0
3953;977625420;Manufactura;7.4;5.4;41;6.7;0;53.8;26.9;4.67;84.7;59.5;14.6;1
3954;915729517;Construcción;5.8;5.3;50;-19.2;5;62.7;9.8;3.31;42.5;44.0;0.6;1
3955;862375262;Comercio;5.8;3.7;5;3.3;4;77.1;9.3;1.83;49.1;46.4;5.6;0
3956;909170408;Construcción;8.3;7.0;21;17.0;5;64.6;10.9;4.57;45.2;49.4;4.6;0
3957;873071872;Comercio;5.4;3.1;7;12.2;4;73.1;22.9;1.73;85.1;95.1;10.2;0
3958;884880816;Comercio;2.0;1.5;48;20.8;2;57.4;10.8;5.22;52.3;60.3;7.1;0
3959;809729298;Servicios;37.7;28.1;32;20.3;8;77.7;13.0;4.2;55.3;69.0;16.8;0
3960;926101793;Servicios;5.2;4.7;64;-1.8;5;67.1;32.6;2.56;63.9;64.2;19.4;1
3961;967604409;Servicios;14.2;6.2;35;-5.1;0;30.2;29.7;2.24;84.4;64.0;8.4;1
3962;871716705;Manufactura;1.4;0.3;16;-4.1;5;57.6;23.5;3.34;39.5;46.8;14.8;1
3963;918089772;Servicios;5.3;1.5;40;-1.0;4;64.3;31.7;4.98;37.2;48.6;3.2;1
3964;977537393;Manufactura;5.0;2.5;14;3.3;6;59.4;9.6;3.29;73.4;72.6;13.0;0
3965;890495540;Manufactura;23.8;22.3;11;12.4;6;79.7;16.5;3.73;33.1;44.7;9.6;0
3966;894204797;Transporte;5.2;3.0;26;-2.9;4;47.1;5.0;3.8;89.4;74.7;14.8;1
3967;806384001;Comercio;5.2;4.3;16;-6.7;5;50.6;14.5;3.32;56.6;65.2;12.1;1
3968;827677310;Servicios;1.9;1.2;14;10.5;3;61.0;2.1;1.6;81.7;64.9;3.6;0
3969;959247275;Comercio;5.5;2.7;8;0.0;1;48.8;21.5;4.54;34.6;39.9;0.3;1
3970;866851786;Servicios;3.3;3.1;55;-0.4;7;64.2;13.9;2.31;94.4;70.1;3.5;0
3971;892478849;Tecnología;4.5;3.2;12;10.1;8;65.1;0.7;4.95;76.5;62.1;32.1;1
3972;988356561;Construcción;3.4;1.1;41;-6.7;6;53.8;17.3;2.66;88.5;70.9;24.0;1
3973;871875759;Servicios;5.1;4.0;12;-7.6;6;80.3;11.3;4.38;72.9;65.0;3.7;0
3974;888096522;Servicios;9.7;6.7;91;-13.8;8;66.9;2.5;2.17;74.6;65.6;9.3;0
3975;903478623;Transporte;4.9;3.8;19;-5.8;3;63.4;7.1;3.17;84.9;90.9;0.7;0
3976;888242913;Servicios;3.9;3.5;12;15.5;8;68.8;16.3;8.52;82.9;90.7;9.6;0
3977;842877585;Servicios;16.6;8.5;58;10.8;6;60.2;18.8;4.61;84.7;62.3;23.1;0
3978;855820380;Transporte;7.0;2.1;122;6.4;4;61.4;28.7;2.07;56.7;62.9;3.4;1
3979;927953084;Comercio;3.8;3.1;13;9.9;2;43.7;19.6;3.46;74.1;57.4;11.2;1
3980;911370786;Comercio;7.8;2.6;20;20.4;10;68.5;28.7;3.63;71.4;58.6;0.4;0
3981;862998212;Comercio;3.0;2.5;114;-7.1;6;67.1;17.2;3.22;62.1;70.4;7.2;1
3982;811487275;Servicios;2.2;1.2;9;-8.8;2;48.5;27.5;3.23;40.1;41.5;1.8;1
3983;971151016;Manufactura;4.7;4.2;58;13.6;2;70.1;27.4;2.0;54.3;60.4;9.0;1
3984;904554667;Comercio;15.5;8.7;17;13.1;9;77.5;20.8;5.38;65.5;72.3;9.4;0
3985;989127876;Comercio;20.2;11.4;29;21.7;4;40.6;14.7;3.57;71.0;57.4;18.0;0
3986;897964142;Comercio;4.6;2.2;27;11.3;2;57.0;11.7;3.7;26.5;39.5;2.1;1
3987;849989025;Servicios;12.0;11.9;13;-13.9;4;66.9;19.8;2.68;84.0;62.4;27.8;1
3988;944292576;Servicios;7.5;5.1;9;19.1;5;66.6;32.9;4.1;33.5;43.8;2.1;0
3989;932127153;Servicios;5.7;1.7;59;19.4;6;69.2;8.3;3.53;24.5;41.1;9.0;0
3990;832573966;Servicios;7.6;3.4;14;23.3;5;78.3;21.8;1.81;31.2;39.3;0.6;0
3991;835516489;Servicios;7.9;3.4;8;7.0;5;56.0;21.6;5.97;73.8;66.5;15.8;0
3992;993535611;Tecnología;12.0;5.2;112;-3.4;8;81.0;19.0;2.94;67.3;72.1;0.8;0
3993;944799162;Comercio;14.9;10.0;77;-1.5;6;84.1;16.8;2.53;51.9;64.4;10.9;0
3994;959373475;Comercio;7.0;3.5;16;13.5;6;50.1;9.8;4.92;92.4;56.3;9.8;0
3995;882268808;Transporte;18.9;5.2;31;-8.8;3;55.6;10.7;3.16;74.1;68.7;1.9;0
3996;803428480;Manufactura;19.0;15.9;56;8.6;7;74.9;16.2;1.62;91.8;91.0;24.0;0
3997;942562637;Construcción;12.1;8.6;13;-1.5;0;58.0;4.9;6.41;45.2;45.8;18.2;1
3998;873121021;Tecnología;11.7;9.3;16;9.3;4;39.0;35.3;4.39;48.3;55.4;4.2;1
3999;908781981;Comercio;8.1;5.0;24;-6.1;9;99.5;5.2;4.1;92.2;77.5;10.0;0
4000;816476240;Comercio;7.1;2.0;34;11.8;5;77.1;18.4;1.64;61.8;51.2;19.5;0
4001;948595170;Comercio;10.0;2.8;35;-3.0;2;55.7;15.5;2.75;81.6;90.4;1.5;1
4002;822803670;Tecnología;8.6;7.5;12;27.5;5;70.2;14.7;4.85;72.4;73.4;16.9;0
4003;855245848;Construcción;10.5;4.2;13;-6.6;5;70.5;8.4;3.33;50.6;55.9;4.7;0
4004;874395879;Transporte;16.5;11.0;139;-2.8;3;36.8;11.4;5.18;44.6;40.1;28.4;1
4005;881092168;Construcción;15.1;11.2;5;-1.3;6;68.5;10.3;6.82;62.2;35.7;0.4;0
4006;884458278;Servicios;3.6;3.4;14;12.8;4;64.0;9.3;2.07;38.4;41.4;5.9;0
4007;890900713;Manufactura;11.2;9.7;5;6.7;6;55.7;14.2;2.55;91.0;79.1;13.3;0
4008;916156392;Transporte;5.8;2.9;17;6.4;8;97.9;21.7;3.29;72.2;71.2;8.5;0
4009;983031749;Transporte;13.7;3.5;9;11.7;6;93.3;11.4;2.75;57.1;49.9;1.6;0
4010;857094397;Manufactura;7.0;6.6;9;11.6;7;74.1;19.0;4.23;69.7;84.1;6.7;0
4011;821595222;Manufactura;11.6;5.4;23;5.1;4;77.9;36.9;3.83;35.9;32.7;8.2;1
4012;977640639;Servicios;50.0;18.7;38;-1.0;2;47.3;2.4;4.56;38.3;55.6;22.5;0
4013;921634823;Manufactura;5.7;3.7;38;14.1;9;97.1;22.7;3.17;83.2;88.3;0.7;0
4014;974941482;Comercio;8.0;2.4;70;18.0;6;85.1;9.5;2.54;87.9;89.0;3.6;0
4015;872491679;Comercio;16.0;8.3;38;16.2;4;65.4;8.5;2.05;18.2;37.1;10.2;0
4016;841506560;Manufactura;10.1;2.6;37;3.7;1;51.1;20.1;1.86;94.9;71.5;6.0;1
4017;947856254;Comercio;3.1;2.5;5;9.2;3;46.5;15.0;4.07;72.0;56.2;1.3;1
4018;826041885;Servicios;17.5;5.0;32;-11.0;4;67.8;15.5;2.43;28.7;43.6;19.1;0
4019;973971686;Construcción;5.4;2.5;14;4.5;7;75.7;10.2;1.75;38.2;37.8;1.9;0
4020;810327899;Tecnología;19.2;17.4;7;15.1;4;54.5;4.8;2.12;72.9;75.8;2.4;0
4021;932187130;Comercio;4.4;1.9;51;7.8;7;75.0;34.5;2.88;64.0;51.7;0.7;0
4022;983845611;Servicios;18.3;16.9;34;-1.8;2;75.8;4.6;3.76;42.5;45.0;4.4;0
4023;919040914;Tecnología;5.3;4.2;51;-10.1;6;74.1;8.8;2.7;80.7;73.8;17.2;0
4024;888652805;Transporte;12.1;5.1;18;10.6;6;89.8;23.3;2.45;74.8;69.0;19.8;0
4025;864319260;Servicios;12.0;2.9;64;5.2;6;66.9;14.2;3.26;42.6;57.4;9.1;0
4026;808243361;Comercio;3.2;1.4;28;10.8;4;62.1;16.7;3.96;33.1;54.2;1.5;1
4027;881971901;Servicios;17.9;6.0;22;13.6;4;55.9;18.5;2.04;90.0;84.8;5.5;0
4028;962267797;Manufactura;25.8;13.6;34;3.5;2;49.8;37.4;3.7;86.0;82.9;1.1;0
4029;845952857;Tecnología;12.1;4.8;12;24.1;1;32.9;12.9;4.14;46.9;57.0;2.3;0
4030;853286302;Comercio;11.9;10.0;44;13.4;6;82.7;36.7;3.04;68.2;70.4;1.0;0
4031;960224934;Comercio;16.3;4.4;108;3.4;2;53.5;20.3;3.12;53.0;59.4;2.9;1
4032;974397656;Transporte;10.4;2.4;37;13.8;7;99.2;17.8;2.22;75.6;60.9;18.5;0
4033;929981434;Comercio;8.4;2.5;118;-3.5;7;73.2;20.2;5.15;53.4;56.4;8.5;0
4034;843230276;Servicios;7.6;1.8;47;7.1;5;60.5;11.1;4.71;35.8;49.7;21.7;0
4035;814367439;Construcción;6.2;3.6;16;-11.4;1;49.1;34.3;1.73;28.0;26.7;2.5;1
4036;922468234;Transporte;4.1;3.9;58;15.7;3;63.1;13.7;2.95;45.7;31.3;13.0;0
4037;918918460;Construcción;16.0;7.7;26;1.2;2;47.3;10.9;3.56;85.5;72.6;5.1;0
4038;992948299;Servicios;12.2;11.3;34;9.3;7;82.1;24.2;3.13;59.5;58.3;14.7;0
4039;836325319;Construcción;3.5;1.7;12;13.9;3;60.8;11.7;2.86;83.4;71.2;32.2;1
4040;891418117;Tecnología;12.7;7.4;20;9.2;5;59.3;18.3;2.82;66.5;65.2;0.8;0
4041;921955856;Tecnología;6.6;6.5;98;2.9;1;59.2;2.3;2.37;50.3;46.7;22.1;0
4042;826966695;Servicios;9.7;6.8;45;-1.2;9;74.1;42.1;3.52;67.7;69.4;5.4;1
4043;870764521;Comercio;26.2;21.1;37;29.3;2;55.6;8.6;2.38;34.8;55.4;2.9;0
4044;897107080;Servicios;15.9;13.0;40;4.8;5;59.8;14.7;2.48;63.9;64.5;15.8;0
4045;972985482;Manufactura;8.1;2.1;16;-3.5;6;64.6;25.1;3.5;56.5;65.6;3.4;1
4046;805856406;Servicios;23.0;21.8;25;-6.6;7;76.6;15.8;4.3;50.7;60.4;5.2;0
4047;842625438;Servicios;27.8;6.7;5;18.7;4;60.9;11.1;4.65;62.0;79.4;12.3;0
4048;992577332;Comercio;3.1;2.8;37;0.5;5;67.5;12.9;3.56;61.5;80.9;2.6;1
4049;897982143;Comercio;5.7;5.1;5;-8.6;8;80.4;31.3;5.97;87.4;81.6;12.7;0
4050;859594011;Manufactura;4.0;2.3;68;3.3;4;56.1;10.8;3.06;25.3;55.1;5.2;0
4051;845435639;Servicios;21.8;6.7;17;19.3;6;74.1;36.3;2.97;28.8;41.2;32.7;0
4052;944356273;Transporte;4.8;1.9;33;-26.4;4;60.8;28.0;2.57;75.9;83.4;2.3;1
4053;883285838;Servicios;3.3;0.9;17;-5.4;6;60.8;12.0;6.76;94.7;90.0;3.5;0
4054;813270778;Servicios;7.4;6.7;29;8.2;1;50.3;15.2;10.96;51.4;68.3;4.9;0
4055;952817638;Servicios;11.0;5.8;6;14.4;8;69.8;1.6;3.58;38.5;47.7;14.8;0
4056;927772303;Servicios;50.0;47.1;119;1.3;6;78.4;15.5;2.03;66.6;70.3;18.8;0
4057;856596828;Manufactura;10.4;4.7;22;7.4;5;68.3;13.4;3.1;65.5;54.8;8.3;0
4058;873639974;Manufactura;12.6;6.3;38;10.9;6;71.5;12.8;3.84;82.4;69.4;26.9;0
4059;919469741;Servicios;12.8;5.1;59;16.0;4;61.8;22.9;3.38;55.2;51.3;5.5;1
4060;875648875;Servicios;7.1;6.1;12;13.2;6;87.9;9.8;3.76;22.0;17.0;1.8;0
4061;892491454;Construcción;8.2;4.4;29;0.8;3;59.9;3.7;5.47;80.0;72.3;0.2;0
4062;922020931;Comercio;11.7;7.9;42;-3.7;7;63.5;17.2;3.53;71.2;77.4;10.8;0
4063;995796652;Comercio;10.6;2.8;90;-10.4;8;100.0;6.2;3.95;89.9;89.9;1.2;0
4064;910578874;Comercio;4.5;1.7;24;-1.5;7;94.3;12.4;5.29;50.9;55.5;9.8;0
4065;938285179;Construcción;21.4;13.2;80;28.2;9;92.3;27.1;4.16;69.9;64.2;17.1;0
4066;983424557;Construcción;7.0;1.7;13;16.5;5;79.2;26.9;2.89;82.2;69.4;11.9;0
4067;923539656;Tecnología;34.6;31.6;12;6.7;1;40.2;10.2;3.61;73.2;65.6;17.5;0
4068;831084059;Construcción;16.0;15.1;19;10.5;5;59.9;4.2;3.15;84.4;76.7;0.5;0
4069;974026505;Transporte;9.4;8.2;24;6.1;6;68.9;8.0;3.78;54.9;57.7;32.1;0
4070;863531367;Comercio;9.7;5.8;25;-8.6;6;87.6;17.3;2.86;39.6;54.8;6.2;1
4071;935084546;Comercio;31.2;10.8;126;2.4;6;64.5;18.1;1.97;43.0;64.5;1.2;0
4072;920402097;Servicios;16.8;7.7;6;-1.9;3;64.2;11.6;3.22;80.4;82.2;14.6;1
4073;943575140;Transporte;17.5;9.6;118;1.4;4;79.4;30.8;5.83;48.4;50.3;5.6;0
4074;962076818;Manufactura;3.1;0.9;40;-1.2;7;72.5;14.7;5.04;31.7;51.1;4.1;1
4075;809671417;Construcción;18.5;5.6;17;1.4;5;69.6;12.0;2.63;76.3;60.1;8.7;0
4076;958824947;Servicios;6.8;5.6;76;-4.3;4;54.3;16.0;2.97;83.7;77.5;4.0;0
4077;905102620;Manufactura;6.3;4.9;34;5.7;6;73.1;4.1;2.58;46.7;47.4;8.8;0
4078;921259954;Comercio;8.7;3.3;17;10.5;5;47.0;27.3;4.08;48.3;54.2;3.9;1
4079;827349236;Servicios;21.6;20.3;82;3.1;6;71.7;11.5;4.17;35.8;55.1;0.2;0
4080;994693087;Manufactura;7.5;6.4;11;-0.7;5;67.5;9.3;2.59;64.7;69.2;10.8;0
4081;965906615;Comercio;24.5;9.0;15;4.8;6;69.8;12.3;2.68;13.3;25.4;28.1;0
4082;887657204;Manufactura;14.4;10.3;29;-3.5;4;76.5;10.5;2.24;67.4;62.6;6.2;0
4083;950209986;Servicios;10.2;5.4;16;-2.0;4;72.5;7.1;3.54;61.0;57.8;12.1;0
4084;943866809;Servicios;1.1;0.8;70;13.4;4;59.2;19.2;3.51;58.0;56.9;19.8;0
4085;883862396;Tecnología;15.4;11.6;70;12.2;4;67.0;6.3;6.1;56.2;48.3;1.0;0
4086;956105776;Servicios;14.8;3.4;5;20.9;5;75.6;15.6;3.24;55.3;55.1;9.7;0
4087;835411819;Comercio;21.3;18.8;32;29.3;3;58.9;20.4;4.41;53.1;57.4;7.3;0
4088;832130033;Manufactura;21.3;19.0;70;15.3;5;54.7;15.3;7.34;89.9;81.8;17.0;0
4089;879478745;Manufactura;12.9;8.6;19;-5.7;4;54.3;34.4;3.06;85.7;74.9;5.0;1
4090;851001468;Manufactura;14.8;5.8;22;-0.7;5;76.3;27.5;2.4;39.6;68.6;9.5;0
4091;962007723;Transporte;15.6;9.0;15;-12.4;6;66.8;23.6;4.0;48.6;59.8;6.0;1
4092;939373507;Servicios;11.7;7.6;42;-7.2;2;32.9;13.5;3.86;78.7;68.0;8.0;0
4093;900059038;Servicios;3.1;0.9;48;12.4;2;47.5;6.5;4.22;23.5;45.2;19.7;0
4094;875407183;Servicios;8.7;1.8;9;21.8;6;81.3;8.5;2.31;71.4;65.1;0.2;0
4095;909122277;Comercio;9.5;2.2;6;11.2;2;44.8;27.2;3.53;97.0;75.2;0.1;0
4096;838169952;Servicios;29.1;22.9;7;23.0;6;72.7;13.3;3.84;63.1;70.7;1.6;0
4097;892623071;Construcción;6.0;4.0;13;-3.3;4;63.9;26.7;2.85;74.5;71.4;12.8;1
4098;984326750;Servicios;5.6;3.6;5;20.0;8;78.1;17.5;3.66;89.2;73.2;13.3;0
4099;895873509;Comercio;17.5;6.0;19;12.4;4;69.2;15.3;5.55;77.9;71.9;12.4;0
4100;987035896;Comercio;7.2;2.6;35;4.7;7;86.1;14.9;4.68;53.8;36.0;8.6;0
4101;982774724;Servicios;5.8;3.1;18;-15.9;2;49.8;7.2;2.03;39.1;42.6;5.0;1
4102;829440716;Servicios;5.5;5.3;161;10.1;6;78.0;5.4;2.76;93.6;82.8;12.4;0
4103;859052813;Servicios;3.9;2.5;18;2.6;5;66.7;25.9;3.55;54.9;65.9;7.9;0
4104;895817624;Servicios;1.5;0.7;47;6.1;9;83.9;13.0;2.97;46.0;57.1;1.2;0
4105;995703024;Comercio;9.1;2.9;131;29.3;5;79.9;3.5;4.18;42.0;52.2;3.1;0
4106;904067399;Comercio;15.3;14.1;109;1.3;9;69.2;20.2;2.66;80.4;87.4;4.8;0
4107;917443585;Comercio;7.4;4.0;8;-2.5;5;54.8;13.4;3.55;62.1;50.2;8.8;1
4108;872026125;Servicios;6.4;5.1;15;8.6;2;58.1;31.1;4.31;60.8;66.9;1.1;1
4109;993244237;Servicios;5.7;2.9;6;6.7;2;67.3;3.0;3.98;71.6;61.7;5.9;0
4110;930122100;Manufactura;17.9;14.2;23;16.7;4;52.1;13.9;2.44;56.0;74.7;7.8;0
4111;874601304;Manufactura;23.7;21.5;35;7.6;6;78.2;40.6;2.74;74.0;61.6;0.1;0
4112;964337988;Servicios;34.9;15.8;11;-2.0;5;64.3;23.4;3.54;63.0;43.6;1.1;0
4113;999876418;Servicios;4.0;1.2;193;-4.7;1;58.8;15.7;3.51;66.7;57.6;0.4;1
4114;934772373;Tecnología;14.0;5.9;40;0.9;5;70.6;21.1;3.38;71.1;66.3;13.8;0
4115;876244347;Servicios;21.5;18.6;19;17.4;5;75.4;10.0;2.52;56.9;46.7;0.2;0
4116;983524264;Manufactura;2.7;2.1;10;0.8;5;56.5;27.7;2.66;33.4;37.9;5.2;1
4117;859312126;Transporte;36.2;14.2;13;14.8;0;37.7;20.0;3.33;43.6;58.4;6.4;0
4118;894855090;Manufactura;34.6;21.0;11;6.7;1;55.8;9.9;1.94;23.1;32.7;0.4;0
4119;880871179;Tecnología;6.6;5.5;7;6.6;3;47.9;19.1;1.59;58.3;61.2;19.2;1
4120;817228318;Servicios;4.6;3.1;32;-6.4;5;72.5;4.1;3.17;43.5;37.7;11.4;1
4121;914068537;Construcción;21.1;10.7;10;15.8;7;67.2;26.9;2.84;54.4;60.6;8.6;0
4122;955483851;Transporte;5.9;4.4;36;14.3;4;59.9;20.2;5.1;64.8;66.6;7.3;1
4123;881365767;Manufactura;4.7;3.3;31;-8.9;6;83.2;16.4;3.05;46.0;52.4;15.4;0
4124;834333292;Transporte;13.3;11.7;25;-14.0;2;55.4;33.2;4.66;74.1;57.1;12.6;1
4125;801186382;Construcción;8.5;5.1;36;13.3;2;41.8;2.0;2.11;38.8;47.1;0.7;1
4126;834090221;Manufactura;16.6;6.1;23;-1.7;7;85.7;21.6;3.25;65.8;61.5;12.3;1
4127;885757140;Servicios;7.9;6.5;69;2.3;5;69.2;10.7;6.05;41.0;39.2;5.6;0
4128;909712815;Manufactura;1.7;1.5;31;2.5;2;52.0;7.9;4.53;77.5;97.2;37.3;0
4129;918588943;Comercio;4.8;3.5;14;1.8;3;58.0;31.6;2.35;77.2;71.4;11.0;1
4130;849891505;Comercio;8.1;2.1;31;3.5;5;59.5;7.1;4.96;64.7;93.4;14.1;0
4131;879993648;Comercio;8.1;2.6;56;-6.0;5;50.3;6.5;3.34;55.9;61.1;2.1;1
4132;965134908;Servicios;11.1;8.5;17;16.9;5;71.1;31.2;3.73;43.5;59.4;1.6;0
4133;992736798;Comercio;5.5;2.6;103;3.0;6;42.0;10.4;4.24;40.1;53.6;4.4;0
4134;815185841;Comercio;8.4;3.4;35;7.3;5;81.1;30.9;2.31;52.4;55.9;7.9;0
4135;861350157;Comercio;10.8;7.4;46;0.0;4;71.1;33.1;1.84;47.5;37.7;5.9;1
4136;847726014;Construcción;12.7;11.9;9;-9.9;1;44.3;31.1;2.24;75.2;72.7;5.3;1
4137;887416791;Servicios;12.7;5.8;29;12.0;6;75.5;11.0;4.21;56.2;58.4;9.6;0
4138;986650815;Construcción;9.0;4.4;97;8.9;5;65.0;27.9;1.58;82.8;60.8;6.3;0
4139;841964186;Comercio;14.6;4.4;21;8.8;5;65.8;17.6;3.35;42.9;46.9;27.0;0
4140;825400914;Manufactura;3.4;3.2;62;11.4;5;79.5;11.0;5.13;72.7;62.6;10.9;0
4141;901308184;Servicios;3.2;1.7;12;14.2;5;69.8;5.8;4.4;56.4;71.9;15.3;0
4142;832991696;Comercio;7.0;4.2;19;-3.3;4;61.9;29.2;3.82;69.0;68.6;22.3;1
4143;972390369;Servicios;8.0;3.2;32;5.5;1;55.8;6.1;2.67;80.3;66.1;0.5;1
4144;953957779;Comercio;15.5;4.5;24;-6.7;5;59.3;8.0;2.02;44.7;49.0;7.7;0
4145;969538828;Servicios;8.3;4.3;14;17.0;6;85.0;19.1;3.43;16.0;40.8;6.2;0
4146;871245655;Servicios;12.8;6.0;98;17.2;2;49.2;25.6;4.28;41.3;49.5;4.0;1
4147;853937223;Servicios;8.5;6.5;131;8.9;3;54.9;23.2;1.98;54.3;50.1;10.7;0
4148;869798697;Comercio;8.0;7.1;16;6.0;3;62.5;26.7;3.39;23.8;31.6;12.0;1
4149;842846755;Construcción;9.7;9.7;5;4.9;5;67.3;19.5;5.4;54.3;54.5;4.6;1
4150;950328754;Tecnología;16.2;12.8;23;3.5;6;54.8;12.1;4.91;86.0;73.3;19.8;0
4151;983125638;Construcción;11.5;2.6;25;-0.8;5;70.1;26.8;3.69;96.9;86.4;2.6;0
4152;976083411;Servicios;4.1;3.4;34;11.0;2;52.4;20.4;3.22;73.5;66.7;0.3;0
4153;862721864;Transporte;19.5;18.4;10;-9.5;6;85.2;11.2;4.1;63.5;77.6;12.2;0
4154;961025811;Comercio;23.7;8.5;16;18.2;8;75.7;12.1;3.83;59.1;68.1;33.6;0
4155;896577956;Construcción;11.6;2.8;100;-2.2;8;94.2;14.1;2.79;7.8;36.8;17.6;0
4156;926023112;Comercio;7.5;5.6;49;9.9;3;69.2;3.9;4.56;89.9;83.2;11.0;0
4157;996702039;Comercio;13.9;7.6;56;15.7;3;65.9;10.5;2.48;56.1;67.0;7.5;0
4158;996722481;Manufactura;11.1;8.0;8;-6.2;4;34.1;7.8;3.49;29.3;42.0;5.7;0
4159;807469983;Comercio;13.1;12.5;5;4.6;3;51.3;3.1;4.31;43.1;30.8;20.8;1
4160;886441504;Comercio;24.5;17.7;15;-0.8;7;79.1;30.0;5.98;68.9;71.4;0.7;0
4161;887463516;Tecnología;7.4;3.9;21;-4.6;2;35.5;23.3;2.86;64.5;69.1;11.9;0
4162;927659707;Manufactura;6.9;5.3;43;-8.8;4;60.6;33.7;2.62;75.7;70.5;8.2;1
4163;920454311;Manufactura;8.5;7.4;9;9.6;7;95.0;16.1;3.62;84.1;70.8;6.0;0
4164;977361168;Servicios;4.5;1.7;9;18.3;6;58.1;12.3;2.01;59.2;56.7;5.7;0
4165;837374681;Comercio;4.4;3.9;141;6.1;6;76.1;17.5;2.35;74.3;92.5;9.0;0
4166;954699468;Servicios;5.8;2.9;55;-10.4;1;60.5;5.4;1.95;55.0;60.1;1.4;1
4167;853599737;Manufactura;6.2;4.3;14;-9.3;2;51.0;18.1;4.47;16.2;27.0;3.3;1
4168;973606259;Servicios;5.5;3.6;40;14.2;3;62.5;17.6;2.97;56.0;55.1;12.9;0
4169;967931806;Transporte;17.8;5.1;39;-6.2;4;70.5;21.8;5.14;87.0;54.9;3.3;0
4170;842239928;Comercio;5.3;1.6;47;1.6;7;62.4;20.2;2.65;35.0;47.3;6.7;0
4171;805350927;Manufactura;3.2;1.8;11;4.9;5;79.0;12.6;3.29;47.7;48.8;0.8;0
4172;959278281;Servicios;3.3;2.4;17;20.5;1;50.8;14.4;5.36;37.7;54.0;18.1;0
4173;957977456;Comercio;2.9;2.1;30;-7.9;3;41.8;4.4;3.67;80.8;68.6;10.0;1
4174;991343368;Servicios;18.7;5.2;15;1.2;3;54.6;21.0;3.4;84.3;78.1;5.7;1
4175;987035125;Transporte;7.1;1.8;10;-15.7;6;84.1;6.4;3.06;68.5;68.8;8.4;0
4176;938784360;Manufactura;8.4;7.6;29;5.4;5;70.1;10.9;4.72;73.8;72.5;17.1;0
4177;843757760;Comercio;5.7;5.1;40;-1.1;5;59.1;20.6;5.13;62.5;71.8;3.8;0
4178;843666303;Servicios;16.3;5.1;14;-1.2;5;52.9;17.3;2.95;78.6;92.3;20.3;0
4179;906972723;Servicios;6.8;2.3;9;16.5;1;56.6;10.8;4.29;44.4;64.6;0.7;0
4180;854825414;Transporte;7.8;7.1;17;-19.0;5;47.9;5.9;2.75;82.9;54.6;1.9;1
4181;933154955;Servicios;6.0;3.2;56;-7.2;2;48.7;2.3;2.67;43.4;35.8;6.0;1
4182;878055758;Comercio;8.8;3.3;151;2.9;5;73.3;13.2;2.43;90.9;80.0;12.5;0
4183;868099792;Comercio;3.5;3.3;7;7.0;5;68.8;31.2;4.98;57.6;65.1;19.4;1
4184;924042161;Servicios;13.1;4.1;6;11.4;5;64.8;26.8;4.51;87.8;71.9;0.6;1
4185;933379015;Comercio;9.5;8.6;8;22.1;0;27.4;14.1;2.95;58.5;68.2;23.1;0
4186;861041095;Tecnología;4.2;2.5;9;12.5;4;52.7;7.5;4.75;57.5;54.6;1.0;0
4187;983246712;Comercio;8.9;6.7;25;6.5;2;53.2;1.7;1.0;33.7;53.8;14.6;1
4188;819494378;Construcción;14.6;11.4;83;-6.0;7;82.4;22.1;2.47;44.6;67.5;7.9;0
4189;942912620;Comercio;14.9;6.4;56;-6.1;5;66.7;2.3;3.78;76.6;63.8;1.2;0
4190;942629535;Servicios;18.1;5.2;5;13.1;5;68.0;32.4;4.53;40.2;44.2;1.2;1
4191;843365561;Transporte;10.5;9.5;8;-2.2;7;83.7;33.2;4.52;45.0;55.4;0.3;0
4192;951743537;Servicios;7.3;6.6;11;-5.2;2;61.8;11.2;3.82;57.9;55.3;2.0;1
4193;861060560;Comercio;11.3;10.9;5;5.4;4;65.4;30.4;3.39;35.3;36.7;7.6;1
4194;955033749;Comercio;6.2;2.4;66;3.8;7;76.8;21.9;2.05;30.0;61.9;0.9;1
4195;982365158;Comercio;11.1;7.0;6;8.8;9;73.4;10.5;3.74;48.3;70.9;5.4;0
4196;925150079;Construcción;2.4;0.8;8;-15.2;5;63.9;37.5;2.94;75.4;69.2;5.4;1
4197;807382193;Comercio;17.7;6.1;10;6.3;4;84.4;4.2;3.89;19.3;42.9;9.3;1
4198;922592939;Servicios;7.4;4.2;100;-10.3;5;82.2;12.5;5.11;50.9;74.9;2.5;0
4199;866337074;Servicios;7.8;5.0;22;-0.6;0;59.9;17.8;4.59;73.4;87.1;3.5;1
4200;823810963;Comercio;8.0;3.6;16;12.0;2;49.9;2.5;3.89;46.8;53.3;1.3;0
4201;809198291;Construcción;15.5;12.7;72;0.3;4;63.0;2.3;4.92;73.5;73.8;14.5;0
4202;884343525;Construcción;6.2;5.9;11;28.4;8;83.3;12.7;6.23;91.9;78.0;50.0;0
4203;817151767;Construcción;16.1;13.8;5;-16.6;7;81.6;5.3;5.55;98.2;73.2;5.3;0
4204;929513574;Servicios;6.8;5.2;35;3.1;2;68.7;5.5;3.39;45.4;63.8;2.5;1
4205;846685802;Comercio;4.8;1.0;15;6.6;5;69.9;17.1;4.38;23.8;50.3;3.1;0
4206;812903905;Comercio;6.6;2.3;123;-0.6;4;49.7;6.1;4.35;51.2;63.5;2.5;1
4207;931736103;Construcción;6.1;1.4;7;-4.8;4;74.3;6.5;4.02;64.9;61.2;5.3;1
4208;948929176;Servicios;6.8;3.6;25;1.6;6;73.2;29.0;3.94;63.5;74.8;0.2;1
4209;998389050;Comercio;7.4;7.1;42;5.7;6;88.4;15.0;3.65;49.3;55.3;0.2;0
4210;940948149;Transporte;18.9;7.7;34;5.4;8;75.4;20.3;2.53;77.2;68.2;18.7;0
4211;955266533;Construcción;14.1;13.7;16;4.1;4;63.2;12.4;2.74;62.9;61.6;1.6;0
4212;936073935;Tecnología;13.7;4.9;11;8.0;2;47.3;12.3;5.47;92.8;80.9;3.1;0
4213;924688932;Manufactura;14.4;5.9;5;-7.0;5;54.4;18.0;3.7;47.2;42.9;0.1;1
4214;825635987;Manufactura;6.1;5.7;27;0.1;5;77.1;6.1;3.58;39.1;42.6;9.2;0
4215;899582523;Manufactura;10.0;4.2;12;9.3;5;53.3;9.2;3.41;9.5;34.1;11.3;1
4216;929184818;Comercio;11.3;8.5;53;-7.7;6;52.5;7.3;4.43;61.1;45.9;7.1;0
4217;807238913;Transporte;13.0;9.3;15;16.8;3;52.4;5.8;3.26;60.9;61.6;16.9;0
4218;993601471;Servicios;10.2;3.0;17;-5.9;6;64.1;3.6;8.08;62.9;79.4;6.6;0
4219;838300807;Servicios;17.8;14.9;113;-2.3;9;99.5;34.0;4.7;70.7;67.2;4.4;0
4220;986303564;Servicios;5.9;5.4;13;-7.7;5;66.0;5.3;3.21;68.4;74.1;20.9;0
4221;857230922;Comercio;2.6;1.6;23;5.0;3;47.8;6.2;3.07;78.0;80.1;6.9;1
4222;929961384;Comercio;19.5;6.0;148;-1.2;2;51.2;20.9;4.02;53.6;38.1;24.7;1
4223;895977458;Servicios;8.0;2.4;13;25.0;3;62.2;19.1;4.33;90.4;70.0;11.7;0
4224;840210725;Construcción;10.4;7.9;22;-6.6;6;52.6;0.1;3.82;31.0;41.6;5.1;1
4225;867602225;Servicios;12.4;8.6;70;7.7;10;76.3;19.1;5.18;22.9;31.1;30.6;1
4226;998940299;Construcción;29.0;25.5;30;0.5;6;69.8;7.5;2.12;46.0;60.6;6.0;0
4227;974798171;Servicios;11.9;8.5;24;-8.9;3;66.5;10.3;5.21;81.8;79.0;46.7;1
4228;807195867;Servicios;8.9;6.8;100;21.2;6;68.6;21.6;3.41;30.1;46.1;11.5;0
4229;890340963;Servicios;23.8;9.2;75;5.8;9;76.3;3.4;1.65;67.3;47.2;6.0;0
4230;906211966;Manufactura;11.2;6.9;26;8.1;4;51.9;15.5;3.28;79.5;85.7;9.2;0
4231;975764535;Manufactura;12.8;11.6;53;13.4;5;49.4;37.4;3.89;49.9;32.5;11.8;1
4232;951049895;Comercio;15.4;7.6;11;8.8;6;78.2;26.5;3.01;45.0;43.6;27.8;0
4233;963486203;Construcción;11.7;2.8;23;-8.4;5;71.0;8.5;2.73;53.8;55.4;22.8;1
4234;803803031;Servicios;20.5;19.5;24;14.6;1;54.8;24.3;2.99;44.1;51.2;32.1;0
4235;894496355;Comercio;11.8;8.4;32;16.7;3;66.9;17.7;4.17;51.7;59.8;0.1;0
4236;921746593;Manufactura;9.1;5.2;19;18.3;5;56.0;21.7;3.97;47.3;55.6;2.5;1
4237;958220783;Manufactura;1.0;0.8;18;-2.7;6;70.1;16.8;4.69;62.9;38.2;0.6;0
4238;916351215;Servicios;15.9;6.1;11;-5.9;6;72.0;27.9;1.89;70.6;46.7;1.0;0
4239;901642868;Comercio;27.2;22.0;8;0.6;9;89.7;18.3;5.85;36.4;50.2;1.9;0
4240;884837390;Servicios;11.5;7.0;20;4.2;2;74.2;30.8;4.04;66.9;55.2;8.4;1
4241;951158369;Construcción;3.6;3.3;56;-12.7;7;58.3;21.9;3.09;51.6;66.5;7.7;1
4242;948711957;Comercio;4.3;1.4;45;24.0;2;54.1;18.7;5.96;62.5;71.9;27.3;0
4243;926554871;Servicios;5.9;1.3;22;13.2;5;52.0;10.1;4.56;66.0;69.5;6.8;0
4244;816163161;Comercio;37.5;26.0;28;13.4;7;70.5;33.1;3.7;55.5;73.2;2.1;0
4245;836437659;Comercio;16.2;11.6;39;15.8;7;66.5;7.2;1.72;78.0;69.1;0.1;0
4246;938787285;Servicios;4.3;4.0;18;25.8;4;59.8;19.0;2.31;54.0;60.1;7.9;0
4247;818062071;Servicios;8.2;5.6;9;-14.1;1;53.0;17.6;8.82;19.2;21.4;4.6;1
4248;900004688;Comercio;8.1;5.1;65;1.9;4;50.1;31.2;2.86;76.3;61.7;6.6;0
4249;944396196;Comercio;6.2;4.3;11;12.5;4;63.1;15.1;1.49;79.7;77.6;4.7;0
4250;816792866;Comercio;5.3;2.5;11;15.3;2;71.2;12.3;4.4;75.8;76.6;11.8;0
4251;815296591;Servicios;5.1;2.9;51;-0.5;4;65.9;2.7;2.25;60.9;55.3;35.8;0
4252;876056430;Servicios;10.0;2.3;52;1.5;4;59.0;16.0;5.93;64.5;68.4;0.3;1
4253;912470084;Servicios;20.2;16.0;24;4.3;3;53.1;5.7;2.37;84.6;93.8;19.3;0
4254;871661623;Servicios;5.7;5.4;12;-8.4;6;66.1;13.5;4.29;65.1;70.2;3.2;1
4255;849280245;Comercio;35.0;14.1;7;-8.1;7;73.5;22.5;1.93;29.2;46.9;14.3;0
4256;809777835;Comercio;8.5;5.4;20;-5.6;6;95.9;9.7;3.04;83.1;62.9;29.9;0
4257;922125208;Servicios;5.1;4.6;24;-7.4;4;53.7;5.9;1.77;52.4;43.4;6.2;0
4258;895195230;Servicios;6.0;4.3;53;-2.2;5;63.5;16.2;4.45;26.8;42.8;23.4;1
4259;801241107;Servicios;5.6;3.9;19;11.0;4;53.2;18.2;4.63;93.3;75.3;5.3;0
4260;844709713;Comercio;3.4;2.8;34;7.9;4;74.9;15.3;3.71;72.9;75.0;6.0;0
4261;839267419;Comercio;5.7;4.6;37;-3.1;5;74.6;11.8;4.74;71.8;88.0;15.0;0
4262;962523538;Servicios;8.7;5.3;5;1.2;3;70.6;22.6;3.56;55.4;45.6;15.7;0
4263;874636832;Manufactura;12.3;8.6;21;11.5;6;71.0;13.8;1.23;46.0;34.3;4.4;0
4264;951569213;Manufactura;7.6;2.8;51;-3.9;5;81.8;10.5;3.69;32.7;36.8;0.8;1
4265;827659228;Comercio;11.7;7.2;20;-0.5;2;71.3;28.8;6.01;96.1;81.9;2.9;1
4266;995481818;Servicios;6.6;2.7;5;-9.4;7;73.9;31.0;3.52;84.3;73.6;3.6;1
4267;875883837;Comercio;9.7;8.4;12;10.6;1;53.2;3.6;3.14;75.2;69.9;1.5;0
4268;895540923;Tecnología;9.0;8.9;150;1.0;4;67.7;13.2;2.57;43.3;71.4;17.3;0
4269;822846037;Comercio;10.9;6.6;105;16.1;5;70.1;21.1;2.25;44.4;26.5;3.2;0
4270;866521631;Servicios;8.3;5.3;31;4.3;2;57.1;1.6;3.46;86.8;89.8;8.3;1
4271;982527433;Servicios;4.9;2.2;16;15.4;1;57.9;13.8;3.21;48.1;69.0;17.2;1
4272;951196099;Servicios;5.6;1.8;22;-3.4;3;62.0;19.8;2.74;92.1;91.4;50.0;1
4273;819115820;Construcción;17.4;14.0;37;-10.9;4;79.4;10.7;3.61;56.5;44.0;7.8;1
4274;948231272;Transporte;3.5;3.0;51;-1.3;5;54.1;9.6;4.09;50.3;53.7;14.2;0
4275;965255272;Comercio;6.4;6.4;39;5.6;5;65.6;6.9;1.78;59.8;60.0;11.3;0
4276;900646554;Servicios;7.9;4.0;41;5.3;3;53.6;6.6;2.67;43.1;42.2;13.1;0
4277;889830851;Servicios;1.8;1.7;52;10.9;4;48.1;9.7;1.62;94.1;93.1;13.5;0
4278;880437754;Servicios;8.9;7.2;22;19.0;9;96.8;30.8;2.65;68.5;72.3;15.5;0
4279;885340364;Comercio;9.7;5.7;5;14.2;3;62.4;27.0;1.16;68.4;66.2;11.8;0
4280;947788189;Servicios;28.1;7.7;5;-0.4;4;69.9;32.8;2.87;84.1;82.5;10.7;0
4281;981029325;Transporte;16.2;5.3;41;-15.0;4;91.4;10.7;2.83;55.3;63.7;6.8;0
4282;854827496;Servicios;7.3;6.6;41;0.0;4;74.1;9.7;3.68;86.8;81.2;11.2;0
4283;834017159;Servicios;9.1;6.4;56;-2.9;2;64.0;14.9;6.14;72.3;66.3;27.3;0
4284;927682911;Manufactura;14.8;11.0;15;0.5;4;57.2;17.1;2.74;79.2;71.4;0.6;0
4285;985813544;Servicios;3.4;0.8;17;10.9;3;57.8;31.1;4.04;36.1;44.6;14.5;1
4286;907305202;Construcción;6.6;2.6;5;-5.5;6;68.4;6.2;3.12;46.2;38.7;25.9;1
4287;897118675;Tecnología;3.6;0.8;61;22.5;5;65.7;6.9;2.66;36.4;43.3;2.9;0
4288;875604918;Comercio;4.5;2.2;9;-2.0;6;58.4;36.9;2.66;68.9;74.2;20.4;1
4289;840062434;Construcción;1.6;1.6;18;-3.7;4;71.8;2.2;3.98;48.5;61.9;10.1;0
4290;832328766;Manufactura;14.1;7.1;14;-1.6;5;94.3;17.3;2.91;30.4;47.7;20.9;0
4291;842885647;Transporte;37.9;28.7;34;6.3;4;82.7;16.3;4.05;96.1;90.1;0.3;0
4292;991024107;Transporte;7.3;4.6;17;3.7;5;77.1;18.4;2.59;43.4;63.5;11.6;0
4293;908186719;Comercio;17.9;7.8;8;9.7;5;67.6;11.5;4.29;75.9;76.0;1.6;0
4294;953218280;Servicios;2.5;1.3;10;12.1;5;68.0;12.7;4.7;81.7;77.6;10.6;0
4295;903003551;Manufactura;12.5;4.8;23;11.4;4;47.3;4.6;3.15;64.9;47.3;6.5;0
4296;861006339;Construcción;9.2;5.1;39;-13.2;5;74.0;15.4;1.89;66.5;59.8;9.5;1
4297;922461547;Comercio;8.3;8.3;177;7.3;4;66.7;14.0;2.78;44.8;65.7;7.2;0
4298;873105174;Manufactura;2.8;0.9;9;21.4;7;79.6;15.1;4.01;87.2;82.4;8.4;0
4299;855786009;Servicios;17.4;6.7;31;11.9;5;69.0;2.7;4.99;84.8;86.4;4.0;0
4300;936388533;Tecnología;8.6;4.1;62;6.1;8;88.9;6.0;1.98;47.3;48.8;35.7;0
4301;983451840;Comercio;21.9;11.2;173;10.0;6;74.1;24.7;3.22;37.5;54.9;2.5;0
4302;861994856;Construcción;7.5;3.8;22;0.4;5;63.4;32.1;2.72;45.4;53.8;0.6;1
4303;974740985;Servicios;3.0;1.9;37;1.2;5;83.6;16.8;4.56;35.1;47.5;1.5;0
4304;860166977;Comercio;3.9;1.1;5;13.7;4;60.5;20.0;2.48;67.5;40.4;0.1;1
4305;806738415;Servicios;22.4;6.3;14;-3.9;6;71.8;30.3;2.93;90.4;85.5;0.1;0
4306;898675817;Comercio;9.0;3.8;34;-0.1;5;56.3;23.4;4.21;85.4;70.2;8.8;0
4307;903429387;Comercio;18.4;12.6;20;11.8;4;77.8;9.2;2.2;55.0;63.4;7.4;0
4308;857182760;Comercio;11.9;9.6;11;1.9;5;47.1;12.2;1.98;76.6;62.1;8.3;0
4309;876826194;Servicios;14.5;12.7;126;7.5;4;47.1;1.2;3.07;30.2;38.4;2.3;0
4310;977849246;Manufactura;8.4;7.2;43;4.6;0;33.9;15.8;4.24;52.6;53.3;11.2;1
4311;895576727;Construcción;12.3;5.4;11;16.5;4;73.6;17.7;2.95;71.0;58.5;2.6;0
4312;872903425;Manufactura;14.2;3.3;51;2.0;5;59.0;5.5;3.04;50.8;47.1;2.8;0
4313;947602694;Servicios;8.9;3.8;12;2.2;6;98.1;12.5;2.97;15.5;46.0;31.4;0
4314;979962040;Construcción;11.7;8.4;51;6.4;8;74.0;13.9;4.89;42.4;52.1;4.7;0
4315;907998451;Comercio;7.7;4.8;32;9.0;5;61.1;28.4;4.86;39.5;48.0;2.0;0
4316;824747567;Transporte;5.6;4.6;21;3.7;4;59.8;11.7;2.9;59.0;51.6;21.3;0
4317;808805995;Transporte;10.1;6.3;15;0.3;9;85.0;7.7;3.02;72.3;65.7;33.5;0
4318;982030869;Construcción;22.2;18.5;31;12.2;6;79.3;32.4;3.33;65.1;64.5;10.5;0
4319;953766199;Comercio;22.2;5.8;22;17.5;2;54.9;10.1;2.44;67.2;60.2;3.5;0
4320;800334816;Servicios;18.4;5.9;9;15.1;6;72.8;6.2;2.17;86.4;66.7;4.2;0
4321;820560777;Servicios;9.7;4.9;160;2.2;4;32.1;25.8;3.7;41.0;54.5;28.8;1
4322;998020447;Comercio;13.3;9.4;20;6.1;3;44.8;12.5;5.82;79.2;87.9;6.5;1
4323;821621952;Servicios;4.8;4.6;23;4.2;7;84.1;11.1;4.07;75.5;64.9;5.2;0
4324;868049057;Servicios;17.3;8.2;26;11.0;5;71.9;17.1;4.19;63.5;71.9;0.8;0
4325;818828327;Manufactura;7.7;2.1;42;-5.5;1;42.7;29.5;2.29;45.5;59.6;0.4;1
4326;975551236;Servicios;7.5;2.2;27;-1.9;6;71.4;27.7;5.79;74.1;89.0;1.0;0
4327;822072308;Comercio;4.5;1.4;23;-3.9;7;83.8;22.5;4.35;59.2;52.7;2.3;0
4328;856648373;Servicios;8.2;2.3;31;9.6;5;72.7;18.1;5.08;67.0;62.2;1.9;0
4329;894474941;Servicios;19.2;13.1;46;16.8;7;81.7;18.8;3.33;79.2;68.6;0.6;0
4330;993588602;Construcción;5.3;4.2;5;-2.3;7;80.6;12.5;2.84;66.2;100.0;22.8;0
4331;990301142;Construcción;14.2;6.7;44;8.9;8;80.2;5.2;5.12;58.7;42.0;27.1;0
4332;963754842;Construcción;11.3;2.7;43;12.3;3;62.1;16.1;3.01;44.8;38.8;23.9;1
4333;925042574;Manufactura;16.1;7.0;11;15.2;5;72.6;34.4;3.03;47.5;55.2;0.2;0
4334;957040272;Servicios;26.8;11.4;34;2.8;2;40.0;23.9;3.29;84.1;71.7;21.1;0
4335;882124447;Servicios;6.1;1.3;39;-1.9;7;77.0;22.0;1.31;79.2;76.7;11.7;0
4336;867827885;Servicios;40.3;35.2;66;15.9;3;49.9;19.8;3.42;57.9;47.2;10.2;0
4337;855759419;Servicios;10.3;5.5;30;-4.8;0;55.5;14.8;3.82;70.7;78.5;3.8;1
4338;807076284;Servicios;4.9;2.5;18;1.9;4;75.8;18.8;3.75;84.0;79.4;8.0;0
4339;986159116;Servicios;21.9;6.9;19;25.9;5;66.5;16.7;1.7;56.9;61.6;7.1;0
4340;935992187;Comercio;8.1;5.3;12;5.6;7;85.9;10.3;4.97;93.0;85.4;3.6;0
4341;892155290;Comercio;9.3;7.1;67;10.0;8;82.3;16.6;1.83;54.8;30.3;16.7;0
4342;960349758;Comercio;11.9;9.0;14;4.0;6;76.6;15.6;3.43;50.8;39.5;10.4;0
4343;948473605;Manufactura;8.1;4.7;44;7.0;5;47.1;10.4;2.02;63.6;63.7;10.2;0
4344;953294882;Manufactura;3.5;1.1;52;2.3;3;41.7;30.1;7.34;59.2;52.4;3.6;1
4345;915002379;Manufactura;11.0;6.8;74;17.2;5;60.5;20.7;2.37;58.6;64.2;3.0;0
4346;842876320;Comercio;3.0;2.7;23;4.1;3;88.2;20.9;3.5;79.4;63.8;50.0;0
4347;895896304;Comercio;1.9;1.7;24;8.9;8;76.0;16.6;4.27;47.1;51.8;24.9;0
4348;803993621;Comercio;6.3;4.7;31;8.7;1;56.1;7.4;3.32;49.6;62.4;6.1;0
4349;910127340;Transporte;6.8;2.6;94;-8.9;3;69.6;15.3;3.58;43.1;35.3;6.3;1
4350;913756363;Servicios;8.9;2.9;33;-6.7;9;84.4;17.4;4.9;32.7;23.1;5.2;1
4351;855633115;Comercio;7.1;2.3;76;-10.7;4;65.9;8.9;2.37;58.0;56.9;4.1;1
4352;820276335;Comercio;24.1;19.4;104;-1.5;6;84.6;3.5;3.94;83.5;81.5;22.6;0
4353;961898002;Servicios;3.1;2.3;45;31.5;3;65.0;10.4;4.72;94.3;84.2;0.3;0
4354;830308132;Construcción;5.9;4.2;37;-10.4;4;66.3;8.1;1.79;75.0;67.6;0.1;0
4355;847026649;Manufactura;6.9;3.6;38;8.7;7;85.0;22.4;2.02;74.9;83.8;50.0;0
4356;919857197;Servicios;7.4;2.5;20;11.7;2;62.5;10.7;3.56;70.1;51.5;20.5;0
4357;858501632;Comercio;7.4;6.4;7;-4.9;7;72.4;34.6;4.6;34.8;52.1;10.7;0
4358;932211041;Servicios;6.2;3.0;24;1.0;1;40.2;25.7;2.49;67.2;66.5;5.3;1
4359;869805184;Construcción;6.1;4.5;15;15.1;7;67.7;12.8;3.85;70.8;59.1;4.2;0
4360;872909382;Manufactura;4.2;3.0;40;2.4;0;55.9;11.5;4.76;36.0;24.6;1.8;1
4361;832748497;Comercio;9.8;8.5;11;-6.2;3;54.2;44.2;2.47;73.0;59.0;1.5;1
4362;885961158;Servicios;18.0;15.5;50;18.0;6;71.1;47.1;5.46;79.2;71.6;3.7;0
4363;916931853;Servicios;3.4;2.7;52;1.8;6;65.3;12.2;3.34;57.2;62.5;9.3;1
4364;997798348;Manufactura;7.8;4.4;5;8.0;6;78.2;12.5;4.91;40.1;47.2;40.8;0
4365;991425686;Servicios;9.6;7.9;10;-15.9;2;56.2;30.8;3.44;32.7;45.0;7.3;1
4366;843085956;Transporte;8.1;2.1;20;3.0;5;66.9;6.1;6.26;85.4;86.9;5.7;0
4367;882439400;Tecnología;11.6;9.7;57;5.8;5;79.9;5.9;2.75;82.9;81.7;3.9;0
4368;803621913;Construcción;21.4;11.8;9;1.5;2;60.9;7.5;2.85;27.3;37.8;16.5;0
4369;931441681;Construcción;5.4;5.1;59;16.8;9;100.0;30.5;2.5;59.7;80.0;1.5;0
4370;879892702;Manufactura;10.1;4.6;16;5.4;4;73.6;15.1;5.03;48.4;64.2;11.9;0
4371;861593153;Servicios;2.8;1.3;8;9.1;1;26.0;6.8;2.36;55.1;61.0;7.7;1
4372;836011006;Manufactura;4.6;1.3;9;11.8;6;57.0;7.1;1.38;20.3;31.2;19.3;1
4373;888174340;Servicios;7.2;4.8;28;1.5;4;68.8;25.3;2.19;62.5;43.1;8.9;0
4374;886763854;Manufactura;6.3;4.5;61;2.4;4;49.6;5.5;2.63;83.0;65.5;19.7;0
4375;891612660;Servicios;6.1;2.6;85;-8.8;2;56.7;29.5;2.09;68.6;59.1;18.0;1
4376;838191370;Construcción;11.7;6.4;28;1.9;4;71.2;14.2;2.79;67.2;76.2;3.6;0
4377;992659030;Servicios;10.8;5.3;21;17.6;3;60.6;22.2;2.26;58.1;71.3;0.8;0
4378;845468756;Transporte;12.3;12.3;25;-1.7;3;60.4;5.2;4.3;89.1;80.3;11.0;0
4379;850216206;Comercio;9.8;8.3;9;17.2;5;67.3;15.3;6.3;50.2;61.9;43.0;0
4380;897564287;Transporte;4.1;3.6;268;-6.5;4;60.6;8.9;3.7;28.0;35.7;1.0;0
4381;979543818;Comercio;5.1;1.7;13;13.3;2;57.5;16.9;3.09;69.2;75.6;9.3;1
4382;925983612;Comercio;13.5;12.3;7;11.6;3;45.0;12.1;3.26;37.8;36.4;50.0;1
4383;878824900;Servicios;4.9;1.3;25;9.2;6;83.6;10.3;3.09;90.9;62.3;12.1;0
4384;891230334;Servicios;5.7;5.6;6;-3.7;6;75.4;21.1;4.45;43.0;31.6;6.9;1
4385;963124145;Manufactura;13.2;10.7;137;1.7;6;60.9;11.3;3.74;89.2;78.3;8.1;0
4386;908366324;Transporte;5.3;2.2;8;-22.5;5;67.7;1.7;1.83;56.6;46.5;11.7;1
4387;826731632;Comercio;4.7;1.3;68;21.4;4;74.7;12.3;3.79;72.6;57.6;1.8;0
4388;833524629;Tecnología;19.5;16.4;39;0.3;3;56.9;11.7;3.34;57.8;62.3;2.9;0
4389;955136656;Tecnología;21.9;14.2;113;16.4;5;79.7;14.8;2.23;88.4;64.9;6.2;0
4390;872932180;Transporte;8.3;2.5;56;-13.3;7;70.3;20.3;3.6;54.8;75.0;6.5;1
4391;932800348;Servicios;5.0;2.4;11;21.0;7;81.7;10.4;3.98;79.5;71.7;9.5;0
4392;818459868;Transporte;19.6;10.8;100;-5.3;3;55.8;18.1;5.64;85.3;91.2;22.3;0
4393;837761584;Manufactura;4.8;3.0;54;14.9;3;54.8;6.9;3.92;61.4;54.1;28.5;1
4394;913624045;Servicios;3.2;0.9;27;6.1;4;87.7;10.6;1.86;67.9;57.5;3.6;0
4395;973553552;Servicios;16.6;5.4;80;19.9;4;66.5;16.5;3.01;90.8;75.3;2.4;0
4396;966664943;Servicios;7.4;2.9;5;11.1;5;67.9;7.4;6.46;34.2;47.9;13.1;0
4397;926795021;Comercio;11.4;5.8;178;11.1;6;80.6;5.2;4.03;60.4;65.0;3.6;0
4398;894807348;Manufactura;12.8;8.2;140;6.9;4;66.3;16.1;3.57;52.7;45.8;9.7;0
4399;947242423;Servicios;5.9;3.2;73;-13.8;4;71.7;2.9;2.01;57.1;61.3;1.3;0
4400;912542743;Servicios;10.3;6.9;52;-6.0;6;82.9;28.9;2.81;62.5;72.9;1.8;0
4401;827557011;Transporte;6.6;6.3;38;-3.3;6;74.1;19.7;3.6;66.5;62.7;22.0;0
4402;830427016;Manufactura;3.1;1.8;6;12.2;5;61.0;15.5;2.87;79.8;63.6;10.7;1
4403;947224871;Transporte;13.1;4.9;65;8.4;4;62.9;31.0;4.28;29.5;58.2;15.1;0
4404;933379472;Manufactura;12.1;9.9;52;17.3;4;58.7;14.8;5.34;50.0;63.8;6.0;0
4405;853427436;Servicios;6.6;2.4;107;3.8;8;73.1;14.0;1.68;89.5;90.9;27.0;0
4406;988562597;Manufactura;13.4;6.3;63;-10.3;6;69.9;5.2;3.42;43.2;51.2;3.0;0
4407;913764517;Comercio;7.0;4.8;19;22.9;7;95.0;31.7;2.33;42.5;49.6;7.1;0
4408;927311361;Construcción;7.4;7.1;73;16.5;4;58.9;21.9;2.18;62.9;58.3;15.2;0
4409;844588017;Construcción;3.1;2.5;34;11.1;4;79.2;7.3;9.35;67.6;73.1;6.0;0
4410;938710755;Construcción;11.0;9.3;22;-10.2;6;55.6;12.3;2.19;83.0;61.5;5.7;0
4411;814416485;Comercio;4.1;2.9;22;11.4;4;52.5;7.5;3.0;54.5;57.0;9.9;0
4412;929068447;Tecnología;32.5;17.3;45;15.2;4;53.6;19.6;1.68;69.3;65.6;48.9;0
4413;853774543;Construcción;8.5;3.9;6;2.7;4;76.4;36.3;4.21;81.6;65.2;8.5;1
4414;961207609;Tecnología;15.0;5.7;33;7.8;7;69.1;15.4;3.42;66.9;59.9;1.0;0
4415;844721935;Servicios;6.2;1.8;14;25.9;7;72.3;24.8;7.85;48.8;30.7;12.5;0
4416;815362171;Construcción;16.6;15.8;10;8.6;3;59.7;3.0;3.63;46.3;63.7;15.8;0
4417;899054368;Comercio;6.3;3.4;194;5.0;1;40.6;16.7;4.4;75.0;47.0;4.0;0
4418;993869071;Servicios;5.6;4.7;27;15.7;5;72.8;5.2;3.65;51.8;41.2;29.3;0
4419;830780794;Servicios;2.8;1.7;21;3.6;8;72.6;19.0;4.04;35.7;35.8;3.6;1
4420;829609449;Comercio;4.2;3.4;10;3.9;4;46.0;27.5;7.58;92.3;62.2;6.6;0
4421;963037325;Construcción;11.0;9.8;105;-8.7;4;61.2;6.4;3.24;80.5;68.9;13.4;0
4422;823000076;Comercio;18.6;8.2;500;2.3;6;79.8;6.8;2.47;89.0;73.2;14.5;0
4423;982193157;Servicios;6.4;2.6;31;-9.8;7;77.3;14.5;3.81;29.9;28.6;6.3;0
4424;971556427;Manufactura;10.1;9.4;17;3.1;1;58.9;36.6;6.38;20.4;48.5;13.7;1
4425;852514704;Manufactura;16.5;4.1;5;12.3;1;43.9;20.4;5.41;58.8;57.9;3.9;0
4426;889122876;Servicios;3.7;0.8;70;6.4;5;67.4;15.6;2.73;50.6;67.7;7.5;0
4427;871371042;Servicios;11.3;7.9;75;2.9;7;80.0;14.0;3.33;83.5;51.4;5.6;0
4428;924835220;Construcción;14.7;5.8;12;9.8;2;46.9;13.6;2.66;65.8;70.8;3.7;1
4429;801765964;Comercio;8.9;4.2;9;27.4;4;53.5;21.9;3.32;39.1;34.3;4.3;1
4430;982298022;Servicios;9.4;9.2;10;14.5;6;75.8;22.1;2.39;73.3;67.7;0.9;0
4431;827388895;Servicios;15.5;7.1;28;6.5;5;81.5;7.2;6.56;53.7;43.2;2.4;0
4432;842738464;Servicios;16.5;16.5;24;-14.1;6;54.1;6.0;2.63;56.7;44.9;0.5;1
4433;810805408;Transporte;4.7;4.6;16;17.1;5;54.9;17.5;3.56;71.6;74.8;14.5;0
4434;984397543;Servicios;14.7;4.0;10;14.4;3;73.3;12.6;4.22;57.2;38.9;14.4;0
4435;998376699;Comercio;5.2;2.5;23;-9.0;5;58.7;2.3;4.02;19.1;33.4;11.3;1
4436;945350496;Construcción;1.7;1.5;31;-7.1;9;56.4;14.6;4.16;31.2;38.6;4.0;1
4437;997960288;Comercio;8.5;3.0;39;9.4;4;67.2;13.5;2.25;51.4;69.1;6.8;0
4438;838908886;Servicios;4.1;3.7;25;12.7;7;99.8;30.1;3.7;83.4;82.6;18.8;0
4439;843460538;Manufactura;12.4;5.1;5;1.1;5;81.0;13.9;3.6;75.3;98.9;2.2;0
4440;877266172;Comercio;8.3;7.2;37;-1.0;5;72.4;26.5;2.65;55.6;52.0;6.9;1
4441;846274712;Comercio;16.0;13.6;13;-10.2;0;49.4;6.9;3.07;21.0;54.9;2.0;1
4442;843375830;Construcción;14.2;11.1;26;11.2;3;73.4;20.9;4.93;52.3;46.5;2.1;1
4443;827597205;Comercio;7.5;3.9;7;15.4;8;79.3;20.4;3.18;44.1;54.7;5.0;0
4444;867687796;Comercio;8.2;7.6;5;-7.6;7;81.5;16.2;3.48;52.6;46.0;27.6;0
4445;850346738;Comercio;9.7;4.3;22;6.0;4;59.5;18.4;4.57;97.9;90.8;26.8;0
4446;967581334;Manufactura;21.5;4.6;74;-0.2;2;56.7;11.3;3.72;62.8;46.0;4.5;1
4447;831307280;Transporte;1.2;0.4;26;16.3;3;51.5;11.5;5.2;53.9;37.0;2.0;1
4448;969642378;Servicios;8.3;5.8;76;-0.0;3;57.7;16.6;2.71;80.0;75.6;4.8;0
4449;878324871;Comercio;9.2;7.9;31;-4.5;4;61.0;2.5;3.38;68.3;64.5;1.9;0
4450;997179715;Transporte;6.4;4.7;34;-9.8;0;65.7;11.2;2.57;76.2;78.3;11.5;1
4451;853958454;Servicios;3.6;1.2;13;3.0;7;71.0;6.7;3.46;71.8;65.0;0.8;0
4452;866777094;Servicios;17.7;11.3;15;31.3;4;71.0;31.5;4.17;82.7;71.4;3.9;0
4453;824717486;Servicios;7.9;6.1;17;20.4;5;71.0;13.0;7.28;43.2;63.1;4.8;0
4454;868008165;Servicios;9.1;2.2;28;8.8;3;77.4;11.0;2.82;40.3;52.3;33.9;1
4455;834764379;Construcción;15.2;13.6;33;21.9;8;90.5;12.7;2.74;59.1;47.6;1.4;0
4456;965369683;Servicios;4.3;1.9;32;13.2;4;75.8;39.9;2.76;62.8;68.2;5.8;1
4457;801960506;Transporte;50.0;37.9;40;15.7;9;88.1;22.9;4.54;28.2;26.1;39.3;0
4458;969656917;Comercio;5.4;5.3;46;7.4;5;65.5;18.9;6.98;43.6;77.5;3.9;0
4459;995073169;Construcción;16.5;10.3;12;15.0;7;90.6;30.4;3.11;80.3;73.6;4.4;0
4460;989492432;Transporte;7.3;6.9;43;10.5;4;64.1;16.8;3.87;29.7;39.9;20.1;0
4461;803583144;Servicios;10.7;8.5;20;2.7;8;90.3;28.3;2.51;68.6;61.6;1.6;0
4462;958286885;Servicios;6.8;5.6;57;-4.1;4;75.9;3.1;2.5;44.2;48.5;10.6;0
4463;892510477;Servicios;14.1;7.2;66;-16.0;8;100.0;12.8;4.57;51.3;70.1;1.2;0
4464;982633902;Transporte;5.8;1.5;32;6.7;0;59.5;10.9;4.17;86.5;79.7;23.1;1
4465;859265165;Comercio;19.1;13.4;30;3.1;6;66.4;12.5;4.43;86.1;78.6;19.7;0
4466;828368888;Tecnología;6.5;6.0;23;-0.2;5;61.8;27.7;2.03;80.4;77.7;3.2;0
4467;917850295;Comercio;6.6;6.0;8;-5.2;10;100.0;14.9;2.49;88.3;88.0;7.4;0
4468;809029405;Manufactura;7.0;5.5;13;3.0;0;75.5;25.6;2.3;37.8;35.7;18.5;1
4469;985143716;Servicios;4.8;3.3;24;18.1;5;63.5;28.1;4.89;64.1;71.3;17.8;0
4470;847744643;Manufactura;10.6;10.3;27;12.6;4;57.2;17.3;5.4;63.1;86.4;2.5;1
4471;874750134;Servicios;7.9;2.0;11;9.2;0;51.0;29.4;2.62;29.5;49.5;6.2;1
4472;842634008;Transporte;6.8;3.0;18;-2.1;2;60.0;14.4;6.82;58.4;72.1;10.8;0
4473;833855431;Manufactura;2.9;1.6;35;-0.8;2;37.2;34.5;3.78;77.7;67.5;1.7;1
4474;940818303;Comercio;2.4;2.0;18;19.2;7;70.0;6.8;2.2;60.4;53.2;11.7;0
4475;969593259;Servicios;21.1;7.3;10;-14.8;4;60.8;5.8;4.9;85.5;80.7;5.7;1
4476;872649401;Servicios;5.0;4.1;67;9.0;9;81.9;17.1;2.83;45.1;51.5;23.4;0
4477;949735771;Comercio;35.6;28.5;245;-6.5;3;59.8;33.7;2.12;77.5;76.3;2.2;0
4478;812985110;Comercio;9.4;3.1;38;-8.8;4;71.5;5.4;2.16;84.2;85.6;12.9;0
4479;866735213;Servicios;8.2;7.4;40;-6.3;7;85.5;28.6;3.06;62.5;48.4;34.2;0
4480;947637274;Tecnología;20.5;12.1;5;2.0;10;86.7;19.4;4.98;72.1;63.3;3.1;0
4481;854276882;Construcción;12.7;11.4;25;-5.1;6;65.9;14.9;3.08;21.2;35.1;30.5;0
4482;839630319;Comercio;12.5;4.3;21;19.1;4;86.2;21.4;3.99;65.1;70.3;10.6;0
4483;845954769;Comercio;1.1;0.4;26;4.2;5;82.8;28.6;2.4;45.2;43.3;1.9;1
4484;978914031;Comercio;8.0;4.3;6;13.1;1;32.0;12.7;4.38;63.7;52.2;0.3;0
4485;854684254;Transporte;6.9;6.8;131;5.4;7;83.1;5.9;4.04;53.0;49.7;6.6;0
4486;992797036;Comercio;9.9;8.1;46;13.3;3;41.6;40.3;2.62;13.4;18.9;3.3;1
4487;857950577;Comercio;11.7;10.1;31;8.0;6;71.1;38.4;3.41;59.1;75.2;1.5;0
4488;845026039;Comercio;6.5;4.4;30;3.8;5;63.5;40.1;2.68;24.5;43.3;0.1;1
4489;985102808;Manufactura;8.8;6.6;10;4.2;5;60.9;9.2;3.58;49.6;69.4;26.7;0
4490;912683140;Construcción;10.8;3.3;8;18.0;0;50.0;4.7;6.53;92.6;100.0;4.8;0
4491;842854180;Tecnología;13.6;9.1;37;13.8;6;69.2;5.6;4.37;65.4;67.6;9.2;0
4492;890007779;Transporte;50.0;20.1;27;11.2;6;84.4;22.1;2.84;86.3;63.7;4.6;0
4493;811923536;Transporte;40.1;29.1;38;-12.3;2;56.6;12.0;2.32;48.5;66.2;6.5;1
4494;848927775;Manufactura;4.4;0.9;33;15.1;3;66.4;20.2;6.48;86.4;83.1;11.7;0
4495;997277995;Manufactura;22.8;18.1;78;8.8;4;33.3;21.1;2.16;46.1;53.7;9.5;0
4496;935845840;Servicios;6.6;1.9;7;-2.4;1;60.9;4.0;7.57;72.2;60.4;8.9;1
4497;868823058;Comercio;5.9;2.2;162;9.8;7;84.5;18.7;2.91;77.1;80.6;0.7;0
4498;982850509;Tecnología;2.3;2.1;12;-2.5;5;77.0;15.9;1.34;68.2;59.8;7.2;0
4499;947157139;Servicios;5.0;4.7;22;6.2;3;60.4;11.8;2.55;56.2;60.3;1.6;0
4500;810018178;Comercio;5.7;4.1;12;11.0;7;63.2;3.7;2.83;56.8;55.5;4.4;0
4501;808574850;Comercio;10.2;2.9;23;-12.3;5;51.8;11.5;8.99;66.3;75.9;2.3;1
4502;970840290;Comercio;21.2;17.7;45;-4.6;6;83.3;13.8;3.63;55.4;56.4;24.5;0
4503;863983544;Transporte;4.0;2.1;138;-6.8;6;70.3;23.2;3.93;41.4;66.4;1.0;1
4504;969569077;Transporte;2.5;1.2;12;-7.7;10;85.9;12.2;3.02;36.4;33.1;15.1;0
4505;816172352;Manufactura;18.6;5.5;8;26.3;5;78.1;11.7;3.39;54.6;63.0;1.7;0
4506;982976706;Comercio;12.3;3.3;14;4.8;5;75.4;9.1;4.46;65.9;66.3;4.3;0
4507;936910138;Construcción;9.6;7.7;7;-2.4;2;63.6;22.3;2.2;53.9;64.7;2.1;1
4508;828357906;Servicios;25.4;24.7;24;4.8;5;72.6;5.7;3.87;74.1;56.2;4.9;0
4509;843829263;Servicios;4.3;2.9;6;3.6;3;55.5;8.0;1.66;73.0;73.3;7.3;1
4510;972155145;Servicios;6.4;4.7;59;10.6;4;59.9;11.7;3.34;44.1;63.0;2.0;0
4511;832732988;Servicios;11.8;8.3;15;2.2;6;81.2;45.2;2.04;48.4;66.0;0.5;1
4512;808284150;Servicios;10.1;3.3;10;5.4;5;66.6;19.1;5.49;56.6;66.6;14.5;1
4513;883995167;Comercio;8.3;4.7;13;21.4;9;69.4;19.2;2.51;78.3;70.3;10.2;0
4514;978091543;Servicios;13.0;5.5;55;0.0;3;50.6;27.6;2.3;51.6;60.7;3.0;1
4515;889846928;Comercio;5.5;1.9;415;14.3;6;85.6;35.8;5.76;84.4;64.2;2.7;0
4516;827090525;Construcción;38.2;22.8;21;-0.5;4;67.8;11.4;3.45;72.3;55.1;2.6;0
4517;951067410;Servicios;5.8;1.9;106;-8.9;6;81.1;20.9;2.44;77.4;65.4;1.1;0
4518;869987293;Comercio;5.7;4.9;14;-10.5;5;70.8;22.9;3.56;46.5;52.7;23.3;0
4519;905922205;Servicios;9.4;3.0;76;10.2;2;56.6;18.7;3.73;82.3;76.6;2.8;0
4520;926599052;Servicios;9.7;3.7;5;7.0;3;68.8;20.3;4.02;74.5;71.5;3.3;0
4521;954979536;Comercio;1.4;0.9;5;5.8;4;62.2;10.2;4.74;75.3;80.9;8.2;0
4522;820945774;Transporte;17.0;6.0;15;-3.9;4;59.7;32.7;2.39;47.1;59.0;6.6;0
4523;873055051;Construcción;5.5;4.2;29;0.4;4;62.6;29.7;2.83;59.6;55.0;13.5;0
4524;909185972;Construcción;18.4;11.5;132;4.7;3;48.5;37.5;4.57;83.6;72.4;10.8;0
4525;907336639;Manufactura;4.7;4.2;91;6.7;5;56.8;15.2;2.52;32.7;43.9;24.1;0
4526;856071996;Servicios;20.6;6.6;25;11.5;5;79.5;4.7;3.49;49.8;68.7;11.6;0
4527;896079585;Comercio;5.3;3.5;188;8.8;2;61.2;10.1;2.64;35.7;59.1;17.2;0
4528;818489245;Manufactura;7.5;5.1;26;2.3;4;69.6;1.3;2.31;62.4;45.7;31.3;0
4529;887128576;Tecnología;5.9;1.9;15;1.3;5;63.2;25.3;1.91;88.4;77.4;0.6;0
4530;942189609;Servicios;7.0;3.9;5;-16.9;4;63.0;6.4;3.73;48.7;48.1;15.2;0
4531;975330063;Tecnología;3.7;1.1;13;9.7;5;76.2;26.4;4.87;87.5;82.0;3.1;0
4532;967636998;Servicios;6.0;2.4;8;23.5;4;93.0;15.5;3.9;68.5;54.8;3.4;0
4533;958665862;Tecnología;9.6;4.7;31;5.6;1;55.9;7.5;3.85;59.5;56.6;1.1;0
4534;963995703;Servicios;10.3;8.9;15;-9.7;9;74.8;12.3;2.68;9.4;49.6;7.9;0
4535;930793237;Comercio;7.7;1.7;23;13.3;6;82.6;27.2;3.7;41.1;51.9;3.2;0
4536;881293339;Comercio;4.7;4.4;12;16.2;9;93.5;17.8;2.23;45.9;53.4;28.5;0
4537;986983508;Servicios;15.2;9.4;62;9.7;2;54.1;16.0;3.28;67.8;48.9;2.2;1
4538;873149333;Transporte;20.5;14.9;43;0.8;9;93.6;18.3;2.66;68.7;63.4;7.5;0
4539;856319570;Manufactura;4.4;2.6;51;8.1;5;64.1;20.3;2.29;80.3;100.0;2.3;0
4540;911735885;Comercio;12.7;12.0;11;-12.9;6;80.8;6.1;4.36;54.5;55.7;4.9;0
4541;884991626;Servicios;4.5;4.1;33;3.2;7;81.1;19.5;3.25;55.8;44.2;13.4;0
4542;832748016;Servicios;3.6;2.0;61;-5.1;4;76.0;38.8;3.53;16.6;47.2;4.2;1
4543;860340913;Transporte;6.3;6.0;27;5.0;5;56.9;36.0;4.56;54.5;59.3;4.1;1
4544;841824561;Servicios;7.2;5.1;21;13.9;5;70.1;15.5;3.14;35.6;39.8;2.8;0
4545;839414830;Manufactura;3.9;2.2;45;4.6;5;76.8;18.5;5.97;42.7;41.8;4.0;1
4546;992703165;Manufactura;6.7;6.6;60;20.0;6;67.3;20.0;2.22;66.8;71.6;20.7;0
4547;942952650;Manufactura;10.7;7.3;49;0.9;9;87.8;25.8;3.83;36.1;55.9;2.2;0
4548;880345873;Servicios;10.3;2.7;28;-9.5;6;63.3;10.1;2.73;63.9;72.8;22.7;0
4549;806497664;Manufactura;4.3;3.4;54;12.2;4;74.0;42.6;5.19;59.9;54.5;4.3;1
4550;976572797;Servicios;12.4;4.4;25;5.2;2;49.8;29.8;3.63;42.1;42.8;18.2;0
4551;855083829;Manufactura;14.9;11.2;64;13.9;6;69.2;18.3;2.31;92.1;69.2;10.2;0
4552;895874208;Construcción;17.2;8.7;13;8.4;6;83.2;6.6;3.21;92.5;75.7;8.9;0
4553;887729838;Servicios;5.0;2.3;92;5.4;5;83.0;47.4;4.87;19.3;34.7;26.7;1
4554;903249683;Servicios;13.2;4.2;13;7.2;5;67.5;19.1;3.55;71.5;55.1;4.2;0
4555;847126282;Servicios;7.3;5.2;39;12.7;4;80.2;27.0;5.69;35.3;45.8;12.4;0
4556;960815299;Comercio;13.8;4.8;13;-3.6;3;57.9;14.5;3.81;88.7;78.8;2.1;1
4557;820133103;Servicios;3.8;3.6;16;0.1;9;72.4;22.7;3.6;62.1;87.8;6.4;0
4558;850382993;Servicios;26.9;10.6;22;-7.6;7;77.0;19.2;3.16;94.1;86.7;12.7;0
4559;816227258;Construcción;8.3;5.9;69;19.5;4;62.2;2.2;1.91;55.2;49.2;0.5;0
4560;868951785;Transporte;5.8;5.1;12;6.3;8;78.2;5.4;4.13;17.6;39.3;12.3;0
4561;941001508;Servicios;5.9;1.5;42;15.9;4;74.0;10.7;2.64;62.0;68.8;28.8;0
4562;928324801;Transporte;12.4;3.5;19;8.5;4;60.4;29.8;7.1;78.6;68.2;18.0;1
4563;842009083;Comercio;12.3;2.5;12;16.2;6;70.2;14.2;4.03;40.5;30.9;15.2;0
4564;801026982;Manufactura;9.1;6.0;11;-2.6;6;68.8;12.3;4.25;41.7;56.0;9.7;0
4565;958724481;Servicios;5.4;3.1;9;-4.5;0;45.1;16.8;3.03;74.0;70.4;21.8;1
4566;904737069;Construcción;5.1;1.2;17;5.9;5;77.0;27.7;4.14;70.5;58.0;7.2;1
4567;944915815;Comercio;10.9;3.5;11;8.1;5;55.9;18.9;2.58;87.3;60.7;10.0;1
4568;851985504;Servicios;7.8;1.6;29;-1.0;4;79.8;16.4;2.66;37.6;38.5;1.6;0
4569;918404193;Servicios;16.7;7.3;9;12.9;0;53.6;26.4;3.46;92.1;80.9;5.4;1
4570;981707428;Servicios;26.3;20.3;56;-1.7;6;73.0;16.0;4.58;61.9;38.8;3.9;0
4571;844398446;Comercio;11.0;4.6;15;9.9;4;51.2;22.0;2.26;19.9;32.3;17.8;0
4572;824852050;Servicios;3.2;3.2;31;-8.0;2;62.4;23.0;2.27;74.7;60.3;27.3;1
4573;881688610;Comercio;3.3;1.6;22;9.4;4;66.1;17.9;1.45;49.6;36.1;7.5;0
4574;833871901;Servicios;1.7;0.4;30;-2.6;6;74.1;30.9;3.14;59.8;56.9;8.2;1
4575;950130550;Manufactura;3.5;1.6;115;10.2;6;78.8;20.6;3.47;32.7;42.1;5.4;0
4576;906821234;Servicios;13.2;4.0;42;24.8;7;76.4;9.5;2.89;52.7;42.6;5.0;0
4577;909217290;Servicios;18.9;9.8;185;-8.3;5;65.8;21.4;3.16;69.7;56.7;3.0;0
4578;848339384;Tecnología;7.7;5.9;102;-10.7;8;91.8;27.1;2.95;59.6;55.0;24.5;0
4579;993910603;Manufactura;1.5;1.1;21;10.6;3;51.6;9.0;2.0;60.0;70.9;5.0;1
4580;870432999;Manufactura;19.0;12.0;32;3.3;4;65.2;10.8;1.41;38.5;51.7;0.3;0
4581;812398564;Transporte;3.9;2.0;7;4.1;3;59.1;21.1;5.57;66.6;52.2;13.1;1
4582;873789852;Tecnología;8.5;2.7;16;-1.3;6;74.9;23.4;3.2;66.6;67.2;16.9;1
4583;834035713;Transporte;21.3;19.5;23;-5.5;3;59.0;5.7;7.1;88.9;63.6;0.9;0
4584;884244178;Comercio;16.6;16.4;14;4.9;8;76.1;23.4;2.34;66.8;61.6;18.9;0
4585;991747073;Tecnología;5.9;2.4;24;-14.2;3;44.0;13.6;3.9;82.5;75.5;4.5;1
4586;834602002;Tecnología;6.6;2.2;9;-3.4;7;86.1;31.2;2.96;59.6;69.6;8.7;0
4587;944966705;Manufactura;6.2;4.1;10;-16.4;6;77.2;27.2;4.91;64.6;70.6;10.8;0
4588;869172890;Manufactura;19.3;4.3;24;-18.8;7;77.8;19.0;4.25;77.4;73.4;26.2;0
4589;930656147;Servicios;11.9;4.8;79;2.8;7;79.6;4.8;3.63;27.3;41.6;0.2;0
4590;862720748;Transporte;4.7;4.4;25;-16.1;2;58.9;14.8;2.55;60.2;76.0;0.2;1
4591;964048113;Tecnología;3.3;0.9;44;-5.4;7;64.2;4.3;3.62;43.0;60.8;4.7;0
4592;816313934;Servicios;19.0;8.5;105;-5.8;1;71.1;12.3;2.53;54.6;63.4;17.6;1
4593;933971350;Transporte;6.0;2.5;12;7.6;3;56.5;29.0;1.31;73.7;70.6;10.2;1
4594;964951121;Construcción;7.6;4.5;23;4.6;5;59.3;8.7;5.16;43.9;59.7;2.4;0
4595;974416902;Construcción;9.7;6.9;15;-0.2;7;82.9;23.0;3.43;71.0;63.5;6.7;0
4596;859326349;Comercio;17.3;14.2;32;-4.8;9;84.4;28.7;5.07;61.1;60.2;21.6;0
4597;882717479;Manufactura;12.9;6.7;17;4.2;7;88.6;17.1;3.03;73.0;70.6;12.5;0
4598;918304691;Comercio;14.4;7.2;12;9.1;6;76.3;12.2;4.43;83.9;75.6;9.5;0
4599;845364705;Servicios;23.6;19.1;31;18.0;0;31.2;16.8;3.65;41.4;42.1;5.8;0
4600;805501639;Servicios;14.3;4.8;15;-11.8;3;63.7;44.2;1.65;36.2;43.6;9.4;1
4601;923494215;Servicios;9.9;9.8;58;2.4;7;74.2;1.7;2.0;78.7;68.6;50.0;1
4602;970327052;Manufactura;8.7;8.7;12;19.7;6;93.4;2.7;2.69;79.8;68.3;1.6;0
4603;802664123;Manufactura;11.8;4.4;16;17.9;6;55.5;22.6;4.54;95.1;95.8;4.1;1
4604;830585680;Servicios;20.9;14.6;33;-2.1;5;55.2;14.4;2.92;82.5;61.7;3.6;0
4605;979497768;Servicios;12.5;10.8;115;14.2;4;57.7;12.2;3.95;59.7;51.0;0.1;0
4606;969419166;Manufactura;35.1;7.9;7;10.3;5;69.7;7.2;3.32;58.7;67.7;6.5;0
4607;909920068;Comercio;4.9;1.9;15;15.0;6;64.2;22.6;2.98;51.5;71.8;4.4;0
4608;915303012;Transporte;9.6;9.4;26;5.9;3;64.5;11.3;1.6;56.5;60.8;6.2;0
4609;921360962;Construcción;4.1;1.3;42;9.1;6;72.9;8.0;3.88;50.6;56.9;2.3;0
4610;971885681;Transporte;19.7;4.3;17;18.7;6;54.2;20.1;2.84;68.8;61.4;1.6;0
4611;922727174;Comercio;9.1;4.7;19;-3.4;7;88.9;19.5;3.3;67.5;71.8;0.8;0
4612;966469531;Servicios;10.3;5.0;21;12.4;1;64.8;18.4;2.63;89.3;86.5;12.0;1
4613;905825761;Transporte;17.3;14.2;46;0.8;7;70.0;6.4;3.55;67.3;60.9;10.4;0
4614;960545462;Tecnología;6.5;4.3;6;5.9;2;62.4;14.3;3.16;25.3;38.6;7.3;1
4615;888035226;Servicios;13.9;7.2;44;-2.7;2;50.2;23.7;3.19;45.5;62.0;15.8;1
4616;843995118;Comercio;6.3;5.8;127;-3.9;5;61.0;23.0;2.4;29.0;30.9;21.2;1
4617;983613520;Comercio;7.0;5.6;14;6.4;2;39.6;10.7;1.69;65.0;64.6;6.9;1
4618;820176907;Manufactura;8.6;2.2;49;4.6;6;75.0;11.2;6.57;62.6;48.2;5.6;0
4619;802882267;Servicios;19.0;9.5;36;-8.4;5;75.1;25.9;2.44;80.7;66.3;8.4;0
4620;927012606;Comercio;9.6;9.5;72;15.6;0;41.6;9.7;2.8;25.6;47.4;9.3;0
4621;954148298;Servicios;5.5;2.8;26;-0.6;5;59.6;23.6;3.56;87.8;78.3;1.1;0
4622;824357598;Construcción;8.0;2.0;26;7.1;5;75.0;21.6;3.09;34.9;38.3;11.2;0
4623;802750264;Manufactura;10.7;7.7;51;-0.5;1;57.1;12.2;4.02;39.3;31.3;1.7;1
4624;959878243;Servicios;7.7;3.2;26;8.4;6;88.5;25.4;2.99;81.7;84.9;2.6;0
4625;847285322;Comercio;5.1;3.1;20;-0.3;7;73.7;30.9;3.83;64.1;69.4;26.3;0
4626;946928030;Manufactura;8.4;3.6;28;-0.7;4;63.8;35.2;2.35;76.8;62.1;5.4;1
4627;865528560;Servicios;6.0;5.2;38;-5.5;4;63.6;37.9;2.38;59.1;73.6;38.4;1
4628;877574209;Servicios;11.0;8.9;32;6.6;6;60.2;11.1;4.65;63.4;54.1;8.3;0
4629;816996781;Transporte;12.6;10.1;21;-3.2;4;47.8;3.3;2.65;49.7;58.2;12.6;0
4630;910174338;Construcción;7.1;5.4;39;2.9;5;61.4;27.5;3.62;81.2;79.8;3.7;0
4631;933808673;Construcción;7.7;3.2;15;-6.1;4;43.0;20.0;1.35;81.4;79.2;3.4;1
4632;978277373;Construcción;7.3;6.2;6;26.0;5;70.8;27.7;3.15;76.8;55.0;37.1;0
4633;912316219;Servicios;11.0;11.0;13;-1.6;5;57.9;11.7;5.28;72.5;52.7;9.8;0
4634;904536546;Tecnología;3.7;3.4;49;20.8;4;64.4;9.5;4.48;64.4;69.4;12.3;0
4635;861058539;Servicios;12.2;4.2;13;-4.8;6;73.8;7.6;2.95;40.9;63.5;8.4;0
4636;951926544;Comercio;5.3;1.5;74;-1.1;4;75.4;8.0;3.19;78.1;77.7;1.1;0
4637;845665240;Comercio;7.3;5.1;31;11.3;4;73.9;29.5;3.4;81.4;60.1;2.9;0
4638;906749891;Transporte;4.4;2.8;44;13.3;5;69.7;23.4;2.78;77.0;76.0;15.1;0
4639;880112976;Comercio;14.7;3.8;33;4.1;7;69.3;28.6;3.56;76.7;95.9;34.8;0
4640;841517562;Comercio;3.1;0.9;6;21.8;1;57.5;1.7;7.44;57.7;51.6;3.1;0
4641;934998292;Comercio;5.6;3.3;5;-8.4;5;69.5;14.4;2.73;86.4;63.9;7.3;1
4642;847529485;Comercio;30.7;23.9;78;1.1;8;81.9;1.4;3.81;36.2;45.2;49.5;0
4643;903130404;Servicios;8.9;7.3;23;4.0;4;50.4;8.7;3.08;54.1;62.1;6.0;1
4644;935388435;Comercio;8.9;4.9;51;-4.8;6;69.9;9.3;3.4;34.0;45.6;41.0;0
4645;801632349;Comercio;25.8;21.5;98;10.7;1;52.8;8.5;5.24;51.9;66.6;22.4;0
4646;814314242;Construcción;11.1;2.5;48;2.7;2;35.6;20.0;3.19;61.5;36.2;31.8;1
4647;887142372;Manufactura;4.6;2.4;126;17.4;6;89.5;16.1;6.67;87.8;86.3;43.2;0
4648;997900433;Construcción;18.4;13.6;27;19.3;5;58.8;4.7;4.61;17.4;19.0;9.3;0
4649;991235978;Tecnología;13.8;8.8;34;10.1;2;54.8;37.1;2.26;49.6;63.0;16.8;1
4650;952717131;Transporte;4.2;2.6;68;40.0;5;72.8;28.4;5.4;71.9;73.5;1.3;0
4651;936854517;Comercio;12.1;10.8;26;11.6;4;72.2;19.2;1.35;56.9;78.2;6.3;0
4652;943957338;Construcción;11.8;4.4;13;8.0;6;85.9;5.3;6.04;77.2;72.7;5.7;0
4653;814986811;Servicios;5.0;4.7;14;4.7;6;59.5;42.4;2.41;53.1;59.4;5.4;1
4654;836763834;Servicios;2.0;0.8;68;11.5;4;72.7;13.8;3.49;60.2;73.4;17.7;0
4655;943885234;Tecnología;8.9;4.9;7;25.4;5;78.2;6.3;4.01;88.7;87.1;13.5;0
4656;941552340;Servicios;11.2;5.4;6;19.0;5;62.8;5.5;2.28;68.0;57.4;8.9;0
4657;974232787;Manufactura;12.7;8.5;12;-2.4;2;49.7;17.1;4.1;90.1;75.4;0.1;0
4658;843805147;Manufactura;15.4;13.3;18;20.3;10;91.2;6.5;5.2;77.2;55.0;1.4;0
4659;996495829;Transporte;5.1;4.5;21;12.6;2;56.0;13.1;3.68;58.6;60.7;2.8;0
4660;939164044;Manufactura;25.5;24.9;72;7.5;4;52.5;13.5;4.42;54.2;69.1;31.7;0
4661;891947350;Manufactura;15.4;11.8;79;-5.2;2;46.4;14.6;1.98;25.0;45.5;9.0;1
4662;801497950;Servicios;4.0;3.3;72;-16.9;6;78.9;20.6;5.8;42.7;59.5;3.6;0
4663;920393876;Comercio;18.6;9.0;27;15.0;3;53.6;39.1;2.72;52.6;71.4;1.3;0
4664;860495010;Servicios;38.3;21.8;16;-4.6;5;86.3;0.9;2.62;60.8;72.5;7.1;0
4665;929044060;Manufactura;27.9;9.7;112;-13.6;7;56.3;28.6;4.26;28.7;50.4;2.2;0
4666;931218181;Comercio;27.0;10.4;28;21.4;5;72.9;16.2;2.95;35.0;46.5;14.5;0
4667;842639408;Servicios;6.4;3.5;31;25.6;4;72.0;12.4;2.79;60.9;68.5;2.2;0
4668;812444571;Servicios;24.5;6.4;7;-9.5;6;68.5;28.0;5.58;68.2;43.8;4.8;1
4669;988100667;Servicios;6.4;3.9;26;-2.8;6;72.3;10.5;3.03;36.6;46.3;1.7;0
4670;914747731;Servicios;4.6;3.4;9;8.6;5;70.5;10.9;1.51;30.7;34.7;4.1;0
4671;970299752;Comercio;4.4;4.2;16;3.8;3;58.4;16.8;2.43;21.8;26.3;18.3;1
4672;921835566;Manufactura;3.4;1.4;46;2.1;4;53.3;28.0;4.91;48.9;38.6;5.7;0
4673;913431051;Servicios;5.0;3.0;27;-3.7;5;65.7;18.4;5.47;30.6;44.8;3.7;0
4674;865964880;Construcción;3.6;2.9;9;18.2;6;62.4;8.9;2.53;80.0;60.8;2.1;0
4675;972815398;Servicios;13.5;10.9;30;11.0;3;63.1;8.1;2.76;87.1;80.2;18.8;0
4676;916645387;Servicios;24.8;19.6;71;7.7;3;46.6;31.5;4.15;34.8;40.5;8.2;0
4677;966495597;Manufactura;14.1;6.1;124;-16.8;3;53.9;10.5;6.57;52.4;43.0;3.3;0
4678;937839702;Tecnología;23.7;6.6;14;11.0;5;70.9;20.3;1.83;62.1;60.9;14.5;1
4679;874296516;Servicios;5.4;4.2;13;15.6;2;51.7;14.7;3.26;31.3;34.6;28.2;1
4680;958909794;Servicios;2.9;1.5;20;9.3;6;53.0;16.1;2.14;79.8;92.8;2.4;0
4681;827529507;Manufactura;28.1;26.4;45;5.6;6;76.1;32.5;2.76;69.2;58.6;9.6;0
4682;922558830;Servicios;12.9;4.3;17;-18.2;7;77.4;18.7;3.54;86.8;100.0;15.7;0
4683;920228593;Manufactura;1.8;1.8;59;-25.3;7;62.0;8.6;4.94;74.1;79.2;7.8;1
4684;977975160;Manufactura;7.5;2.9;31;9.3;5;78.9;23.3;4.29;27.4;40.6;19.5;0
4685;972439670;Servicios;9.9;8.3;63;9.8;5;59.1;14.4;2.87;22.7;53.6;2.2;0
4686;988455307;Transporte;3.6;0.8;135;12.3;5;62.9;2.4;6.12;91.0;74.8;2.2;0
4687;913970655;Servicios;19.9;19.1;69;19.5;6;73.9;9.4;2.64;63.7;70.1;2.5;0
4688;985227982;Comercio;3.0;3.0;38;3.1;5;71.9;16.4;3.74;72.5;93.0;13.4;0
4689;866449161;Comercio;2.5;2.5;30;5.8;1;35.6;38.3;4.8;49.3;55.0;21.4;1
4690;844112226;Transporte;15.2;12.8;83;-5.9;5;84.4;21.7;4.53;69.4;82.5;2.6;1
4691;892510361;Comercio;2.1;0.5;91;15.4;4;69.9;13.7;3.21;85.8;76.3;16.2;0
4692;807795231;Comercio;17.5;12.3;21;0.5;2;46.9;23.5;3.62;77.7;85.3;29.4;1
4693;955786885;Servicios;3.5;3.4;173;-2.9;10;82.0;17.8;6.3;22.2;54.1;28.8;0
4694;802937249;Servicios;7.8;3.9;58;10.9;2;57.5;10.7;5.07;39.5;52.6;0.0;0
4695;978490213;Servicios;8.0;4.7;32;9.6;4;65.4;8.2;4.48;94.8;90.4;0.3;1
4696;952545744;Comercio;8.8;4.8;21;13.7;1;47.7;9.3;1.86;57.0;72.0;1.1;1
4697;846082961;Comercio;4.8;4.7;21;-4.7;6;64.9;11.1;7.89;72.3;49.0;8.3;0
4698;972970501;Servicios;17.5;12.6;10;6.5;7;62.5;9.1;6.41;82.7;89.1;11.2;0
4699;941641327;Comercio;19.1;6.0;15;5.4;4;64.5;12.9;3.84;90.4;83.5;1.3;0
4700;967059017;Tecnología;4.1;1.8;8;-8.1;5;47.9;12.7;2.27;79.4;60.0;3.2;1
4701;949802329;Manufactura;2.9;1.9;36;0.7;4;77.2;18.2;4.32;43.2;55.6;2.3;0
4702;884829634;Servicios;13.6;8.4;71;17.8;5;56.8;20.8;2.62;36.6;43.9;9.4;1
4703;843457462;Construcción;5.3;4.7;9;-5.6;2;59.4;10.4;6.2;57.7;62.3;6.1;1
4704;965701879;Servicios;12.8;12.0;47;-3.4;9;84.8;4.9;3.23;53.8;53.4;4.2;0
4705;819406642;Transporte;6.7;3.5;21;9.8;6;81.5;11.6;2.67;66.8;68.4;20.3;0
4706;966150985;Manufactura;2.9;2.8;44;-5.6;3;57.8;11.1;2.07;81.7;64.6;3.5;1
4707;812620301;Comercio;5.9;4.0;29;2.5;6;63.7;25.0;1.19;60.2;51.1;5.4;0
4708;986705733;Servicios;9.3;2.1;16;15.2;5;89.5;13.1;2.97;56.5;65.2;33.9;0
4709;929500375;Comercio;12.4;7.4;8;-3.1;3;71.2;27.2;3.42;51.6;51.5;33.6;1
4710;959181567;Servicios;21.2;4.9;35;7.9;3;34.0;7.5;2.95;22.3;41.8;1.9;0
4711;945375411;Construcción;11.5;4.6;97;11.4;5;61.3;20.1;7.16;57.7;58.1;0.1;0
4712;943475690;Construcción;6.8;2.7;19;3.4;4;74.9;35.1;3.06;67.6;52.4;7.4;1
4713;860319809;Manufactura;22.5;18.3;7;18.2;5;72.0;29.9;3.83;31.1;33.0;0.8;0
4714;965289253;Comercio;8.9;6.4;25;9.9;4;44.3;19.4;4.06;20.9;35.2;2.6;1
4715;814443422;Servicios;40.7;10.2;140;0.4;5;63.5;30.6;4.49;69.7;77.0;11.8;0
4716;964112094;Manufactura;3.6;0.8;46;-6.2;6;74.3;7.6;2.54;29.9;33.2;6.3;0
4717;970424918;Manufactura;5.2;3.9;47;10.2;4;69.1;10.8;3.74;60.4;67.8;21.6;0
4718;949640896;Comercio;13.0;4.5;5;1.3;2;43.9;3.0;3.06;53.5;60.8;1.3;0
4719;812171873;Servicios;8.6;8.6;24;6.5;5;56.3;10.9;2.63;84.6;74.1;1.6;0
4720;825880997;Manufactura;5.6;3.1;89;-9.0;3;53.3;19.4;2.85;60.4;76.0;27.5;0
4721;948224334;Construcción;16.9;13.3;10;11.5;5;63.7;4.9;3.84;38.2;56.2;1.0;0
4722;914745334;Servicios;9.4;3.2;39;6.1;4;35.2;23.2;3.27;74.8;69.0;0.1;1
4723;814654480;Servicios;24.0;15.2;38;15.5;4;49.1;10.5;4.64;60.9;57.8;28.4;0
4724;843829083;Servicios;8.8;6.2;112;16.9;4;61.9;25.3;4.82;57.7;42.6;10.4;0
4725;894835361;Transporte;34.5;30.3;225;-5.5;5;63.2;5.5;2.36;33.7;41.4;11.2;0
4726;936962717;Tecnología;6.5;1.5;47;15.9;7;84.2;11.3;3.89;68.6;78.7;10.0;0
4727;934123025;Servicios;6.4;4.7;31;7.3;4;66.0;27.5;3.12;40.8;48.9;7.4;0
4728;876448195;Tecnología;4.6;1.2;36;0.3;8;64.6;16.9;6.99;66.0;54.3;13.0;0
4729;998072850;Servicios;5.4;4.8;6;-13.1;4;55.1;9.8;3.77;42.5;54.3;0.1;0
4730;991747856;Servicios;7.9;2.8;20;39.1;5;63.5;9.5;3.42;44.5;51.2;5.4;0
4731;963971824;Servicios;10.6;2.2;28;19.4;5;71.2;10.1;5.48;77.2;72.3;50.0;0
4732;920139654;Comercio;11.4;8.0;7;10.2;2;69.5;9.7;1.99;84.4;99.3;5.7;0
4733;925423410;Comercio;9.2;2.6;26;-11.0;3;73.2;32.2;2.53;23.3;32.3;15.4;1
4734;922938729;Servicios;3.2;2.9;13;-8.4;9;92.3;26.0;4.26;61.3;67.0;11.6;0
4735;807335195;Servicios;10.6;6.8;22;-9.3;6;84.5;15.3;2.0;70.0;70.4;9.2;0
4736;842116796;Transporte;18.9;13.5;78;-16.7;7;83.3;33.1;2.48;84.5;70.6;6.7;0
4737;953578706;Manufactura;4.8;1.3;11;-5.4;3;47.3;27.5;4.12;64.1;55.6;24.5;1
4738;852403486;Servicios;10.2;8.4;27;6.6;4;61.0;16.7;2.33;53.1;45.9;4.7;1
4739;808433198;Comercio;6.9;1.4;21;24.0;6;76.8;1.6;4.49;85.7;76.8;1.9;0
4740;898570734;Comercio;17.4;10.4;51;-2.1;5;69.7;8.4;2.17;59.9;46.0;8.9;0
4741;973425020;Servicios;25.2;23.6;14;13.4;3;73.4;12.6;3.18;82.1;85.3;9.4;0
4742;816976905;Comercio;3.4;3.3;59;15.3;5;76.5;8.4;4.12;56.9;42.4;35.8;0
4743;843033312;Servicios;13.0;11.7;28;4.2;7;75.2;5.4;5.89;66.9;52.9;20.4;0
4744;845356607;Comercio;4.6;3.5;19;10.8;3;62.0;11.8;4.71;21.9;32.8;37.4;1
4745;974289944;Manufactura;9.8;9.5;26;11.8;5;56.4;37.2;4.55;47.8;41.8;15.0;1
4746;928298331;Manufactura;11.8;2.9;31;-4.0;0;48.6;15.5;4.23;73.8;82.1;4.0;1
4747;811572943;Servicios;11.6;8.0;6;-4.5;7;59.8;6.1;4.65;58.8;67.0;50.0;0
4748;887962497;Tecnología;1.2;1.1;70;-16.2;1;40.1;19.8;3.16;84.2;83.7;0.7;1
4749;882424321;Manufactura;13.4;4.2;59;14.9;3;55.8;16.1;3.63;66.5;49.7;8.3;0
4750;941165547;Construcción;18.6;12.0;6;7.5;5;77.8;3.9;2.07;53.0;63.2;9.4;0
4751;816780815;Comercio;3.7;1.0;44;-0.5;4;47.3;13.4;3.38;47.0;51.0;0.6;1
4752;838439487;Servicios;4.8;4.0;20;-1.0;5;63.7;17.9;3.68;63.0;58.9;5.0;0
4753;881701291;Manufactura;2.7;1.9;6;-11.1;9;97.0;6.3;2.26;35.1;48.9;22.0;0
4754;947803383;Servicios;36.4;16.0;8;4.1;6;70.3;25.9;4.09;61.5;59.8;39.4;0
4755;969567899;Comercio;13.4;10.5;55;4.8;5;80.0;24.0;2.95;25.1;18.5;11.2;0
4756;882526081;Manufactura;4.9;3.9;7;9.3;6;60.6;9.4;3.41;39.1;60.1;19.3;0
4757;869776163;Comercio;14.4;3.3;7;6.0;6;76.5;12.7;2.26;90.6;78.8;9.9;0
4758;882172284;Manufactura;14.1;13.0;18;10.4;5;54.3;28.0;3.43;13.0;43.5;1.6;0
4759;904515108;Manufactura;24.3;12.6;11;11.8;4;53.9;13.8;1.49;60.3;41.6;7.2;1
4760;848790035;Transporte;8.0;4.2;10;10.8;1;48.4;16.6;1.78;62.1;51.4;3.1;0
4761;937684750;Manufactura;15.6;4.7;70;12.4;0;55.6;11.4;3.53;40.7;48.5;7.8;1
4762;936882184;Comercio;25.8;18.6;135;0.5;7;70.7;22.3;2.36;46.8;52.0;1.8;0
4763;998228948;Comercio;14.8;14.4;35;-1.4;6;65.0;24.0;3.97;24.6;47.7;8.4;0
4764;859998244;Manufactura;5.5;2.1;8;5.9;3;51.3;6.6;2.9;71.4;66.9;10.1;0
4765;813238264;Comercio;8.2;2.1;31;19.6;5;61.1;19.9;1.93;51.1;62.8;3.2;0
4766;952671113;Servicios;11.1;8.1;6;16.8;3;61.3;18.2;2.35;90.4;83.8;5.4;0
4767;808460406;Manufactura;28.8;12.5;84;8.9;7;94.1;9.2;3.18;66.0;60.4;8.2;0
4768;848563220;Comercio;10.2;2.9;15;11.7;2;58.0;22.1;2.47;67.4;63.1;7.1;0
4769;971500818;Construcción;10.1;2.8;92;3.4;6;57.9;25.7;2.94;61.8;54.6;0.5;0
4770;827757704;Servicios;10.2;3.6;88;2.9;2;66.1;24.1;2.14;73.8;68.9;20.7;1
4771;810600863;Construcción;6.4;3.2;25;11.0;4;76.1;4.1;2.65;33.6;18.4;0.1;0
4772;842997367;Servicios;3.8;2.1;18;-12.2;1;52.4;14.0;3.91;64.0;69.5;1.6;1
4773;948038057;Comercio;10.7;2.8;34;9.3;4;58.5;11.6;2.87;71.3;61.8;8.6;0
4774;819106484;Servicios;15.0;5.2;7;20.4;8;85.0;33.1;5.97;47.2;42.0;24.1;0
4775;939918481;Servicios;22.4;10.7;11;19.5;6;68.1;26.2;3.33;76.6;67.0;13.4;0
4776;831642269;Construcción;14.3;10.5;6;3.4;6;70.3;21.4;5.21;31.3;40.6;6.0;1
4777;964518018;Construcción;5.6;4.1;6;11.8;5;54.9;6.0;2.31;64.2;77.6;3.2;0
4778;939026634;Comercio;7.9;3.8;7;13.1;2;46.8;12.5;3.57;29.2;44.1;26.5;0
4779;869931847;Construcción;16.4;13.1;15;-10.7;4;62.2;2.7;3.68;75.2;57.9;0.5;0
4780;930845065;Servicios;8.8;7.3;41;-3.1;5;62.1;17.8;2.28;73.0;80.4;1.0;1
4781;845427344;Servicios;12.5;3.1;35;-10.7;3;56.0;25.0;1.93;38.5;51.3;18.0;1
4782;933103541;Transporte;4.0;3.5;24;3.5;3;63.8;21.4;3.73;83.5;63.0;29.5;1
4783;990049690;Servicios;1.7;1.4;33;12.0;2;51.9;29.2;2.63;63.5;65.6;3.5;0
4784;943090395;Servicios;10.1;5.9;10;0.6;5;65.4;11.2;2.76;63.0;57.3;2.6;0
4785;863836573;Comercio;9.2;8.6;9;29.5;4;55.5;2.8;2.73;36.0;41.9;6.0;0
4786;976590163;Comercio;14.0;13.7;26;11.9;4;64.1;11.3;3.44;69.0;72.9;18.4;0
4787;817115749;Comercio;4.5;1.6;12;1.2;8;85.1;26.1;2.74;43.2;62.7;9.3;0
4788;995936779;Transporte;8.8;4.9;37;-2.3;6;62.4;39.5;2.23;17.1;31.8;7.6;1
4789;963416537;Manufactura;10.3;4.5;40;4.3;4;45.6;23.4;2.74;52.5;51.3;21.8;1
4790;840591523;Transporte;20.9;6.8;11;3.5;4;57.7;15.4;4.45;90.8;66.1;12.5;0
4791;851856640;Servicios;8.5;7.7;6;-16.9;2;47.0;29.7;3.28;57.8;59.9;18.4;1
4792;965357868;Servicios;3.3;1.4;12;5.1;4;69.0;18.5;4.56;78.3;69.9;2.4;1
4793;843710364;Comercio;8.5;3.9;9;3.4;6;75.9;22.9;1.63;71.7;83.2;28.3;0
4794;911301154;Transporte;6.9;6.0;20;1.7;3;58.9;5.9;3.55;44.4;44.9;10.2;0
4795;876248849;Transporte;8.2;3.8;28;-13.5;5;73.2;20.3;2.07;39.5;35.4;1.6;1
4796;986782132;Comercio;3.4;3.3;69;6.1;3;78.9;7.9;3.18;79.0;76.8;6.8;0
4797;891130698;Servicios;19.1;14.4;29;-6.5;4;77.2;34.2;2.46;71.5;59.4;19.0;0
4798;909207804;Construcción;18.7;3.7;39;-2.5;6;75.8;12.3;3.31;88.0;72.6;24.1;0
4799;988053743;Construcción;3.2;2.3;7;15.7;3;53.7;13.6;2.55;77.2;53.1;2.0;1
4800;876954477;Construcción;6.0;2.3;14;5.4;3;45.6;8.5;2.25;49.9;60.3;18.3;0
4801;999858086;Transporte;10.5;6.3;40;-5.3;10;86.4;14.3;3.01;28.5;68.8;6.8;0
4802;822159654;Servicios;9.6;2.5;14;17.8;3;76.5;27.1;2.3;89.5;86.3;8.4;0
4803;963461400;Manufactura;32.1;25.9;15;0.9;6;72.5;11.9;8.28;55.3;57.3;25.2;0
4804;982151365;Comercio;1.0;0.6;10;8.4;5;72.6;22.4;3.45;26.4;41.2;5.3;0
4805;910543624;Transporte;8.9;2.2;6;31.1;5;75.2;20.4;4.63;40.5;33.3;15.7;0
4806;903980980;Servicios;17.6;13.1;83;-8.7;7;94.4;8.3;2.72;34.7;48.3;13.2;0
4807;828260229;Transporte;2.8;1.8;19;4.1;5;72.6;16.5;3.02;64.5;57.5;12.9;1
4808;987829308;Tecnología;11.7;11.3;19;4.7;6;81.8;21.5;2.65;76.4;58.4;5.0;0
4809;861361223;Construcción;30.6;19.2;92;-8.3;7;66.6;11.8;4.43;46.6;49.8;1.2;0
4810;893576700;Transporte;7.7;3.5;25;8.5;7;79.9;25.8;1.58;65.5;72.2;1.1;0
4811;918736998;Servicios;12.6;10.6;20;1.4;4;54.3;18.7;3.3;77.9;72.8;1.7;0
4812;883797629;Manufactura;5.1;4.5;13;-1.1;7;73.3;23.6;3.12;61.6;75.3;27.2;0
4813;948928073;Servicios;2.9;0.7;11;1.6;4;59.4;0.8;2.86;48.6;57.6;1.2;1
4814;976193365;Servicios;7.3;5.6;9;17.8;7;100.0;4.0;2.72;41.1;33.0;16.0;0
4815;873589976;Servicios;15.0;9.7;36;1.9;3;56.6;16.1;3.37;70.4;77.0;8.0;1
4816;852839521;Construcción;5.4;1.6;21;6.2;0;16.8;24.0;1.97;67.7;79.8;2.9;0
4817;929774853;Transporte;4.2;4.0;26;9.4;7;71.5;6.5;3.45;40.2;55.5;10.5;0
4818;984343229;Servicios;9.2;4.8;36;16.9;6;67.4;28.8;6.61;54.8;65.0;3.0;0
4819;922524494;Manufactura;4.7;3.0;30;8.7;5;86.8;17.8;2.24;81.3;59.4;7.2;0
4820;984372771;Transporte;9.2;6.0;12;8.8;1;67.4;17.6;4.46;79.5;83.4;11.0;1
4821;921317789;Comercio;7.5;7.2;64;-3.7;2;52.7;20.3;3.17;81.0;70.9;3.1;0
4822;873907696;Comercio;27.6;17.7;74;-7.2;0;47.6;16.6;3.19;77.3;70.5;16.7;1
4823;984909131;Manufactura;12.3;4.2;27;1.2;1;53.7;41.0;4.58;85.2;72.6;0.9;1
4824;912377352;Construcción;26.8;17.9;17;12.3;2;64.6;27.8;2.69;95.5;84.5;1.0;0
4825;999898478;Construcción;10.1;6.4;75;-4.9;4;53.6;15.9;2.89;30.3;35.8;3.0;1
4826;852818590;Transporte;7.1;2.4;14;7.1;5;59.4;6.4;5.08;51.5;71.4;6.0;0
4827;816308108;Construcción;3.7;1.2;47;0.1;5;65.9;19.5;2.37;39.8;56.1;23.8;0
4828;984714510;Comercio;17.3;10.9;26;0.1;8;68.0;17.8;3.25;71.5;64.7;1.7;0
4829;899725814;Servicios;6.1;1.8;29;-0.9;5;74.8;19.1;2.89;57.3;67.6;5.8;0
4830;838667797;Construcción;3.4;1.7;54;14.2;3;60.7;9.4;3.61;81.3;69.2;0.6;1
4831;826247575;Servicios;16.5;3.6;112;20.2;4;70.6;22.8;3.43;69.3;60.4;11.4;1
4832;927145552;Construcción;31.3;14.1;47;7.0;4;67.8;21.9;3.14;62.9;79.9;3.0;0
4833;812516043;Transporte;6.5;2.3;9;-5.2;3;52.6;6.1;5.11;63.2;54.3;1.9;1
4834;842363886;Servicios;5.3;3.7;34;18.9;8;72.5;12.6;5.72;63.6;74.8;2.9;0
4835;957154003;Tecnología;23.4;11.3;33;-2.5;5;63.0;18.3;2.78;77.6;79.2;6.5;0
4836;922231528;Transporte;7.5;7.2;36;0.4;5;56.8;22.8;1.71;61.9;73.4;2.9;1
4837;992044943;Comercio;27.3;7.7;59;9.1;3;57.3;29.8;3.84;55.7;56.4;0.2;1
4838;829283778;Comercio;8.5;3.1;16;6.4;4;68.1;22.0;3.5;55.2;48.5;1.2;1
4839;890300276;Servicios;10.1;4.5;60;2.5;7;62.7;25.3;1.5;91.2;72.4;0.3;1
4840;872070943;Servicios;25.9;25.4;47;-7.1;2;34.2;13.6;8.17;64.8;39.1;23.4;0
4841;818264385;Comercio;12.1;9.5;15;-6.9;3;65.1;21.0;3.42;68.1;58.4;29.4;0
4842;948385521;Servicios;6.5;6.5;17;6.0;7;65.0;17.1;3.63;36.0;47.0;12.8;0
4843;818704535;Servicios;4.7;3.9;8;14.5;4;55.0;19.7;2.84;92.4;78.6;5.9;0
4844;918922285;Servicios;6.0;4.8;137;14.2;6;54.5;14.2;2.73;62.2;64.4;8.6;0
4845;852991506;Comercio;10.4;8.7;12;-0.9;2;55.2;23.1;4.2;84.9;64.8;0.1;0
4846;987077969;Comercio;12.8;10.5;13;28.0;5;71.7;13.3;2.39;29.7;34.2;26.1;0
4847;971578646;Construcción;3.1;0.6;15;9.6;0;37.9;15.7;2.43;72.3;63.1;1.9;0
4848;888050706;Manufactura;4.2;1.4;11;-4.1;6;58.0;15.3;2.96;55.9;63.2;23.4;0
4849;910476404;Servicios;25.7;21.4;118;5.9;7;73.3;19.4;3.86;85.2;67.4;16.8;0
4850;851310482;Comercio;13.1;8.5;16;-9.5;5;57.9;18.4;2.24;35.2;40.7;8.3;1
4851;877042489;Manufactura;4.7;3.7;31;-11.9;4;64.8;37.0;5.38;47.2;47.2;6.6;1
4852;936537268;Servicios;16.0;9.6;75;2.7;6;72.1;9.6;3.58;40.1;45.0;14.0;0
4853;974997867;Comercio;4.3;2.8;24;10.4;5;46.9;6.8;2.9;87.2;62.2;1.5;1
4854;975663017;Construcción;8.1;6.2;28;7.2;1;48.6;14.6;6.29;78.3;82.4;1.2;0
4855;940520786;Comercio;8.7;2.4;10;4.8;3;62.2;7.5;1.72;40.6;15.4;5.7;1
4856;801456890;Comercio;10.1;7.6;175;6.7;7;76.6;14.3;5.63;79.3;71.7;6.3;0
4857;881947027;Servicios;2.8;1.7;14;4.6;8;71.7;26.4;4.62;84.0;74.1;6.6;1
4858;921299249;Servicios;21.9;13.6;21;20.8;8;78.6;14.3;2.38;89.7;71.7;18.8;0
4859;976535477;Servicios;11.7;3.9;13;4.1;3;63.0;6.6;1.85;67.4;66.8;4.6;0
4860;805586017;Construcción;9.4;7.1;29;-1.9;4;55.5;11.6;5.15;79.7;67.4;6.0;0
4861;887460421;Transporte;11.6;7.6;10;-11.9;5;82.0;10.9;3.15;54.9;60.3;6.9;0
4862;884909965;Manufactura;15.9;7.4;66;2.8;4;58.3;16.9;2.42;42.5;47.8;5.7;1
4863;853356299;Comercio;29.0;17.1;32;18.2;4;75.4;23.7;1.67;68.0;72.4;10.0;0
4864;921119658;Construcción;11.9;11.3;10;-7.7;2;54.4;28.4;6.65;52.4;72.6;33.3;1
4865;985630505;Servicios;16.8;3.4;18;1.2;3;60.2;17.4;2.26;53.0;49.9;20.8;1
4866;959467495;Servicios;43.0;33.8;29;9.3;5;72.1;19.0;4.34;30.9;27.9;1.7;0
4867;894433071;Manufactura;7.3;2.1;8;-4.1;5;70.0;15.6;3.3;50.0;48.9;4.1;1
4868;805334402;Servicios;4.5;1.6;11;23.9;5;62.1;13.4;4.83;80.3;75.3;18.2;0
4869;903980858;Manufactura;6.8;3.4;8;0.9;3;59.2;11.2;3.13;43.5;60.4;4.8;0
4870;925445741;Transporte;16.2;7.8;73;-1.3;6;62.6;28.9;4.23;75.9;75.7;18.6;1
4871;827585789;Servicios;8.0;7.8;30;0.4;4;78.1;13.8;3.18;16.4;54.6;1.2;0
4872;840937898;Servicios;3.7;0.9;52;-11.2;5;78.6;38.6;3.5;30.5;31.3;0.5;1
4873;890022866;Transporte;18.7;5.1;63;-9.3;5;67.2;16.4;1.82;77.0;75.3;0.2;0
4874;882461474;Comercio;6.6;5.4;29;13.0;6;65.2;7.9;2.48;74.2;74.2;3.0;0
4875;999254394;Comercio;11.3;8.2;13;10.0;5;59.0;18.3;4.84;32.7;48.3;9.7;0
4876;869339365;Tecnología;9.9;7.7;47;-16.2;4;71.5;1.6;3.52;67.7;53.2;7.9;0
4877;906522179;Servicios;13.9;10.9;16;9.1;6;90.0;8.8;3.19;77.3;59.9;6.9;0
4878;834556316;Transporte;10.3;6.9;46;-10.9;4;50.9;13.3;5.32;85.6;75.7;43.7;1
4879;985930017;Servicios;37.9;32.8;13;5.2;5;51.5;7.6;3.5;56.8;53.7;5.4;0
4880;906126193;Tecnología;7.2;5.5;34;2.0;7;83.3;8.5;2.84;37.4;54.5;11.4;0
4881;972609748;Servicios;6.5;1.6;21;8.1;4;74.3;8.8;2.4;65.6;59.4;1.6;0
4882;819477716;Manufactura;4.9;3.8;76;5.9;6;65.9;11.2;3.43;23.3;32.0;10.1;0
4883;873749096;Transporte;13.7;11.4;70;-14.5;5;61.0;23.2;4.98;74.5;84.1;1.5;0
4884;989593311;Manufactura;6.4;5.7;17;-10.9;5;48.9;8.2;3.52;51.3;76.4;11.2;0
4885;853379391;Servicios;7.9;4.4;26;8.5;5;90.3;23.5;2.56;81.3;71.7;10.2;0
4886;850427333;Comercio;7.9;6.6;15;2.9;4;80.8;31.4;2.29;61.4;46.6;0.9;0
4887;900207708;Servicios;7.0;2.8;33;-20.4;5;46.8;6.3;2.27;54.8;61.9;29.9;1
4888;917680291;Servicios;22.3;11.7;12;6.3;3;70.4;14.5;5.22;28.1;36.1;1.0;0
4889;903571593;Comercio;5.8;2.2;47;5.8;2;58.3;10.7;2.94;41.9;39.4;2.8;0
4890;964183220;Servicios;10.1;9.8;52;-5.6;6;76.5;19.7;3.08;36.0;52.8;3.1;0
4891;860755818;Comercio;9.8;9.1;32;-8.6;5;62.6;11.7;4.31;39.4;54.2;16.5;0
4892;845405371;Servicios;4.0;2.8;64;0.9;6;67.5;25.4;5.11;50.2;67.2;0.9;1
4893;865575463;Servicios;1.6;1.2;88;2.3;5;79.1;9.3;1.49;89.0;87.4;2.1;0
4894;968898417;Comercio;18.7;16.3;51;-1.3;7;88.8;2.3;1.72;76.0;76.6;23.2;0
4895;960096915;Servicios;10.8;3.3;25;1.7;4;60.2;11.7;3.2;68.5;88.8;1.1;0
4896;938513243;Comercio;8.4;2.1;31;13.6;3;50.4;40.8;3.2;81.8;74.1;9.8;1
4897;813763806;Comercio;10.7;8.1;9;-15.7;4;50.4;2.5;2.22;79.5;55.5;2.4;0
4898;900902012;Servicios;15.0;8.1;53;21.9;3;60.2;28.7;4.34;43.6;41.7;17.7;0
4899;899289354;Manufactura;6.2;1.9;58;9.5;7;67.2;34.8;6.59;59.3;51.4;0.9;0
4900;979580978;Servicios;2.4;2.3;26;-7.3;5;87.4;25.7;6.71;47.1;57.4;3.4;0
4901;968824669;Comercio;10.5;3.4;22;2.5;3;54.8;26.6;3.15;35.5;46.4;10.7;1
4902;813448811;Transporte;17.5;7.0;51;12.4;5;66.3;36.7;3.89;68.4;59.8;3.8;1
4903;996210726;Servicios;4.0;1.1;48;8.2;4;59.4;6.5;4.51;79.5;62.7;6.1;0
4904;888715319;Transporte;23.0;4.6;20;14.2;3;73.9;18.9;3.17;70.7;49.0;24.4;1
4905;856350150;Servicios;25.2;13.6;30;11.5;3;44.2;18.0;3.19;38.1;59.0;3.2;0
4906;820269663;Comercio;5.9;3.8;11;21.5;7;84.7;36.5;2.87;78.4;62.0;23.6;0
4907;909641566;Comercio;11.8;3.9;55;26.8;4;65.8;22.9;1.57;73.6;81.8;17.1;0
4908;843812375;Servicios;9.2;3.3;36;-4.0;7;71.2;11.5;4.81;79.2;69.4;1.0;0
4909;887299588;Servicios;4.8;1.7;79;-2.0;3;58.4;25.2;3.2;43.1;48.2;5.7;1
4910;924558354;Manufactura;19.1;7.6;65;9.0;5;75.8;20.6;2.26;22.9;21.7;13.7;0
4911;907002793;Manufactura;7.0;5.4;13;-12.5;5;71.6;25.9;3.67;82.0;89.7;1.1;0
4912;903978063;Construcción;4.9;1.3;10;-13.4;1;33.9;14.3;3.79;89.3;70.6;3.2;1
4913;935191141;Transporte;3.6;1.5;56;-8.1;8;75.8;22.2;2.69;59.0;54.1;15.0;1
4914;913679983;Comercio;7.4;7.1;19;22.1;5;38.9;10.5;4.3;77.8;97.0;6.7;1
4915;837788003;Servicios;5.2;3.8;11;9.6;4;64.6;9.5;2.32;51.4;45.3;45.6;0
4916;803838290;Manufactura;21.2;10.3;14;-9.3;5;62.4;14.7;5.15;62.6;60.4;12.6;1
4917;879827213;Manufactura;9.8;8.9;51;4.9;4;70.5;30.5;2.3;63.9;59.9;5.2;1
4918;852741558;Manufactura;12.6;11.8;33;1.7;8;82.7;15.0;7.86;46.1;54.4;20.4;0
4919;878498360;Servicios;15.8;15.3;5;10.5;2;52.1;19.8;2.1;48.5;42.7;3.5;0
4920;920038436;Comercio;22.7;22.0;5;17.1;5;79.7;33.0;6.47;60.7;77.8;5.1;0
4921;877153543;Manufactura;2.0;0.9;61;-8.8;5;70.3;16.5;2.44;33.5;42.4;46.6;1
4922;882974852;Servicios;19.6;16.8;5;22.8;5;65.8;17.4;5.94;25.7;42.4;1.1;0
4923;953060590;Comercio;11.2;3.1;25;2.9;9;78.7;5.1;2.87;52.3;62.6;1.1;0
4924;951418177;Construcción;19.7;9.8;58;18.8;5;66.3;17.8;2.2;62.3;69.7;1.9;0
4925;800647744;Servicios;15.2;6.1;5;-16.8;6;82.7;5.5;4.09;70.5;54.9;7.7;0
4926;881827518;Servicios;7.0;1.7;7;-1.7;3;60.2;8.9;1.91;85.4;66.2;2.6;1
4927;840820878;Servicios;7.4;1.6;19;20.1;3;52.8;24.2;2.91;78.3;55.8;2.8;0
4928;849942185;Manufactura;3.8;3.5;29;14.2;0;32.7;9.1;2.99;79.2;76.6;2.0;0
4929;980915101;Transporte;15.3;4.1;39;8.1;5;66.6;3.8;3.01;33.2;47.9;30.3;0
4930;889649992;Servicios;10.0;7.6;71;6.8;7;62.9;24.2;4.68;77.2;100.0;6.1;0
4931;981981424;Tecnología;22.6;12.8;11;18.5;5;61.0;2.0;4.74;33.6;45.0;8.3;0
4932;945116976;Servicios;10.0;4.5;19;16.7;6;67.1;24.3;2.49;69.3;55.8;4.5;0
4933;879089397;Comercio;19.0;8.4;27;6.7;4;52.8;19.0;3.12;37.9;31.5;2.4;1
4934;983497862;Comercio;6.9;3.7;31;3.8;5;72.3;13.6;1.91;29.7;50.0;23.3;1
4935;965804685;Comercio;9.0;4.8;15;-11.5;7;87.9;20.4;4.06;15.9;43.8;5.7;0
4936;938069828;Comercio;23.1;16.3;7;8.2;7;63.0;10.3;3.03;57.2;61.1;1.8;0
4937;919705577;Servicios;5.1;2.8;17;1.8;5;49.8;10.6;2.43;75.8;66.6;10.4;1
4938;904333665;Servicios;4.6;3.6;183;11.2;3;45.3;14.2;1.58;36.5;38.3;0.7;0
4939;828767482;Servicios;12.6;11.9;18;15.6;1;26.5;8.5;2.35;75.0;79.0;7.3;0
4940;887445369;Servicios;1.6;1.5;32;-6.9;8;88.8;27.4;3.38;54.7;53.6;4.4;0
4941;894073851;Transporte;7.8;4.1;32;7.6;5;57.1;10.6;2.92;85.4;68.3;3.0;0
4942;909722547;Comercio;4.7;2.1;22;11.1;4;47.6;18.8;4.7;22.6;50.7;5.0;1
4943;910091910;Servicios;10.9;3.7;17;22.1;3;46.8;16.4;3.46;43.1;51.2;8.7;0
4944;878456470;Comercio;4.3;1.3;38;-9.1;7;64.2;38.7;2.99;65.3;49.1;5.3;1
4945;909434903;Transporte;11.6;6.5;15;-2.7;8;73.0;22.0;2.96;73.5;78.8;3.6;0
4946;857853379;Construcción;12.0;9.5;11;18.9;4;57.1;17.1;2.44;91.4;75.5;10.5;0
4947;847637443;Comercio;19.3;13.2;60;8.4;8;88.8;19.8;3.28;53.4;63.4;1.3;0
4948;863370765;Tecnología;8.2;2.1;169;-8.4;5;66.0;7.7;4.32;53.9;49.1;3.1;0
4949;856019340;Transporte;8.5;2.7;5;9.9;4;61.8;13.9;6.17;79.9;74.8;0.3;0
4950;829672276;Comercio;6.2;2.6;14;-4.8;5;72.1;29.3;4.02;34.5;49.1;13.2;0
4951;891958373;Manufactura;4.2;1.1;23;4.2;5;62.5;12.0;3.92;64.1;58.3;0.3;0
4952;853815793;Manufactura;9.5;5.1;7;-5.2;5;74.2;8.1;3.53;78.9;64.3;6.7;0
4953;865323353;Manufactura;9.6;6.7;85;11.9;4;48.1;9.8;3.16;84.6;77.0;7.0;0
4954;961014699;Comercio;28.7;24.0;26;-7.8;4;64.3;34.0;2.97;35.9;46.4;3.4;0
4955;923483929;Servicios;3.8;3.4;21;9.3;3;42.4;6.2;4.05;57.0;66.6;0.3;0
4956;827809534;Servicios;21.4;13.0;25;2.2;1;56.6;3.1;5.01;85.5;74.9;4.6;0
4957;848463269;Comercio;14.5;12.0;61;-2.5;4;87.4;17.1;4.03;81.9;54.0;4.6;0
4958;892914627;Servicios;5.8;3.5;44;-7.5;5;54.5;2.4;1.99;65.0;79.4;5.4;1
4959;818810467;Transporte;6.6;3.2;56;-3.6;4;53.9;18.0;2.4;65.8;57.5;4.1;0
4960;845062029;Servicios;10.2;7.4;15;5.4;3;60.6;34.7;3.85;61.9;72.7;19.6;1
4961;981340081;Transporte;8.2;3.3;14;17.7;6;72.2;4.8;2.16;66.7;61.7;2.0;0
4962;964565681;Manufactura;11.3;2.6;25;8.1;3;57.5;13.5;2.56;60.1;48.6;5.0;1
4963;851482761;Construcción;16.7;11.6;26;9.9;8;70.4;23.1;2.72;85.2;80.1;2.3;0
4964;926890570;Manufactura;13.5;11.1;20;-8.9;0;33.1;19.1;5.77;82.9;75.4;9.0;1
4965;804514193;Servicios;17.6;4.2;77;13.6;8;68.3;24.0;7.12;18.4;23.2;1.4;0
4966;965606305;Manufactura;11.0;5.0;84;12.9;6;74.4;16.6;2.95;37.2;46.4;12.4;0
4967;923678706;Comercio;9.7;6.6;52;-2.2;3;54.4;5.2;3.41;59.7;70.6;4.9;1
4968;802149723;Manufactura;13.4;12.2;21;2.4;5;68.3;4.5;4.57;72.1;73.6;8.7;0
4969;973040853;Tecnología;4.5;1.2;32;-2.3;6;62.3;11.3;4.68;39.4;61.5;6.4;0
4970;879665971;Comercio;5.7;5.3;6;-4.4;0;59.2;20.3;2.67;73.4;56.1;4.6;1
4971;873716619;Comercio;9.7;7.5;10;12.8;4;59.4;40.7;2.39;92.1;74.4;15.7;1
4972;833086327;Manufactura;9.1;3.2;12;12.1;8;85.0;17.3;3.04;67.0;70.3;50.0;0
4973;882804872;Comercio;8.0;6.3;69;11.5;1;53.1;11.9;3.26;18.8;32.1;21.1;0
4974;851271691;Servicios;13.3;6.0;12;-16.6;6;61.4;20.5;3.02;23.9;43.3;4.1;1
4975;919707147;Servicios;5.6;4.3;6;7.4;6;83.1;27.5;2.63;49.0;39.0;9.3;0
4976;976776447;Servicios;5.1;1.6;12;0.7;6;78.6;16.4;4.06;80.6;60.1;7.0;0
4977;851957510;Manufactura;14.3;4.0;23;2.5;7;88.3;19.4;2.04;50.0;54.0;8.0;0
4978;880052104;Comercio;16.1;15.1;20;-3.5;0;38.2;4.6;5.01;19.5;44.1;1.0;0
4979;994933698;Comercio;5.5;4.4;10;14.3;4;57.2;9.6;2.41;37.8;38.8;50.0;1
4980;957693144;Servicios;9.8;9.6;47;-17.8;1;33.8;5.1;1.96;92.2;84.0;0.2;1
4981;981929959;Comercio;9.1;2.5;63;-21.7;5;56.3;6.6;6.49;52.4;71.0;1.1;0
4982;844179896;Comercio;9.3;5.3;13;-13.2;9;97.0;21.1;3.88;39.9;61.9;1.6;0
4983;870740245;Manufactura;17.7;15.7;20;22.1;2;72.1;2.5;4.4;43.5;37.1;0.8;0
4984;802872220;Servicios;6.2;1.4;63;2.8;7;53.9;19.4;3.89;95.5;84.5;42.8;1
4985;930164678;Comercio;10.6;8.0;90;4.6;9;84.1;12.5;2.53;33.8;52.2;1.9;0
4986;808123554;Servicios;25.0;14.5;13;24.0;4;64.6;17.7;2.75;44.3;57.3;9.5;0
4987;975038408;Transporte;4.0;1.0;16;17.8;4;66.7;21.2;4.55;44.9;67.7;0.2;0
4988;932393264;Servicios;6.3;3.9;28;-0.9;6;74.4;1.9;3.5;42.0;56.7;5.5;0
4989;962427133;Transporte;8.2;6.0;68;-11.1;3;75.6;15.0;3.34;80.9;74.6;3.3;0
4990;989539663;Comercio;10.3;9.2;14;-1.2;4;54.6;10.5;3.5;70.4;60.6;2.7;0
4991;956236185;Comercio;10.5;5.5;21;13.3;5;73.9;24.7;2.8;82.5;65.7;3.3;0
4992;845384971;Construcción;1.6;1.1;21;9.2;6;76.3;9.1;3.55;59.4;55.0;23.4;0
4993;892120689;Servicios;9.3;5.4;13;-1.5;4;73.7;9.9;3.94;59.5;61.0;6.4;0
4994;923678418;Manufactura;3.4;2.3;18;18.6;0;43.4;21.5;2.81;61.6;66.7;7.6;0
4995;967498228;Comercio;4.9;3.5;17;-10.5;4;72.1;22.5;2.99;82.3;70.2;1.6;0
4996;925383606;Servicios;12.5;3.6;35;-19.2;7;73.7;22.6;4.27;63.7;66.5;34.0;1
4997;812778166;Servicios;5.8;2.5;36;7.5;6;60.3;6.9;3.26;79.5;56.1;13.9;0
4998;819107807;Comercio;16.2;5.2;22;13.1;7;90.1;17.7;3.99;57.6;82.2;30.5;0
4999;952075813;Manufactura;5.6;3.1;182;24.4;3;53.1;18.3;2.94;70.7;56.1;18.9;0
5000;926016673;Servicios;2.8;1.2;37;-0.1;2;67.0;28.1;3.86;55.7;54.3;6.5;1
5001;953218449;Servicios;7.7;7.1;16;6.1;8;80.9;19.9;3.37;56.3;60.4;1.2;0
5002;830872844;Servicios;7.4;4.2;33;4.2;0;47.7;10.8;2.9;48.0;65.3;9.9;1
5003;880199003;Construcción;16.6;16.5;91;-8.1;4;57.2;1.5;4.35;43.8;55.2;7.5;0
5004;949519930;Servicios;4.0;2.9;26;7.4;5;61.8;6.4;1.36;38.5;40.5;18.5;0
5005;988160416;Servicios;13.6;3.3;47;6.3;2;69.1;13.0;4.45;57.5;65.0;1.0;0
5006;971632226;Comercio;11.7;5.8;29;-9.5;4;66.7;15.7;2.93;40.2;56.8;5.0;1
5007;904746780;Manufactura;3.9;1.2;28;16.7;6;75.8;26.1;3.53;17.8;31.5;16.8;1
5008;915740414;Servicios;14.4;4.3;45;-1.0;9;92.4;8.2;5.51;64.8;63.7;4.2;0
5009;929289250;Servicios;13.6;6.6;7;11.9;3;70.8;34.5;3.77;15.3;47.3;0.6;1
5010;855867583;Manufactura;4.9;3.2;42;7.4;4;82.6;7.3;2.81;81.0;66.8;9.7;0
5011;833985296;Tecnología;14.5;12.6;9;6.2;7;79.8;6.1;6.55;54.0;63.4;1.8;0
5012;878922890;Comercio;10.1;5.8;34;-21.0;0;36.1;31.8;3.77;42.1;73.8;16.3;1
5013;953635729;Servicios;50.0;12.1;101;4.0;6;82.1;17.4;3.03;7.9;36.6;10.2;0
5014;950744605;Servicios;6.9;3.0;201;-2.5;8;79.8;3.2;3.86;54.8;79.7;4.4;0
5015;881002530;Servicios;7.7;3.9;24;22.7;3;75.6;22.0;3.57;72.5;67.7;6.3;0
5016;863166439;Tecnología;11.4;5.6;38;0.6;4;61.3;32.7;4.02;25.6;41.4;6.7;1
5017;951519727;Servicios;37.4;27.7;57;20.7;6;75.9;21.9;3.53;56.7;65.9;0.7;0
5018;890896457;Comercio;4.5;3.0;19;3.1;2;56.1;6.1;4.43;55.8;66.1;31.7;1
5019;868212536;Servicios;3.0;1.6;57;18.1;4;54.3;13.2;3.6;61.2;47.9;32.6;0
5020;981590998;Tecnología;3.9;2.4;29;-7.5;4;60.6;11.1;4.52;66.2;69.3;0.9;1
5021;813474719;Servicios;26.0;25.9;154;6.7;5;63.4;14.6;2.17;41.8;47.2;3.7;0
5022;959835217;Comercio;4.1;1.6;20;9.5;6;71.7;7.5;3.41;76.2;48.7;19.9;0
5023;993461616;Transporte;13.6;4.9;14;-5.6;5;72.1;23.4;2.31;14.7;46.3;18.8;1
5024;809865341;Tecnología;14.7;5.5;7;29.5;2;55.4;4.2;4.31;53.5;40.3;28.2;0
5025;822667959;Tecnología;10.5;3.7;14;14.4;4;81.5;13.6;2.53;55.7;53.1;17.9;0
5026;845058678;Servicios;6.2;3.2;26;4.7;8;84.8;2.1;3.98;54.0;63.4;0.2;0
5027;909233784;Manufactura;8.8;3.4;24;-1.0;6;70.6;9.3;3.32;83.4;52.8;14.8;0
5028;872410184;Manufactura;6.3;4.5;7;-3.5;4;63.5;15.3;1.91;61.8;56.7;0.6;1
5029;836560369;Comercio;15.3;14.8;29;-7.8;2;54.8;6.1;3.57;52.9;63.6;19.6;0
5030;905962412;Comercio;11.9;4.8;12;-6.3;4;63.0;42.0;2.55;76.0;78.8;27.6;1
5031;958434851;Servicios;17.8;9.7;18;10.2;6;71.0;9.8;1.72;80.3;83.9;11.7;0
5032;853403547;Transporte;8.1;7.0;39;5.2;6;71.0;13.0;4.16;53.8;50.6;1.6;0
5033;891972168;Servicios;26.7;6.1;19;9.5;4;48.4;30.9;2.48;83.0;76.9;24.5;0
5034;871056996;Manufactura;30.7;30.3;5;-2.4;3;67.3;10.5;3.8;31.5;46.2;8.6;0
5035;936503113;Comercio;4.9;2.2;8;4.9;6;72.5;25.7;3.91;43.5;64.6;18.8;1
5036;810170309;Manufactura;9.8;6.5;40;11.5;3;73.9;5.9;2.91;86.9;59.3;12.4;0
5037;893965489;Manufactura;9.9;7.6;41;-17.1;5;63.6;5.3;3.16;66.2;74.0;1.2;0
5038;934582542;Servicios;10.8;10.0;9;13.7;4;65.1;22.0;4.18;34.8;44.4;25.3;0
5039;923212587;Servicios;10.6;8.6;40;5.0;6;61.1;13.3;3.11;57.7;60.4;13.1;1
5040;907202826;Servicios;3.0;1.8;10;-3.3;8;84.2;15.6;7.68;31.4;49.0;21.1;0
5041;912724332;Servicios;12.6;6.0;45;1.7;5;66.1;25.3;3.43;81.0;61.9;29.1;0
5042;978418772;Servicios;4.5;3.8;10;8.4;4;66.1;22.8;2.73;70.0;79.1;0.6;0
5043;950518094;Servicios;23.1;15.2;86;23.7;8;80.4;9.0;2.97;58.5;47.3;14.5;0
5044;905628258;Comercio;24.3;10.0;35;-11.1;5;66.1;37.0;3.29;64.4;79.5;2.7;1
5045;850585575;Servicios;41.7;15.5;9;12.4;6;73.9;9.6;4.4;21.1;62.3;0.3;0
5046;955435816;Construcción;5.8;3.3;19;1.9;5;61.7;12.7;2.87;86.1;81.0;9.4;0
5047;841162977;Servicios;12.4;11.9;37;21.0;4;57.4;20.1;2.03;52.6;59.0;25.2;0
5048;958328304;Manufactura;5.0;4.2;28;-5.7;2;56.7;25.3;3.41;37.3;56.6;5.4;1
5049;804393175;Comercio;17.2;12.2;19;-1.3;5;84.0;4.2;2.71;42.7;52.9;7.2;0
5050;863155129;Servicios;7.7;1.6;134;4.7;3;58.9;10.8;7.38;88.9;100.0;8.3;0
5051;813145826;Servicios;11.8;4.3;34;16.5;4;45.3;19.9;2.5;85.6;77.1;6.4;1
5052;817094652;Manufactura;15.5;8.2;20;-8.2;3;56.8;16.9;4.04;64.4;67.6;7.8;0
5053;924064738;Servicios;14.5;12.5;95;14.8;4;65.1;11.1;3.23;74.3;65.6;2.5;0
5054;909171722;Transporte;3.8;1.1;18;8.8;5;64.9;4.8;6.58;68.2;73.1;0.2;0
5055;858604292;Manufactura;11.9;6.1;6;8.8;3;47.6;11.3;3.59;64.9;79.0;1.4;1
5056;946344251;Comercio;9.5;4.3;17;4.3;2;56.4;26.6;4.41;39.6;55.5;0.9;1
5057;890316944;Construcción;27.9;10.1;42;-7.1;5;66.9;16.4;4.11;86.8;75.5;5.9;0
5058;995178670;Transporte;13.6;12.9;10;-4.7;8;73.4;14.6;3.97;81.8;79.3;32.3;0
5059;881165888;Comercio;13.4;6.5;37;-5.4;7;77.9;5.4;3.51;45.4;54.1;0.9;0
5060;823783751;Manufactura;12.5;5.7;86;-12.3;5;69.3;42.0;2.76;63.5;61.8;11.4;1
5061;927134936;Servicios;18.9;5.0;17;22.0;1;62.7;17.5;1.7;60.5;58.0;19.7;1
5062;862479264;Servicios;6.4;2.7;9;18.0;9;96.9;6.8;3.21;79.9;91.3;19.9;0
5063;876099538;Manufactura;11.2;10.1;15;24.2;1;51.9;9.1;5.1;60.2;34.9;3.8;0
5064;999482142;Tecnología;15.7;11.5;7;-6.9;5;83.0;29.4;4.62;34.1;49.9;1.2;1
5065;933061613;Servicios;36.8;24.9;65;22.2;3;50.8;15.7;2.88;39.6;33.9;1.0;0
5066;916681237;Servicios;18.1;14.8;79;-5.6;6;83.6;30.5;3.41;60.6;60.4;0.0;0
5067;856011862;Tecnología;12.4;5.7;46;-11.2;3;44.2;14.1;2.63;82.0;70.5;6.1;0
5068;850791579;Construcción;13.7;7.6;37;5.9;6;57.0;27.7;4.18;71.4;65.9;1.1;1
5069;867764519;Comercio;14.8;9.4;26;11.6;4;62.9;6.1;4.72;64.5;64.8;4.4;0
5070;869502175;Construcción;2.7;1.4;29;10.2;3;54.1;16.4;5.1;51.7;46.5;6.1;0
5071;992358258;Comercio;11.1;6.6;20;-1.3;5;55.1;12.7;3.07;55.4;59.0;15.5;0
5072;946601402;Tecnología;30.0;17.8;26;-2.7;4;49.7;41.4;4.44;24.9;34.7;20.7;0
5073;986356246;Servicios;19.6;10.1;9;7.1;4;50.0;5.0;3.37;78.8;81.2;11.2;0
5074;983258192;Transporte;15.5;5.1;9;10.0;1;43.5;20.1;3.71;74.6;69.9;9.9;1
5075;997967232;Servicios;28.6;8.8;101;-6.3;7;71.2;23.5;4.45;77.2;62.0;9.1;0
5076;981236795;Servicios;10.2;7.0;17;8.5;4;71.8;16.9;6.13;49.7;65.5;0.3;0
5077;876907158;Comercio;5.1;4.1;38;4.8;7;73.5;22.2;2.69;54.8;61.9;22.5;0
5078;978453447;Tecnología;7.2;4.9;58;1.0;6;68.9;8.8;2.13;34.3;39.2;3.1;0
5079;826032393;Comercio;6.5;2.1;7;-3.2;8;71.6;30.4;3.18;71.6;65.2;1.9;1
5080;811705029;Transporte;9.8;5.1;53;5.0;4;65.6;7.0;4.94;83.6;65.3;15.0;0
5081;920756432;Servicios;10.6;8.7;49;6.8;2;69.8;14.6;3.9;61.7;53.7;1.6;0
5082;870977097;Comercio;33.3;7.7;7;-12.5;7;72.6;34.2;3.78;67.8;45.9;1.3;0
5083;875261773;Transporte;7.2;4.0;83;-4.5;5;74.9;12.4;5.32;49.0;54.0;1.4;0
5084;887755856;Servicios;5.9;3.6;47;-11.6;7;80.3;16.0;3.15;8.7;35.0;20.6;1
5085;905293029;Servicios;2.3;2.3;9;-7.5;5;66.0;11.9;1.85;40.0;50.8;4.1;1
5086;803245132;Manufactura;18.2;9.8;20;-3.3;6;65.0;26.8;3.68;70.6;33.1;20.9;0
5087;836711723;Transporte;12.9;4.4;18;5.4;4;67.7;20.6;1.41;22.1;43.0;3.3;0
5088;939731233;Manufactura;6.4;4.4;46;7.9;5;83.8;29.2;2.61;42.9;43.3;7.4;0
5089;853389356;Comercio;33.8;12.1;52;1.6;3;58.4;8.7;2.98;82.0;82.2;20.2;0
5090;916111378;Servicios;6.7;6.3;12;1.1;3;55.8;4.4;3.28;35.3;51.7;8.4;0
5091;861565709;Manufactura;7.3;6.1;33;6.9;9;85.6;15.4;2.68;51.3;69.5;29.6;0
5092;816682866;Servicios;18.5;6.3;34;13.6;3;71.6;11.9;2.71;64.6;63.2;9.3;1
5093;905854195;Comercio;3.2;0.6;19;2.9;1;43.8;23.7;3.73;58.3;68.3;6.4;1
5094;848049874;Transporte;4.8;3.1;47;-8.2;8;78.8;17.3;4.33;19.9;27.4;2.4;0
5095;856096710;Comercio;23.4;20.1;14;-8.1;6;65.3;22.6;3.08;67.5;59.0;3.5;0
5096;900870386;Comercio;13.9;12.1;80;11.6;5;61.3;6.5;3.12;14.6;21.6;6.1;0
5097;807203640;Servicios;12.5;5.3;23;15.2;9;64.4;28.7;4.2;68.8;62.4;13.7;0
5098;835966276;Tecnología;9.8;4.7;18;-4.0;9;73.9;13.2;3.89;37.1;48.9;4.2;0
5099;876224938;Servicios;4.8;2.9;20;0.8;4;48.8;19.6;1.84;64.0;52.2;2.9;0
5100;931849720;Transporte;9.5;3.4;16;0.8;3;55.9;8.9;7.32;63.4;62.2;16.0;1
5101;874357631;Comercio;2.7;1.8;27;31.1;4;48.1;25.3;1.64;72.1;61.8;6.9;0
5102;805228634;Servicios;22.0;8.8;15;10.4;7;66.5;19.2;6.58;53.8;49.8;1.4;0
5103;820108759;Comercio;2.1;1.1;8;7.1;5;62.0;22.8;3.41;20.7;27.7;7.9;1
5104;943862648;Servicios;9.3;4.6;29;17.9;5;68.1;13.0;3.03;80.5;81.8;6.1;0
5105;855240377;Manufactura;16.5;13.9;7;16.8;5;67.3;18.0;1.62;82.0;63.1;3.2;0
5106;814506601;Comercio;9.9;3.7;25;-7.2;5;40.4;33.7;3.84;81.0;76.5;2.1;1
5107;952981275;Comercio;18.9;8.8;31;5.1;5;51.7;12.3;3.43;15.0;26.3;2.6;0
5108;923942856;Comercio;5.1;4.0;66;3.1;5;65.5;31.7;4.25;72.3;48.4;18.6;1
5109;823961884;Manufactura;8.2;2.3;10;3.4;7;87.5;17.7;4.56;37.0;15.8;3.9;0
5110;805940931;Construcción;4.5;2.8;83;-7.9;3;82.1;33.9;2.69;64.0;76.6;33.0;1
5111;940526835;Servicios;7.2;1.8;11;5.1;6;81.5;21.2;3.73;86.9;69.4;6.5;0
5112;859492996;Manufactura;6.0;5.2;22;-17.8;3;73.6;14.2;3.27;52.5;78.3;5.3;1
5113;838247604;Transporte;20.8;5.4;5;6.6;5;76.7;10.9;5.9;49.3;61.2;3.8;0
5114;998100540;Servicios;17.1;16.8;28;5.2;7;70.6;27.8;2.71;83.8;87.2;10.4;0
5115;837275173;Servicios;13.2;5.1;15;-9.9;5;65.9;9.3;2.42;76.5;72.9;17.3;1
5116;882753276;Transporte;4.9;2.6;100;2.8;8;72.9;9.3;2.79;83.0;70.8;4.8;0
5117;834176076;Transporte;9.4;5.4;50;11.5;5;59.2;10.7;2.7;43.3;39.5;0.7;0
5118;829058914;Servicios;7.1;6.5;16;12.3;1;44.9;10.9;2.59;85.3;86.5;13.0;0
5119;953986946;Servicios;5.0;3.6;23;2.2;1;54.2;10.2;2.03;86.0;65.4;0.2;1
5120;938667722;Comercio;28.5;6.8;30;-3.0;7;80.7;15.6;2.68;70.7;73.8;4.0;0
5121;983983626;Comercio;12.0;10.0;37;8.6;5;68.6;12.1;2.25;31.6;45.9;13.0;0
5122;909550652;Transporte;8.8;3.7;5;-4.8;2;26.4;29.5;6.44;68.8;69.0;20.2;1
5123;968732406;Servicios;12.6;3.4;35;16.1;0;57.8;5.3;6.41;54.0;67.9;12.0;0
5124;881259515;Manufactura;20.9;12.3;17;14.2;7;99.7;21.7;2.01;73.3;67.9;11.1;0
5125;835758966;Servicios;22.7;11.4;25;8.5;5;75.1;14.4;5.34;44.5;56.3;25.5;0
5126;869571042;Manufactura;5.9;5.7;30;8.2;4;72.9;20.0;4.41;44.1;70.4;10.8;0
5127;873797722;Servicios;7.3;7.0;27;-2.8;10;97.8;15.6;2.38;50.4;62.5;7.7;0
5128;863164411;Servicios;9.7;6.6;12;16.0;5;73.8;24.4;3.18;71.1;64.5;5.9;0
5129;908041696;Construcción;23.6;14.2;88;-15.0;2;53.1;12.7;6.35;79.1;69.8;20.9;0
5130;937016943;Comercio;10.6;3.9;11;2.8;7;90.6;14.9;9.49;69.5;57.5;0.1;0
5131;921646784;Manufactura;11.4;7.1;55;12.8;4;59.2;17.8;2.69;70.7;64.6;10.3;1
5132;901309018;Manufactura;12.0;4.5;159;2.4;1;41.0;4.2;4.2;92.5;76.9;0.1;0
5133;857437585;Comercio;8.9;6.6;87;4.6;5;73.9;17.1;3.89;42.2;48.4;31.1;1
5134;867903665;Servicios;11.6;5.0;13;11.4;5;59.0;16.1;3.86;68.7;62.9;26.5;0
5135;975579911;Servicios;9.2;3.7;47;9.0;7;83.3;28.7;6.9;53.3;81.8;0.4;0
5136;943936827;Servicios;7.3;6.3;16;17.6;6;84.1;19.0;2.96;86.2;67.9;26.7;0
5137;901022147;Manufactura;3.3;3.3;172;8.7;4;61.8;8.0;3.35;67.4;65.7;15.1;0
5138;853022955;Manufactura;4.2;1.5;29;21.2;4;70.3;37.4;2.93;56.1;58.7;11.9;1
5139;891327314;Servicios;23.1;9.0;33;-1.2;6;63.6;6.6;2.2;88.9;74.1;10.1;0
5140;972187437;Tecnología;13.2;6.7;190;19.4;4;64.5;19.4;3.81;78.3;91.7;5.9;0
5141;848989443;Manufactura;3.0;2.4;24;-3.9;5;58.4;22.3;3.01;47.5;40.6;24.3;1
5142;965196003;Construcción;6.4;2.5;8;4.3;5;64.9;23.8;3.22;59.7;59.3;0.1;1
5143;806489881;Servicios;27.8;16.7;97;16.6;4;62.8;31.2;1.81;77.2;80.8;6.6;0
5144;921577481;Construcción;10.8;5.8;14;-20.9;3;58.7;22.3;4.78;60.4;43.1;15.4;1
5145;944094188;Servicios;20.6;14.8;23;-7.5;4;54.4;12.5;3.87;63.1;78.9;50.0;0
5146;991705764;Comercio;4.2;1.9;16;15.1;5;51.0;12.9;3.95;70.6;73.5;3.4;0
5147;809053885;Construcción;8.1;3.5;16;23.7;8;92.3;3.6;3.68;31.0;43.6;2.2;0
5148;930571832;Comercio;10.5;7.4;28;-12.2;5;64.6;1.2;2.75;57.3;65.9;0.7;0
5149;865871719;Comercio;26.6;17.9;6;-5.1;4;59.1;19.6;2.77;13.0;53.1;5.0;0
5150;946919227;Servicios;9.7;7.1;74;6.1;8;90.7;6.5;2.55;60.6;63.8;5.8;0
5151;978751288;Servicios;18.3;17.3;67;-5.2;7;62.6;23.5;3.0;76.9;76.7;8.8;0
5152;819805039;Manufactura;22.4;7.4;8;13.5;4;48.2;22.7;1.65;94.3;80.7;2.4;0
5153;837537173;Manufactura;17.4;12.7;20;0.9;7;90.2;8.8;3.73;37.9;44.9;11.5;0
5154;912846544;Construcción;6.8;3.2;65;23.3;0;55.2;36.1;5.29;62.2;57.9;11.1;1
5155;997640894;Servicios;9.6;5.3;25;-3.1;4;60.0;27.3;6.57;82.3;64.1;9.1;1
5156;900988427;Manufactura;6.9;3.7;5;14.7;2;76.4;13.1;3.11;42.9;59.3;17.7;0
5157;904845306;Manufactura;2.6;0.6;66;-8.9;3;66.1;20.6;2.11;63.7;75.2;4.7;1
5158;865590761;Comercio;6.0;6.0;17;-13.2;5;80.7;19.1;2.58;66.7;70.1;4.8;0
5159;866802230;Transporte;37.4;14.5;88;9.8;0;24.2;16.5;2.74;75.8;58.6;9.1;0
5160;933325729;Servicios;9.8;8.7;32;21.4;2;63.5;18.1;3.35;50.1;46.9;7.2;1
5161;906717873;Manufactura;9.7;9.2;98;1.0;3;58.4;23.5;2.13;47.8;49.1;0.0;1
5162;879569723;Manufactura;13.3;5.0;77;17.3;5;71.9;7.1;7.32;51.5;61.3;5.7;0
5163;855579475;Servicios;8.4;2.5;166;-3.6;5;56.4;13.5;2.12;67.9;75.9;10.3;0
5164;887897368;Comercio;16.5;8.3;42;15.8;7;82.2;25.0;3.64;37.1;33.4;4.7;0
5165;918671917;Transporte;9.5;6.5;19;0.5;1;44.3;1.8;2.38;54.4;42.0;16.4;1
5166;811206558;Servicios;8.7;5.8;11;6.7;7;70.2;21.7;2.49;76.8;72.9;24.5;0
5167;843634155;Comercio;6.3;5.6;27;4.1;3;62.9;18.1;4.36;79.5;59.3;15.1;1
5168;980434814;Servicios;7.6;2.1;12;-8.1;6;65.2;3.0;3.73;80.4;77.2;29.2;0
5169;885797077;Servicios;18.0;14.9;80;16.4;3;56.9;9.6;3.35;50.8;54.5;4.4;0
5170;843882952;Servicios;11.9;4.9;35;0.2;4;72.4;38.5;4.02;38.5;34.5;1.2;0
5171;960628317;Servicios;7.7;2.7;21;-4.0;4;78.7;23.2;5.13;70.0;57.5;4.8;0
5172;939066985;Comercio;37.0;18.1;19;4.5;4;72.7;4.3;3.39;43.2;44.1;1.8;0
5173;902988234;Manufactura;8.6;6.4;42;0.8;7;58.3;17.4;4.64;57.9;77.3;0.2;0
5174;901135268;Manufactura;11.5;8.5;9;18.4;5;79.4;22.2;3.25;86.7;63.3;5.2;0
5175;971522405;Servicios;5.5;3.9;7;1.7;3;72.6;14.2;2.93;61.9;61.0;32.7;0
5176;983560185;Servicios;8.5;5.8;37;11.0;5;65.3;23.0;3.67;82.4;74.9;28.3;0
5177;815726778;Manufactura;15.1;14.3;14;-8.1;1;60.5;24.7;2.81;65.4;58.7;12.1;1
5178;908871986;Transporte;3.0;2.0;217;4.3;5;71.0;24.9;2.68;43.7;39.1;27.6;0
5179;826105680;Comercio;8.7;8.3;60;10.5;3;57.8;15.4;2.86;87.5;73.4;4.0;1
5180;873606856;Transporte;9.1;3.6;36;1.5;4;61.8;15.6;3.05;44.8;65.0;8.2;1
5181;956407913;Construcción;5.3;1.6;15;13.3;3;64.6;43.7;8.05;19.4;25.6;21.8;1
5182;896925826;Servicios;9.8;8.8;43;-2.3;4;74.4;10.3;3.11;78.5;57.5;13.1;0
5183;889130573;Servicios;11.0;7.6;46;-7.1;2;47.0;6.2;5.1;99.6;76.5;3.8;0
5184;896294050;Servicios;15.1;7.3;88;23.3;1;45.5;14.1;4.23;76.1;49.3;0.1;0
5185;980241617;Comercio;9.6;7.6;114;3.4;0;53.4;28.1;4.65;74.8;78.1;2.1;1
5186;853583965;Comercio;15.7;9.4;37;-13.1;5;81.5;22.4;2.14;56.4;53.1;19.4;0
5187;979478082;Transporte;8.5;2.0;5;-4.8;5;83.9;17.8;2.87;65.0;59.8;2.8;0
5188;854963014;Servicios;8.1;5.3;18;15.3;6;79.4;25.0;4.08;45.1;36.0;17.3;0
5189;981130197;Servicios;32.1;13.9;10;22.5;4;69.1;20.4;3.21;78.1;71.9;31.7;0
5190;866299635;Servicios;9.6;4.8;43;-4.8;4;53.6;6.8;4.23;52.8;59.7;7.7;0
5191;809476422;Transporte;4.1;2.5;5;-7.5;7;68.5;23.9;3.52;65.3;59.7;8.0;0
5192;945758941;Transporte;50.0;46.5;60;-9.2;4;47.5;9.1;2.19;52.6;66.2;4.9;0
5193;989423967;Tecnología;3.6;2.3;12;8.1;9;80.3;26.5;4.5;29.1;45.7;5.6;1
5194;866537222;Comercio;5.7;4.3;15;-2.0;4;52.4;21.6;1.44;25.9;53.6;1.8;1
5195;885944875;Comercio;7.3;5.2;6;-2.8;5;46.2;32.1;2.08;39.9;50.1;10.7;1
5196;910574099;Servicios;9.8;4.7;30;27.0;5;52.2;1.8;1.83;64.8;53.8;32.6;0
5197;932934342;Servicios;5.4;2.9;51;-14.6;7;77.9;25.9;4.21;85.4;70.8;15.3;1
5198;971444345;Comercio;16.5;15.5;56;-15.7;7;84.3;8.5;2.64;71.5;69.4;7.6;0
5199;986491798;Construcción;3.3;1.5;11;16.7;2;57.4;5.7;3.78;41.3;53.7;0.6;1
5200;875208333;Comercio;8.6;2.2;20;-5.2;7;65.7;44.5;4.12;58.0;51.8;5.7;0
5201;837217077;Comercio;7.0;2.9;52;5.5;1;29.8;8.2;5.69;57.6;54.6;8.1;0
5202;847069157;Comercio;18.8;13.0;7;9.6;5;49.1;16.2;3.1;99.0;85.0;4.4;0
5203;917697882;Construcción;21.6;11.5;15;18.0;5;57.7;18.6;2.27;70.3;75.7;19.0;0
5204;866813820;Servicios;8.2;6.7;54;1.6;5;87.7;30.4;3.41;70.3;69.3;16.9;0
5205;976809490;Servicios;12.5;11.2;19;12.3;6;62.5;38.8;4.58;55.6;63.5;6.5;1
5206;846622425;Construcción;13.0;7.1;17;16.4;5;62.9;17.4;2.33;40.7;47.5;3.6;0
5207;909644701;Comercio;17.9;4.1;56;-4.2;5;63.6;24.9;3.21;90.5;68.6;3.4;0
5208;807395751;Manufactura;7.4;1.9;41;-0.9;6;67.1;16.7;5.31;89.3;74.1;9.2;0
5209;827350335;Servicios;18.9;7.6;18;18.6;1;50.5;10.2;3.93;74.5;50.8;2.0;0
5210;808580583;Comercio;7.7;3.6;5;0.3;7;84.7;29.8;3.92;66.5;67.6;3.1;0
5211;817827128;Servicios;14.4;8.5;40;-0.9;5;66.8;8.8;2.35;60.3;75.8;5.6;0
5212;979668885;Servicios;32.8;15.3;76;5.6;3;71.1;15.5;1.81;61.0;84.5;10.7;0
5213;870553140;Comercio;1.2;0.3;8;-4.6;4;69.8;27.4;1.94;58.5;65.1;19.6;1
5214;929959493;Servicios;18.4;16.3;17;3.6;3;55.7;35.4;4.05;73.7;59.1;5.7;0
5215;888964553;Comercio;11.0;5.8;14;-1.3;7;59.4;24.8;4.59;13.2;33.8;4.9;1
5216;986958868;Servicios;32.6;11.1;6;21.6;4;65.1;20.0;2.32;56.7;49.4;4.6;0
5217;865011557;Tecnología;13.9;12.6;41;-2.8;6;74.2;19.7;3.09;21.6;19.8;5.9;1
5218;866664038;Transporte;8.0;5.3;57;3.6;1;54.7;13.2;1.65;82.0;86.4;8.9;1
5219;866874500;Comercio;5.9;5.3;5;-7.7;7;69.0;26.5;5.49;37.6;45.8;4.0;1
5220;817051493;Tecnología;16.4;12.5;123;3.8;3;59.9;16.6;1.68;44.7;47.7;9.1;1
5221;906155303;Tecnología;8.2;2.3;44;-12.7;5;70.3;32.0;3.57;92.1;74.4;11.3;1
5222;912365878;Comercio;5.2;1.9;16;-2.0;3;60.5;21.4;2.82;32.1;32.3;26.4;1
5223;861072810;Comercio;4.1;1.5;6;-2.4;1;61.0;5.4;4.89;72.9;58.2;16.2;1
5224;947585570;Servicios;31.2;11.0;36;19.4;7;78.0;5.9;3.19;65.7;60.0;24.4;0
5225;932535739;Tecnología;5.2;5.0;51;-0.6;6;67.7;16.8;1.58;31.1;35.4;19.8;0
5226;973239836;Servicios;12.5;7.7;21;2.1;3;44.6;12.5;4.28;89.5;80.6;24.9;0
5227;993373488;Transporte;4.2;2.9;28;9.3;9;94.7;6.7;4.26;43.9;64.6;8.0;0
5228;843675576;Servicios;3.7;2.3;14;-13.6;3;51.1;21.8;4.18;94.3;81.4;14.9;1
5229;902924373;Servicios;4.7;1.6;17;-8.2;5;74.7;27.7;1.7;95.2;77.9;7.8;1
5230;853128867;Servicios;29.6;6.7;57;10.5;5;71.3;18.2;2.42;12.8;28.4;6.6;0
5231;889252816;Tecnología;1.9;1.0;24;-2.3;7;82.7;17.2;2.53;86.5;100.0;6.2;0
5232;953495429;Construcción;3.5;3.2;47;-3.0;0;47.1;21.6;3.65;78.5;75.9;23.3;1
5233;956024766;Tecnología;4.9;2.7;42;-0.2;3;39.8;12.6;3.51;84.1;86.0;1.6;0
5234;860067766;Servicios;19.8;19.2;42;-7.4;3;58.8;17.0;3.1;49.8;66.0;23.8;0
5235;980235995;Comercio;6.8;3.4;54;3.8;4;75.8;38.1;4.08;17.5;39.7;0.3;1
5236;847436723;Construcción;50.0;24.7;45;3.5;5;74.5;2.4;3.77;83.8;73.0;29.9;0
5237;802999299;Comercio;6.2;1.7;54;-3.7;6;64.9;5.1;3.2;69.7;69.4;2.7;1
5238;956461106;Comercio;3.8;1.3;5;21.7;5;53.1;21.3;3.26;57.6;36.9;8.3;1
5239;993224125;Servicios;2.6;1.0;5;19.6;0;47.4;28.0;2.34;24.1;26.3;5.4;1
5240;909899582;Manufactura;8.7;8.1;20;12.4;2;65.9;4.1;4.01;80.1;67.2;2.0;0
5241;904557804;Servicios;9.7;5.2;16;-3.7;4;65.3;38.4;2.59;46.6;49.4;12.2;1
5242;987118451;Construcción;6.6;6.5;7;3.5;8;52.6;14.6;2.2;57.6;61.1;1.6;1
5243;984178403;Servicios;24.6;20.5;22;8.4;4;48.2;24.5;3.23;45.7;49.6;9.6;1
5244;828145123;Construcción;2.7;1.6;7;11.6;6;60.5;17.1;2.52;53.1;46.5;4.7;0
5245;863034797;Construcción;12.8;8.9;80;6.9;3;64.4;23.5;3.76;60.2;47.8;0.5;0
5246;846312363;Servicios;4.0;3.1;24;14.2;2;55.1;20.2;2.86;54.4;67.0;2.5;0
5247;832496595;Servicios;10.0;3.3;7;-8.4;7;73.0;19.8;4.6;34.1;28.3;15.7;1
5248;929853675;Servicios;7.5;3.6;108;6.5;1;59.9;12.6;4.7;64.2;61.3;7.2;1
5249;944368821;Servicios;8.2;1.9;49;18.5;6;81.3;19.1;2.21;91.6;68.7;0.3;0
5250;881255916;Comercio;10.5;2.4;13;-12.2;8;78.2;14.8;3.32;70.8;67.8;0.8;0
5251;921220187;Manufactura;34.4;30.0;12;19.9;8;81.2;3.4;3.22;57.6;76.9;2.5;0
5252;908969343;Comercio;22.3;13.3;134;5.0;2;47.2;15.1;2.97;95.4;90.3;1.6;0
5253;998145319;Servicios;13.4;10.5;11;1.0;7;71.7;15.6;3.06;75.0;72.6;1.3;0
5254;835824309;Comercio;13.3;12.1;19;4.9;1;58.9;13.2;3.43;51.8;53.0;5.0;0
5255;890033354;Servicios;9.3;7.3;19;-6.5;5;55.6;11.1;2.78;34.4;44.5;2.5;0
5256;989231271;Manufactura;18.3;4.6;22;7.4;6;72.6;12.0;3.47;32.1;34.1;0.6;0
5257;957157306;Servicios;2.4;1.6;29;9.6;3;75.0;8.0;3.48;72.1;52.3;10.2;0
5258;987947148;Construcción;3.7;3.6;16;3.9;4;61.8;15.5;2.13;71.1;54.1;2.0;0
5259;810458030;Manufactura;9.9;7.0;45;12.4;6;61.2;11.0;5.69;84.6;61.0;2.1;0
5260;823768911;Servicios;30.3;13.5;26;-6.4;3;66.8;25.3;2.18;55.2;52.6;3.9;0
5261;831075048;Servicios;1.4;1.1;14;5.0;6;83.4;17.3;3.44;79.4;75.1;1.4;0
5262;997487006;Tecnología;2.7;0.7;11;-0.1;4;73.4;19.4;2.25;78.5;71.4;1.2;0
5263;860234844;Manufactura;3.7;1.9;24;23.6;5;52.7;26.3;5.98;41.6;48.7;33.6;1
5264;829423641;Comercio;5.9;5.7;20;4.6;5;65.2;35.8;3.01;74.6;78.8;9.5;1
5265;871705333;Transporte;12.9;3.8;40;12.5;3;42.8;16.9;2.82;65.0;79.8;8.0;0
5266;947943705;Manufactura;15.7;7.7;32;-1.2;4;63.5;6.6;2.74;51.1;54.7;23.5;0
5267;853522212;Comercio;4.2;3.9;9;9.8;4;72.5;11.7;2.99;38.9;44.2;9.9;0
5268;970398007;Manufactura;8.3;4.5;8;5.8;5;58.5;23.2;3.49;37.3;42.5;18.7;1
5269;870543106;Comercio;11.9;6.5;14;8.9;4;85.7;19.1;2.71;42.2;41.0;31.6;1
5270;999037350;Servicios;6.2;2.3;114;23.2;3;56.9;15.8;2.83;16.4;33.6;18.0;0
5271;970643818;Transporte;6.3;4.0;29;-7.7;5;66.7;23.6;3.61;52.6;41.6;15.5;1
5272;876959428;Servicios;8.5;5.0;107;16.5;7;78.6;9.0;2.22;68.2;75.8;9.4;0
5273;959566557;Servicios;10.0;6.7;49;7.7;4;59.9;3.7;2.64;67.9;70.6;7.9;0
5274;968101261;Servicios;20.3;17.6;29;9.4;4;65.8;22.0;5.27;19.5;58.2;8.7;0
5275;831909361;Manufactura;6.0;1.6;33;-13.5;3;62.5;7.2;2.57;79.8;97.2;0.8;0
5276;932116600;Transporte;15.4;4.8;30;17.5;4;76.9;35.7;2.51;41.5;49.1;17.2;0
5277;961102757;Construcción;9.7;7.5;11;3.5;5;73.5;20.9;3.12;61.7;53.3;2.8;1
5278;948643031;Servicios;7.3;4.9;32;-1.5;4;49.6;23.5;3.59;52.4;58.0;14.2;1
5279;824108448;Tecnología;3.9;0.8;15;-8.3;5;69.1;10.6;2.36;71.4;64.5;2.3;1
5280;933372027;Comercio;8.0;6.5;59;-1.5;3;51.6;16.2;3.4;57.4;69.7;3.0;1
5281;991711170;Comercio;2.8;2.0;28;2.7;5;84.8;9.3;5.55;40.5;55.4;28.8;0
5282;834588654;Manufactura;22.6;6.4;36;13.5;4;63.3;7.8;3.28;83.1;72.9;5.9;0
5283;932335272;Construcción;11.3;3.9;46;15.7;4;56.3;25.5;2.31;82.3;86.4;1.0;0
5284;803222829;Comercio;13.0;2.9;5;5.3;4;51.4;28.7;2.38;71.2;77.7;29.4;1
5285;845817514;Transporte;11.8;8.2;50;20.2;2;43.2;24.3;2.2;35.3;37.3;31.1;1
5286;825668893;Manufactura;1.2;1.0;47;13.2;5;48.5;6.2;4.34;93.1;67.8;3.2;0
5287;979851538;Tecnología;5.7;3.5;80;1.8;6;72.6;5.3;2.37;56.0;64.5;24.1;0
5288;837895438;Servicios;7.3;3.6;81;-8.0;5;71.0;12.4;3.76;87.2;83.1;25.3;0
5289;955572523;Comercio;6.9;2.3;43;-9.2;7;60.6;39.6;3.77;51.0;35.7;9.2;1
5290;833187978;Servicios;47.2;41.5;20;9.4;7;78.5;28.3;1.93;66.1;52.9;6.1;0
5291;928007743;Construcción;3.4;2.7;41;19.5;6;62.0;5.1;3.68;82.1;87.4;17.6;0
5292;922928987;Transporte;11.4;5.3;7;0.9;5;45.1;21.5;1.88;47.5;55.1;4.8;1
5293;952189207;Comercio;5.8;4.0;72;-1.9;7;65.4;10.8;2.73;68.7;45.5;24.4;0
5294;821566065;Construcción;24.6;5.1;27;4.5;4;59.9;6.5;2.41;62.8;62.3;0.1;0
5295;913476703;Comercio;14.7;7.1;20;-14.1;5;45.0;24.2;6.27;65.8;75.0;5.5;1
5296;972764992;Construcción;19.2;13.2;32;5.3;4;61.3;7.3;5.17;69.0;78.1;9.2;0
5297;887840169;Comercio;12.7;2.8;16;7.1;2;40.8;17.4;3.73;73.3;55.8;4.6;0
5298;873149101;Servicios;12.2;3.0;27;-1.5;3;74.0;30.1;5.29;83.5;71.0;16.3;1
5299;941467840;Construcción;10.2;4.7;29;9.9;6;71.6;24.5;2.96;38.7;55.6;22.1;0
5300;860529303;Transporte;12.0;11.5;33;-6.3;6;81.3;5.1;5.01;87.6;75.4;13.4;0
5301;852069233;Comercio;11.2;9.2;18;20.5;3;59.0;9.5;2.87;44.7;58.2;14.1;0
5302;874142293;Servicios;10.2;6.4;36;-7.3;6;75.5;4.9;1.91;52.7;66.0;3.0;0
5303;920386432;Comercio;4.3;2.6;5;4.2;5;57.2;12.0;3.4;20.7;28.1;1.6;1
5304;916802672;Manufactura;6.1;1.3;16;1.0;6;74.8;8.1;3.86;6.4;41.7;28.7;0
5305;915732530;Manufactura;6.4;5.8;20;12.6;6;59.3;13.5;3.97;36.8;59.8;18.5;0
5306;890026055;Comercio;7.9;5.2;19;-3.4;6;74.8;15.4;3.25;83.2;87.1;10.7;0
5307;904466038;Comercio;6.2;2.7;98;14.5;6;75.6;17.4;4.55;88.5;88.3;8.0;0
5308;818923316;Comercio;29.2;17.4;84;-0.5;4;65.0;22.1;4.2;62.0;66.6;14.9;0
5309;803575609;Manufactura;6.7;3.5;6;6.6;3;59.5;26.0;2.67;46.7;52.0;4.1;1
5310;966360109;Manufactura;10.5;4.4;20;5.2;6;86.0;24.1;3.92;57.9;54.7;3.8;0
5311;983338937;Servicios;3.7;2.3;69;13.9;9;88.3;4.3;2.42;75.4;66.1;3.6;0
5312;988317328;Servicios;9.2;3.3;17;-14.8;4;69.5;5.8;3.58;76.1;59.3;3.4;0
5313;837053897;Transporte;10.8;8.0;14;-3.5;6;69.1;39.0;7.45;82.2;73.8;1.9;0
5314;924342018;Comercio;3.1;2.3;9;7.9;3;49.0;14.3;3.67;39.3;52.0;4.9;0
5315;968576942;Comercio;13.0;6.3;13;1.6;6;66.9;34.6;2.74;30.4;35.1;5.2;0
5316;954235938;Comercio;10.7;5.4;64;8.3;7;89.1;46.1;2.46;51.0;47.2;0.1;0
5317;921358302;Servicios;9.7;4.8;40;-13.0;5;70.0;11.4;2.31;67.1;74.5;0.9;0
5318;860497633;Servicios;6.2;3.0;12;2.0;5;68.8;17.9;3.01;77.3;61.7;14.9;0
5319;950359000;Tecnología;11.5;11.0;39;-18.8;5;80.6;9.4;4.33;52.8;43.1;1.7;0
5320;902470781;Comercio;8.2;2.0;10;1.8;7;78.7;17.3;3.45;55.3;64.4;1.7;0
5321;902373013;Servicios;3.2;3.0;21;9.2;6;75.3;5.5;3.12;41.6;56.1;18.1;0
5322;961845567;Servicios;5.7;4.8;79;2.6;9;82.8;13.1;2.08;86.5;66.7;0.9;0
5323;906619369;Transporte;16.3;14.1;34;-0.7;6;72.9;7.1;4.73;64.1;68.5;8.9;0
5324;978385045;Servicios;21.6;15.5;5;-8.3;3;63.7;28.4;6.72;73.3;79.0;2.2;1
5325;968132743;Manufactura;18.9;10.9;22;16.1;4;80.9;5.3;4.18;45.6;56.9;27.3;0
5326;827591440;Manufactura;7.3;5.5;24;2.6;5;69.7;15.4;2.22;13.5;31.1;4.1;1
5327;977543960;Transporte;9.7;5.8;19;2.7;7;75.6;19.4;2.9;89.0;84.7;17.4;0
5328;983969242;Servicios;50.0;46.8;41;9.2;3;46.4;6.6;4.02;86.5;70.3;1.5;0
5329;936297867;Tecnología;13.6;4.7;24;2.9;5;65.6;12.3;3.72;67.0;82.1;20.4;0
5330;810543242;Construcción;8.2;7.5;110;16.2;4;65.6;6.4;3.13;23.4;36.2;4.7;0
5331;811567847;Manufactura;6.1;5.9;21;-4.3;4;58.0;18.7;3.1;56.7;43.8;2.7;0
5332;851334754;Construcción;4.3;3.7;73;-4.7;4;55.2;11.6;2.92;66.4;68.2;15.5;1
5333;863495987;Tecnología;4.0;3.4;8;6.3;6;74.7;19.6;2.85;38.3;43.9;31.7;0
5334;893156154;Servicios;9.1;7.8;37;5.5;9;73.1;14.9;6.04;70.5;46.0;7.6;0
5335;950929492;Comercio;13.3;2.7;16;22.5;4;57.3;7.9;4.44;77.8;85.8;0.4;0
5336;827040405;Tecnología;4.1;2.6;35;-2.6;2;66.3;8.8;4.26;86.5;69.4;5.1;0
5337;872507599;Tecnología;16.9;9.0;34;-4.4;2;48.7;17.5;4.75;48.8;59.6;26.5;1
5338;975641087;Servicios;2.2;1.8;17;10.7;8;71.5;6.0;2.97;51.0;48.0;10.2;1
5339;879114221;Servicios;17.7;8.6;35;23.0;3;48.3;28.4;1.85;55.1;57.9;3.1;0
5340;875689030;Comercio;16.7;14.9;39;17.0;6;74.9;8.9;2.66;41.2;45.2;2.9;0
5341;826931692;Transporte;3.8;2.6;10;-5.5;5;73.0;40.0;4.2;65.1;73.2;22.1;1
5342;809563219;Servicios;10.3;7.8;5;-14.2;6;60.7;25.6;5.54;39.4;64.8;2.9;0
5343;966592940;Comercio;9.1;6.4;13;14.1;2;59.7;11.3;3.24;92.2;69.8;50.0;0
5344;982763797;Servicios;4.7;1.6;10;4.3;3;60.6;12.9;3.85;66.3;64.7;27.4;1
5345;822802349;Servicios;6.5;2.0;8;8.9;8;92.3;18.2;3.68;88.6;90.3;14.2;0
5346;845575479;Servicios;8.2;6.6;22;-1.3;3;44.8;17.4;2.83;26.8;22.4;13.9;1
5347;886046255;Servicios;15.9;12.6;42;-5.1;3;68.3;9.9;2.97;87.2;81.7;4.2;0
5348;845207423;Servicios;9.6;8.9;22;18.4;7;60.4;16.7;3.2;22.2;50.6;6.8;0
5349;961537058;Transporte;8.3;5.5;146;9.1;7;73.1;9.3;3.45;87.4;70.6;5.9;0
5350;984887539;Transporte;15.4;8.8;26;7.4;5;51.0;33.8;3.59;61.7;62.4;13.2;1
5351;909734585;Servicios;14.3;7.6;25;4.3;2;74.1;24.1;3.74;29.1;26.5;11.9;0
5352;882870889;Servicios;6.1;1.5;12;8.8;8;69.9;6.8;2.81;82.7;77.4;4.1;0
5353;885413554;Servicios;37.4;23.8;54;17.5;5;62.4;32.6;2.86;87.0;77.5;2.4;0
5354;983735413;Servicios;7.3;6.0;28;3.8;5;59.0;18.6;2.2;60.1;44.4;16.4;1
5355;839514604;Construcción;7.3;5.2;5;4.0;8;77.7;38.8;4.63;37.9;55.3;0.1;1
5356;965127235;Servicios;6.0;5.5;11;10.3;4;73.1;30.3;3.77;38.0;27.0;37.8;0
5357;906338595;Comercio;16.0;4.1;71;10.1;6;75.8;13.4;2.29;59.1;58.0;7.8;0
5358;829318508;Construcción;15.3;5.6;28;15.0;8;60.3;2.6;2.44;67.3;65.7;12.9;0
5359;937254236;Transporte;9.3;5.0;16;9.6;3;50.8;25.7;5.79;39.4;41.7;12.3;0
5360;958402920;Comercio;6.1;3.3;20;19.4;5;63.5;39.2;6.16;90.2;82.1;3.0;0
5361;936396703;Comercio;32.4;11.8;10;15.6;6;77.6;17.6;5.26;66.7;50.8;2.2;0
5362;988007144;Servicios;21.0;14.1;6;2.3;7;67.7;13.8;2.68;46.6;54.5;0.2;1
5363;846090566;Manufactura;10.1;8.3;14;21.6;9;74.5;23.6;1.85;39.4;41.5;24.3;0
5364;981866553;Comercio;8.8;3.4;80;3.1;5;56.1;6.8;4.7;53.5;48.4;9.8;0
5365;920008531;Comercio;2.3;2.0;64;0.9;5;76.9;11.5;4.99;91.7;79.0;3.6;0
5366;997377423;Servicios;3.3;3.0;159;9.6;1;48.1;7.1;2.82;73.9;75.4;20.9;0
5367;982946149;Servicios;7.3;2.4;46;15.5;4;84.2;11.9;2.14;76.5;83.0;33.4;0
5368;932333746;Transporte;2.5;0.8;74;7.9;6;86.0;9.9;2.92;17.6;45.5;2.2;0
5369;991336588;Comercio;8.3;6.9;9;1.3;4;58.8;19.7;4.73;57.8;68.9;18.9;1
5370;945451299;Transporte;3.3;1.7;22;13.6;2;43.2;19.5;3.41;30.8;30.9;15.9;1
5371;917268778;Transporte;8.3;6.6;37;-0.2;6;68.9;23.4;3.03;60.2;34.8;3.6;0
5372;892723378;Manufactura;25.7;20.2;25;8.4;4;53.6;11.7;4.98;51.1;56.3;4.4;0
5373;871947053;Servicios;4.7;1.5;9;21.3;7;94.6;0.6;2.68;40.6;43.2;1.7;0
5374;913584654;Comercio;6.6;4.6;32;2.7;2;54.2;36.3;3.4;94.8;83.3;8.7;1
5375;816551046;Servicios;8.1;3.3;5;16.0;3;30.7;42.9;2.37;64.7;72.2;2.7;1
5376;885362693;Manufactura;2.5;0.5;26;-3.9;5;74.2;12.6;3.28;79.9;70.9;16.8;0
5377;886371347;Manufactura;26.5;22.0;28;10.0;3;47.3;16.4;5.62;52.2;45.6;4.1;0
5378;948769229;Servicios;4.9;2.0;31;-17.1;1;58.8;7.8;3.89;30.8;33.4;0.2;1
5379;996222988;Tecnología;26.0;9.7;17;4.2;7;80.0;27.0;4.1;58.5;51.6;7.4;0
5380;882629360;Servicios;17.8;15.6;11;11.0;7;73.9;9.4;2.67;83.2;57.9;0.0;0
5381;900454573;Servicios;21.4;17.9;18;6.1;3;50.9;22.1;4.17;80.7;53.6;20.1;0
5382;902202212;Servicios;3.9;1.5;171;14.0;7;68.3;29.2;4.65;50.9;62.6;3.4;0
5383;966262987;Servicios;40.8;25.3;39;29.6;4;63.6;10.8;3.25;53.6;40.5;9.8;0
5384;809634802;Comercio;11.9;5.5;40;10.7;10;86.5;15.6;5.26;82.0;61.0;16.3;0
5385;927327124;Comercio;24.0;8.6;50;11.4;5;63.5;37.8;2.09;33.7;53.0;16.5;1
5386;956951636;Servicios;24.1;18.5;16;8.4;5;85.1;8.6;3.4;48.9;54.1;14.6;0
5387;890176349;Servicios;8.4;1.9;34;2.9;9;85.6;12.2;3.1;75.2;56.1;22.5;0
5388;962251989;Servicios;9.4;4.0;34;5.1;0;40.4;15.3;4.26;64.1;61.3;18.2;0
5389;834511263;Servicios;7.3;6.7;15;20.6;4;68.8;6.3;3.16;56.5;56.6;0.2;0
5390;948462906;Manufactura;11.9;7.3;25;-12.4;2;44.7;24.9;2.45;76.2;65.3;11.2;1
5391;955159587;Servicios;6.6;6.1;37;4.6;5;76.1;11.9;3.43;45.9;49.7;29.4;0
5392;902461996;Transporte;6.0;1.8;5;1.9;0;45.1;35.9;4.83;51.3;61.4;0.4;1
5393;841937584;Transporte;7.7;3.0;18;0.1;4;57.8;29.5;3.95;49.0;64.7;10.3;1
5394;879231047;Manufactura;11.4;2.9;38;-6.5;4;59.5;13.2;2.77;45.1;43.4;6.0;1
5395;870356827;Manufactura;7.4;2.8;25;2.6;5;60.5;16.5;2.79;58.9;75.4;7.9;1
5396;800406124;Manufactura;8.0;7.0;95;1.1;5;67.4;22.8;4.51;23.5;27.6;15.8;0
5397;952282085;Comercio;8.4;8.1;9;-3.6;5;65.0;8.0;7.28;74.4;49.9;5.6;0
5398;811270207;Manufactura;9.3;2.7;16;10.1;4;65.7;28.6;5.17;68.4;71.7;0.7;0
5399;841819099;Manufactura;3.4;1.8;24;-7.6;7;83.4;19.8;3.4;37.4;47.6;7.1;0
5400;966813036;Servicios;4.1;3.5;11;6.8;6;73.8;32.3;5.15;51.1;79.4;9.0;1
5401;884555697;Servicios;10.8;8.6;37;28.0;8;83.5;22.9;3.19;79.4;74.8;5.8;0
5402;941097431;Comercio;19.4;16.5;19;-3.1;7;69.7;38.6;2.91;19.7;27.2;1.0;1
5403;852724775;Comercio;4.6;4.3;19;-11.0;10;84.6;24.8;5.82;42.9;49.6;35.3;1
5404;984103143;Comercio;24.5;7.3;19;-3.6;1;38.4;24.6;2.77;91.2;81.3;3.5;1
5405;813572573;Manufactura;27.7;8.7;53;18.5;5;84.6;2.8;4.49;32.3;46.9;0.1;0
5406;866287553;Manufactura;7.5;4.9;44;-2.9;4;61.2;12.9;2.44;55.5;52.7;12.1;1
5407;811105433;Comercio;17.3;4.6;27;17.3;4;65.0;35.1;2.67;73.2;74.9;5.1;1
5408;920474996;Servicios;6.3;5.6;6;10.6;3;58.5;20.2;3.75;70.5;78.9;7.0;1
5409;869430092;Servicios;4.9;4.0;16;3.5;5;81.5;11.8;4.39;76.1;65.7;11.2;0
5410;907460260;Comercio;20.4;18.8;50;22.1;5;68.0;12.8;3.96;35.9;39.1;0.7;0
5411;995742289;Manufactura;19.3;13.9;22;14.8;4;61.4;11.8;2.53;82.2;72.8;9.6;0
5412;990166808;Servicios;4.4;4.0;34;-0.3;3;57.6;20.7;7.57;57.8;74.6;1.1;1
5413;870542954;Servicios;8.3;6.2;30;1.0;6;64.9;4.2;2.41;92.2;75.7;1.7;0
5414;951153301;Transporte;9.5;5.7;13;13.7;5;83.3;28.5;2.99;33.2;66.4;22.7;0
5415;918571103;Servicios;50.0;19.8;115;2.4;7;71.5;19.5;2.85;49.0;62.2;3.9;0
5416;827044069;Servicios;20.2;11.9;22;1.3;5;78.0;13.6;2.36;75.9;66.4;18.8;0
5417;834638411;Construcción;14.5;12.9;33;18.2;3;41.0;13.1;5.85;49.8;54.9;9.5;1
5418;987820325;Comercio;7.2;4.7;31;5.2;3;49.3;27.4;4.27;70.7;65.3;8.7;0
5419;993624215;Comercio;6.7;5.7;32;11.4;6;75.4;25.1;1.34;41.1;36.5;14.3;1
5420;942936480;Comercio;4.6;1.6;9;9.4;8;84.3;9.0;3.61;74.3;69.6;8.1;0
5421;888190757;Servicios;6.0;1.9;6;23.6;5;62.8;17.8;3.05;46.1;64.6;6.6;0
5422;872894213;Servicios;3.2;0.8;49;14.1;2;58.2;38.0;2.39;80.4;76.9;9.5;0
5423;942110216;Servicios;2.0;0.4;40;7.5;7;81.0;18.9;3.32;53.5;85.2;0.5;0
5424;892851546;Servicios;11.3;7.0;14;15.4;3;57.3;12.8;1.88;31.9;40.8;0.1;0
5425;931902541;Comercio;3.7;1.9;11;-2.2;3;54.7;28.9;4.31;28.7;37.0;13.2;1
5426;955938677;Transporte;8.7;4.4;18;-7.6;6;69.5;14.7;4.12;63.9;46.7;30.4;0
5427;828412358;Construcción;5.7;4.9;80;8.5;4;76.8;27.2;3.52;65.3;65.6;1.5;0
5428;818921084;Manufactura;5.7;1.7;14;-9.5;5;75.4;15.0;3.22;33.4;55.5;4.7;0
5429;812407494;Manufactura;13.6;12.0;24;13.2;9;100.0;9.9;2.29;61.4;77.6;7.4;0
5430;942408237;Servicios;50.0;23.9;18;2.3;0;37.8;11.8;3.23;38.4;49.9;8.8;1
5431;975255580;Servicios;10.1;5.8;135;4.5;3;42.5;17.0;2.89;37.6;53.8;10.4;0
5432;810669135;Comercio;7.0;3.5;5;-4.1;3;44.3;6.0;8.53;36.3;39.0;1.1;1
5433;858374479;Manufactura;8.7;2.4;51;15.2;5;58.5;8.5;2.9;75.9;79.2;3.7;0
5434;946818425;Manufactura;4.5;2.1;8;8.0;7;75.8;3.8;4.47;81.7;69.1;2.8;0
5435;886589271;Tecnología;8.9;7.0;13;21.6;5;77.0;27.3;2.77;39.1;47.3;25.4;0
5436;873903817;Servicios;5.0;1.7;224;15.4;3;42.5;7.4;3.96;59.6;66.5;16.7;0
5437;913416416;Manufactura;4.5;3.3;74;6.9;4;68.9;4.3;4.31;44.1;49.6;7.5;1
5438;981214829;Servicios;28.6;13.8;33;12.6;6;63.4;21.6;4.21;92.5;72.5;7.5;0
5439;860602138;Comercio;18.2;15.1;16;10.9;4;65.8;26.9;3.29;17.1;56.4;18.1;0
5440;979482056;Transporte;5.9;5.4;42;16.2;8;81.3;22.9;2.64;78.3;81.8;12.8;0
5441;800040365;Construcción;4.7;3.0;91;-0.1;7;79.7;12.1;2.47;84.9;66.5;8.7;0
5442;886338097;Transporte;4.5;3.8;19;3.2;3;47.5;12.5;5.44;22.9;44.9;50.0;1
5443;809368188;Servicios;3.2;2.7;10;0.5;5;65.6;29.5;4.25;56.3;66.4;18.4;1
5444;869014604;Servicios;5.5;2.9;43;12.1;8;89.5;32.1;9.27;32.3;48.1;24.6;0
5445;991321783;Comercio;22.6;15.8;45;-3.0;7;76.6;25.5;4.18;58.2;50.3;28.0;0
5446;855714547;Construcción;12.7;6.1;73;15.9;5;73.3;21.0;5.51;61.7;66.5;1.1;0
5447;878749418;Servicios;10.8;4.5;14;7.1;6;57.3;51.4;5.21;54.4;63.8;11.9;1
5448;838461065;Transporte;8.1;3.2;13;12.4;8;90.1;19.3;2.67;35.8;48.0;7.4;0
5449;995363533;Servicios;22.3;13.5;57;15.2;3;61.5;23.7;5.76;83.5;84.0;13.9;0
5450;974701148;Comercio;4.4;2.0;76;14.3;6;80.7;16.5;4.79;58.9;55.8;23.5;0
5451;996369706;Comercio;9.4;7.8;63;-3.8;5;62.0;16.9;5.0;84.6;69.8;42.5;1
5452;988060900;Comercio;4.8;4.5;81;30.2;6;61.4;31.6;3.31;84.1;66.6;7.6;0
5453;888186906;Servicios;33.0;28.9;91;3.8;4;65.5;23.5;3.66;42.1;51.9;10.3;0
5454;911549936;Comercio;17.0;15.5;118;10.7;4;61.6;14.7;4.8;41.3;56.9;0.3;0
5455;828785164;Manufactura;25.1;6.0;54;12.0;10;98.7;33.6;3.75;56.0;65.6;5.3;0
5456;933369576;Manufactura;4.8;2.4;10;2.6;5;70.3;9.3;2.33;64.4;66.5;34.9;0
5457;824616343;Construcción;5.2;4.9;28;6.0;2;65.0;33.0;5.26;48.3;58.5;7.2;1
5458;921917562;Tecnología;16.3;6.1;21;6.4;5;69.7;4.2;5.08;38.4;45.1;3.9;0
5459;998089396;Servicios;10.3;6.3;36;-11.4;1;36.7;32.3;4.41;76.9;68.7;2.1;1
5460;905372534;Transporte;12.9;11.8;33;-12.1;6;69.5;10.6;3.35;83.9;69.5;5.5;1
5461;912058277;Servicios;13.6;5.9;27;7.0;5;65.7;41.6;3.53;87.7;69.7;18.0;1
5462;963694263;Manufactura;7.9;4.6;18;9.6;7;72.2;8.3;3.6;45.8;54.1;0.9;0
5463;978596780;Comercio;7.4;4.9;44;5.9;4;59.8;24.8;5.28;84.8;78.8;18.7;0
5464;950900398;Comercio;5.6;5.4;8;-1.8;8;79.7;9.5;2.7;39.1;49.9;4.2;0
5465;850181883;Transporte;25.0;14.9;5;7.2;6;66.5;9.5;1.71;83.6;54.8;5.2;0
5466;841197046;Manufactura;8.1;1.7;51;5.7;5;67.0;27.2;4.65;54.3;58.1;11.0;1
5467;992627855;Servicios;12.7;8.6;39;-1.0;1;57.0;23.1;3.99;41.0;46.0;0.9;1
5468;865498243;Manufactura;8.4;7.2;31;-7.8;7;83.5;22.4;3.87;60.6;42.8;0.6;0
5469;897154732;Comercio;33.4;19.3;35;7.1;2;61.4;7.8;3.71;91.3;82.6;10.3;0
5470;856227936;Servicios;7.4;2.4;29;12.9;9;61.4;19.3;1.97;81.1;80.4;1.6;0
5471;821681230;Transporte;6.6;3.9;10;1.1;8;76.9;21.8;2.45;83.4;67.2;0.7;1
5472;815993645;Transporte;4.2;2.7;48;10.0;5;74.7;18.0;2.7;58.4;67.2;10.5;0
5473;861041610;Transporte;3.7;3.5;55;-3.5;7;76.6;16.7;4.89;60.3;61.3;11.9;0
5474;991095185;Servicios;6.7;2.7;17;13.8;4;62.7;12.7;2.96;62.2;69.3;16.1;0
5475;993710297;Comercio;15.5;3.2;51;-1.7;7;74.6;14.3;2.72;37.1;50.9;5.8;0
5476;923856856;Servicios;1.3;0.7;28;4.4;5;77.3;31.8;2.82;58.6;72.4;5.4;0
5477;913787701;Servicios;10.3;8.1;27;3.6;6;56.2;20.5;6.7;78.3;64.6;4.3;0
5478;913012585;Manufactura;3.9;3.6;15;10.0;3;36.4;7.2;1.29;40.3;57.7;17.0;1
5479;952282134;Manufactura;12.8;5.8;25;15.5;2;53.4;17.4;3.59;36.6;46.8;13.7;0
5480;943054588;Tecnología;2.1;1.5;54;-1.4;5;69.9;17.4;2.75;95.0;84.4;10.7;0
5481;825129546;Manufactura;5.3;3.5;11;-2.2;3;59.5;28.8;2.97;65.0;57.2;1.4;1
5482;912021112;Servicios;4.5;1.7;95;-1.4;8;89.8;26.0;2.59;53.9;54.6;3.0;0
5483;884122206;Servicios;14.2;14.0;7;0.2;0;41.1;5.4;2.55;26.0;35.5;20.0;0
5484;894796790;Comercio;3.5;1.7;16;21.1;5;62.9;27.9;2.85;61.7;69.7;14.6;0
5485;861959463;Comercio;7.1;5.1;24;2.8;6;54.4;24.0;3.93;58.4;54.5;7.7;0
5486;855273954;Servicios;24.1;13.9;69;11.5;7;78.6;5.4;5.07;88.3;64.9;1.7;0
5487;968041367;Servicios;12.0;3.1;68;-18.8;2;52.5;16.2;3.95;57.2;53.2;1.5;1
5488;809309650;Construcción;12.7;5.1;15;-0.2;4;53.1;30.7;6.32;75.6;76.3;0.4;1
5489;913081477;Manufactura;6.5;3.8;28;9.0;6;76.7;24.3;2.14;92.2;85.8;30.2;0
5490;897646821;Servicios;3.6;3.3;9;24.5;6;85.4;39.4;3.5;45.1;51.4;2.0;0
5491;943286038;Servicios;3.7;3.0;6;-13.1;6;71.1;26.2;3.91;18.8;33.8;5.0;1
5492;876880764;Comercio;16.6;8.0;25;7.2;3;55.3;13.8;3.46;40.8;42.8;14.4;1
5493;847397752;Manufactura;26.6;15.9;31;7.4;10;87.4;13.1;2.99;36.3;54.2;50.0;0
5494;973312503;Comercio;10.1;5.3;70;-3.9;2;57.2;28.0;3.15;58.6;51.6;1.8;1
5495;901982942;Servicios;9.9;5.2;30;2.0;8;84.1;2.6;3.07;58.0;50.2;1.3;0
5496;907502376;Servicios;20.9;13.8;33;-20.3;7;81.3;35.8;2.72;18.0;48.1;1.4;0
5497;808534093;Comercio;3.4;3.3;23;-6.2;4;66.1;21.9;1.73;34.6;35.3;2.8;0
5498;853704916;Manufactura;23.4;11.7;42;-0.8;10;84.5;20.5;3.64;37.8;51.5;6.6;1
5499;864789065;Transporte;4.5;1.3;37;0.7;7;83.4;7.0;4.55;54.9;59.9;4.6;0
5500;865632253;Servicios;4.0;3.0;59;1.5;8;63.0;3.9;9.51;30.5;27.5;21.0;0
5501;843233997;Servicios;17.2;16.4;12;9.6;5;57.3;14.6;2.14;91.8;83.7;19.0;0
5502;852307607;Transporte;11.1;10.1;110;19.0;5;75.1;29.6;2.38;49.5;56.2;8.9;0
5503;813020167;Servicios;7.7;3.7;12;6.0;8;80.3;10.2;3.31;50.0;64.1;7.0;0
5504;972999134;Comercio;8.7;3.1;7;17.6;4;58.4;9.1;2.81;36.1;34.8;1.0;0
5505;907999483;Comercio;9.4;8.6;59;-2.8;7;67.1;37.8;1.56;70.6;63.5;11.6;1
5506;832825706;Manufactura;39.3;14.0;14;4.2;3;59.5;9.4;4.5;71.4;66.9;19.1;0
5507;889030338;Servicios;11.1;2.8;26;19.4;2;55.0;9.8;3.26;89.1;74.8;13.8;0
5508;911277322;Manufactura;9.0;8.5;129;15.0;4;65.3;15.8;3.47;67.6;68.3;0.7;0
5509;899445362;Servicios;7.2;2.8;87;0.9;3;62.9;22.5;4.4;61.7;61.7;12.4;0
5510;838565334;Comercio;2.4;1.4;5;16.7;9;76.0;10.1;1.79;20.8;46.9;9.3;0
5511;855712463;Manufactura;5.0;2.5;50;2.3;4;65.0;2.5;5.02;94.3;81.3;16.3;0
5512;999385807;Manufactura;9.2;3.2;5;1.6;2;71.8;6.5;2.45;58.8;55.3;6.4;0
5513;987332161;Manufactura;40.3;28.9;54;3.4;7;65.4;6.8;5.01;58.1;70.8;1.8;0
5514;828393321;Servicios;9.1;7.5;54;8.5;4;57.7;27.6;3.76;72.4;68.9;25.0;1
5515;832131506;Comercio;12.9;4.1;35;26.2;6;70.1;23.9;2.08;66.7;66.5;9.6;0
5516;877994850;Comercio;12.3;9.0;16;-4.3;4;61.5;10.2;5.19;46.5;42.9;0.7;0
5517;874207732;Servicios;20.4;8.9;9;-3.4;1;38.8;15.0;3.77;54.6;75.9;1.0;1
5518;903315884;Comercio;4.6;2.3;10;15.8;7;78.8;33.7;2.59;41.7;48.6;0.7;1
5519;891346704;Construcción;10.8;10.4;24;-10.9;2;50.5;10.8;2.4;60.3;65.0;7.8;1
5520;868072286;Servicios;13.8;8.2;148;26.7;4;61.2;18.4;3.03;39.0;50.1;26.7;0
5521;801983300;Manufactura;34.2;33.8;152;-14.6;5;57.2;17.2;4.75;62.7;66.2;16.2;0
5522;918747201;Comercio;5.2;1.2;31;6.5;3;58.9;18.9;1.98;58.3;64.8;5.0;0
5523;880952028;Servicios;2.8;1.1;39;2.7;2;58.2;20.8;5.27;45.0;62.8;16.6;1
5524;822210266;Comercio;5.5;4.9;41;21.5;3;48.6;14.4;2.58;52.7;41.3;11.5;1
5525;896512045;Servicios;11.3;7.1;17;10.3;2;76.2;12.7;3.09;79.6;70.8;26.1;0
5526;880359596;Tecnología;20.5;13.8;28;1.4;5;79.2;8.7;2.67;81.7;72.9;0.2;0
5527;979193854;Comercio;5.7;1.3;40;5.9;6;76.7;8.5;3.36;28.1;26.6;0.7;0
5528;925042807;Servicios;5.9;3.7;26;-4.8;4;62.0;32.4;4.56;51.4;70.0;6.8;1
5529;810413064;Manufactura;3.7;1.1;63;11.4;5;58.7;17.2;3.39;91.5;84.2;1.2;0
5530;924068137;Servicios;31.6;17.8;8;24.6;5;55.8;11.1;11.36;44.9;40.4;32.0;0
5531;857451770;Tecnología;7.9;5.2;28;-2.2;5;52.3;18.5;7.5;61.4;68.5;8.4;1
5532;904526548;Comercio;19.3;7.4;15;-10.2;2;39.4;8.6;6.06;80.7;60.5;13.0;1
5533;842086042;Comercio;31.5;28.1;8;22.8;6;74.0;30.5;3.04;52.6;52.0;2.5;0
5534;829086512;Comercio;13.9;12.7;5;37.4;9;91.5;17.5;2.8;83.6;77.4;0.2;0
5535;856210396;Comercio;9.1;7.6;16;14.9;3;58.5;50.4;4.5;50.9;54.7;3.6;1
5536;893645634;Servicios;2.2;1.0;16;20.9;1;43.7;26.3;2.72;13.5;31.0;11.6;1
5537;892670878;Servicios;5.1;1.6;5;-9.2;2;60.7;22.4;5.72;90.9;73.2;31.5;1
5538;979144423;Tecnología;1.4;1.3;10;4.5;3;56.5;41.0;3.01;52.8;56.4;27.6;1
5539;977311111;Servicios;11.5;7.7;16;14.5;9;80.2;25.7;5.11;73.9;65.3;5.3;0
5540;884131012;Construcción;15.8;7.6;30;-7.8;5;63.9;8.7;2.83;83.8;85.9;12.8;0
5541;973396024;Comercio;8.2;3.9;163;8.8;9;94.8;32.0;5.71;54.4;54.7;3.7;0
5542;926625069;Servicios;34.8;26.9;9;12.0;6;64.6;36.5;5.07;85.6;92.6;5.0;0
5543;808121896;Manufactura;11.9;5.7;15;-2.9;5;71.3;19.0;3.33;90.8;65.2;4.1;0
5544;922736725;Construcción;4.2;2.6;41;15.7;3;70.0;33.0;4.28;80.0;54.8;0.6;0
5545;867471638;Servicios;2.7;0.7;14;10.2;6;79.2;4.4;3.53;47.7;46.5;3.7;0
5546;895469482;Manufactura;14.3;5.2;140;26.2;2;59.8;7.7;3.4;36.1;37.3;23.3;0
5547;917384574;Comercio;7.4;5.9;83;-6.6;3;58.0;12.6;4.32;74.5;54.8;1.7;0
5548;848957846;Comercio;7.4;6.6;17;5.4;5;68.7;19.2;2.91;84.4;81.1;6.4;0
5549;920571916;Comercio;18.1;8.9;12;-13.7;7;87.8;32.8;2.6;19.1;36.9;1.9;0
5550;856816495;Comercio;3.7;2.4;18;-4.6;4;60.5;7.3;2.73;35.5;44.5;0.3;0
5551;912291865;Construcción;13.0;3.3;5;20.9;8;69.9;39.1;6.97;68.2;76.8;2.4;0
5552;970780859;Transporte;8.5;7.7;69;6.8;3;54.5;21.0;5.48;62.7;64.9;20.6;1
5553;853755481;Manufactura;17.4;6.9;68;-12.5;3;70.3;37.9;1.8;45.9;41.0;1.5;1
5554;990782958;Manufactura;5.6;3.6;66;5.4;2;67.7;0.8;7.86;59.1;53.5;26.7;0
5555;862852163;Servicios;5.0;3.2;15;3.6;5;79.3;35.5;3.11;13.5;29.2;20.8;1
5556;884123753;Servicios;4.4;1.1;13;14.9;6;79.5;25.4;10.07;48.8;36.3;16.6;0
5557;951097252;Comercio;3.6;0.9;52;4.9;5;74.1;4.3;2.5;35.1;34.9;9.1;0
5558;849302001;Servicios;9.2;8.5;6;16.1;6;89.5;8.7;3.94;23.8;20.6;4.1;0
5559;888185480;Servicios;5.1;3.8;14;-1.5;6;57.6;36.3;3.5;77.6;80.0;11.9;1
5560;983622917;Servicios;20.4;16.8;18;0.1;8;78.5;6.1;4.12;51.2;70.9;45.7;0
5561;844893309;Construcción;14.6;7.3;43;20.6;5;65.9;41.4;4.41;89.4;82.8;6.6;0
5562;989535750;Transporte;19.2;17.5;22;4.3;1;44.4;41.4;4.04;31.0;50.5;3.7;1
5563;911008989;Comercio;12.1;6.2;22;13.6;5;78.3;32.1;5.82;61.8;46.8;7.1;0
5564;931127158;Comercio;10.4;4.3;29;4.1;1;41.3;18.8;4.65;80.6;71.3;3.3;0
5565;883111840;Servicios;7.7;2.5;67;19.1;4;73.3;7.9;4.08;59.8;55.7;50.0;0
5566;925063558;Manufactura;8.4;6.8;16;6.7;7;65.3;2.8;2.65;88.6;95.5;21.7;0
5567;851486400;Servicios;2.0;0.6;29;16.3;3;53.1;27.9;3.33;65.9;62.9;11.7;0
5568;821909799;Manufactura;11.0;3.8;41;2.4;5;72.3;19.0;3.84;56.8;70.3;22.4;0
5569;806601575;Manufactura;8.5;2.0;66;-0.4;2;61.1;1.0;3.81;68.8;61.4;3.1;0
5570;987177517;Servicios;7.3;7.2;83;14.2;7;71.3;4.1;3.13;82.4;64.8;1.8;0
5571;960164281;Servicios;7.4;4.7;10;-1.9;6;63.1;9.4;3.75;62.1;41.1;1.5;0
5572;873013206;Manufactura;3.9;2.1;14;5.6;1;53.9;15.1;2.03;65.5;68.1;3.8;1
5573;823498599;Construcción;9.3;3.1;22;28.4;0;44.2;8.8;3.46;59.6;43.7;5.1;0
5574;808570903;Comercio;5.3;1.4;108;17.9;5;52.9;25.6;2.63;34.8;48.3;0.5;1
5575;839136858;Servicios;13.1;12.6;24;-14.9;5;79.3;14.2;3.97;41.9;45.2;16.6;0
5576;991986791;Comercio;5.6;1.9;8;-0.4;2;57.7;21.9;3.44;30.0;41.2;8.7;1
5577;949457594;Comercio;21.5;5.3;14;0.6;5;60.3;10.0;2.63;33.7;53.9;17.9;0
5578;804305926;Servicios;5.9;5.8;9;-3.2;5;58.2;19.4;2.98;94.2;91.6;5.2;0
5579;837508266;Comercio;8.4;7.9;43;18.9;5;67.8;9.7;2.6;70.4;57.7;25.6;0
5580;907801744;Servicios;8.7;5.1;11;7.2;7;63.7;15.7;4.27;31.7;47.8;0.6;0
5581;843518365;Transporte;23.0;12.7;5;4.4;6;78.4;2.1;3.17;57.8;57.6;12.4;0
5582;895102050;Servicios;4.6;2.4;5;20.5;4;59.2;21.5;4.62;87.4;74.6;0.5;0
5583;830192504;Comercio;5.1;4.0;28;24.0;3;63.5;13.4;2.18;37.4;53.4;11.1;0
5584;990963866;Manufactura;12.0;7.9;71;-10.6;7;70.1;2.9;4.75;62.1;61.1;22.5;0
5585;898141161;Construcción;34.2;12.3;32;10.9;5;70.7;8.7;2.28;72.1;73.8;3.9;0
5586;963056399;Servicios;6.3;5.8;12;6.1;3;44.8;18.7;2.96;71.7;59.5;12.7;1
5587;931611657;Servicios;20.4;11.2;21;12.0;5;59.8;18.0;3.9;49.9;62.6;17.2;0
5588;910115556;Construcción;5.7;2.5;5;8.3;0;29.6;15.9;4.41;84.6;80.3;34.6;0
5589;970138791;Manufactura;21.0;16.2;6;-5.4;6;64.1;47.7;1.9;46.1;57.1;3.9;1
5590;814000640;Servicios;9.4;3.1;34;2.1;4;55.6;4.8;3.24;71.0;86.1;1.4;0
5591;949750249;Servicios;14.6;8.0;7;-10.5;8;79.5;14.8;2.63;85.5;72.8;9.6;0
5592;943681722;Comercio;39.8;21.7;5;15.5;6;59.1;11.3;3.61;52.2;37.1;12.1;0
5593;858152929;Construcción;12.7;8.0;8;5.0;4;65.2;14.1;1.86;76.7;82.4;14.3;0
5594;957279540;Manufactura;8.2;7.4;89;8.8;2;53.3;7.2;5.09;14.8;36.5;19.3;0
5595;848351728;Tecnología;3.0;1.2;5;16.1;3;67.9;7.7;3.96;67.1;59.0;11.2;0
5596;917950255;Transporte;5.7;2.2;190;-0.9;2;39.1;3.7;3.57;59.5;70.6;14.3;1
5597;947036524;Comercio;17.3;7.7;37;-9.3;5;71.1;13.1;2.27;34.7;42.3;15.6;0
5598;813687463;Servicios;18.6;13.3;32;13.0;2;66.9;10.2;7.08;50.0;58.9;5.9;0
5599;909992821;Manufactura;5.4;3.9;33;1.9;4;76.1;18.6;3.0;48.4;52.3;3.2;0
5600;813942659;Servicios;16.5;10.2;44;0.7;6;73.8;31.9;3.98;65.1;61.7;18.2;1
5601;828537402;Manufactura;9.9;3.3;30;2.0;7;98.0;18.3;2.15;30.4;65.4;2.5;0
5602;996287394;Servicios;3.8;0.8;23;-4.1;5;69.6;17.6;2.25;58.3;60.3;20.8;1
5603;961945726;Transporte;7.7;1.7;40;-11.7;1;55.5;5.0;2.41;50.1;59.7;0.4;1
5604;846702965;Construcción;6.3;4.2;15;-1.5;9;90.7;7.2;4.02;65.5;53.3;2.0;0
5605;946650153;Comercio;4.2;4.0;9;4.0;4;55.4;8.9;2.74;90.7;91.6;17.1;0
5606;816642546;Comercio;5.7;2.4;12;8.6;5;59.4;12.0;2.93;85.5;78.8;4.4;0
5607;907035778;Manufactura;10.3;9.7;89;5.4;8;87.6;10.7;2.42;66.5;68.1;10.3;0
5608;937055896;Servicios;2.1;1.9;20;7.1;3;51.5;19.7;2.54;49.8;57.7;17.0;1
5609;893934034;Manufactura;4.0;3.0;23;3.3;7;78.0;21.3;4.17;63.7;66.8;2.7;0
5610;927742502;Servicios;3.0;1.3;88;16.6;7;86.2;11.5;2.72;85.4;74.5;3.4;0
5611;904581867;Servicios;12.7;11.4;6;17.8;5;79.3;10.6;3.12;76.2;60.4;0.2;0
5612;858473447;Servicios;35.9;35.6;28;12.1;6;91.4;13.0;1.43;54.7;49.9;0.8;0
5613;920574947;Comercio;4.6;4.3;11;-10.9;6;58.6;33.2;5.52;67.8;58.3;10.4;1
5614;837460936;Servicios;10.2;9.6;40;4.2;6;64.8;14.4;1.85;68.4;71.7;9.2;0
5615;931218769;Transporte;7.5;2.4;18;1.4;5;59.3;4.1;1.69;95.9;78.9;16.0;0
5616;914352241;Construcción;4.8;1.1;7;-4.9;7;77.6;21.4;2.76;77.8;78.0;0.4;0
5617;854755781;Servicios;5.0;2.9;191;0.3;4;72.2;6.3;4.98;84.3;64.8;7.7;0
5618;813578333;Construcción;3.7;0.9;10;3.2;6;61.2;12.6;3.66;81.2;69.4;2.7;0
5619;800039134;Manufactura;1.7;1.6;5;3.9;5;71.2;2.1;2.41;91.3;70.2;7.9;0
5620;947491802;Transporte;18.6;12.8;13;14.2;4;47.4;12.5;2.71;32.3;46.0;13.4;0
5621;857402834;Servicios;11.8;4.2;43;0.3;5;82.5;20.5;5.92;38.5;47.8;0.5;0
5622;996020675;Tecnología;2.2;1.9;52;8.0;0;52.0;4.7;3.18;75.3;85.9;6.0;1
5623;980633183;Transporte;5.4;3.0;57;-5.0;3;58.2;22.9;5.53;15.5;51.0;6.8;1
5624;969270556;Servicios;10.5;3.2;169;-2.7;7;80.6;11.7;3.6;53.7;46.1;1.8;0
5625;958215955;Tecnología;7.3;1.5;53;9.7;5;67.1;33.0;2.21;53.0;47.6;2.8;1
5626;839599872;Manufactura;10.1;9.6;11;13.1;5;50.9;3.1;1.9;80.9;85.5;4.4;0
5627;922532208;Servicios;9.2;4.1;177;-8.4;6;66.6;14.5;4.47;30.8;42.7;8.4;0
5628;994844945;Servicios;12.8;8.8;70;3.4;8;93.0;13.0;4.7;47.1;68.4;2.5;0
5629;874985572;Servicios;9.5;8.1;17;13.7;9;93.5;45.1;3.79;64.7;52.1;10.9;0
5630;946346985;Manufactura;17.3;6.9;39;1.4;7;85.3;19.2;7.65;59.7;79.4;5.8;0
5631;928845750;Comercio;10.1;4.6;24;12.3;8;88.9;5.8;3.03;84.7;69.9;3.5;0
5632;996847333;Servicios;20.5;17.9;17;15.6;6;64.0;6.0;4.13;66.1;77.0;2.7;0
5633;837444603;Servicios;10.0;3.6;13;16.4;2;44.4;9.5;3.52;56.1;63.9;1.8;0
5634;879924741;Servicios;13.0;11.6;17;14.9;1;48.8;14.9;2.53;66.1;61.1;4.4;1
5635;835654943;Transporte;2.9;2.8;27;7.7;4;47.3;12.1;3.82;70.6;91.1;30.6;1
5636;909638277;Manufactura;9.3;2.4;27;3.2;8;92.1;8.8;2.43;55.6;66.5;44.0;0
5637;941296350;Construcción;3.3;2.7;23;0.5;0;73.2;49.5;1.92;64.6;62.3;12.3;1
5638;886697023;Transporte;5.4;1.9;73;-6.3;2;42.6;22.3;3.36;65.8;60.2;2.3;1
5639;928571621;Comercio;25.4;9.8;23;-7.1;2;61.1;35.7;3.64;67.6;79.6;17.8;1
5640;981694805;Comercio;8.9;6.4;36;12.4;1;53.7;20.9;3.99;62.2;67.3;3.5;1
5641;920686138;Construcción;5.6;3.0;24;2.5;10;91.5;9.7;4.51;84.8;67.1;0.8;0
5642;892281435;Comercio;8.5;4.8;36;0.1;5;72.2;31.3;5.21;79.6;72.6;8.1;1
5643;834186530;Construcción;7.3;4.8;27;12.4;5;71.2;17.9;4.11;64.1;56.1;16.9;0
5644;894046032;Servicios;12.3;7.4;51;-0.7;7;93.1;11.3;5.56;86.4;56.5;10.0;0
5645;836276050;Tecnología;13.7;5.2;16;9.6;1;42.3;1.7;1.83;86.3;70.5;21.4;1
5646;991653154;Servicios;15.0;14.7;17;26.8;6;63.5;39.1;3.73;81.3;78.2;2.3;0
5647;836447307;Construcción;16.3;14.0;111;2.3;9;84.7;8.4;1.66;84.8;83.0;20.0;0
5648;859405150;Comercio;3.9;2.4;41;15.1;5;70.0;26.5;3.21;22.1;44.0;12.7;0
5649;846028930;Manufactura;5.8;4.1;26;23.6;4;89.0;22.4;2.64;15.8;42.5;22.0;0
5650;831678478;Comercio;6.6;3.3;34;18.8;2;65.2;4.0;5.56;68.4;61.7;1.9;0
5651;817889526;Servicios;22.7;8.9;31;4.4;7;78.4;19.6;2.35;86.4;75.9;1.4;0
5652;985688076;Servicios;10.7;10.0;36;-8.6;5;57.9;13.6;2.71;50.9;52.4;6.9;1
5653;885872426;Transporte;4.5;2.4;71;4.6;1;46.1;30.8;3.25;76.7;77.9;29.9;1
5654;942738345;Transporte;9.6;2.1;8;12.9;6;69.6;26.5;1.23;15.6;48.5;10.1;1
5655;882283354;Manufactura;5.2;2.9;17;8.5;6;84.6;44.2;6.04;64.7;72.0;7.7;1
5656;847926918;Servicios;7.5;2.4;31;14.2;4;66.0;15.7;4.23;56.6;46.9;1.7;0
5657;981015472;Comercio;5.4;1.7;78;-8.8;7;87.9;31.9;2.06;29.6;59.5;1.4;0
5658;833996191;Servicios;13.1;5.1;57;16.4;3;47.5;7.4;3.0;94.2;77.7;1.8;0
5659;995128407;Servicios;5.8;5.4;12;20.3;4;55.3;34.8;4.21;64.7;43.2;11.2;0
5660;993399112;Servicios;14.8;11.3;44;-1.9;7;96.9;22.3;3.1;62.1;65.6;23.2;0
5661;928479132;Transporte;12.9;11.9;24;-8.9;4;65.7;22.4;6.12;40.3;27.6;12.3;1
5662;800285384;Comercio;5.6;1.8;16;2.6;5;68.0;13.4;3.6;77.0;76.9;6.1;1
5663;954848183;Comercio;5.1;4.8;53;-3.1;5;60.6;23.6;3.19;69.7;66.1;18.9;0
5664;865664119;Comercio;10.4;10.3;47;6.6;3;54.3;14.1;3.92;74.5;75.7;35.3;0
5665;968893098;Servicios;9.5;4.0;35;12.0;7;57.4;20.1;3.75;71.3;79.0;6.0;1
5666;965593207;Servicios;9.5;5.6;17;1.0;6;76.7;13.3;2.17;64.2;56.7;11.4;0
5667;832731725;Transporte;3.8;1.3;11;10.6;4;51.1;4.2;3.45;47.9;70.9;15.1;0
5668;816124060;Comercio;4.5;3.7;22;1.1;1;41.8;13.6;3.14;67.1;50.3;3.3;1
5669;838571952;Construcción;15.3;7.0;36;14.6;0;34.5;18.6;2.22;95.1;73.1;0.4;0
5670;924320064;Servicios;7.0;3.2;34;-10.8;8;83.5;11.5;2.91;81.7;90.8;7.4;0
5671;899861291;Servicios;6.5;3.2;11;6.5;4;68.6;9.3;3.54;69.9;57.1;19.4;0
5672;995378120;Servicios;9.6;4.7;22;11.8;0;44.9;15.5;3.51;49.0;67.4;9.6;1
5673;976858571;Servicios;2.4;0.9;25;-1.4;6;74.6;8.7;2.98;76.4;61.2;1.0;1
5674;824669752;Servicios;7.3;2.5;16;-0.2;5;59.4;8.8;1.97;45.1;60.0;5.8;0
5675;906972954;Servicios;3.9;0.9;8;5.2;6;66.1;11.2;2.05;66.3;60.8;0.9;1
5676;838567358;Manufactura;6.9;5.6;6;16.6;5;65.0;2.4;5.44;74.7;70.8;1.8;0
5677;800058880;Comercio;15.0;8.6;5;12.8;3;58.6;15.8;2.52;68.5;59.1;12.0;1
5678;911260304;Servicios;7.1;6.2;34;13.9;3;64.9;9.6;3.38;55.3;64.5;5.5;0
5679;933917817;Manufactura;5.8;5.2;27;9.7;8;84.2;23.8;3.59;89.2;62.1;5.2;0
5680;808393123;Comercio;10.4;2.9;53;3.6;6;65.7;15.7;2.87;70.1;74.9;0.1;0
5681;929054483;Servicios;6.4;2.5;11;29.5;5;66.5;12.2;4.4;65.4;54.9;16.4;0
5682;932654053;Comercio;10.2;5.9;11;-4.1;8;71.6;2.5;2.88;72.9;69.2;40.8;0
5683;829139986;Servicios;3.3;3.0;85;-16.5;2;76.3;26.5;4.29;75.2;52.8;10.8;0
5684;809339722;Servicios;5.1;3.7;62;1.2;4;67.0;16.9;7.04;60.7;60.1;10.6;0
5685;972568842;Comercio;24.3;19.8;43;-0.8;6;65.2;28.2;2.88;83.3;69.2;11.1;0
5686;814073628;Manufactura;9.1;6.7;28;6.0;9;77.0;11.6;2.46;41.7;30.8;3.4;0
5687;928052280;Servicios;6.2;3.7;7;-14.8;6;74.8;7.3;1.67;71.0;66.0;2.2;0
5688;883859589;Transporte;3.5;3.2;52;-4.7;6;90.3;15.9;2.05;47.7;51.1;7.3;0
5689;879155424;Comercio;15.7;14.6;40;9.8;3;50.0;4.0;4.96;31.8;33.5;6.2;0
5690;973414829;Comercio;9.8;8.8;9;12.6;5;67.6;3.1;4.12;74.5;95.7;2.6;0
5691;951423167;Manufactura;8.5;3.3;34;2.1;6;64.6;30.2;2.71;57.9;48.1;10.0;1
5692;840283170;Servicios;22.6;4.5;96;2.7;4;70.5;18.3;2.72;44.4;37.8;8.8;1
5693;842693117;Servicios;5.2;2.8;46;14.0;0;46.7;5.7;2.78;74.4;81.3;2.7;1
5694;893678305;Tecnología;16.1;10.1;42;8.1;3;46.5;13.1;2.89;48.7;71.9;3.9;0
5695;894479041;Transporte;4.3;3.2;35;5.2;1;39.8;18.1;3.94;36.8;41.7;9.1;1
5696;917351210;Servicios;15.0;11.3;13;0.9;4;61.2;26.2;3.76;63.4;68.0;2.9;0
5697;874861727;Comercio;7.5;2.1;13;3.2;4;59.2;30.9;2.93;32.0;53.8;0.6;1
5698;826292704;Construcción;3.0;0.7;27;2.0;3;61.6;28.8;2.2;26.9;41.2;2.6;1
5699;934944809;Manufactura;11.3;8.3;31;10.4;5;77.5;3.5;2.92;78.7;71.2;1.3;0
5700;892822602;Transporte;16.1;15.7;77;-5.1;7;88.2;8.2;4.11;83.0;72.3;13.6;0
5701;989293479;Servicios;4.9;1.8;23;5.0;2;60.4;27.2;2.72;36.5;39.8;31.5;1
5702;853647200;Transporte;16.7;3.5;8;0.7;8;73.2;16.7;3.03;54.3;54.5;4.1;0
5703;898356960;Comercio;11.0;3.7;10;3.9;5;71.2;4.9;3.84;30.5;38.1;1.0;0
5704;848231261;Servicios;5.7;4.1;127;0.4;4;55.3;40.1;2.11;90.1;81.1;4.9;1
5705;940116341;Transporte;3.3;0.8;11;5.9;7;59.8;22.6;2.72;43.6;60.9;4.6;1
5706;854607951;Servicios;2.3;0.8;33;9.8;6;65.3;21.7;5.81;43.3;77.3;2.5;0
5707;869380310;Construcción;33.5;8.6;220;17.1;2;54.2;17.3;4.38;47.8;36.3;12.6;0
5708;814289867;Servicios;6.5;3.3;13;9.1;3;51.9;25.3;2.37;14.1;41.9;1.0;1
5709;933065121;Servicios;8.1;6.4;41;-9.9;1;45.2;22.3;5.17;75.6;78.2;18.6;1
5710;928592118;Construcción;9.0;6.8;30;0.7;9;100.0;33.5;2.32;47.0;44.1;4.5;0
5711;913130902;Servicios;7.1;4.4;20;7.3;3;56.9;26.6;5.03;69.1;65.2;7.9;1
5712;979436938;Servicios;34.6;22.2;19;-4.1;3;47.0;18.7;2.16;20.6;51.5;11.6;0
5713;890868188;Comercio;5.9;3.8;28;9.2;4;76.7;21.5;4.59;82.9;68.9;19.7;1
5714;960293872;Manufactura;24.0;12.6;25;2.3;4;66.8;30.1;2.73;74.8;69.0;3.5;0
5715;949255851;Manufactura;5.5;5.3;74;21.1;6;69.5;12.0;1.82;81.6;82.4;19.6;0
5716;878582166;Servicios;2.7;0.7;5;10.3;3;59.6;3.6;3.72;87.1;71.6;3.8;0
5717;823767088;Servicios;26.9;17.1;227;15.4;7;89.4;21.0;2.49;77.6;77.9;2.2;0
5718;954956954;Construcción;3.4;0.8;11;-7.9;3;75.1;3.5;2.53;66.7;62.0;10.7;1
5719;812860848;Comercio;18.0;10.3;12;16.3;7;81.8;14.3;4.91;93.4;94.4;5.7;0
5720;829866762;Comercio;4.8;3.8;16;4.1;1;48.3;5.0;5.66;50.7;41.3;14.8;1
5721;820569751;Servicios;10.2;9.1;22;-3.7;4;72.2;10.9;2.07;56.0;59.0;2.2;0
5722;954226597;Comercio;4.8;1.0;21;15.7;2;70.0;25.3;3.61;70.3;67.4;20.4;0
5723;827666253;Tecnología;5.6;4.6;38;7.8;4;57.1;12.3;1.0;67.4;61.7;28.3;0
5724;956267587;Comercio;4.2;3.5;95;13.3;2;42.9;9.5;1.91;91.8;89.1;11.5;0
5725;968634478;Servicios;32.3;8.0;77;6.6;5;66.5;21.9;3.8;79.6;51.4;37.1;0
5726;894691871;Transporte;12.6;4.6;41;-8.0;3;60.9;19.0;5.79;48.1;62.4;12.1;0
5727;968302789;Comercio;2.4;1.7;68;7.0;3;63.4;25.7;4.07;98.5;74.4;18.5;1
5728;995668532;Transporte;17.1;13.5;35;9.4;4;48.0;19.1;4.27;51.3;60.3;11.3;0
5729;806744269;Servicios;9.0;6.2;5;13.6;5;46.1;13.9;3.52;70.4;65.3;1.0;1
5730;962329082;Construcción;6.0;3.5;22;16.7;3;55.3;14.6;3.36;63.1;64.7;6.1;0
5731;851453731;Servicios;8.3;4.0;71;5.9;10;97.9;18.4;1.96;28.2;52.3;28.1;0
5732;956611385;Servicios;14.4;5.5;6;-8.0;6;76.0;4.7;4.16;44.2;52.6;7.1;0
5733;889057918;Construcción;8.9;1.9;17;13.0;4;61.3;21.9;3.59;66.3;76.7;2.1;0
5734;865940730;Servicios;25.8;15.6;5;-7.9;7;67.8;28.2;5.1;28.9;29.3;22.7;1
5735;881373991;Transporte;9.4;6.3;25;7.8;5;76.6;44.3;3.3;93.1;81.2;2.9;0
5736;873496325;Servicios;7.2;5.8;40;0.3;3;58.0;21.5;2.66;56.1;57.6;1.6;1
5737;833015955;Manufactura;6.0;1.5;119;14.5;6;68.1;10.5;2.62;85.8;84.1;8.2;0
5738;957038784;Tecnología;17.1;16.7;48;6.7;5;73.5;26.0;2.51;40.5;46.0;5.9;0
5739;877360374;Manufactura;10.9;3.2;21;4.5;7;61.2;8.1;4.14;92.5;77.9;23.6;0
5740;888156286;Comercio;18.2;11.8;13;19.1;6;51.9;1.8;4.17;53.8;50.6;0.3;1
5741;899739340;Comercio;29.5;21.6;12;9.0;6;79.0;12.8;4.89;24.1;34.1;3.5;0
5742;995932902;Comercio;11.3;10.0;24;9.8;6;67.5;41.3;3.47;53.1;79.9;0.1;0
5743;996641753;Servicios;12.5;11.4;38;27.4;4;70.4;28.7;1.69;48.3;37.7;40.9;0
5744;910674880;Construcción;6.6;6.0;31;-4.7;2;40.3;19.1;4.11;80.9;78.2;21.0;1
5745;887758423;Comercio;10.8;5.8;18;2.3;0;39.7;6.0;3.3;75.9;59.6;3.3;0
5746;986977001;Servicios;6.8;5.0;18;11.5;4;61.5;29.3;3.08;37.8;34.3;3.8;0
5747;984222639;Tecnología;23.2;5.8;83;15.7;9;72.1;5.0;7.19;77.7;60.8;5.6;0
5748;911855527;Transporte;8.3;7.7;20;18.8;8;88.9;5.6;6.92;41.8;43.1;7.9;0
5749;901460615;Comercio;2.6;0.5;50;0.3;3;44.2;7.7;4.7;72.3;77.1;3.8;0
5750;863038827;Servicios;10.5;6.5;22;-2.9;1;45.3;7.9;2.85;88.1;53.8;0.3;0
5751;957571587;Servicios;50.0;29.6;21;16.8;4;77.6;19.2;1.97;46.6;54.9;8.9;0
5752;813403291;Servicios;9.2;7.3;48;7.2;2;57.3;1.5;2.33;78.1;72.9;14.1;0
5753;897255587;Servicios;13.6;11.2;15;4.8;3;59.4;23.7;2.43;80.8;73.5;27.5;0
5754;844067466;Tecnología;11.9;6.4;80;11.8;0;44.8;15.1;5.15;82.6;59.2;5.2;1
5755;889794019;Manufactura;1.9;1.5;9;2.1;4;80.1;3.9;7.09;38.0;25.5;7.7;0
5756;923371500;Comercio;12.1;10.0;98;-6.6;6;83.5;19.7;1.74;81.9;75.0;5.2;0
5757;932454573;Comercio;17.9;8.3;40;-0.9;5;84.7;9.8;4.06;67.3;75.3;0.6;0
5758;841843281;Transporte;7.0;4.1;59;-6.3;5;67.9;20.5;4.07;48.6;45.6;0.1;0
5759;813964897;Transporte;17.6;8.7;14;-2.0;5;71.5;16.9;6.7;45.5;55.1;2.8;0
5760;861880791;Construcción;9.1;5.5;28;15.4;4;59.7;37.1;5.66;60.3;63.6;15.2;1
5761;914885507;Servicios;9.1;3.7;19;1.8;2;61.9;7.8;2.87;36.0;59.3;3.7;1
5762;913937538;Transporte;5.4;3.2;35;4.2;1;53.2;15.5;6.39;42.4;47.4;2.3;1
5763;939144060;Transporte;25.2;18.7;28;6.5;3;55.8;12.9;2.05;67.4;65.4;6.5;0
5764;989588578;Comercio;30.2;27.7;162;-3.0;3;65.5;12.3;1.44;42.9;65.6;20.5;0
5765;970691350;Transporte;38.8;24.5;12;21.2;5;56.1;22.9;3.12;70.0;66.5;17.6;0
5766;894394383;Servicios;7.7;2.5;53;20.0;4;48.7;14.9;6.21;77.9;72.1;9.1;0
5767;856099608;Servicios;7.4;7.2;25;-10.8;2;50.0;31.8;4.92;85.9;64.3;1.8;1
5768;895441966;Tecnología;41.5;24.0;7;3.5;4;50.7;17.0;2.61;43.9;54.5;42.2;0
5769;836521497;Comercio;10.3;7.3;7;3.1;2;45.7;2.2;1.82;79.6;76.6;6.7;0
5770;938591600;Construcción;11.0;10.7;49;-12.0;1;46.8;21.7;2.71;62.3;66.1;10.1;1
5771;901988110;Comercio;6.9;1.9;13;-7.4;6;74.8;17.8;3.83;63.6;54.1;18.0;0
5772;826383725;Construcción;10.6;7.8;43;10.6;5;73.9;18.5;4.79;90.7;71.4;5.1;0
5773;989961035;Manufactura;22.9;20.6;24;4.7;5;66.6;24.6;5.52;52.2;44.5;7.7;0
5774;860751741;Servicios;12.8;7.5;10;9.5;3;56.8;3.4;1.34;78.4;55.5;2.4;0
5775;963386605;Construcción;7.5;5.7;7;3.4;4;46.2;34.7;1.58;41.3;38.9;4.9;1
5776;922600635;Comercio;18.0;12.8;19;-2.9;8;74.9;9.6;5.18;39.5;45.1;5.2;0
5777;975626168;Servicios;9.0;5.8;18;28.4;2;47.1;12.7;2.35;16.5;31.0;2.8;0
5778;948063554;Servicios;4.8;2.9;19;29.2;2;57.3;18.2;4.07;32.4;55.8;17.1;1
5779;841453471;Manufactura;10.8;3.1;21;7.4;2;43.2;22.4;3.34;65.5;67.4;3.7;1
5780;908559374;Servicios;9.8;2.3;28;7.5;1;54.0;14.5;3.35;46.7;38.1;8.8;0
5781;920964056;Comercio;3.1;0.9;5;-0.6;8;81.3;29.8;2.77;26.2;42.2;5.9;1
5782;963439543;Servicios;11.5;10.1;53;20.5;5;68.0;20.2;2.55;82.0;83.9;9.9;0
5783;932307624;Comercio;17.0;11.2;16;14.7;7;77.9;3.6;2.1;76.1;70.2;8.3;0
5784;937390824;Comercio;6.2;3.1;16;-2.0;9;89.2;8.4;3.01;60.1;51.0;2.4;0
5785;865497263;Servicios;2.0;0.7;12;16.1;4;93.9;18.9;3.03;38.9;49.2;12.4;0
5786;882639980;Servicios;4.3;4.2;5;3.2;4;51.5;24.0;3.96;49.6;62.6;4.5;1
5787;953285054;Comercio;6.3;3.3;20;11.4;4;76.4;11.4;4.95;71.8;48.4;2.1;0
5788;976394363;Comercio;16.8;15.6;5;6.1;7;75.0;18.5;2.08;89.1;80.5;0.8;0
5789;966264815;Servicios;6.1;3.9;36;4.3;8;69.8;24.3;3.37;96.3;71.1;13.0;0
5790;821552470;Comercio;5.4;5.2;32;8.1;10;82.4;8.5;3.56;88.1;69.6;19.8;0
5791;858357071;Construcción;9.7;9.4;26;10.5;1;45.6;10.7;3.0;79.2;75.0;6.6;1
5792;966084169;Comercio;3.7;1.6;11;8.2;4;70.4;32.3;1.64;29.2;29.6;16.2;1
5793;873235266;Comercio;8.7;8.7;55;11.3;6;75.8;16.9;2.01;86.7;81.8;2.8;0
5794;982471163;Comercio;3.4;3.2;18;10.5;2;49.4;6.3;3.61;65.6;58.0;2.7;1
5795;987033612;Servicios;11.4;8.0;23;10.5;5;68.3;2.3;3.16;44.2;55.2;3.4;0
5796;825051678;Servicios;23.9;22.8;22;1.3;7;85.7;21.5;5.45;40.2;72.4;25.9;0
5797;919138180;Comercio;3.8;3.5;12;-5.8;5;59.9;11.7;3.8;65.4;79.6;4.3;0
5798;864749526;Servicios;32.7;20.4;7;-4.6;8;78.5;2.2;5.05;74.0;65.6;2.3;0
5799;976481369;Manufactura;5.2;3.0;79;8.7;6;90.3;17.8;3.72;61.8;48.8;2.6;0
5800;887007382;Servicios;4.2;1.7;10;-1.3;7;52.8;6.7;2.96;11.7;24.4;12.3;1
5801;901943359;Construcción;7.2;6.7;13;-10.4;6;75.2;12.7;2.82;74.5;59.1;10.7;0
5802;842245868;Transporte;1.2;0.6;10;2.5;3;56.2;18.6;2.95;56.5;62.8;0.0;1
5803;893485927;Manufactura;10.9;8.2;46;12.2;6;65.4;12.1;2.72;53.1;53.1;0.1;1
5804;861788372;Transporte;4.7;1.1;24;3.0;5;62.6;35.0;3.17;52.6;58.0;0.8;1
5805;823379541;Comercio;5.3;3.9;50;-17.2;6;55.2;8.6;3.13;54.9;44.7;11.0;1
5806;852150338;Servicios;23.9;9.2;65;12.8;3;55.8;21.1;3.71;66.4;59.8;10.1;0
5807;976132780;Comercio;14.9;4.6;20;-9.4;4;69.6;22.5;3.96;84.2;71.8;1.6;1
5808;944951580;Manufactura;8.0;2.8;9;-5.8;5;65.2;7.4;2.89;48.2;64.5;5.8;0
5809;917343760;Servicios;5.3;1.6;63;18.6;7;71.6;28.2;4.53;19.5;22.2;6.4;0
5810;857558243;Construcción;8.4;3.3;15;4.4;10;79.8;10.3;3.93;92.2;92.3;27.8;0
5811;850234251;Servicios;5.0;1.3;72;-6.8;7;85.4;5.8;1.72;53.7;52.6;20.0;0
5812;852713640;Tecnología;7.5;2.4;55;21.4;4;71.5;16.7;2.29;79.2;75.2;11.1;0
5813;947621523;Manufactura;4.9;2.2;25;-18.2;9;88.1;15.8;2.77;39.0;59.6;1.2;0
5814;813795858;Comercio;2.8;2.5;18;-2.2;5;53.0;33.8;3.66;61.4;44.6;1.6;1
5815;930671058;Manufactura;24.3;11.3;89;6.7;4;81.3;11.7;2.21;87.9;87.6;14.3;0
5816;893699347;Manufactura;8.2;7.9;11;-2.4;6;72.7;24.1;3.84;49.3;68.4;13.2;0
5817;975574850;Construcción;3.2;2.8;22;9.2;4;82.9;18.1;4.86;53.7;25.1;15.8;0
5818;810336845;Servicios;50.0;39.9;33;13.0;4;48.3;30.2;4.67;71.3;67.1;0.4;0
5819;993365908;Transporte;18.6;17.2;34;21.2;8;78.9;3.2;3.69;87.3;66.3;22.2;0
5820;956756223;Manufactura;5.2;1.1;5;-6.5;1;41.0;7.4;3.86;47.2;50.4;2.9;1
5821;862411034;Servicios;7.0;5.0;30;19.8;9;70.5;11.3;5.58;56.3;56.0;19.0;0
5822;829154429;Comercio;18.1;12.2;11;-0.4;2;57.8;18.1;4.05;33.1;62.4;27.6;0
5823;929419200;Servicios;5.9;3.2;14;-5.4;2;71.5;35.1;5.43;49.6;56.4;11.3;1
5824;952804239;Comercio;3.6;3.5;12;2.5;8;78.7;9.4;2.5;38.9;45.0;3.8;0
5825;823292833;Servicios;3.2;2.5;46;-15.5;5;46.8;11.5;1.28;76.0;68.3;1.4;1
5826;869077278;Manufactura;17.6;10.6;36;-15.5;9;78.8;16.7;3.99;67.2;95.3;12.3;0
5827;808060519;Servicios;11.3;7.7;87;12.0;4;54.8;12.1;2.18;54.8;63.3;6.8;0
5828;831431416;Servicios;4.9;3.1;26;20.7;3;44.1;8.5;5.44;29.8;30.2;14.0;0
5829;842790313;Transporte;10.9;8.7;23;13.1;4;30.6;3.6;3.22;73.7;81.8;1.6;0
5830;991613246;Servicios;9.2;4.6;38;10.4;3;64.6;7.3;4.83;58.2;56.1;17.5;0
5831;897692570;Comercio;23.2;9.8;79;-11.3;2;67.4;16.9;3.53;75.6;70.3;9.7;0
5832;807089287;Servicios;13.6;4.4;11;-0.4;2;47.3;5.8;2.89;54.3;64.9;8.8;1
5833;900026584;Construcción;3.0;2.2;25;-8.3;5;69.4;27.3;2.88;55.7;57.4;4.2;1
5834;859668508;Servicios;1.6;0.4;15;18.0;7;55.5;7.0;5.69;49.4;64.9;6.8;0
5835;887007694;Servicios;7.5;6.4;21;15.8;4;63.6;6.7;1.89;40.7;48.0;7.4;0
5836;927499506;Manufactura;3.8;3.7;32;-15.4;2;50.2;17.4;2.68;61.3;51.5;32.5;1
5837;944977329;Transporte;18.2;16.6;17;3.4;8;75.9;6.9;4.32;51.8;43.5;9.6;0
5838;983741109;Servicios;7.6;3.1;10;14.5;5;67.0;23.5;4.5;82.7;85.0;8.4;0
5839;868029255;Servicios;15.9;5.3;7;15.7;6;89.3;15.6;2.61;24.6;40.5;0.7;0
5840;877907372;Servicios;13.3;5.5;14;-25.0;8;82.9;21.8;3.27;63.1;75.8;22.4;0
5841;980848003;Transporte;18.7;12.4;43;7.1;5;74.1;24.3;6.48;50.6;54.6;5.6;0
5842;967848220;Transporte;3.8;2.5;5;4.5;5;68.4;13.5;3.23;74.1;68.9;18.7;0
5843;808082491;Comercio;12.1;7.1;23;7.9;4;71.6;24.0;8.25;27.0;32.8;4.0;0
5844;807070116;Comercio;7.4;5.8;9;32.8;4;66.4;9.3;3.79;67.3;55.3;11.9;0
5845;854918119;Tecnología;8.3;7.4;5;-0.8;2;62.5;13.5;3.35;25.1;49.5;7.0;0
5846;945380444;Transporte;8.8;3.4;40;0.2;4;58.4;17.3;4.89;35.1;45.7;1.2;0
5847;911216687;Manufactura;16.3;5.5;41;-1.2;5;50.5;13.0;2.24;62.3;57.6;14.1;1
5848;984954414;Manufactura;6.9;4.5;98;0.5;9;80.7;16.3;2.73;75.7;74.0;12.5;0
5849;946325518;Comercio;20.5;20.1;28;6.1;7;68.9;8.7;2.14;61.4;53.0;12.7;0
5850;907411466;Servicios;7.0;6.6;44;5.2;6;80.7;12.4;3.4;57.2;63.2;41.9;0
5851;890691393;Comercio;8.4;3.6;25;3.6;6;70.1;17.3;4.58;81.9;83.3;1.8;0
5852;946945153;Transporte;50.0;46.2;16;12.3;9;91.8;7.3;2.94;79.9;79.4;8.8;0
5853;893333447;Servicios;4.8;3.1;5;10.1;2;65.0;4.4;3.32;32.7;34.5;44.8;0
5854;827803539;Manufactura;10.3;6.3;27;9.2;1;67.6;16.4;6.37;65.1;74.3;1.5;1
5855;939144658;Tecnología;19.6;16.5;48;6.1;4;62.4;6.6;3.1;78.2;51.5;7.1;0
5856;889395338;Servicios;1.6;0.5;63;22.7;6;76.0;8.7;1.87;51.6;46.1;3.6;0
5857;961559941;Servicios;35.8;9.6;27;2.0;4;62.7;16.5;4.38;85.0;67.2;22.3;1
5858;863729223;Comercio;3.6;2.9;48;14.1;7;68.7;14.4;2.39;76.6;66.3;3.5;0
5859;840854534;Construcción;3.7;2.8;27;7.3;4;42.8;8.0;1.41;72.3;77.2;2.2;1
5860;828179547;Servicios;3.1;0.7;132;-1.0;1;61.6;22.7;2.08;57.5;55.1;16.5;1
5861;808769398;Construcción;13.3;7.2;5;10.1;0;36.3;29.9;3.52;55.2;65.4;4.1;0
5862;807536200;Transporte;7.1;3.2;60;4.9;5;63.2;9.2;2.77;75.1;62.7;0.6;0
5863;907221172;Comercio;18.2;11.8;21;16.8;9;76.2;13.7;4.7;65.9;76.8;12.3;0
5864;869725025;Construcción;5.5;1.4;11;21.2;5;73.6;18.9;4.22;68.4;52.6;2.3;0
5865;907060621;Comercio;15.4;7.3;6;11.8;6;75.9;20.0;3.15;60.5;51.0;6.2;0
5866;987154717;Servicios;7.1;3.3;6;6.1;2;53.4;4.2;3.1;86.3;77.5;17.4;0
5867;845222072;Servicios;9.7;8.5;40;3.5;2;64.5;2.5;3.45;47.3;55.9;4.8;0
5868;839052524;Transporte;4.8;4.0;56;21.7;3;73.4;24.4;5.33;64.1;82.4;6.4;0
5869;973528113;Servicios;8.3;3.3;45;7.5;1;47.6;23.8;1.4;70.8;55.4;2.4;1
5870;825079522;Manufactura;10.4;7.7;7;-2.6;5;82.2;14.9;4.27;50.7;55.7;3.8;0
5871;841131524;Comercio;5.7;2.9;9;24.2;5;69.4;32.9;2.62;12.9;38.1;2.7;0
5872;987248836;Servicios;15.0;5.8;68;8.0;6;60.2;22.3;4.81;23.3;36.0;1.1;0
5873;802153006;Comercio;2.0;0.6;9;0.2;1;60.5;9.4;3.7;90.8;87.9;16.1;1
5874;820724939;Servicios;27.1;19.3;17;9.0;5;62.8;34.0;5.89;83.9;78.4;11.7;0
5875;950366244;Manufactura;22.0;15.4;21;-6.3;5;82.1;38.9;3.76;40.8;50.3;1.5;0
5876;954250462;Servicios;7.8;4.8;122;5.0;9;82.5;18.9;3.98;78.7;53.9;12.9;0
5877;948696152;Manufactura;12.3;5.0;50;-9.3;2;66.6;16.8;2.52;75.3;77.7;6.2;1
5878;805130292;Servicios;6.5;2.0;40;2.0;9;85.2;6.1;2.88;58.1;60.0;2.1;0
5879;978676177;Construcción;6.0;4.5;17;10.4;6;63.4;21.2;5.93;91.7;85.0;4.8;0
5880;833637995;Servicios;9.6;3.5;22;11.7;6;69.8;20.3;2.59;55.8;68.7;25.8;0
5881;950707848;Servicios;10.5;6.3;12;24.0;5;64.1;7.4;3.74;38.5;46.9;1.0;0
5882;886379692;Comercio;15.3;9.8;11;-7.6;5;66.6;16.0;4.71;80.7;74.2;10.7;0
5883;833437176;Transporte;4.3;3.8;11;11.4;8;81.8;8.2;4.32;67.1;79.8;22.5;0
5884;864772121;Comercio;9.8;9.7;14;0.1;6;70.0;30.3;4.31;64.8;70.4;5.7;0
5885;970247013;Construcción;20.3;13.2;21;8.2;8;79.6;4.8;4.18;92.4;77.4;2.2;0
5886;955832666;Tecnología;9.4;3.4;15;-0.2;9;92.0;28.6;2.39;82.4;75.0;28.5;0
5887;817200107;Servicios;16.7;9.9;13;18.6;3;48.7;14.5;4.37;88.2;71.1;24.2;0
5888;906575683;Comercio;6.2;6.1;31;0.6;3;64.1;17.0;4.68;53.2;52.4;5.1;0
5889;902771156;Comercio;14.1;8.2;35;-4.9;10;100.0;21.8;2.94;93.3;83.8;1.0;0
5890;988318644;Servicios;19.0;16.9;20;-0.4;4;63.6;8.6;2.38;19.4;28.2;5.4;0
5891;988421784;Servicios;15.6;8.5;32;4.5;5;75.1;7.1;4.73;62.3;56.9;10.6;0
5892;805880038;Transporte;2.5;1.6;50;11.3;5;81.0;16.6;3.38;51.6;59.2;7.7;0
5893;969059106;Servicios;14.3;12.8;26;6.8;3;66.2;27.1;3.24;90.5;78.6;3.8;1
5894;917177271;Manufactura;6.7;4.8;49;15.0;4;60.1;17.1;2.76;71.3;55.9;14.0;0
5895;900186610;Servicios;16.7;15.7;16;14.3;9;68.4;19.5;1.98;51.2;41.5;37.1;0
5896;894916465;Construcción;9.5;4.8;25;18.3;4;75.2;6.9;4.94;89.8;66.8;1.6;0
5897;997428429;Comercio;6.9;1.9;84;-17.4;4;72.6;27.6;3.01;77.2;84.4;6.3;1
5898;910502742;Construcción;7.4;6.9;49;2.7;5;64.8;30.0;4.19;35.3;25.8;0.4;1
5899;845491225;Manufactura;9.4;2.4;8;-3.2;3;47.0;28.0;1.95;45.9;49.9;10.5;1
5900;883304574;Tecnología;11.3;4.4;33;-0.9;4;61.4;13.0;2.9;50.4;67.3;5.4;0
5901;998685294;Servicios;19.6;10.2;5;14.3;5;62.3;19.7;8.38;69.7;58.3;50.0;0
5902;928657961;Servicios;2.0;1.8;11;-22.5;5;50.1;20.0;3.12;41.1;57.3;1.2;1
5903;822715177;Comercio;18.6;15.5;45;5.6;4;62.8;37.2;3.3;71.6;65.7;10.8;0
5904;844081807;Servicios;8.7;5.5;41;16.7;1;44.0;15.4;2.47;81.7;66.3;0.1;1
5905;930281890;Servicios;13.9;4.2;15;11.7;7;71.5;18.2;2.65;90.5;85.5;27.7;0
5906;900790171;Servicios;4.0;1.8;58;15.0;6;77.9;14.9;4.51;40.3;42.4;7.5;0
5907;971456240;Comercio;13.1;8.3;15;21.2;5;47.2;20.8;2.1;31.6;43.8;11.8;0
5908;839987580;Servicios;5.1;4.3;15;13.9;1;49.4;9.6;2.79;64.1;75.5;1.8;1
5909;974791851;Construcción;10.2;9.3;16;-2.4;7;76.9;18.1;2.17;72.4;63.1;0.7;0
5910;866931204;Servicios;41.9;9.7;27;16.1;3;72.8;18.0;7.08;23.7;33.5;2.1;0
5911;930072259;Comercio;20.2;15.2;62;-4.9;0;43.7;11.3;2.52;74.4;54.9;14.5;1
5912;926190208;Servicios;18.6;9.2;29;-14.2;5;42.6;16.8;8.43;67.1;61.4;10.8;0
5913;954180615;Manufactura;5.9;5.6;125;14.1;2;24.2;13.0;3.45;80.4;66.5;10.0;1
5914;992770726;Tecnología;11.4;5.4;6;-12.2;7;79.1;16.5;1.95;93.1;65.0;34.1;1
5915;855779950;Comercio;3.9;3.7;22;0.1;4;62.5;34.0;4.51;68.9;53.2;6.5;1
5916;888946062;Comercio;6.2;3.2;26;15.7;3;70.7;29.1;3.7;73.1;60.4;4.2;1
5917;964860463;Servicios;3.1;2.5;28;17.6;2;64.9;41.2;3.91;60.4;51.0;28.3;1
5918;893629470;Servicios;17.8;15.9;28;28.7;3;72.4;9.5;4.02;42.8;46.0;30.0;0
5919;896227050;Servicios;9.1;6.5;22;10.7;3;57.4;21.9;3.64;79.2;82.7;5.9;1
5920;947422402;Tecnología;45.1;17.2;10;0.0;5;73.2;8.8;4.88;80.2;59.9;4.2;0
5921;976188121;Comercio;10.6;4.8;29;7.8;6;79.7;14.2;3.63;38.7;44.6;10.1;0
5922;951497483;Servicios;7.7;4.5;28;0.0;7;84.0;21.2;4.18;60.2;62.4;2.9;0
5923;933569607;Servicios;6.8;3.6;199;4.6;5;62.6;24.3;2.55;87.0;96.5;6.5;1
5924;888548578;Construcción;10.0;3.7;40;11.0;4;65.7;10.7;2.54;50.3;46.9;2.4;0
5925;934200892;Servicios;3.7;3.6;15;-3.7;5;61.6;7.4;5.33;37.6;60.8;25.3;1
5926;993902593;Manufactura;24.6;12.1;47;-1.6;6;89.8;16.4;2.32;50.3;57.3;6.6;0
5927;890594610;Construcción;15.9;9.8;27;14.7;0;45.1;5.4;3.55;61.0;66.8;3.4;0
5928;928653135;Comercio;5.1;4.6;14;9.5;2;65.0;37.9;2.63;66.0;45.9;8.2;1
5929;966282402;Manufactura;13.0;5.1;37;1.9;6;54.0;40.4;3.27;47.9;50.9;1.2;1
5930;887677410;Comercio;6.1;6.1;29;19.4;6;69.0;1.6;3.71;54.5;61.1;22.6;0
5931;987065190;Construcción;12.2;10.4;12;11.9;7;85.6;13.0;1.7;39.1;50.6;2.1;0
5932;963188409;Servicios;20.7;10.5;29;8.2;5;76.3;6.1;6.5;66.5;61.6;3.6;0
5933;860902945;Manufactura;4.7;3.2;11;-7.2;5;73.3;38.2;6.92;52.4;57.8;6.7;1
5934;839269831;Servicios;21.3;8.8;53;6.3;3;75.9;5.2;2.22;42.1;58.8;21.1;0
5935;939545317;Servicios;4.6;4.1;33;14.2;5;55.4;29.9;5.62;6.4;31.5;4.8;1
5936;863196633;Comercio;4.8;3.8;36;-5.7;4;73.0;30.1;2.65;36.0;39.4;5.4;1
5937;921215467;Comercio;13.4;3.7;23;8.0;5;92.1;19.7;2.64;86.0;67.0;20.2;0
5938;986265015;Comercio;15.2;3.5;13;-10.2;6;86.0;11.7;2.7;57.6;63.8;3.5;0
5939;894879785;Servicios;4.8;1.8;11;15.2;5;60.4;13.7;6.66;48.9;55.2;50.0;0
5940;997993527;Comercio;6.2;5.5;33;8.6;6;62.4;27.9;4.99;74.7;86.2;4.8;0
5941;900791771;Servicios;7.8;6.5;5;2.3;8;81.6;36.7;1.96;69.2;65.1;3.6;0
5942;996267782;Transporte;18.7;13.6;14;9.8;2;45.7;7.8;1.66;67.8;79.9;2.5;0
5943;978507314;Construcción;4.1;2.1;25;9.9;6;70.1;21.7;4.59;32.9;55.6;1.7;0
5944;833936480;Comercio;20.7;5.7;28;4.3;5;57.6;23.4;5.12;79.0;85.9;8.1;0
5945;884009530;Servicios;11.9;6.5;29;8.9;5;71.9;4.8;4.17;86.8;69.4;8.8;0
5946;864276940;Servicios;9.4;8.2;10;-0.7;6;75.4;32.1;4.1;55.6;50.3;17.3;0
5947;954039012;Servicios;23.0;18.2;58;7.5;2;63.8;31.3;2.51;72.0;67.6;7.6;0
5948;872879367;Construcción;4.4;3.6;41;-0.0;5;62.0;19.4;6.12;71.5;77.0;5.0;1
5949;973088012;Transporte;2.5;1.0;27;-7.4;7;70.4;19.2;1.96;84.6;70.6;11.0;1
5950;917524975;Servicios;4.2;1.2;11;12.4;5;88.3;21.2;1.95;56.1;62.0;6.7;0
5951;826876262;Transporte;4.9;2.8;17;-2.6;5;49.8;11.5;2.66;33.2;40.5;13.8;1
5952;967679712;Construcción;6.8;6.1;16;16.1;1;70.0;26.9;4.42;59.2;55.5;5.5;1
5953;800638273;Comercio;5.5;2.8;11;15.4;10;75.5;47.4;6.56;64.0;78.6;17.4;1
5954;942133004;Comercio;9.2;5.0;22;20.4;7;66.9;23.6;3.29;71.8;69.6;3.8;0
5955;865406849;Servicios;12.5;11.0;29;5.0;2;52.6;32.6;1.84;49.8;56.9;10.8;1
5956;835129502;Comercio;9.8;3.0;18;18.1;5;81.4;11.7;2.83;32.9;44.0;7.9;0
5957;955665131;Servicios;6.5;5.9;16;11.7;7;96.4;4.2;5.42;83.1;79.3;0.8;0
5958;862382160;Manufactura;4.1;1.5;70;-9.4;6;73.5;2.8;2.37;53.9;61.6;3.1;0
5959;802790688;Servicios;9.6;2.9;21;1.9;7;73.3;22.7;2.27;14.7;25.9;3.8;0
5960;900626488;Manufactura;29.0;20.7;9;0.3;8;69.2;11.1;3.88;65.7;57.8;23.6;0
5961;817735853;Comercio;6.7;3.8;42;-3.8;6;60.5;9.0;4.2;75.5;74.6;6.6;0
5962;922399589;Tecnología;17.7;8.4;18;17.5;6;73.5;4.2;3.47;55.8;54.7;9.2;0
5963;941920270;Comercio;7.5;6.0;16;2.7;5;68.4;11.3;5.12;86.4;59.3;1.7;0
5964;946490768;Servicios;4.2;1.9;18;6.2;4;66.8;23.4;4.18;49.7;50.9;5.3;1
5965;840589168;Comercio;6.6;2.6;35;-4.2;3;46.3;15.0;1.64;59.8;71.5;34.1;1
5966;982235732;Servicios;7.4;2.7;21;7.0;5;77.0;32.5;3.34;41.6;49.8;31.2;1
5967;977803915;Construcción;2.9;2.1;29;30.4;4;52.2;15.5;1.67;53.2;46.4;2.2;0
5968;980703529;Tecnología;9.7;8.4;23;-0.7;1;50.0;4.0;9.01;70.5;74.5;4.2;1
5969;835030317;Servicios;5.1;1.3;10;11.2;4;57.2;21.9;4.32;74.7;69.9;7.6;1
5970;950197189;Comercio;21.2;21.0;5;-15.7;4;76.1;14.8;4.3;50.1;70.5;19.4;0
5971;993903430;Servicios;12.6;9.5;11;5.9;5;62.1;5.0;4.91;49.1;53.0;2.1;0
5972;803931705;Servicios;8.3;3.7;17;1.7;5;68.2;17.9;4.67;90.9;81.9;9.7;0
5973;999139900;Transporte;5.6;2.9;65;-4.6;6;71.5;12.0;2.31;71.7;56.0;1.0;0
5974;934402875;Servicios;9.0;7.8;24;5.4;4;60.3;14.6;2.73;68.9;71.3;0.2;0
5975;964799977;Tecnología;15.1;5.8;174;23.1;4;55.4;23.4;2.52;39.4;48.6;37.0;0
5976;894392606;Servicios;11.5;6.8;6;18.8;6;75.1;19.3;2.04;38.6;49.1;6.7;0
5977;980722488;Servicios;9.0;4.4;11;3.9;9;81.2;5.9;2.59;67.4;74.4;13.7;0
5978;864741849;Servicios;12.4;6.2;38;8.2;0;47.0;20.9;2.31;85.7;86.1;6.4;1
5979;855894247;Construcción;9.1;3.5;20;-5.5;5;68.1;10.4;3.14;54.2;50.0;2.4;0
5980;946702692;Comercio;7.6;7.1;12;-5.8;7;83.4;19.5;2.15;96.3;75.0;10.7;0
5981;951754815;Manufactura;50.0;22.6;18;-0.4;6;79.8;7.0;3.56;73.2;86.2;1.3;0
5982;871990111;Manufactura;2.4;1.6;39;12.0;7;97.1;7.9;3.23;88.1;59.1;4.5;0
5983;953334629;Transporte;6.3;4.9;39;-3.9;5;65.6;1.6;2.84;43.3;46.5;0.2;0
5984;849854790;Manufactura;14.7;11.2;75;-9.6;6;89.0;15.5;3.59;69.6;67.0;3.9;0
5985;923019238;Servicios;13.6;7.0;99;9.9;4;48.8;14.3;2.42;63.3;73.3;8.8;0
5986;808692332;Construcción;7.2;4.8;17;-3.3;2;80.3;13.4;5.4;78.5;64.0;19.3;1
5987;934893206;Comercio;6.3;3.2;39;11.0;5;66.4;4.8;4.0;50.1;38.0;8.8;0
5988;870733544;Transporte;8.9;6.6;34;-3.3;6;75.2;14.4;2.55;62.4;68.2;13.5;0
5989;923640281;Servicios;37.6;24.3;38;7.6;1;53.3;19.9;3.33;77.7;68.9;21.9;0
5990;833963235;Transporte;11.8;6.6;33;6.9;9;100.0;23.8;3.51;74.8;70.1;0.7;0
5991;885333700;Servicios;28.5;26.8;112;11.0;5;54.1;26.8;3.24;36.8;59.2;16.7;0
5992;805797360;Manufactura;6.8;5.7;7;-6.8;6;67.5;3.3;5.12;43.9;47.0;13.4;0
5993;805248274;Comercio;7.0;3.3;16;21.8;5;68.8;8.1;2.51;41.6;60.4;5.9;0
5994;850944839;Transporte;12.5;11.4;9;-28.8;3;70.3;19.4;3.14;73.9;63.1;31.6;0
5995;963026128;Construcción;7.1;3.2;16;9.6;3;60.3;7.9;2.87;91.4;78.7;6.1;1
5996;865377591;Construcción;50.0;39.5;257;2.0;6;77.2;16.2;4.3;64.6;55.8;4.4;0
5997;820913014;Tecnología;1.4;1.3;56;6.6;6;86.1;13.2;3.39;88.9;91.6;3.9;0
5998;961679562;Comercio;9.0;2.1;5;-9.0;4;59.3;21.4;5.51;81.6;91.2;30.3;1
5999;999865484;Comercio;10.9;7.3;19;13.3;7;63.9;20.2;2.56;84.9;93.9;6.5;0
6000;888017754;Servicios;16.4;11.4;7;15.4;4;70.6;2.5;3.79;51.0;59.0;2.8;0
6001;978752107;Transporte;13.8;13.3;7;4.9;1;31.8;5.9;3.75;50.1;55.6;16.7;1
6002;812160744;Comercio;5.3;4.6;40;0.2;0;37.1;9.3;2.83;65.7;50.1;4.0;1
6003;979299885;Tecnología;47.5;37.3;17;-4.2;8;78.2;13.2;2.56;71.1;65.2;1.6;0
6004;950200574;Manufactura;5.6;2.5;15;-1.2;5;65.7;18.5;3.64;68.2;61.3;14.1;0
6005;891645514;Servicios;12.2;8.4;130;-3.9;3;60.9;29.1;4.31;81.0;62.7;3.5;0
6006;987848509;Comercio;10.3;5.9;11;20.6;1;41.6;25.2;4.81;80.3;64.8;2.2;0
6007;820962809;Construcción;23.1;12.5;21;0.6;7;74.8;15.7;4.22;54.7;61.2;15.7;0
6008;933021283;Comercio;50.0;24.7;13;-2.6;4;65.7;19.8;4.03;23.7;45.8;6.5;0
6009;922034581;Construcción;11.0;9.9;30;-1.1;5;65.8;7.5;3.57;22.5;40.2;29.3;0
6010;982974276;Construcción;12.1;5.0;51;17.9;5;82.6;9.4;3.1;19.5;30.3;0.2;0
6011;971560719;Comercio;2.9;2.2;8;14.0;6;79.5;18.6;2.55;76.5;66.1;15.2;0
6012;827762253;Servicios;8.4;5.9;9;-1.2;4;64.2;33.6;5.94;60.8;70.9;3.0;1
6013;888868848;Construcción;3.6;1.3;67;-5.7;3;45.2;18.4;2.87;75.8;74.6;21.8;1
6014;898110902;Comercio;17.6;13.3;27;-13.7;7;79.2;13.1;5.95;66.7;55.0;12.7;0
6015;968809112;Comercio;8.3;3.8;11;-1.4;1;38.3;19.8;6.49;89.9;77.0;7.2;1
6016;877836543;Tecnología;3.2;2.5;102;-0.3;7;84.3;28.4;3.02;52.3;62.7;2.1;0
6017;981552575;Servicios;18.2;9.2;14;8.2;3;58.6;9.2;4.38;80.2;61.7;0.1;0
6018;900805861;Manufactura;4.0;1.9;5;2.9;7;71.5;9.2;3.64;82.9;73.1;6.5;1
6019;892015734;Manufactura;14.8;4.5;13;1.6;6;62.2;23.5;3.39;76.8;77.9;4.7;0
6020;810594787;Transporte;6.5;1.7;44;-7.9;6;81.0;1.5;7.57;55.2;76.6;8.3;0
6021;978841748;Servicios;5.2;4.0;18;17.8;5;75.5;21.5;5.05;52.8;60.4;2.0;0
6022;893625029;Servicios;11.2;9.9;23;-3.0;1;53.9;33.4;4.72;84.9;88.8;16.5;1
6023;801280536;Comercio;5.3;3.8;7;-7.1;6;78.2;5.2;2.83;77.3;67.1;3.2;0
6024;883086984;Servicios;19.2;13.4;22;-7.3;5;62.6;34.9;3.23;80.8;69.1;0.7;1
6025;881506945;Comercio;9.4;2.4;29;24.2;4;67.0;39.4;2.03;75.4;72.2;22.0;1
6026;879544789;Servicios;15.5;5.7;100;-1.7;5;54.1;21.5;3.02;41.7;62.7;16.4;1
6027;920006128;Comercio;15.5;10.7;8;6.0;4;57.7;32.0;1.86;87.4;65.1;29.9;1
6028;804402450;Transporte;18.1;4.4;19;13.6;5;81.0;26.1;2.99;48.9;52.0;11.1;0
6029;929444254;Comercio;10.1;2.7;26;6.2;7;47.4;22.0;5.01;60.7;79.0;0.9;0
6030;996845980;Construcción;5.6;4.9;6;8.7;2;77.7;17.5;2.47;92.4;80.3;0.3;0
6031;952596615;Construcción;3.9;3.6;34;10.5;4;68.5;20.4;4.35;87.6;85.8;5.6;0
6032;953709551;Manufactura;9.0;4.0;5;7.4;6;79.6;14.3;2.85;84.0;63.4;19.9;0
6033;897739582;Manufactura;12.5;12.0;22;9.2;5;56.9;28.5;2.86;85.6;86.4;10.8;0
6034;984387803;Manufactura;37.6;8.3;8;17.1;3;73.6;27.7;4.01;59.6;64.2;5.3;0
6035;879258516;Construcción;4.0;3.7;11;2.3;9;84.7;11.0;2.06;72.6;65.1;3.2;1
6036;985260820;Comercio;3.0;2.2;15;15.9;5;66.2;9.3;3.17;27.6;28.9;8.9;0
6037;911082716;Comercio;13.5;3.7;35;10.7;7;69.3;1.0;4.89;68.4;57.9;29.2;0
6038;934120908;Servicios;4.1;2.7;14;-11.3;3;63.7;10.3;2.13;67.6;82.1;4.3;1
6039;837918047;Transporte;7.0;2.9;125;12.3;5;74.7;13.6;3.27;63.3;67.2;1.5;0
6040;916805965;Servicios;8.0;2.4;52;0.4;1;45.6;42.5;2.49;81.7;83.7;2.4;1
6041;839649145;Construcción;23.9;12.0;20;0.8;8;74.1;9.1;2.29;40.2;30.3;4.3;0
6042;834024524;Servicios;13.0;4.0;216;5.1;6;62.4;5.3;2.76;57.4;70.8;3.7;0
6043;874510263;Transporte;10.2;5.3;32;-11.5;6;70.7;24.5;1.78;68.2;82.7;5.0;0
6044;829586127;Servicios;6.8;3.4;18;7.4;3;58.8;13.5;4.97;61.0;50.6;5.4;1
6045;871007340;Construcción;16.0;8.3;72;1.9;7;68.6;11.2;5.4;89.2;78.7;18.6;0
6046;863353677;Tecnología;13.1;4.2;21;15.2;7;81.8;33.2;3.27;66.0;58.3;10.9;0
6047;974262196;Servicios;16.3;3.5;32;19.7;5;67.5;23.6;8.49;52.6;38.4;28.3;0
6048;832565212;Comercio;13.9;8.2;30;9.2;8;84.7;25.3;4.47;78.5;71.5;30.9;0
6049;899902281;Comercio;6.7;4.9;15;6.8;6;55.6;14.0;3.23;70.6;60.5;0.2;0
6050;860612994;Comercio;8.6;7.7;22;19.7;5;70.1;18.2;1.81;74.6;66.7;14.1;0
6051;901262030;Servicios;2.4;0.8;82;18.1;4;55.4;19.9;1.48;81.5;73.1;1.4;0
6052;817099997;Servicios;25.4;6.0;10;-10.3;6;65.9;35.1;5.15;55.9;59.7;1.0;1
6053;854666891;Comercio;12.6;12.3;17;18.8;7;82.6;10.8;3.19;29.7;43.5;37.4;0
6054;814418359;Comercio;12.3;8.4;32;19.4;3;61.0;8.8;4.22;24.2;41.5;10.8;0
6055;991360738;Comercio;4.5;1.3;53;-1.3;5;55.1;13.1;1.93;67.7;62.2;1.7;1
6056;946869288;Manufactura;12.6;3.7;52;1.8;7;90.9;2.3;2.26;70.0;79.8;5.1;0
6057;857127433;Tecnología;2.0;1.0;26;-1.4;7;75.1;19.6;3.79;75.7;59.2;35.0;0
6058;936441160;Servicios;7.2;4.9;5;3.9;4;63.4;19.0;2.31;31.8;55.0;14.0;0
6059;967618926;Comercio;4.1;1.3;111;-12.0;2;68.2;16.2;2.69;55.2;52.9;2.2;1
6060;847989025;Comercio;14.2;13.2;122;5.9;4;79.3;8.4;4.21;65.9;70.2;10.5;0
6061;886418736;Construcción;12.9;5.5;20;-6.6;6;77.3;7.0;5.19;98.4;85.4;1.3;0
6062;939375346;Transporte;8.9;8.8;18;-0.7;5;67.7;16.3;2.32;80.6;81.0;3.9;0
6063;999027583;Comercio;7.8;2.8;56;2.9;6;52.5;6.7;2.91;65.8;70.0;0.1;0
6064;815699554;Construcción;18.8;13.3;28;15.1;3;52.1;18.8;3.82;65.1;83.1;43.5;0
6065;859636061;Servicios;8.1;6.1;11;-2.6;4;54.2;17.1;4.58;25.8;40.2;0.1;1
6066;927140760;Tecnología;3.6;3.3;112;12.8;5;78.4;33.1;3.92;59.8;52.6;3.4;0
6067;977418602;Comercio;10.9;8.1;93;23.2;5;81.5;21.2;4.95;61.1;48.7;10.6;0
6068;855708230;Servicios;8.1;7.7;10;7.3;4;51.1;16.0;3.41;27.0;41.6;9.1;1
6069;884895306;Servicios;14.9;9.2;5;0.8;6;78.8;16.4;3.4;88.5;79.9;0.4;0
6070;864114137;Comercio;3.9;3.0;56;-1.5;7;63.1;28.6;3.56;76.3;84.1;1.3;1
6071;808816057;Servicios;26.1;22.4;9;12.4;1;51.8;14.6;2.39;57.5;49.8;4.5;0
6072;823452633;Comercio;3.5;2.5;6;-0.8;4;61.2;7.8;4.27;31.4;52.9;5.6;1
6073;892861181;Construcción;8.7;6.6;21;1.6;4;48.9;19.4;2.13;73.0;81.6;8.8;0
6074;910439184;Servicios;8.5;7.8;24;6.6;4;63.6;9.6;3.52;59.2;43.5;5.7;0
6075;821572577;Tecnología;8.9;7.0;9;-0.8;7;88.3;36.5;2.32;60.9;71.7;5.4;0
6076;861436543;Servicios;12.3;2.8;31;15.5;5;72.0;24.6;2.91;57.4;55.1;1.2;1
6077;954428421;Manufactura;5.2;3.7;52;0.4;2;38.6;11.2;3.37;75.5;55.1;4.3;1
6078;854321424;Servicios;50.0;38.2;5;17.5;4;77.7;16.5;2.22;51.0;50.5;1.6;0
6079;969168882;Servicios;23.4;11.5;6;4.8;3;57.6;3.8;4.48;45.5;55.9;38.8;0
6080;921003548;Transporte;41.4;41.2;14;-1.0;4;75.1;30.3;2.32;42.8;31.1;3.0;0
6081;989377417;Comercio;2.2;1.0;9;4.1;5;65.2;24.4;2.97;60.7;73.6;5.8;0
6082;912911341;Servicios;3.6;2.6;21;-2.1;2;55.1;38.8;2.88;25.9;34.1;0.1;1
6083;830252121;Comercio;33.9;13.4;50;-5.8;4;63.0;9.2;4.6;69.2;52.8;3.6;0
6084;928289683;Servicios;6.3;2.6;32;0.5;3;45.1;8.4;2.71;54.3;68.4;0.4;1
6085;906209193;Comercio;4.8;3.0;25;0.5;6;73.7;1.9;2.45;65.9;72.7;18.1;0
6086;963006454;Comercio;2.8;0.6;45;-4.2;0;66.9;18.3;3.75;55.5;45.0;1.2;1
6087;853657440;Manufactura;16.2;8.3;5;-4.1;4;74.2;1.4;5.26;70.9;70.3;2.2;0
6088;958925744;Transporte;1.8;1.3;51;-3.3;4;57.8;11.3;3.19;66.3;71.0;4.6;0
6089;896204784;Manufactura;7.1;6.3;73;9.8;9;85.6;14.2;4.55;46.6;49.2;9.8;0
6090;960829762;Construcción;11.3;6.5;112;18.6;2;48.2;15.5;3.71;70.2;63.3;12.0;0
6091;852794329;Tecnología;8.7;8.1;5;-1.6;2;48.4;22.8;4.97;41.8;59.1;8.0;1
6092;813456236;Servicios;2.8;1.9;19;-1.1;6;82.6;25.6;1.27;47.2;52.2;12.9;0
6093;946067036;Comercio;7.6;2.6;6;-8.4;5;89.1;21.0;4.63;71.4;73.5;11.9;0
6094;934088852;Servicios;14.4;14.0;34;11.6;5;53.7;14.5;5.72;37.4;58.2;0.1;0
6095;895428885;Construcción;10.5;8.6;15;1.6;8;86.3;17.3;2.83;53.2;70.8;22.1;0
6096;817191028;Transporte;7.0;4.0;41;26.4;5;78.7;6.4;3.54;95.6;82.4;2.3;0
6097;821418489;Comercio;4.6;1.0;11;16.3;5;66.5;15.7;2.4;41.1;47.2;21.7;0
6098;964179381;Servicios;9.8;8.5;34;2.7;0;21.0;4.8;3.05;42.2;52.2;19.7;0
6099;923222518;Construcción;10.3;5.8;7;11.2;6;85.2;4.4;2.24;56.6;70.1;15.9;0
6100;970638834;Servicios;3.9;2.1;14;-3.7;4;56.2;20.6;3.27;52.5;73.4;2.3;0
6101;944036799;Servicios;13.6;7.7;21;-5.6;7;75.3;20.8;2.83;39.1;48.5;21.3;0
6102;898847645;Servicios;6.3;1.6;129;-2.8;7;89.5;35.3;3.73;80.6;60.1;16.3;0
6103;881758485;Servicios;45.6;40.2;40;-6.1;3;65.6;8.9;2.1;22.0;34.0;0.2;0
6104;867259698;Servicios;4.4;3.5;23;11.4;6;51.6;7.1;4.94;50.8;56.5;3.8;0
6105;839362237;Servicios;10.5;9.5;23;14.2;0;46.2;10.1;5.91;71.8;58.1;1.4;1
6106;861777526;Tecnología;5.9;2.1;11;6.0;7;71.1;2.8;2.82;30.0;54.6;1.4;0
6107;937800948;Servicios;13.8;13.6;14;7.1;6;64.4;21.4;3.86;44.6;50.3;9.0;0
6108;846278194;Servicios;7.7;6.4;22;0.3;6;65.9;14.1;2.27;67.2;49.8;6.4;1
6109;801024829;Construcción;8.5;4.0;32;-8.6;3;48.0;27.0;2.64;49.5;41.4;0.8;1
6110;868112866;Manufactura;42.8;34.4;9;12.5;7;79.2;16.4;4.27;55.4;50.6;33.6;0
6111;843315253;Servicios;6.3;5.2;121;3.6;3;66.0;17.7;4.42;62.6;48.3;11.1;0
6112;989964303;Servicios;6.0;6.0;12;18.7;5;84.2;10.7;4.42;63.4;63.3;14.1;0
6113;841763449;Servicios;4.4;4.4;15;5.4;5;79.5;7.1;4.53;90.4;67.1;0.6;0
6114;949588378;Servicios;10.0;3.0;21;6.8;7;74.9;37.9;3.23;51.7;54.5;7.1;1
6115;894286227;Servicios;12.1;7.6;23;18.6;3;66.2;11.4;4.14;66.4;57.5;2.9;1
6116;875403203;Construcción;11.7;3.0;12;0.3;6;73.0;12.5;3.17;42.6;39.8;2.2;1
6117;926222084;Manufactura;30.0;25.5;6;3.9;2;41.2;29.3;2.39;66.2;68.6;17.7;1
6118;900684306;Manufactura;19.4;14.2;8;15.3;9;93.6;25.8;2.46;68.0;76.3;18.9;0
6119;882967150;Manufactura;17.2;13.7;38;12.0;3;56.2;15.0;8.65;31.2;52.8;0.7;0
6120;921953113;Comercio;11.5;6.9;8;-0.2;5;76.4;14.0;6.08;42.0;38.5;1.4;0
6121;909161334;Transporte;6.6;3.1;40;20.3;9;91.2;20.2;3.36;89.4;82.1;23.6;0
6122;903600374;Transporte;4.0;0.8;16;1.7;4;67.5;10.6;3.79;74.8;59.4;12.8;0
6123;934088284;Comercio;6.0;1.6;95;-18.0;6;65.8;30.9;3.74;75.5;66.4;0.9;1
6124;864253277;Transporte;10.2;4.8;33;13.2;1;67.1;41.5;2.51;72.1;53.3;10.9;1
6125;994910988;Construcción;5.0;2.7;26;16.1;5;59.9;30.1;3.96;32.1;40.3;13.0;1
6126;882027205;Servicios;4.0;3.6;23;0.2;6;81.6;42.2;3.47;44.9;54.7;13.3;1
6127;982122137;Servicios;17.5;15.0;11;-3.7;8;87.1;9.8;2.8;38.4;42.3;29.6;0
6128;976520275;Servicios;5.5;4.2;12;-9.2;4;56.0;17.4;3.77;50.9;51.3;16.0;1
6129;930197976;Comercio;13.9;11.2;12;0.1;6;75.7;1.9;3.1;68.1;71.8;12.2;0
6130;957554358;Manufactura;9.7;7.9;30;11.4;5;66.0;4.9;2.34;82.0;56.5;5.5;0
6131;998822821;Transporte;8.6;7.6;16;5.7;2;51.0;34.6;2.51;47.8;54.9;0.0;1
6132;903839640;Servicios;15.4;8.8;12;1.6;3;66.8;2.7;5.2;33.2;46.9;2.3;0
6133;853700486;Comercio;6.1;5.1;139;19.8;8;93.7;7.1;4.03;86.6;85.9;4.4;0
6134;983718638;Servicios;5.5;1.5;60;-3.4;4;65.5;17.5;3.45;41.4;42.6;8.0;0
6135;808198435;Servicios;11.7;11.5;44;13.8;5;68.5;16.2;2.55;56.4;64.3;16.9;0
6136;867262631;Comercio;7.8;6.6;15;11.9;4;59.6;24.9;3.65;57.2;53.1;2.9;0
6137;946658811;Comercio;3.2;2.1;17;6.9;7;83.9;5.8;3.19;64.9;55.8;1.6;0
6138;971758453;Manufactura;9.5;5.3;76;8.9;2;58.7;23.1;3.79;95.1;70.4;11.0;1
6139;831858299;Comercio;2.2;1.9;97;-7.9;6;63.0;19.3;3.87;63.5;60.2;0.7;0
6140;937478076;Comercio;9.0;3.4;11;2.9;0;44.6;31.8;1.59;88.7;79.2;6.2;1
6141;835572392;Servicios;14.7;10.0;40;-10.1;4;53.9;4.2;3.34;24.5;56.8;25.5;0
6142;962982173;Servicios;6.8;6.3;13;14.7;7;70.9;26.8;2.11;84.1;78.7;9.6;0
6143;948964150;Comercio;4.6;4.0;68;11.0;6;59.5;28.3;2.66;64.7;55.3;8.5;0
6144;873079304;Servicios;27.4;10.7;6;7.6;10;93.1;21.3;4.04;21.5;30.8;9.3;0
6145;999148371;Manufactura;17.8;12.9;101;-8.0;3;46.3;38.3;4.28;37.4;59.6;5.1;1
6146;872201899;Construcción;6.6;5.3;7;4.5;4;66.3;19.0;4.97;32.8;24.4;5.0;0
6147;852373563;Servicios;12.2;10.4;112;-1.2;4;59.5;8.8;1.49;98.2;87.3;7.8;0
6148;947249061;Comercio;11.3;10.1;12;6.3;6;73.4;12.7;2.08;63.8;72.6;1.7;0
6149;824919150;Servicios;1.4;1.4;23;-8.2;4;51.5;11.8;1.4;19.1;39.4;18.2;1
6150;931067495;Servicios;3.2;2.0;55;2.3;7;82.0;28.6;6.85;14.0;34.1;8.2;0
6151;860771852;Manufactura;12.5;8.7;23;24.7;3;52.6;15.5;1.5;44.2;39.1;15.8;0
6152;960759753;Manufactura;5.5;3.8;16;15.1;4;58.8;8.2;4.36;85.8;69.7;38.7;1
6153;908985278;Transporte;12.9;7.9;16;11.9;0;54.6;1.4;4.78;59.1;64.9;12.3;1
6154;917418815;Comercio;9.6;3.7;15;10.7;6;78.9;10.3;3.81;77.6;53.9;13.9;0
6155;990387120;Manufactura;27.4;15.0;35;7.1;0;55.7;7.8;3.8;35.4;53.6;8.2;1
6156;981628150;Transporte;5.5;3.7;18;8.7;4;56.6;16.0;3.43;77.1;52.9;25.4;0
6157;891301316;Servicios;11.9;9.1;16;-9.4;5;75.3;31.4;2.7;60.1;56.5;17.7;1
6158;886240803;Comercio;10.7;6.4;28;10.7;10;100.0;33.2;2.63;83.6;83.9;16.7;0
6159;941371852;Comercio;5.2;3.1;111;1.1;2;63.6;18.6;4.36;31.8;34.0;11.6;0
6160;814621330;Construcción;5.1;1.9;16;8.7;0;46.8;14.7;1.64;37.8;41.7;22.9;1
6161;801828973;Construcción;4.2;3.1;50;16.5;6;75.2;22.4;6.3;75.4;62.5;24.0;0
6162;803355682;Comercio;7.4;2.2;9;9.7;5;76.7;8.0;3.23;77.6;48.7;3.3;0
6163;867349446;Transporte;8.8;3.3;135;-2.8;6;85.7;11.7;3.56;70.9;57.9;23.2;0
6164;822278674;Servicios;12.4;8.2;21;-1.3;4;53.0;6.6;6.71;54.7;56.8;6.7;1
6165;919615361;Servicios;10.7;3.0;51;-1.1;4;42.8;13.3;2.34;66.1;55.1;1.9;1
6166;928420842;Manufactura;7.9;5.1;97;-2.8;2;51.8;20.6;3.33;57.9;51.2;12.7;1
6167;919724650;Servicios;10.5;3.9;33;23.3;5;60.0;20.6;2.63;33.0;39.4;11.5;1
6168;968551366;Transporte;7.6;3.2;21;-8.6;2;44.9;3.2;2.16;65.0;74.8;0.1;1
6169;969637005;Manufactura;5.0;1.5;28;7.8;4;63.4;8.7;3.17;81.4;63.7;0.7;0
6170;902232024;Comercio;8.2;3.2;63;20.2;4;58.1;7.5;3.61;37.7;55.2;14.2;0
6171;803907882;Servicios;16.7;12.8;29;-12.9;3;56.3;15.1;3.66;35.1;39.3;7.7;1
6172;809013874;Servicios;4.2;1.5;7;-1.3;4;56.5;31.0;2.66;12.3;20.5;13.9;1
6173;826973143;Comercio;1.4;1.2;12;9.0;1;44.1;28.8;1.62;71.1;83.5;7.9;1
6174;918044502;Comercio;4.2;4.2;40;3.9;9;68.1;18.0;4.83;59.1;68.7;13.1;0
6175;851830683;Servicios;4.0;1.0;5;-4.3;5;81.2;21.8;5.02;89.4;95.3;10.3;0
6176;947854098;Construcción;3.2;1.9;52;7.6;0;49.1;18.8;4.2;30.6;35.1;11.7;1
6177;803226210;Servicios;5.5;2.1;46;3.0;5;49.7;33.6;3.96;32.1;35.3;6.5;1
6178;994113273;Comercio;6.4;3.2;137;12.3;1;32.5;32.3;2.05;68.3;75.6;22.0;0
6179;879511360;Comercio;10.0;8.8;37;11.6;3;63.8;22.4;3.48;51.8;48.7;7.0;0
6180;904035505;Comercio;4.3;1.3;45;2.4;5;67.3;2.3;4.72;72.8;64.6;1.0;0
6181;950021303;Comercio;24.7;11.6;34;22.5;7;82.2;6.6;2.75;10.1;45.7;4.6;0
6182;859209325;Construcción;2.4;1.3;19;2.2;3;79.2;16.6;5.01;62.3;52.1;10.9;1
6183;922642898;Comercio;28.2;11.4;19;7.9;7;89.7;5.9;2.29;48.0;61.0;22.8;0
6184;993234487;Transporte;4.7;2.0;6;-4.3;2;73.7;27.3;2.79;47.0;47.5;8.2;1
6185;813438913;Tecnología;5.7;1.6;45;7.4;3;55.8;24.8;2.15;61.3;60.4;1.2;1
6186;839072580;Comercio;2.0;0.8;22;-0.8;3;67.2;36.2;1.62;49.5;56.1;50.0;1
6187;864032635;Construcción;11.1;3.2;105;5.4;5;80.2;18.3;3.95;96.2;66.1;0.9;0
6188;915596421;Comercio;20.9;20.2;34;1.6;4;75.4;12.4;4.68;67.0;63.3;11.8;0
6189;841131444;Comercio;20.4;4.8;18;7.4;4;48.6;3.7;4.99;63.6;70.3;20.4;0
6190;899747912;Servicios;18.6;8.1;15;15.0;5;77.6;16.0;2.67;44.5;48.0;0.3;0
6191;908779697;Servicios;4.8;1.0;28;5.6;10;82.0;10.2;6.89;60.6;65.4;23.2;0
6192;925776539;Servicios;25.1;8.5;31;7.1;3;56.2;9.5;2.67;66.4;59.0;10.4;0
6193;936489330;Servicios;8.7;3.1;11;10.4;3;69.9;32.8;2.78;43.8;38.8;18.5;1
6194;834867783;Construcción;9.2;8.6;86;6.7;7;76.6;11.1;3.81;44.0;56.1;20.1;0
6195;867829366;Servicios;10.6;2.6;6;2.4;6;93.3;35.7;3.82;76.1;80.2;7.9;0
6196;847483193;Servicios;2.6;1.3;36;-9.8;8;75.2;19.6;2.29;51.3;65.7;7.2;1
6197;819057417;Servicios;16.5;16.3;36;14.9;9;69.8;35.1;2.93;31.4;45.0;50.0;0
6198;934649121;Comercio;5.7;4.7;29;-5.5;5;68.9;19.8;7.58;85.1;67.6;1.3;0
6199;930173377;Construcción;19.9;6.4;50;-2.9;7;56.6;13.9;3.06;36.2;41.0;0.7;0
6200;979569343;Servicios;13.2;5.5;38;0.0;3;69.8;12.8;4.29;76.1;79.6;0.1;1
6201;956970510;Transporte;9.2;8.6;15;-11.3;6;83.0;14.7;4.28;54.0;55.7;0.3;0
6202;862256928;Transporte;3.1;3.1;76;12.0;5;79.8;19.3;2.83;59.7;43.7;5.8;0
6203;873697477;Construcción;32.9;16.4;11;19.3;3;77.3;25.0;2.97;75.1;64.7;6.3;0
6204;883291614;Comercio;6.6;2.7;5;9.7;8;59.3;30.1;4.13;89.3;74.7;20.8;0
6205;932379899;Construcción;5.7;1.6;66;6.8;6;67.4;10.9;1.75;51.5;61.4;31.5;0
6206;828459833;Servicios;11.1;9.5;25;10.8;2;56.4;0.9;3.43;84.3;57.7;1.7;0
6207;916926868;Servicios;23.5;6.4;27;5.7;9;93.4;11.4;2.64;95.5;78.7;2.4;0
6208;810536330;Servicios;16.8;9.8;40;5.4;4;63.2;8.0;3.87;11.6;24.0;3.2;1
6209;925795457;Servicios;11.2;7.6;22;-8.8;5;53.6;35.1;2.96;37.7;47.5;10.8;1
6210;941211716;Comercio;3.2;2.1;75;-1.6;6;77.7;12.4;3.63;66.3;68.2;0.1;0
6211;852789268;Servicios;11.3;5.0;86;8.2;5;78.1;20.8;1.86;7.9;49.5;4.3;0
6212;927788962;Tecnología;12.1;9.8;6;-2.4;4;56.6;20.2;2.85;24.2;45.8;1.1;0
6213;841770814;Manufactura;3.5;3.0;44;4.1;0;41.3;39.9;5.81;35.6;42.7;13.7;1
6214;808744212;Servicios;21.4;7.9;9;13.2;6;75.1;12.1;3.71;85.9;83.9;1.2;0
6215;920173658;Comercio;10.8;3.5;26;3.9;6;72.6;9.2;3.1;94.6;59.3;16.4;0
6216;815688203;Servicios;7.2;3.7;49;-10.6;4;63.8;20.3;2.09;75.3;74.0;1.6;1
6217;912712542;Comercio;23.1;15.4;48;-2.1;5;56.6;17.5;3.27;83.5;70.2;50.0;0
6218;889012511;Transporte;10.6;7.5;29;10.3;7;69.1;4.6;5.01;89.2;75.4;8.2;0
6219;844001392;Servicios;8.5;6.1;25;-6.7;7;92.1;8.0;2.84;84.7;56.4;2.1;0
6220;885762772;Servicios;4.8;2.7;27;-2.7;6;76.0;12.5;3.7;60.6;69.9;16.1;0
6221;827756697;Servicios;14.4;10.7;9;-3.4;3;58.5;13.6;2.4;83.5;76.2;0.9;0
6222;804376593;Comercio;23.0;6.0;11;6.2;8;87.3;31.8;2.78;92.2;66.8;16.2;0
6223;846390967;Servicios;10.7;10.6;347;3.9;4;62.2;20.6;3.57;67.6;63.2;1.1;0
6224;907223491;Comercio;4.2;3.1;27;16.6;7;62.4;27.4;4.02;78.8;55.4;0.6;1
6225;988795207;Servicios;9.2;8.7;5;10.2;4;41.1;9.0;3.22;52.9;58.6;5.9;0
6226;971458812;Construcción;12.8;10.8;13;3.4;6;56.6;5.8;2.61;37.9;62.0;6.4;0
6227;976367950;Servicios;8.3;4.7;11;13.9;4;50.4;11.7;2.06;48.1;52.7;2.0;0
6228;948842329;Comercio;15.7;8.1;16;9.6;6;67.2;3.6;2.96;56.6;75.7;0.5;0
6229;819933743;Servicios;6.3;2.3;43;8.8;1;46.9;25.0;5.98;75.5;83.2;1.2;1
6230;877807154;Servicios;8.2;7.0;40;14.9;6;90.7;7.7;4.11;76.9;73.3;0.5;0
6231;867927171;Comercio;19.2;17.5;168;8.8;4;45.3;29.4;6.35;36.4;45.2;27.6;0
6232;931456294;Manufactura;8.0;4.4;21;-22.0;6;53.7;32.9;3.25;67.6;60.5;6.7;1
6233;909602639;Servicios;5.0;3.0;13;4.7;5;56.9;17.8;4.23;51.2;64.6;4.2;1
6234;854104025;Servicios;20.1;4.6;99;21.4;3;50.1;22.5;3.32;70.5;51.5;10.5;0
6235;907299456;Comercio;20.8;11.5;25;-0.8;0;36.7;20.0;3.89;77.5;78.7;29.2;0
6236;974759420;Tecnología;2.2;1.7;58;-7.0;5;65.8;48.0;2.79;65.9;73.1;6.1;1
6237;821306530;Comercio;15.5;4.9;47;-6.2;5;79.1;15.9;4.13;82.9;76.6;6.3;1
6238;811951541;Manufactura;5.6;2.4;15;13.8;9;96.1;29.7;1.88;55.1;63.5;4.1;0
6239;968620521;Manufactura;9.0;3.0;27;-1.9;7;58.1;3.7;2.97;58.8;80.7;2.7;0
6240;875670580;Servicios;6.7;4.7;46;31.3;4;76.2;11.1;4.33;97.5;74.1;13.6;0
6241;919876819;Servicios;24.1;14.7;20;-1.6;2;58.0;30.1;2.74;78.7;70.7;8.0;0
6242;884574631;Transporte;10.1;4.7;112;10.2;5;58.1;10.1;4.54;59.2;48.0;0.4;0
6243;866635698;Construcción;7.2;6.0;68;10.0;4;49.1;23.4;3.95;18.1;21.5;9.4;0
6244;887895013;Servicios;9.1;6.5;55;-11.0;3;80.6;45.2;1.65;87.5;79.4;0.4;1
6245;996961997;Manufactura;9.3;7.6;37;5.5;2;44.6;15.2;2.29;38.5;57.3;0.3;1
6246;864718005;Servicios;13.5;11.9;17;6.6;4;61.8;8.1;2.41;40.2;45.2;9.8;0
6247;936049837;Servicios;8.1;3.8;190;-1.2;5;64.3;15.8;5.2;76.4;72.7;14.2;0
6248;966043083;Comercio;1.3;1.2;66;21.5;3;56.7;8.1;3.86;80.3;81.6;2.5;0
6249;846921386;Comercio;10.4;2.5;11;-0.3;5;63.6;7.9;3.74;84.9;75.5;28.4;0
6250;853463032;Transporte;9.3;8.8;12;20.4;1;65.8;13.5;3.48;57.6;67.4;5.1;0
6251;963767134;Comercio;4.4;2.4;34;-4.8;4;55.6;39.6;3.97;27.8;53.8;9.6;1
6252;804090055;Transporte;21.7;5.1;27;7.6;8;75.7;7.1;4.19;34.7;59.4;1.3;0
6253;859540663;Servicios;14.3;9.4;11;11.6;7;81.9;2.8;4.26;76.0;63.0;4.3;0
6254;893569921;Manufactura;9.1;8.0;90;5.8;7;78.8;8.6;2.75;86.5;69.0;24.4;0
6255;961191612;Servicios;17.7;16.9;19;25.3;4;50.9;12.0;2.21;46.2;40.7;12.6;0
6256;990508533;Servicios;8.4;5.3;41;3.3;2;60.9;28.4;4.29;94.8;85.3;25.7;0
6257;961431951;Manufactura;13.7;10.8;6;2.8;9;90.3;17.1;2.55;72.2;65.8;20.9;0
6258;963276965;Servicios;17.8;13.3;44;-4.6;5;71.9;29.5;2.81;66.8;64.1;1.6;1
6259;958863782;Comercio;14.5;5.9;15;-9.3;5;83.5;7.3;4.93;74.0;76.3;41.4;1
6260;991497206;Servicios;3.8;3.1;28;2.0;3;48.6;9.8;1.88;36.4;62.1;20.9;1
6261;979336125;Manufactura;8.4;5.1;23;0.8;4;57.3;3.5;2.66;74.8;82.0;10.2;0
6262;954424207;Manufactura;6.2;2.2;8;-5.3;7;85.9;14.8;2.92;58.1;61.5;18.9;1
6263;838199447;Servicios;4.5;1.2;230;-4.5;7;75.2;1.2;3.03;44.9;55.3;7.4;0
6264;969113857;Manufactura;8.5;6.5;23;7.2;3;55.3;13.9;2.24;54.3;60.6;8.0;1
6265;957252093;Comercio;2.6;2.5;49;-5.8;6;78.3;11.8;5.75;56.3;54.2;11.1;1
6266;845411115;Comercio;11.7;6.5;11;-5.6;4;84.3;34.5;2.53;27.0;37.4;28.7;1
6267;882760569;Comercio;13.9;4.0;6;3.4;3;67.8;6.5;2.59;52.5;52.3;1.9;1
6268;834918036;Manufactura;10.4;2.2;11;8.0;1;58.9;13.4;2.45;66.4;55.0;5.4;1
6269;977178217;Construcción;14.0;6.0;48;-1.3;4;70.2;22.0;2.02;40.4;46.9;1.7;0
6270;871178720;Transporte;10.6;9.3;21;8.4;2;47.0;7.0;2.59;51.0;56.9;4.1;0
6271;877706528;Construcción;16.4;7.3;7;6.8;5;75.5;5.6;3.27;43.7;62.7;7.4;0
6272;925784873;Manufactura;6.4;5.5;9;16.9;5;63.4;19.0;5.48;56.1;40.7;16.5;0
6273;912291010;Servicios;23.4;23.2;6;9.8;7;87.0;7.9;5.32;83.5;82.7;15.4;0
6274;894981481;Construcción;10.8;4.6;9;-19.6;7;78.4;36.4;4.29;23.6;35.4;7.5;1
6275;893668331;Comercio;2.3;1.7;53;17.0;7;69.3;34.8;6.29;49.2;65.7;0.2;0
6276;862441155;Comercio;14.9;6.8;72;2.7;4;55.4;3.6;2.28;46.8;62.4;0.7;1
6277;950762109;Servicios;14.3;3.9;8;3.0;5;49.5;10.3;1.86;29.7;30.1;8.8;1
6278;886599425;Comercio;17.6;9.4;107;13.6;7;84.5;20.2;3.38;67.5;66.3;3.6;0
6279;993855277;Servicios;9.9;7.9;21;6.7;2;52.4;20.4;4.86;68.8;61.0;1.3;1
6280;995892570;Servicios;6.5;5.8;17;-1.2;6;57.3;7.1;1.79;55.1;65.5;7.3;1
6281;860033471;Construcción;7.9;5.4;50;-1.8;3;65.6;27.5;4.28;25.1;38.8;10.0;1
6282;832183281;Comercio;6.3;3.0;80;11.9;1;49.0;10.6;3.59;55.4;77.3;0.8;0
6283;949649054;Servicios;25.2;15.0;50;4.2;5;76.2;6.8;1.92;62.9;54.4;1.3;0
6284;880872119;Servicios;4.2;3.7;10;-0.2;6;54.6;14.4;4.47;32.5;43.0;17.8;1
6285;979189506;Comercio;6.2;5.2;82;2.9;2;34.2;11.9;1.62;50.4;46.9;3.2;1
6286;934597421;Servicios;11.8;2.9;116;-1.6;4;42.2;9.6;3.51;42.9;61.7;1.1;0
6287;963803478;Comercio;7.0;6.5;27;3.8;3;44.6;23.0;4.96;53.3;38.9;6.7;0
6288;996649690;Servicios;5.3;4.0;5;15.4;7;81.7;12.7;3.35;73.2;80.4;23.6;0
6289;945042120;Servicios;9.8;6.4;54;18.5;2;44.2;23.1;3.81;19.5;27.9;46.9;1
6290;830011145;Comercio;2.8;1.3;56;-18.6;5;74.6;27.6;1.56;59.2;48.6;1.0;1
6291;845068420;Servicios;5.0;3.2;23;17.6;4;51.5;22.7;3.03;58.9;60.8;3.8;1
6292;880675989;Servicios;14.7;7.0;11;2.0;6;92.2;17.2;3.84;31.1;41.5;15.5;0
6293;922323260;Manufactura;4.5;2.1;37;-5.0;6;57.0;24.3;5.31;41.0;56.3;2.8;0
6294;957387464;Comercio;17.4;12.5;82;13.1;8;93.4;12.9;2.24;55.9;72.9;50.0;0
6295;818995284;Servicios;14.5;6.6;15;7.4;0;41.9;11.6;3.96;81.4;65.4;5.1;0
6296;924263767;Servicios;3.6;0.7;68;4.4;4;84.8;29.1;3.33;95.1;91.9;50.0;0
6297;853231515;Construcción;8.6;2.7;134;11.8;6;80.5;14.5;4.25;70.9;48.9;15.6;0
6298;807913427;Comercio;5.5;1.6;45;9.9;2;46.7;13.9;3.42;45.9;49.3;2.0;0
6299;801589313;Servicios;2.5;1.1;25;7.8;1;61.6;9.8;4.0;73.6;55.8;1.2;1
6300;800826516;Transporte;8.7;4.4;28;0.3;9;78.8;10.8;3.53;60.9;62.7;13.6;0
6301;847941329;Servicios;3.8;2.0;52;14.8;1;54.3;4.7;4.22;29.4;52.7;9.0;0
6302;993976246;Servicios;10.2;8.4;43;14.4;1;46.6;37.9;3.36;79.9;77.8;34.5;0
6303;871856619;Servicios;4.1;1.7;10;-1.1;5;55.5;16.6;3.13;52.5;50.9;3.0;1
6304;870428892;Servicios;12.9;2.8;14;19.3;6;58.4;32.2;2.64;42.2;50.6;0.1;1
6305;890272215;Transporte;37.5;19.6;33;1.1;6;69.6;13.2;2.72;75.0;63.6;6.7;0
6306;911029991;Servicios;4.6;4.0;117;12.4;4;62.0;7.1;2.35;88.3;92.9;6.8;0
6307;888509590;Manufactura;21.3;14.7;48;11.4;1;56.2;21.6;3.05;55.6;72.7;12.1;0
6308;850499267;Construcción;8.6;7.7;30;8.6;0;57.1;29.5;3.15;28.3;39.2;0.9;1
6309;925697546;Servicios;13.3;11.7;9;1.4;2;43.1;33.6;2.01;57.9;57.6;15.5;1
6310;892870440;Servicios;21.8;12.0;5;-4.3;4;66.1;41.7;3.08;32.2;54.6;7.8;1
6311;929065147;Transporte;15.9;10.4;15;9.7;5;74.4;23.2;3.39;44.1;36.9;1.8;0
6312;990104437;Manufactura;17.9;7.7;24;-0.0;3;51.6;20.9;3.6;47.7;56.4;1.8;0
6313;918099574;Servicios;34.2;25.1;97;2.8;2;54.2;27.8;2.43;19.1;26.6;7.0;1
6314;810195862;Transporte;15.1;11.5;14;5.6;4;53.5;31.0;2.47;66.1;48.7;50.0;1
6315;945834049;Comercio;6.5;4.4;25;6.4;5;69.3;7.7;5.46;35.8;27.3;7.5;0
6316;833035676;Transporte;8.3;2.0;15;14.5;6;73.4;26.8;3.25;49.2;59.8;7.0;0
6317;985740143;Servicios;5.3;3.1;30;9.2;3;58.5;9.3;5.28;55.4;74.0;10.3;0
6318;948990990;Construcción;18.5;13.6;12;-12.1;6;66.1;7.2;5.25;80.2;67.2;2.7;0
6319;815481337;Comercio;8.8;7.6;22;-5.7;4;56.4;17.0;2.91;78.2;87.5;7.7;0
6320;928748769;Comercio;14.1;4.2;48;-3.1;2;49.0;24.3;3.73;66.5;89.4;12.3;1
6321;883148523;Transporte;32.6;26.0;27;10.6;3;43.5;1.4;3.93;43.6;36.1;14.3;0
6322;879678217;Servicios;5.6;5.2;86;6.7;6;64.4;17.1;1.69;67.9;68.5;1.7;1
6323;930249958;Servicios;3.8;1.5;58;6.7;5;93.9;12.8;2.61;28.1;59.3;24.8;0
6324;970619612;Manufactura;20.6;6.0;15;1.6;4;72.9;8.9;4.38;53.5;53.7;5.8;0
6325;906136924;Construcción;7.7;5.0;118;-2.8;6;69.0;26.5;2.92;75.8;70.0;4.8;1
6326;872660384;Servicios;3.0;2.3;18;7.9;6;49.5;19.4;3.84;44.1;56.4;1.3;0
6327;904175714;Comercio;11.7;4.4;28;3.0;6;59.8;30.9;3.8;85.2;77.5;3.0;0
6328;993221464;Servicios;11.6;5.9;77;9.0;4;52.2;27.4;1.92;59.8;46.2;2.3;0
6329;951144574;Transporte;4.4;2.7;56;1.6;4;61.3;4.1;2.14;85.9;76.2;5.2;0
6330;855737307;Manufactura;13.2;10.2;34;8.8;6;71.9;14.1;1.88;44.0;60.4;13.8;0
6331;850066973;Manufactura;14.1;7.5;10;-4.5;5;61.5;14.6;3.31;67.5;73.2;12.2;1
6332;906786203;Servicios;9.1;7.3;91;-7.8;7;90.7;5.3;2.92;27.8;42.8;1.5;0
6333;824537287;Servicios;10.6;8.7;17;23.8;4;66.6;33.5;3.11;64.9;80.8;15.1;0
6334;862883150;Servicios;6.5;6.1;6;20.4;3;54.2;19.8;2.92;33.1;40.4;2.1;0
6335;846552859;Construcción;16.8;13.1;5;2.9;5;82.1;16.3;3.84;73.9;90.1;15.1;0
6336;822407346;Servicios;11.3;8.1;10;0.5;5;69.6;21.1;2.13;40.8;41.6;9.5;0
6337;833949705;Servicios;4.7;2.8;42;-6.8;6;81.8;13.3;2.95;57.9;49.5;27.1;0
6338;868628509;Manufactura;5.4;3.4;5;8.6;3;69.3;32.7;3.6;85.9;92.2;0.6;0
6339;995484025;Manufactura;3.1;2.5;8;10.2;6;74.9;16.7;5.48;94.3;85.7;48.5;0
6340;834024281;Manufactura;2.5;2.0;15;9.2;4;58.1;19.8;7.18;72.5;74.6;2.3;1
6341;964340060;Manufactura;33.8;28.6;9;-1.3;2;55.1;6.5;5.26;25.1;44.3;12.9;0
6342;869046265;Servicios;8.7;5.7;57;-3.4;8;90.2;39.5;2.45;69.0;47.2;1.1;0
6343;974037237;Comercio;5.3;1.4;5;-2.8;6;89.6;23.2;2.93;53.4;41.8;20.5;1
6344;858288918;Tecnología;7.0;4.4;14;-2.3;4;81.4;12.2;2.54;52.8;49.2;3.6;0
6345;988482119;Servicios;6.7;1.6;21;19.3;1;54.6;26.3;5.2;34.0;54.9;4.8;1
6346;815436091;Servicios;5.2;4.5;9;7.2;5;65.0;9.1;2.99;88.0;94.1;22.3;0
6347;849504236;Comercio;22.2;6.1;10;6.8;9;93.1;30.4;6.26;16.3;38.1;6.2;0
6348;837563213;Construcción;11.5;9.5;45;-1.9;5;73.0;10.2;2.19;96.5;85.1;0.7;0
6349;908999188;Comercio;7.4;5.5;126;-1.1;4;71.4;33.6;5.41;48.8;43.5;20.7;1
6350;867721090;Servicios;4.4;2.7;177;18.3;1;48.7;16.5;5.72;59.0;66.9;29.9;1
6351;854461053;Manufactura;41.4;36.9;19;16.0;5;68.6;17.8;4.62;74.0;68.7;16.4;0
6352;914620049;Transporte;10.0;7.8;17;-9.7;2;55.5;17.1;5.3;36.3;53.9;5.3;1
6353;908702613;Comercio;2.4;0.7;12;14.9;3;55.5;33.2;4.12;81.4;71.2;15.1;1
6354;962034135;Servicios;13.6;11.8;6;7.8;4;82.1;4.8;3.25;32.7;44.4;2.3;0
6355;962393594;Comercio;6.6;5.5;17;-2.9;4;69.5;14.3;3.32;80.6;74.2;2.6;0
6356;943312263;Construcción;26.5;14.5;11;-2.3;6;48.7;18.5;6.39;31.9;66.2;1.6;0
6357;854857288;Comercio;12.9;8.6;30;-3.9;5;81.1;24.3;3.17;84.8;67.0;5.3;0
6358;989664725;Servicios;13.1;9.3;5;-4.2;4;34.8;13.8;3.42;58.9;36.2;10.5;1
6359;835716297;Servicios;3.6;2.4;35;-1.6;4;80.6;19.3;4.42;61.6;55.6;14.1;1
6360;838528415;Manufactura;19.5;11.9;38;5.3;4;55.6;32.5;3.23;58.8;78.1;0.8;0
6361;806986706;Comercio;15.4;5.9;76;-8.6;2;52.7;37.3;4.93;30.5;46.1;9.6;1
6362;875629263;Servicios;20.4;7.8;104;26.4;2;40.9;21.9;3.41;43.1;50.7;22.6;0
6363;900511434;Transporte;6.1;5.3;21;-15.2;5;74.7;32.8;3.03;30.2;36.2;8.3;1
6364;937122503;Comercio;4.1;1.3;27;-2.1;3;56.3;1.7;6.22;31.6;55.3;2.4;0
6365;939612699;Transporte;15.6;7.1;18;-3.0;0;30.8;5.2;3.63;74.6;74.1;4.8;0
6366;820590735;Manufactura;17.8;12.2;10;4.8;4;52.3;36.0;3.15;53.0;65.1;4.2;1
6367;907062131;Comercio;8.4;6.4;7;0.1;8;91.7;19.1;4.66;62.9;64.8;28.1;0
6368;888455120;Comercio;12.3;7.3;6;-12.4;5;63.8;14.4;2.93;62.3;65.4;35.1;1
6369;963524204;Comercio;6.8;1.5;60;9.9;5;75.7;25.5;2.96;63.1;56.0;18.1;0
6370;990110779;Servicios;8.1;6.3;20;-3.8;4;53.8;13.5;4.78;80.3;56.1;2.0;1
6371;897779995;Tecnología;11.8;10.2;16;-14.5;4;57.8;22.8;1.86;43.2;60.2;2.4;0
6372;851866380;Servicios;8.1;1.9;41;16.3;3;41.6;26.4;2.89;26.5;47.4;13.3;1
6373;961239053;Servicios;13.6;5.6;16;22.8;4;67.9;9.1;2.99;77.9;68.4;0.5;0
6374;908445191;Comercio;9.6;6.5;117;5.6;2;61.2;7.4;7.52;45.2;48.0;6.5;0
6375;851958759;Transporte;5.0;2.0;7;15.2;4;69.4;23.2;3.68;77.5;70.5;0.3;0
6376;959955011;Comercio;5.5;5.0;24;11.0;5;78.9;2.2;4.45;86.9;69.5;4.6;0
6377;876825984;Servicios;7.2;5.2;5;1.9;6;67.3;19.4;4.44;59.4;68.3;1.5;1
6378;880378196;Comercio;12.8;10.9;27;-4.7;4;53.3;14.0;3.26;87.6;75.6;50.0;0
6379;973732491;Comercio;4.2;2.0;28;-10.0;2;58.6;10.1;2.66;67.6;80.4;2.9;0
6380;864525447;Comercio;4.6;2.0;9;11.5;2;53.2;11.4;4.94;55.2;64.9;5.5;0
6381;842450655;Comercio;5.1;5.1;14;-5.3;6;75.8;11.8;2.93;76.9;71.3;6.6;0
6382;887104838;Servicios;14.3;6.6;32;9.1;0;34.1;12.9;3.6;69.8;64.6;14.6;0
6383;941708558;Tecnología;3.8;2.3;21;21.8;0;43.4;24.3;4.66;48.8;60.6;35.6;1
6384;804022050;Comercio;9.0;3.8;71;5.5;0;54.3;6.1;3.34;94.1;75.7;15.1;1
6385;863934398;Construcción;15.6;12.2;5;11.1;3;54.4;23.3;2.66;61.9;54.2;4.5;0
6386;856582948;Servicios;6.4;1.4;38;10.2;5;68.0;23.0;3.0;54.6;36.7;9.0;1
6387;844868973;Servicios;4.9;4.8;13;-14.9;6;69.0;11.1;2.52;83.6;75.4;0.1;0
6388;943877069;Servicios;11.9;10.2;12;-17.0;6;80.2;17.5;3.46;34.7;41.3;2.8;1
6389;829792050;Servicios;12.8;8.8;40;-8.8;8;78.8;21.1;3.89;37.8;57.6;11.1;0
6390;931846047;Transporte;10.2;2.9;34;18.4;4;51.6;28.2;1.92;66.1;65.1;7.6;0
6391;814226546;Servicios;10.4;3.4;51;15.6;3;60.3;29.8;2.74;67.7;62.4;10.6;0
6392;907920271;Servicios;5.6;2.2;57;24.2;8;81.1;6.6;3.68;82.5;86.3;9.8;0
6393;871309339;Comercio;24.1;19.9;32;10.8;8;66.9;38.4;4.8;22.5;27.2;9.9;0
6394;826067169;Servicios;15.7;14.3;42;13.8;9;91.3;18.4;4.31;23.1;28.3;4.8;0
6395;897462162;Servicios;5.1;4.4;15;15.4;7;76.0;11.7;3.28;43.8;36.5;11.9;0
6396;902989752;Manufactura;9.3;5.1;65;9.0;4;51.5;13.4;1.79;30.0;18.7;1.0;0
6397;869775023;Manufactura;13.3;7.3;14;1.1;5;68.7;21.6;2.98;81.8;73.8;2.5;0
6398;862337450;Servicios;5.2;1.4;26;8.3;7;78.9;11.7;2.83;25.0;36.2;0.2;0
6399;860178254;Servicios;15.6;7.9;50;12.7;3;54.7;31.3;3.03;82.8;72.7;2.5;1
6400;863353290;Servicios;17.1;14.3;53;3.5;8;93.0;12.8;2.62;73.4;81.4;8.4;0
6401;858451032;Transporte;7.8;2.0;5;6.4;6;76.8;14.2;2.56;65.9;70.7;16.5;0
6402;909306188;Servicios;6.5;5.1;7;17.6;4;49.5;37.7;4.41;71.1;74.3;0.3;0
6403;958190514;Servicios;4.0;3.6;12;5.5;3;70.8;8.9;2.32;60.7;84.3;39.2;0
6404;812507680;Servicios;9.5;6.8;36;15.0;5;58.2;12.3;7.83;47.6;44.3;20.9;0
6405;898714317;Construcción;16.5;5.4;20;20.1;5;65.1;30.8;2.37;72.5;75.0;6.9;0
6406;856108269;Tecnología;8.7;6.4;24;16.5;4;48.9;18.2;4.64;98.0;86.8;17.9;0
6407;869585881;Servicios;27.1;8.1;13;6.7;4;56.0;12.8;4.99;60.7;65.9;12.0;0
6408;903774376;Comercio;3.4;2.8;13;7.7;5;59.0;37.7;2.17;42.4;42.5;21.5;1
6409;858173595;Comercio;4.8;3.7;10;21.1;3;56.3;5.6;3.3;74.5;64.2;0.4;0
6410;959920403;Manufactura;4.4;1.8;12;13.7;3;58.0;16.8;3.91;89.3;75.2;1.9;1
6411;948115709;Comercio;2.5;1.1;13;20.7;4;71.6;25.7;5.74;43.8;36.6;11.6;0
6412;816592248;Construcción;1.5;1.3;9;-10.6;3;51.7;22.0;2.33;21.8;30.2;0.6;1
6413;885479934;Servicios;1.9;0.5;6;6.2;7;74.9;4.9;2.07;70.6;53.8;21.2;0
6414;983949467;Manufactura;9.5;9.2;15;9.6;5;76.8;27.7;2.13;84.8;70.1;20.0;0
6415;816241707;Manufactura;6.7;2.3;173;9.7;5;72.6;11.0;4.21;19.4;20.1;21.2;0
6416;905736447;Manufactura;9.1;3.0;21;10.4;5;77.0;7.6;4.18;37.3;58.5;10.0;0
6417;858816430;Comercio;11.8;7.5;5;3.5;5;63.4;7.6;3.14;25.4;30.6;15.4;0
6418;808366934;Comercio;2.3;0.9;46;-1.7;4;65.3;7.8;2.81;78.0;81.7;3.3;0
6419;901058878;Transporte;5.0;1.5;63;6.7;6;71.5;33.8;3.22;61.6;58.4;0.3;0
6420;814783487;Servicios;12.1;6.3;8;9.4;8;67.5;23.9;3.84;33.7;46.3;3.2;0
6421;869583577;Comercio;9.6;2.5;16;8.3;6;76.3;22.3;5.6;84.8;67.0;23.6;0
6422;826099145;Comercio;6.5;4.8;16;18.7;4;58.9;8.2;2.79;51.6;52.9;22.7;0
6423;963712800;Manufactura;3.0;2.8;27;30.5;9;95.5;15.1;4.58;66.7;67.8;0.0;0
6424;887064018;Servicios;24.5;10.6;155;11.0;6;64.8;4.8;4.31;51.6;53.3;18.1;0
6425;820722146;Comercio;8.8;6.5;74;4.0;1;64.3;6.5;3.2;61.8;61.0;16.6;0
6426;891116521;Manufactura;19.1;17.4;27;7.2;6;63.0;38.7;4.28;50.1;56.0;21.1;0
6427;867971519;Manufactura;21.2;13.2;50;9.7;1;55.7;9.4;2.56;81.0;57.4;22.2;0
6428;937399239;Servicios;8.7;5.9;43;-1.7;8;81.4;16.8;1.95;55.0;71.4;9.3;0
6429;867347337;Servicios;36.2;11.0;69;-17.2;3;70.4;31.2;5.24;47.6;45.0;16.5;1
6430;933252513;Servicios;14.1;3.3;27;1.7;8;57.2;8.9;5.6;72.0;69.4;9.2;0
6431;908320389;Comercio;7.2;6.6;15;-5.9;5;77.2;30.8;1.8;75.7;51.9;9.9;1
6432;984037437;Comercio;8.2;3.6;11;16.8;2;37.6;16.4;2.98;37.0;53.6;33.5;0
6433;856196164;Manufactura;4.4;2.2;6;-9.8;6;62.9;24.9;4.99;67.1;74.4;4.8;1
6434;935162559;Servicios;19.6;13.5;111;7.5;5;36.6;13.7;4.6;85.1;84.2;0.7;0
6435;902046514;Servicios;9.7;9.7;24;4.9;6;70.6;12.2;3.26;82.6;68.9;3.2;0
6436;842806582;Servicios;21.4;9.0;35;28.3;7;89.6;23.1;4.15;34.0;52.0;2.7;0
6437;917957386;Servicios;24.7;6.8;6;-9.8;7;56.5;16.4;3.41;63.5;69.8;4.5;1
6438;920924614;Servicios;13.2;4.7;10;-14.5;6;87.0;10.2;1.97;58.4;57.3;30.5;0
6439;938404824;Transporte;7.2;5.5;28;8.0;4;57.5;32.5;3.94;63.1;69.2;0.3;0
6440;800034162;Comercio;34.5;11.1;56;18.8;4;81.3;16.3;2.42;62.1;79.8;0.1;0
6441;858411428;Comercio;5.8;2.4;125;1.1;4;66.0;23.5;1.81;57.0;68.7;15.2;1
6442;850506807;Servicios;4.6;2.7;14;11.5;2;52.1;3.1;3.7;66.5;75.7;12.1;0
6443;854475394;Comercio;23.7;7.2;6;3.5;7;74.1;14.7;2.94;52.2;51.2;22.9;0
6444;878267483;Servicios;32.9;17.3;9;12.2;5;69.4;33.2;4.29;43.5;60.9;36.6;0
6445;863700775;Servicios;16.3;16.1;420;-15.1;6;57.3;27.3;3.08;86.8;76.9;2.5;0
6446;933131826;Servicios;8.1;8.0;23;-2.5;6;64.9;17.9;2.01;43.7;42.8;3.4;1
6447;938068451;Comercio;9.2;8.0;20;27.0;5;59.7;33.1;4.02;47.5;62.5;21.4;0
6448;989511013;Tecnología;17.2;8.1;35;-6.4;7;63.2;21.7;5.44;79.9;76.5;20.9;0
6449;838634040;Servicios;10.2;5.9;25;-2.5;10;87.6;14.4;2.41;73.2;69.6;30.1;0
6450;931012857;Tecnología;3.3;0.9;22;7.7;3;48.1;10.0;2.64;95.4;70.2;9.2;0
6451;923108444;Servicios;8.5;4.3;79;-16.8;3;70.9;24.1;4.62;63.0;65.1;12.2;0
6452;997971802;Manufactura;2.3;2.0;52;2.6;5;44.8;11.5;1.59;20.8;16.2;3.6;1
6453;808024035;Transporte;7.9;7.6;110;-1.7;8;88.0;13.0;1.42;73.1;80.6;8.6;0
6454;913936331;Servicios;7.7;2.7;5;-5.0;8;87.0;13.2;3.2;16.9;24.6;1.5;1
6455;806942828;Servicios;6.6;5.9;7;15.3;2;71.7;14.6;2.81;74.8;60.5;16.9;1
6456;913618477;Comercio;3.0;1.2;28;13.0;6;81.5;29.0;5.73;27.2;38.1;20.1;0
6457;970292063;Servicios;4.5;3.5;28;5.8;3;49.2;33.1;7.52;13.7;44.8;5.3;1
6458;981388188;Manufactura;4.5;1.6;14;4.7;3;61.8;9.2;3.41;34.2;44.8;10.8;1
6459;952995043;Transporte;3.6;0.8;20;3.5;7;72.3;13.8;3.2;55.0;31.0;9.5;0
6460;991722713;Manufactura;14.0;3.1;25;-4.5;5;66.8;41.7;4.87;77.5;61.5;5.7;1
6461;842577613;Transporte;15.0;3.5;134;7.7;1;19.4;15.8;3.11;59.6;59.8;17.1;0
6462;849610780;Servicios;15.8;6.7;52;0.3;6;77.8;4.6;6.22;80.5;79.1;19.7;0
6463;826717497;Servicios;7.4;3.2;18;3.6;4;83.1;24.3;3.54;61.2;52.1;2.1;0
6464;972132354;Tecnología;4.3;3.9;79;-5.0;5;60.4;27.0;2.57;88.0;69.3;3.6;1
6465;863355073;Servicios;9.8;3.6;58;23.6;3;66.3;29.1;5.37;57.4;63.4;6.9;0
6466;882934528;Servicios;23.8;20.3;64;0.7;3;43.5;32.4;2.3;80.2;71.8;5.4;0
6467;906988130;Manufactura;5.3;1.1;46;17.6;6;76.3;13.0;2.14;98.9;79.4;19.2;0
6468;866893701;Comercio;29.2;8.7;27;-3.9;6;59.7;12.7;2.33;36.8;20.7;15.3;0
6469;978899554;Manufactura;11.0;2.4;5;-7.1;2;65.5;34.3;5.89;54.5;70.6;9.5;1
6470;894100101;Manufactura;9.4;4.2;132;10.8;9;97.3;21.1;2.85;49.1;48.3;11.6;0
6471;810643951;Manufactura;9.6;5.4;152;5.9;5;71.7;22.7;4.18;75.1;62.3;7.0;0
6472;928623338;Manufactura;15.6;15.4;8;6.0;7;85.4;5.9;2.71;62.4;64.6;4.6;0
6473;987602091;Servicios;8.4;2.9;18;-11.2;1;41.9;17.4;7.27;61.2;67.1;2.4;1
6474;886057358;Comercio;15.8;13.8;41;3.4;6;61.7;2.9;5.2;44.0;67.1;1.3;0
6475;877049512;Servicios;5.0;4.7;21;-3.8;5;60.7;27.5;2.84;40.7;44.6;0.5;1
6476;849410753;Servicios;11.1;2.6;82;1.7;7;82.1;14.0;5.41;79.9;84.6;10.2;0
6477;809017813;Manufactura;9.2;5.8;48;7.4;4;46.6;4.6;2.19;97.0;79.4;0.4;0
6478;812073665;Servicios;14.0;5.1;50;21.3;4;65.6;24.9;2.95;80.4;67.9;3.9;1
6479;937077982;Manufactura;9.9;2.5;37;8.5;6;78.6;22.3;4.12;74.6;57.4;3.5;0
6480;992728562;Servicios;4.9;4.1;23;14.7;5;93.3;24.3;5.28;79.8;67.7;6.2;0
6481;986819493;Comercio;2.7;1.4;13;1.5;4;67.6;17.2;2.54;75.5;58.3;18.2;0
6482;999464104;Servicios;10.2;5.2;73;-11.6;6;88.6;14.0;3.93;25.4;29.0;9.1;1
6483;834485498;Transporte;14.6;9.3;5;10.5;4;61.2;20.2;3.11;71.6;57.7;1.6;0
6484;810887083;Manufactura;11.1;3.4;26;13.5;4;60.4;6.9;5.89;66.9;70.4;1.5;0
6485;848948039;Servicios;13.6;9.8;13;4.6;4;68.4;20.5;3.78;61.6;61.9;10.5;0
6486;819216732;Servicios;3.0;1.1;120;14.0;8;78.4;11.5;4.72;39.9;57.3;9.9;0
6487;943376813;Transporte;31.7;11.1;82;15.0;1;51.5;25.4;3.83;57.8;62.1;12.9;1
6488;973867197;Servicios;36.1;14.6;72;14.7;4;70.6;3.1;2.4;57.3;57.9;2.7;0
6489;835224262;Comercio;9.6;3.8;10;2.1;4;63.8;13.8;4.34;68.0;64.2;11.8;0
6490;922592095;Transporte;5.8;1.5;15;7.9;4;49.8;8.3;2.79;32.0;59.6;11.0;0
6491;814305632;Construcción;26.3;23.1;13;16.1;3;57.9;18.2;3.06;44.8;55.2;22.7;0
6492;825511186;Servicios;5.4;1.7;10;13.3;6;60.5;6.2;2.48;29.6;35.9;18.4;0
6493;847292544;Comercio;9.5;8.4;36;26.5;4;82.3;13.6;2.6;33.6;39.8;0.8;0
6494;938404360;Tecnología;11.8;11.7;14;-5.6;1;36.5;18.9;3.19;79.0;81.5;2.0;1
6495;994425100;Tecnología;14.6;13.1;23;5.1;5;90.3;18.5;5.54;86.7;87.3;1.5;0
6496;897024611;Servicios;17.6;10.7;25;11.3;3;60.0;17.2;6.69;25.2;39.5;2.4;0
6497;864293592;Servicios;17.6;17.0;7;-3.0;2;55.2;7.3;1.19;58.7;67.3;4.0;0
6498;901958553;Servicios;13.0;2.8;12;6.7;4;58.5;32.2;2.62;69.8;71.3;5.1;0
6499;989586589;Construcción;3.3;1.3;19;7.8;3;45.8;32.3;5.98;59.9;58.9;2.5;1
6500;880018751;Servicios;3.2;3.0;129;-2.1;6;67.6;31.5;2.18;60.7;59.5;50.0;1
6501;852407814;Comercio;8.7;4.6;32;8.2;6;100.0;8.0;4.99;61.3;54.1;5.2;0
6502;880577364;Comercio;8.4;5.3;19;10.7;8;88.5;5.6;2.96;56.6;59.9;1.5;0
6503;902110263;Tecnología;4.8;3.9;61;-11.0;3;49.6;31.8;2.25;60.0;72.9;49.3;1
6504;896941405;Transporte;10.7;3.2;13;15.3;3;78.0;38.1;2.45;85.6;96.8;4.0;0
6505;948660290;Servicios;7.2;6.8;48;14.5;3;50.3;16.6;4.68;72.9;65.2;1.7;1
6506;871584015;Tecnología;4.7;4.4;26;-3.9;3;60.8;20.9;3.45;69.2;68.7;6.0;0
6507;943249538;Construcción;7.5;2.7;38;8.5;1;42.3;8.2;4.84;44.7;41.3;2.2;1
6508;819473929;Servicios;15.7;8.6;16;-8.4;2;52.8;17.5;2.44;77.9;58.6;6.7;1
6509;973095928;Manufactura;7.1;6.3;28;5.5;4;52.7;14.1;2.29;83.1;94.5;7.1;0
6510;861345966;Servicios;6.7;1.5;26;0.7;1;34.1;24.3;5.06;74.4;63.7;43.0;0
6511;872615946;Transporte;5.0;2.5;170;16.7;2;57.7;6.0;4.83;26.7;21.7;19.3;1
6512;878652078;Servicios;23.2;17.5;16;7.3;5;63.6;11.2;3.34;30.1;53.7;0.4;0
6513;960553807;Servicios;11.3;4.5;26;-1.3;6;78.9;9.3;2.54;86.6;77.1;1.8;0
6514;951881134;Construcción;16.3;7.6;73;-8.8;10;88.4;5.6;2.84;81.9;68.5;3.1;0
6515;956123262;Transporte;10.2;4.0;41;-5.0;3;78.8;19.0;2.77;87.9;69.3;23.2;0
6516;996653854;Manufactura;8.9;8.3;18;-7.4;4;60.8;37.9;3.06;84.3;89.6;30.7;1
6517;860627770;Comercio;7.1;2.2;21;-2.0;8;76.6;15.9;4.23;89.8;92.5;0.3;0
6518;915229821;Servicios;13.4;12.9;179;-19.0;5;68.8;13.7;3.22;37.4;62.7;50.0;0
6519;968098669;Construcción;22.8;21.8;34;10.1;5;60.8;1.2;4.26;53.3;55.0;8.8;0
6520;846766129;Transporte;21.7;19.0;21;-4.4;7;77.4;3.0;4.86;72.0;53.4;11.8;0
6521;981344610;Manufactura;12.0;4.7;25;5.0;10;100.0;23.1;3.93;52.4;59.9;2.5;0
6522;929929512;Comercio;22.1;7.2;31;-4.4;8;72.8;21.2;4.13;27.2;25.8;0.5;0
6523;895139875;Construcción;13.7;6.1;20;11.4;5;72.0;1.1;4.6;30.8;49.9;20.2;0
6524;891740209;Tecnología;7.1;5.3;22;-5.2;4;60.4;26.3;2.54;49.5;66.8;1.0;1
6525;907299232;Manufactura;4.5;3.8;18;11.7;3;59.0;26.2;5.16;59.3;68.9;3.9;1
6526;948903840;Servicios;7.1;3.2;16;9.9;5;61.0;36.8;4.63;34.1;42.6;13.1;1
6527;897377964;Manufactura;5.2;3.3;43;1.5;5;67.1;0.4;2.47;42.7;53.4;1.5;0
6528;835074081;Servicios;35.0;10.1;11;17.4;9;91.4;10.0;6.19;47.0;38.7;8.3;0
6529;969790008;Servicios;8.5;8.3;5;32.7;3;66.5;7.4;3.69;42.4;10.3;0.6;0
6530;935125100;Servicios;5.4;2.3;25;2.4;4;55.9;19.7;3.5;56.7;63.2;23.5;0
6531;902020662;Construcción;15.0;12.9;26;18.2;6;57.0;17.4;3.58;56.2;56.7;4.8;0
6532;987061885;Comercio;10.0;5.1;47;10.0;6;66.1;20.0;2.3;24.5;41.0;31.8;1
6533;993468944;Servicios;10.0;4.8;61;11.2;5;54.1;11.2;2.91;23.5;32.1;2.8;0
6534;822806672;Construcción;19.4;7.8;8;-18.5;4;63.7;26.3;3.22;50.3;57.0;1.5;1
6535;974384788;Servicios;10.0;3.1;109;4.6;3;58.2;19.2;2.81;85.2;70.9;0.9;1
6536;985249658;Comercio;16.8;6.4;33;-8.1;2;67.5;9.1;4.25;53.4;53.1;3.4;0
6537;842318756;Comercio;12.9;7.2;34;11.0;1;57.2;7.9;2.42;52.1;46.1;19.1;1
6538;947254314;Comercio;10.4;2.5;32;-1.8;8;100.0;9.1;3.53;38.8;35.1;11.2;0
6539;801919791;Servicios;11.1;6.1;22;-7.7;5;74.7;38.0;3.62;57.3;53.9;4.2;1
6540;893735242;Servicios;17.7;6.0;6;23.0;2;59.2;24.8;3.97;74.3;93.9;20.9;0
6541;827404000;Servicios;5.5;1.4;20;27.8;6;53.5;14.8;2.47;47.9;64.0;2.0;0
6542;875025481;Construcción;13.6;7.6;5;-4.1;7;74.9;12.6;3.37;68.9;80.0;10.5;1
6543;870936963;Servicios;25.7;16.1;13;0.1;6;65.9;5.9;3.44;52.3;60.1;20.4;0
6544;911929843;Servicios;5.9;5.9;23;-5.2;9;100.0;9.1;2.89;61.7;57.9;5.5;0
6545;842767956;Servicios;9.1;6.5;10;-3.1;3;59.2;19.7;3.5;92.7;75.9;45.2;0
6546;981992818;Manufactura;16.6;10.3;58;7.3;5;82.3;8.5;2.23;63.8;60.4;16.0;0
6547;910790501;Manufactura;13.2;4.2;30;5.5;3;82.5;23.7;2.44;79.3;89.7;0.8;0
6548;965737097;Servicios;6.4;6.3;12;10.1;3;56.7;11.9;2.23;95.3;100.0;11.2;0
6549;905163087;Servicios;49.6;31.2;86;14.2;6;60.1;12.4;2.87;8.7;30.0;8.6;0
6550;804129321;Tecnología;4.9;2.7;69;12.3;8;79.0;21.6;1.46;85.9;70.8;2.3;0
6551;826815086;Servicios;14.1;7.8;7;13.5;3;57.7;14.8;1.59;57.0;58.3;3.6;0
6552;828070993;Servicios;28.9;17.4;35;-0.9;3;40.9;10.7;3.61;60.4;67.7;3.2;0
6553;905689196;Comercio;6.9;2.8;37;14.1;2;64.4;11.0;2.39;47.7;43.8;3.4;0
6554;956886261;Comercio;4.9;2.5;48;-4.3;6;98.7;33.2;3.92;70.3;64.4;6.7;0
6555;998502499;Servicios;3.2;1.9;8;-1.5;6;66.1;12.0;3.06;61.5;72.9;14.8;0
6556;898333823;Servicios;12.8;5.4;29;5.4;4;63.2;17.3;6.05;43.3;53.6;3.8;1
6557;888386267;Servicios;4.1;2.5;8;19.5;4;74.4;16.5;6.53;60.0;66.6;9.3;0
6558;817189316;Servicios;7.6;3.1;7;0.1;5;64.9;14.7;2.59;94.8;82.6;4.0;0
6559;863801266;Comercio;7.0;6.5;64;-3.9;7;82.5;1.6;2.11;86.6;82.8;0.5;0
6560;867054196;Servicios;6.4;6.1;42;-8.9;5;62.9;19.4;2.02;73.9;63.7;11.3;1
6561;944265814;Servicios;13.5;10.4;37;9.2;6;70.8;10.1;1.77;59.3;67.6;6.4;0
6562;827917262;Tecnología;12.3;4.1;9;12.9;2;52.9;7.7;5.0;62.2;60.4;18.0;0
6563;979750834;Manufactura;11.6;8.8;18;5.2;5;62.3;8.9;1.57;51.6;50.5;9.3;1
6564;925798418;Servicios;3.4;2.7;14;11.7;4;48.1;6.2;2.74;50.9;55.7;2.2;1
6565;855844557;Tecnología;8.5;4.3;7;-1.8;6;73.1;23.4;3.28;74.2;75.7;30.9;0
6566;839103889;Servicios;10.3;8.8;9;0.0;7;78.5;7.7;3.63;65.2;53.1;17.7;0
6567;970576876;Comercio;7.4;1.8;6;4.1;3;43.2;22.3;3.45;49.7;74.4;48.1;1
6568;844689130;Construcción;11.4;9.4;8;0.8;4;57.4;6.4;3.61;46.3;68.6;7.9;0
6569;844677990;Comercio;12.5;8.5;60;-14.5;4;81.1;19.1;4.6;30.6;54.1;0.9;1
6570;883311796;Comercio;4.9;4.1;77;-6.7;8;81.1;31.0;3.89;40.4;46.8;2.4;0
6571;872628583;Servicios;16.2;12.3;32;2.8;8;85.9;25.0;1.6;66.6;58.3;2.9;0
6572;957308920;Comercio;5.1;2.3;5;6.3;3;54.2;12.5;4.68;74.3;59.6;23.0;1
6573;853825091;Construcción;2.3;0.8;43;14.9;5;80.7;9.4;2.59;77.1;82.5;8.3;0
6574;828553681;Manufactura;18.8;11.5;5;12.4;4;66.0;21.0;2.75;78.5;82.5;6.2;0
6575;806091606;Servicios;6.3;2.0;14;-0.6;6;71.5;25.7;2.76;62.5;60.1;1.8;1
6576;903909542;Comercio;9.0;5.5;22;0.7;6;83.6;30.4;3.32;75.0;56.0;29.7;1
6577;877701614;Tecnología;23.6;21.8;55;5.9;4;70.0;24.6;2.88;31.7;44.3;1.0;0
6578;993539948;Servicios;5.1;1.5;24;-21.6;4;69.8;7.0;5.22;64.0;57.3;0.9;1
6579;900929446;Comercio;3.9;1.4;18;6.2;9;92.4;17.7;6.73;30.3;30.0;15.8;0
6580;970686233;Manufactura;6.4;3.5;19;-9.2;2;39.1;29.1;2.54;33.4;63.4;11.3;1
6581;916680289;Servicios;8.0;6.4;133;19.1;4;72.4;18.3;4.14;27.5;34.8;27.9;0
6582;949262103;Transporte;8.0;4.2;14;15.1;5;66.3;35.6;4.07;76.5;58.6;8.9;0
6583;851364239;Servicios;44.5;18.7;28;18.8;8;76.9;6.6;3.41;65.8;88.5;2.8;0
6584;812213793;Comercio;6.9;2.7;16;7.5;7;87.8;24.9;2.49;95.4;73.3;8.8;0
6585;866230955;Servicios;5.0;3.0;29;4.9;4;45.5;17.5;2.75;78.3;80.7;4.1;0
6586;985121100;Transporte;16.8;8.3;11;-6.5;5;76.9;14.0;1.78;26.1;48.9;20.9;0
6587;931773456;Transporte;11.2;3.1;20;7.6;3;36.2;15.7;1.93;64.1;67.6;2.2;1
6588;989413357;Manufactura;13.8;4.6;17;5.6;5;57.9;35.8;3.34;26.1;24.0;1.0;1
6589;819851736;Construcción;3.4;1.7;112;15.2;6;84.2;21.9;2.89;33.7;60.7;5.9;0
6590;842485364;Manufactura;9.0;2.6;12;4.2;1;51.4;26.9;5.17;84.1;76.7;8.3;1
6591;898777677;Servicios;12.6;6.9;28;-2.4;3;42.6;15.0;2.7;50.2;39.8;21.4;1
6592;900427448;Servicios;6.6;1.8;9;-11.6;3;68.8;20.2;3.97;65.7;48.6;5.4;1
6593;806149550;Comercio;4.7;2.0;34;3.8;3;50.0;27.3;4.13;16.8;18.4;2.8;1
6594;812244812;Servicios;5.2;2.5;54;0.4;6;81.6;9.3;2.68;34.8;46.3;4.6;0
6595;974736324;Construcción;7.6;5.7;34;11.0;1;60.8;11.9;2.71;74.5;71.6;1.5;1
6596;981920121;Comercio;3.8;3.5;13;-16.9;6;58.9;7.5;3.56;79.9;71.6;1.9;1
6597;926380952;Servicios;30.4;19.5;14;-5.8;0;40.6;40.3;4.93;47.9;55.9;2.1;1
6598;899003983;Comercio;11.3;6.9;5;-8.8;3;62.2;10.7;6.12;72.1;80.1;11.4;0
6599;808989155;Transporte;11.4;4.7;16;6.6;6;72.2;0.8;3.51;31.1;40.9;2.2;0
6600;810663583;Comercio;3.8;3.3;23;10.7;6;64.5;6.5;3.11;66.4;58.1;1.7;0
6601;898882995;Tecnología;7.4;3.5;17;5.5;6;49.0;12.8;4.5;17.4;52.2;8.0;1
6602;803839748;Transporte;4.4;2.9;138;-3.8;5;81.3;6.1;2.67;88.2;86.0;9.2;0
6603;972780973;Servicios;20.9;18.3;152;-0.5;3;63.1;26.9;3.3;53.5;52.3;9.1;1
6604;861931738;Construcción;7.5;6.5;58;0.0;2;53.1;9.8;3.02;70.6;41.4;6.9;0
6605;953857096;Servicios;4.6;1.0;11;-6.4;5;64.3;34.7;3.85;27.7;41.2;0.4;1
6606;994728806;Transporte;5.4;3.0;24;1.3;2;63.2;16.3;6.32;85.5;72.7;0.6;1
6607;968165167;Servicios;10.7;9.2;21;3.8;1;46.3;16.9;2.68;42.7;20.1;3.2;1
6608;835982491;Manufactura;15.5;7.5;25;4.5;9;78.4;27.6;3.73;73.5;67.1;6.1;1
6609;965804517;Construcción;3.9;1.5;13;-0.3;10;98.3;11.1;4.4;82.9;65.7;21.3;0
6610;910857042;Tecnología;5.8;1.6;19;11.1;3;69.5;26.5;2.77;77.7;64.5;3.1;0
6611;921390179;Comercio;6.9;2.1;30;20.2;6;64.0;4.5;2.54;80.1;77.8;47.4;0
6612;984591297;Manufactura;4.3;2.7;67;4.5;2;64.2;17.2;3.96;87.7;86.8;7.6;0
6613;829001426;Servicios;10.4;9.7;18;18.9;8;70.1;42.6;5.89;94.1;90.3;1.3;0
6614;914429479;Construcción;5.5;2.9;53;-6.7;0;36.9;10.6;2.97;41.4;40.0;2.0;1
6615;937110067;Servicios;10.3;8.4;91;5.1;4;66.9;3.2;6.07;57.9;66.0;38.6;0
6616;880593384;Construcción;6.0;1.3;22;10.6;1;52.1;12.9;8.18;78.8;88.8;1.1;1
6617;934458756;Servicios;24.0;14.5;6;-3.1;6;70.3;27.9;2.64;51.4;73.1;2.8;1
6618;978414033;Servicios;17.2;13.6;11;13.3;1;62.3;24.3;7.03;58.4;46.9;2.3;0
6619;973097792;Manufactura;22.3;17.8;11;7.3;5;64.9;18.4;6.19;68.1;59.2;9.8;0
6620;988382453;Comercio;21.4;8.2;34;12.8;3;56.9;6.4;5.12;23.9;28.3;29.3;0
6621;807076217;Construcción;13.0;11.8;26;-5.1;10;100.0;31.8;2.35;31.9;28.2;7.8;0
6622;918987277;Comercio;5.2;1.5;25;-6.7;7;79.9;14.5;3.73;51.0;66.2;0.5;1
6623;833114287;Manufactura;7.9;5.8;5;9.1;3;44.5;15.7;4.11;56.8;67.9;8.4;0
6624;956093607;Manufactura;11.8;7.1;52;3.9;6;69.3;18.3;7.47;30.3;63.2;10.2;0
6625;967571619;Manufactura;37.1;19.8;45;7.0;9;87.6;2.9;2.67;81.9;91.4;1.3;0
6626;909243925;Construcción;10.3;7.1;54;13.8;8;70.6;21.7;3.71;69.5;69.1;0.2;0
6627;890047350;Comercio;8.2;8.0;8;14.7;1;35.9;21.4;6.17;29.1;27.6;4.4;1
6628;846609644;Servicios;23.6;12.5;20;-3.8;6;80.9;7.9;3.12;91.5;70.9;11.4;0
6629;842020304;Servicios;7.4;4.2;79;18.6;3;54.8;11.5;3.49;64.9;66.5;2.9;0
6630;942140893;Servicios;5.3;3.7;7;12.1;4;62.4;25.5;3.17;87.6;79.9;0.8;0
6631;834088004;Comercio;11.8;6.1;5;8.9;5;55.2;28.7;5.86;85.6;87.1;1.2;0
6632;914683531;Construcción;2.0;1.5;54;13.3;4;73.5;12.7;2.3;37.6;68.4;10.1;1
6633;812065231;Servicios;5.9;3.2;14;-2.6;8;62.9;9.1;3.21;66.9;37.5;5.1;0
6634;895958797;Comercio;7.6;3.0;9;0.7;4;52.7;25.9;4.19;49.1;55.7;3.1;1
6635;974389060;Comercio;11.9;3.0;35;11.7;4;62.5;5.2;2.67;72.9;68.3;36.4;0
6636;941583606;Manufactura;3.5;1.6;28;-2.3;8;58.0;18.4;3.02;43.7;68.2;9.2;0
6637;909364731;Comercio;5.7;3.6;5;21.9;1;61.9;5.5;9.24;37.9;60.6;20.1;1
6638;919173435;Servicios;12.8;8.2;37;-4.3;6;62.1;29.6;2.85;63.3;77.9;15.1;1
6639;865281970;Transporte;12.9;8.8;66;3.6;8;66.5;7.4;2.38;53.3;54.4;20.2;0
6640;840416377;Comercio;29.6;29.2;8;16.4;6;52.6;4.9;2.52;59.2;55.4;10.0;0
6641;980086229;Construcción;8.7;6.7;7;-22.9;1;44.7;11.6;4.25;96.4;79.9;27.8;1
6642;802168047;Comercio;17.9;6.1;31;-0.4;5;86.3;6.8;3.35;54.9;56.9;4.4;0
6643;933917794;Comercio;18.5;8.6;55;4.2;4;56.3;20.2;3.53;52.6;62.9;36.6;0
6644;904382197;Servicios;6.5;5.1;24;19.3;3;55.9;10.7;1.66;77.2;66.2;5.3;0
6645;870665514;Servicios;12.7;8.3;48;-3.5;3;62.6;6.0;2.92;61.3;72.7;5.0;0
6646;843538167;Construcción;5.6;4.1;51;7.5;4;60.8;7.0;3.42;90.1;88.4;29.0;0
6647;934071741;Servicios;11.0;4.8;91;8.7;2;43.1;6.1;8.52;70.0;71.8;3.0;0
6648;910525284;Construcción;5.1;2.5;53;7.5;5;86.0;18.0;2.81;68.1;50.5;11.2;0
6649;892071686;Manufactura;5.6;2.5;28;-8.3;4;63.3;18.9;4.0;33.7;55.3;3.7;1
6650;810857986;Comercio;15.3;12.6;32;14.9;2;55.8;31.4;3.19;89.8;90.1;10.7;1
6651;878747432;Comercio;7.9;3.2;49;4.1;5;64.8;26.9;4.66;65.3;75.4;7.4;0
6652;896533610;Comercio;27.1;19.3;18;5.0;6;78.3;1.6;3.02;63.7;59.6;17.2;0
6653;853940387;Transporte;4.8;3.7;6;16.5;4;56.6;22.2;1.71;74.6;76.0;4.9;0
6654;913500754;Servicios;15.4;11.2;23;6.4;4;64.0;17.1;1.89;76.1;76.0;4.9;0
6655;969317398;Construcción;6.2;4.9;5;12.6;9;70.5;15.9;3.73;49.3;64.7;13.5;1
6656;832366105;Comercio;8.2;2.5;10;-2.7;4;52.4;8.6;5.62;67.5;71.2;14.2;0
6657;838891713;Transporte;15.5;11.4;85;12.5;5;65.1;12.8;3.0;79.5;75.2;6.0;0
6658;915070727;Servicios;2.1;0.9;45;-11.0;2;72.4;10.4;3.76;53.5;65.3;8.5;1
6659;870993885;Servicios;9.0;3.8;22;9.9;4;62.8;2.8;3.11;47.7;52.9;3.4;0
6660;917977120;Comercio;9.4;6.2;77;10.3;4;68.2;18.8;4.15;42.8;58.9;8.2;0
6661;899235085;Construcción;16.9;11.7;23;-10.2;6;63.8;14.5;2.77;47.0;73.0;17.8;0
6662;841256824;Servicios;15.1;13.0;51;-3.2;4;47.2;18.2;3.87;47.8;42.7;1.1;1
6663;940673597;Comercio;15.6;3.6;25;15.7;8;72.5;32.1;1.92;43.7;44.2;6.9;0
6664;946895337;Transporte;8.0;5.2;32;9.1;7;70.5;22.1;2.91;9.1;25.0;17.0;0
6665;853912415;Comercio;1.1;0.8;7;1.2;4;66.5;11.0;3.41;61.2;41.6;9.1;0
6666;870471808;Comercio;9.2;4.2;25;-10.5;3;66.7;8.9;3.32;59.4;64.6;8.4;1
6667;873922686;Servicios;23.4;10.5;17;-4.8;7;87.6;12.1;3.19;81.1;65.7;5.9;0
6668;941141856;Construcción;16.1;10.7;23;19.0;5;62.6;7.9;2.47;89.5;93.2;23.6;0
6669;949043449;Manufactura;12.2;5.9;41;-5.3;7;78.7;8.0;3.93;77.1;68.2;8.8;0
6670;815828998;Transporte;9.3;7.2;25;23.7;8;73.8;23.5;2.6;68.3;59.8;7.9;0
6671;911220706;Servicios;7.8;6.1;120;10.7;1;57.4;14.8;4.38;69.3;68.2;0.2;1
6672;971805932;Servicios;9.7;4.0;5;15.4;7;83.1;32.0;4.54;48.4;64.2;10.9;0
6673;926208045;Manufactura;13.5;8.7;59;-4.5;2;42.0;20.9;3.08;71.4;62.9;5.7;1
6674;954979970;Servicios;8.8;7.3;24;11.4;4;60.4;17.4;4.54;47.2;48.1;0.5;0
6675;830386949;Comercio;6.1;5.9;26;9.1;9;86.4;2.1;4.3;47.1;52.6;7.0;0
6676;964119637;Tecnología;3.4;2.5;115;-9.3;6;69.8;25.6;2.13;58.8;71.7;3.7;1
6677;930944637;Manufactura;3.7;2.3;40;2.9;8;76.7;7.6;2.29;61.5;43.3;5.5;1
6678;983116164;Servicios;9.2;4.0;19;-10.8;6;82.8;12.2;2.14;26.8;36.3;10.2;0
6679;938342672;Transporte;11.4;9.7;16;5.2;3;53.6;24.2;4.29;71.3;62.2;21.3;1
6680;932133840;Tecnología;15.6;6.9;55;11.2;5;71.0;11.6;3.48;49.8;51.8;13.0;0
6681;893111589;Manufactura;11.9;9.3;23;9.6;3;58.9;18.1;6.42;23.9;50.5;20.6;0
6682;804414052;Manufactura;18.4;9.4;93;0.8;5;64.2;18.2;3.59;59.9;47.2;13.8;0
6683;888462478;Construcción;28.7;12.5;37;-7.4;3;61.9;31.0;2.83;55.3;56.7;16.6;1
6684;874675897;Comercio;9.0;7.2;17;3.7;5;86.8;10.0;6.79;62.9;77.9;2.2;0
6685;883787469;Comercio;4.0;2.6;6;6.7;6;59.3;14.9;2.74;18.8;31.3;10.3;1
6686;876583780;Servicios;8.7;3.7;22;3.4;5;55.6;10.0;3.23;24.9;46.8;1.1;0
6687;841008159;Construcción;2.1;2.0;28;-5.4;6;72.4;22.8;4.62;58.7;65.7;7.6;0
6688;949014284;Construcción;13.8;9.0;14;-6.2;5;51.8;15.8;2.04;61.7;70.5;38.4;0
6689;974287517;Servicios;9.1;2.3;10;22.5;4;76.5;17.3;3.5;77.6;75.2;1.6;0
6690;895737883;Comercio;3.6;2.5;7;1.5;4;68.8;9.5;3.42;95.3;89.5;3.3;0
6691;966940992;Comercio;9.9;2.4;42;-0.6;3;82.8;7.0;2.22;94.9;67.2;12.3;0
6692;907195847;Servicios;7.7;6.1;22;-13.1;4;75.3;12.2;3.02;61.4;60.8;21.2;0
6693;815980945;Manufactura;2.9;2.7;10;15.8;7;74.2;8.7;5.17;81.1;80.9;22.5;0
6694;868166392;Comercio;11.2;9.2;62;10.5;6;82.0;18.0;3.4;47.4;46.5;2.6;0
6695;958857808;Comercio;3.0;1.3;11;-0.9;5;62.3;5.1;3.68;93.9;82.6;4.6;0
6696;963949351;Construcción;6.8;4.9;20;24.6;5;67.0;4.4;1.95;40.8;50.2;2.9;0
6697;973041796;Transporte;6.9;4.5;7;23.8;2;50.2;20.6;3.64;62.0;69.3;5.6;0
6698;802582022;Manufactura;20.7;15.7;86;13.1;7;80.2;3.7;5.84;54.3;76.5;29.0;0
6699;822238544;Manufactura;12.9;8.5;7;4.1;4;66.6;21.5;4.92;42.3;52.6;14.0;0
6700;996364472;Construcción;4.3;3.8;11;-10.7;3;62.7;26.6;3.19;15.0;42.1;33.3;1
6701;941940304;Comercio;14.0;4.3;15;26.6;2;60.9;17.4;2.66;69.2;62.4;4.1;0
6702;813038557;Transporte;25.4;10.3;23;-17.7;4;77.7;18.5;4.09;32.7;51.7;3.3;0
6703;859522701;Comercio;6.7;6.4;73;7.7;2;39.9;24.4;3.81;80.2;64.4;5.4;1
6704;851384807;Comercio;16.3;15.9;19;7.6;8;84.9;23.5;3.16;68.8;68.1;1.8;0
6705;957699958;Manufactura;11.5;3.8;30;3.5;3;42.6;14.7;4.42;85.7;57.1;8.1;1
6706;914303467;Comercio;13.5;5.1;47;7.1;7;62.4;13.7;2.21;46.8;60.0;7.1;0
6707;805578347;Comercio;1.9;1.5;42;-12.5;7;87.6;12.3;4.11;90.1;74.8;3.3;0
6708;893790453;Comercio;8.6;3.4;7;4.6;6;67.2;3.1;4.82;74.4;52.3;11.4;0
6709;984351033;Servicios;6.8;5.8;36;13.2;7;64.9;18.8;1.63;38.8;43.8;22.0;1
6710;831698793;Servicios;6.9;2.5;14;24.9;1;44.3;6.0;1.52;71.5;57.5;10.9;0
6711;968964739;Tecnología;6.6;4.6;26;9.1;4;79.9;12.6;4.06;52.9;48.5;17.8;0
6712;833923907;Transporte;13.6;9.4;7;-1.0;9;82.8;1.4;3.15;92.3;68.6;18.6;0
6713;831307574;Transporte;8.2;3.5;25;11.7;7;81.9;33.9;3.7;56.8;44.8;16.3;0
6714;975420903;Servicios;5.0;3.6;7;-0.7;5;75.9;14.0;3.69;66.6;60.5;12.4;0
6715;860544329;Transporte;5.2;1.7;33;18.1;3;76.2;6.8;2.89;38.5;50.1;1.6;0
6716;942390941;Servicios;15.1;6.7;18;-5.1;7;78.2;12.2;2.59;92.6;60.2;2.8;0
6717;963885886;Construcción;33.6;7.7;32;26.8;6;50.8;23.0;4.77;27.6;48.5;0.3;0
6718;990384871;Comercio;10.7;3.6;15;-1.7;4;52.8;23.9;5.79;33.0;39.9;14.7;1
6719;805508936;Servicios;11.6;8.8;51;-1.2;0;17.4;4.2;5.2;56.0;61.4;1.5;0
6720;872896033;Tecnología;50.0;11.5;11;5.9;6;74.5;17.1;5.22;76.8;61.1;2.5;0
6721;958001448;Comercio;11.3;11.0;135;15.8;6;73.1;26.8;4.22;25.6;21.2;38.7;0
6722;870206914;Transporte;6.4;2.2;20;32.5;5;66.3;8.8;4.61;75.0;88.7;17.8;0
6723;843349150;Construcción;6.8;4.4;20;0.1;4;73.4;3.1;3.1;58.9;68.6;2.0;0
6724;816360144;Servicios;1.6;0.4;9;-4.6;5;53.0;17.1;2.66;14.7;30.7;0.8;1
6725;835290861;Comercio;16.2;11.5;23;20.4;8;78.7;12.3;2.87;90.7;81.6;0.7;0
6726;837222432;Comercio;14.8;12.8;19;0.1;4;71.9;17.2;3.46;66.0;70.1;6.4;0
6727;862922888;Comercio;4.4;2.1;29;14.2;5;63.9;19.1;2.64;85.1;80.5;7.2;0
6728;810510273;Comercio;20.6;5.3;13;-3.4;0;43.1;29.4;2.33;41.3;53.8;1.4;1
6729;971635325;Comercio;50.0;36.2;118;-3.0;2;57.5;10.9;4.19;37.7;44.3;5.3;0
6730;846429431;Manufactura;9.5;6.5;51;11.2;5;60.8;3.8;3.27;88.7;91.3;6.1;0
6731;873502266;Servicios;8.3;7.9;18;10.7;4;75.5;11.2;5.81;72.4;56.4;24.5;0
6732;828339537;Comercio;4.7;3.1;79;-3.4;5;80.7;20.8;2.43;64.8;73.8;4.4;0
6733;941365742;Servicios;4.3;1.7;36;1.2;4;51.3;27.2;3.35;49.9;66.0;0.8;1
6734;809733698;Manufactura;11.1;6.5;58;10.5;5;61.9;23.2;4.23;58.4;72.8;0.2;0
6735;849846062;Servicios;16.9;10.7;20;6.2;6;65.6;6.7;4.72;54.8;52.1;5.1;1
6736;847049208;Comercio;5.3;2.2;81;6.7;5;75.8;9.2;5.42;60.5;71.3;14.2;0
6737;999694144;Servicios;7.1;3.7;21;-12.5;2;53.1;13.4;1.74;35.7;46.2;30.7;1
6738;894091514;Servicios;5.5;3.9;14;24.5;8;84.1;22.3;3.96;32.3;42.1;16.6;0
6739;911742812;Transporte;9.4;3.5;51;11.5;2;56.6;14.2;3.98;77.9;66.7;39.3;0
6740;851847375;Transporte;4.6;1.3;15;15.1;7;72.6;4.8;2.29;24.4;27.0;16.2;0
6741;925762252;Comercio;9.0;5.6;96;23.6;7;68.6;12.5;1.83;68.4;64.4;1.2;0
6742;934610757;Comercio;5.6;2.6;24;-0.5;5;64.7;12.8;4.35;80.7;80.3;9.6;0
6743;880055754;Comercio;17.3;17.1;6;7.4;6;46.4;31.8;5.17;66.2;62.2;22.1;0
6744;956651292;Servicios;13.3;5.8;51;-9.0;7;65.3;16.6;3.95;79.3;83.5;9.5;0
6745;856505183;Servicios;9.3;7.5;10;1.2;4;67.1;23.6;2.63;50.2;62.3;19.4;1
6746;861296611;Comercio;15.9;14.2;13;0.2;3;46.6;25.9;4.5;43.9;40.9;11.4;1
6747;807268776;Servicios;27.3;16.0;18;2.0;8;80.1;20.5;3.4;61.2;63.0;0.9;0
6748;830335851;Comercio;20.2;4.6;46;26.0;7;56.6;14.8;3.53;81.9;60.4;3.0;0
6749;803680644;Comercio;17.2;13.2;28;6.9;3;68.2;16.8;3.66;93.7;84.4;5.7;1
6750;910341591;Comercio;3.1;1.3;33;-3.8;6;75.9;13.4;3.52;81.5;75.6;2.3;0
6751;938471160;Servicios;16.2;7.0;13;22.1;5;57.6;20.5;3.12;57.4;38.1;0.1;0
6752;946437089;Comercio;40.7;21.3;13;0.8;0;27.3;28.4;2.45;64.2;64.4;25.6;1
6753;923145972;Manufactura;27.3;26.0;47;5.7;5;53.5;14.9;3.64;64.2;70.4;2.3;0
6754;908029979;Manufactura;6.8;6.2;13;15.6;6;50.9;20.8;1.53;47.9;63.9;7.6;0
6755;842996477;Transporte;7.6;2.7;36;-27.7;5;72.7;13.6;3.2;82.5;78.9;4.0;1
6756;811781175;Servicios;3.6;2.2;24;24.7;4;89.0;3.0;3.13;46.2;63.6;5.6;0
6757;933086245;Comercio;4.9;3.6;8;-5.3;5;54.3;10.6;3.64;90.4;91.0;3.9;0
6758;947005451;Servicios;5.8;2.0;49;13.1;7;77.5;12.0;2.05;40.3;46.0;2.1;0
6759;824877747;Comercio;4.7;2.6;43;6.5;5;76.6;11.8;4.74;94.0;64.3;11.1;0
6760;963021713;Transporte;6.3;2.6;69;-12.5;4;48.1;6.8;5.22;38.0;36.7;4.6;1
6761;954660693;Manufactura;13.4;13.2;52;-6.1;7;76.0;6.0;3.01;76.6;75.0;26.2;0
6762;998699292;Comercio;5.1;2.2;159;9.8;6;89.2;8.8;2.47;87.3;80.5;1.4;0
6763;842306228;Transporte;8.7;3.9;21;3.7;3;71.1;13.7;3.06;26.3;51.1;10.4;0
6764;868826953;Transporte;5.3;2.6;38;13.0;6;73.0;29.6;2.15;51.9;60.5;2.0;0
6765;918299067;Manufactura;2.4;2.0;16;6.7;3;53.4;16.3;2.62;42.8;56.1;34.7;1
6766;804936189;Tecnología;5.5;2.6;85;4.7;5;70.0;21.6;3.3;57.4;80.3;23.8;0
6767;991774978;Manufactura;13.3;5.8;41;0.9;4;46.6;17.8;2.59;40.9;40.7;1.1;0
6768;965275134;Transporte;10.0;8.0;14;20.3;8;80.5;4.2;2.12;54.6;63.2;50.0;0
6769;941384029;Comercio;29.7;14.6;15;20.2;4;54.5;4.8;1.78;94.5;93.5;7.6;0
6770;816872124;Servicios;9.3;2.2;29;14.4;7;75.0;18.0;3.14;18.1;35.1;4.8;0
6771;953344327;Tecnología;9.6;3.9;56;12.3;3;55.9;25.0;4.8;37.1;48.0;12.5;0
6772;925387375;Manufactura;8.7;2.5;38;25.6;4;78.6;18.8;3.18;78.9;63.7;32.1;0
6773;853130079;Servicios;9.2;4.9;13;-5.0;3;69.1;18.5;5.34;40.9;52.2;1.1;1
6774;877131049;Transporte;15.5;8.0;22;14.8;5;65.0;3.7;1.9;40.6;67.8;18.1;0
6775;994075989;Transporte;4.3;1.8;311;11.9;2;63.0;3.9;4.64;40.6;60.8;5.7;0
6776;897958929;Servicios;13.1;5.5;82;1.7;3;60.6;29.9;3.63;71.2;62.1;1.4;0
6777;919972797;Comercio;7.7;4.9;12;-2.7;4;41.1;22.3;1.41;69.8;67.0;2.4;1
6778;898788388;Tecnología;7.9;2.4;5;-2.3;4;78.5;32.5;3.7;65.7;72.2;29.1;1
6779;994359572;Servicios;6.5;3.8;25;12.1;5;76.7;17.5;2.1;39.8;70.5;19.2;0
6780;817277150;Comercio;12.7;4.0;114;3.7;5;72.2;3.3;2.32;43.9;54.3;2.3;0
6781;833295804;Construcción;9.2;3.4;40;14.3;3;49.2;7.8;4.76;94.1;78.7;7.5;1
6782;982057918;Comercio;18.2;9.7;86;4.7;8;96.4;25.7;5.04;33.0;44.0;4.1;0
6783;830535971;Servicios;16.1;7.7;25;6.3;5;57.3;18.3;3.12;32.9;54.1;9.6;0
6784;814963317;Comercio;8.6;6.6;9;5.2;6;82.2;19.2;3.88;35.9;33.8;4.2;0
6785;951847549;Comercio;8.1;5.5;103;23.1;4;62.5;13.7;3.25;62.0;67.1;11.8;0
6786;919832321;Comercio;15.2;12.2;5;-0.8;4;68.8;7.0;3.34;73.6;57.6;3.4;0
6787;877328022;Comercio;26.7;9.5;24;0.2;5;52.7;14.5;3.51;24.0;39.4;1.6;0
6788;955275078;Construcción;11.4;9.2;42;19.7;5;58.9;15.0;3.76;26.2;58.7;19.7;0
6789;894378645;Construcción;9.9;6.6;12;-0.8;1;35.1;22.7;2.8;78.9;82.0;3.5;1
6790;903367561;Transporte;50.0;28.0;9;-2.6;1;57.4;25.8;2.94;48.2;54.4;20.4;0
6791;830421874;Servicios;12.4;7.6;41;-17.2;2;56.2;5.9;3.68;76.1;60.5;10.1;1
6792;906200632;Tecnología;8.9;2.0;20;10.1;7;91.8;15.6;3.71;46.7;53.1;16.3;0
6793;991040021;Manufactura;8.6;5.0;53;-21.0;4;83.3;15.7;1.13;60.1;40.5;1.1;0
6794;822094167;Comercio;5.7;4.6;7;10.6;6;66.7;14.7;2.13;76.9;85.6;9.2;0
6795;912596946;Comercio;4.8;4.4;20;24.6;4;59.7;9.4;2.99;35.6;41.0;10.1;0
6796;933589363;Servicios;9.9;5.3;21;8.2;2;44.8;29.9;3.99;98.8;86.9;2.1;1
6797;999241249;Comercio;10.8;10.2;28;-1.5;6;74.3;4.7;5.59;46.6;62.7;7.4;0
6798;836822417;Servicios;11.9;10.0;28;16.4;5;62.5;44.4;4.75;82.8;84.5;33.6;0
6799;867329060;Tecnología;13.4;12.6;68;11.5;6;74.4;15.7;3.22;70.9;77.0;20.3;0
6800;973308457;Servicios;24.8;12.3;27;9.6;7;81.5;10.9;3.67;67.6;60.9;5.4;0
6801;946966327;Transporte;20.0;9.8;149;15.6;2;62.7;11.3;2.48;75.6;82.6;2.4;0
6802;802869856;Transporte;8.9;5.3;9;0.8;5;69.3;17.9;2.27;67.0;68.9;5.1;1
6803;993135916;Servicios;25.1;13.3;11;6.1;1;41.3;29.4;3.51;57.5;56.1;4.9;1
6804;916400798;Servicios;6.7;2.8;5;16.0;2;74.7;16.8;4.79;55.6;59.9;12.4;1
6805;875728960;Servicios;17.5;12.4;41;10.2;1;32.7;22.1;4.03;78.3;52.8;6.3;1
6806;947200284;Servicios;12.3;8.6;56;6.6;5;61.5;17.2;4.37;76.5;76.2;6.1;0
6807;838944080;Comercio;7.7;7.6;81;-7.0;7;84.3;12.2;3.41;67.8;53.2;1.0;0
6808;848983489;Manufactura;5.5;3.3;15;9.2;6;81.8;18.7;2.18;47.0;57.0;3.8;0
6809;913794197;Servicios;15.4;8.7;23;-5.7;5;68.1;14.3;2.67;95.0;65.2;34.6;0
6810;935301977;Comercio;3.7;2.0;106;0.4;1;48.7;6.1;4.33;48.1;47.5;3.5;1
6811;896164889;Servicios;9.3;7.0;24;-1.6;8;68.0;19.5;3.56;78.2;65.9;12.0;0
6812;958980459;Servicios;13.4;11.6;76;1.4;5;71.9;18.8;5.98;97.3;72.0;4.2;0
6813;802408109;Servicios;18.6;6.9;5;-5.7;4;68.2;39.2;4.87;85.2;78.4;14.2;0
6814;817154341;Servicios;3.5;1.7;66;-2.7;5;54.6;15.0;2.57;24.4;23.4;0.6;0
6815;939542018;Manufactura;7.5;1.7;37;2.3;9;90.6;15.0;3.06;72.1;67.4;16.9;0
6816;940698629;Servicios;6.0;5.1;15;14.3;2;61.8;18.8;3.23;69.1;54.7;1.1;0
6817;999090716;Comercio;7.3;3.5;14;9.3;5;78.8;22.7;3.05;39.0;44.9;12.9;1
6818;892222931;Comercio;40.6;39.9;44;-9.6;2;56.1;9.9;1.86;59.8;55.2;14.4;0
6819;801550546;Servicios;8.0;4.0;20;-17.0;0;36.9;39.1;2.19;91.4;74.7;1.1;1
6820;962605207;Manufactura;8.1;2.4;46;9.9;1;44.5;28.7;3.17;73.3;56.4;3.4;1
6821;878079639;Servicios;10.2;8.8;100;22.9;7;52.0;5.8;4.34;55.0;45.0;15.0;0
6822;885991933;Comercio;20.3;5.8;125;6.3;2;49.7;20.7;3.32;70.5;70.7;18.1;0
6823;947955351;Manufactura;1.3;0.3;7;4.4;8;100.0;14.5;2.5;62.3;61.2;17.6;0
6824;996538793;Tecnología;10.7;3.9;39;29.5;9;80.7;23.2;2.94;41.7;45.4;10.4;0
6825;972374238;Manufactura;3.1;1.5;41;-9.4;4;74.4;33.5;3.14;72.0;74.9;22.9;1
6826;814038558;Comercio;17.1;3.5;94;10.9;5;57.2;34.9;5.65;67.2;64.1;3.6;0
6827;875871061;Comercio;3.7;1.0;8;5.3;6;74.2;11.0;3.98;88.3;80.3;3.2;0
6828;967290176;Servicios;8.3;3.5;9;8.8;7;70.4;3.9;3.92;60.0;60.8;17.8;0
6829;811596656;Manufactura;3.4;2.6;29;12.0;4;61.4;21.2;4.85;27.8;38.6;1.9;1
6830;832644424;Servicios;17.0;10.3;105;1.1;8;100.0;13.5;2.29;38.0;39.6;2.3;0
6831;991928764;Comercio;13.8;10.6;250;6.3;5;66.2;25.4;2.12;37.5;56.2;2.3;0
6832;920638509;Servicios;12.7;4.1;201;-8.0;3;61.1;22.2;2.12;25.4;27.3;5.6;1
6833;949367512;Comercio;25.3;13.7;85;17.4;6;67.2;6.5;4.34;54.8;53.3;0.6;0
6834;908147485;Servicios;10.7;5.8;81;9.5;4;54.7;7.3;2.68;89.4;89.5;0.2;0
6835;956114330;Servicios;12.4;7.6;31;7.5;5;73.9;17.9;3.72;87.7;83.5;5.3;0
6836;831899023;Transporte;16.1;12.6;5;-13.4;3;72.1;4.3;1.21;64.6;72.7;2.8;0
6837;894274515;Servicios;25.0;24.2;20;10.1;3;52.0;33.4;2.8;49.3;42.6;4.4;0
6838;820332912;Servicios;3.7;2.4;35;2.9;8;73.9;25.4;3.61;23.8;50.7;3.3;1
6839;845844918;Manufactura;9.1;5.8;31;3.8;6;69.6;1.8;6.06;97.6;94.0;0.3;0
6840;814654189;Servicios;2.5;2.2;73;19.4;7;80.8;27.6;1.99;67.9;84.8;14.3;0
6841;811270706;Comercio;14.9;12.1;13;-9.6;6;72.7;14.8;5.28;38.1;46.2;4.6;1
6842;844080827;Transporte;12.6;12.4;65;7.6;4;74.9;25.0;2.71;72.8;44.0;1.8;1
6843;991872300;Manufactura;6.0;5.4;38;-3.6;7;66.3;11.9;3.61;49.2;51.9;8.7;0
6844;948993680;Construcción;10.0;3.3;25;-3.8;5;75.6;5.9;3.89;56.2;55.2;13.5;0
6845;949652252;Transporte;20.7;12.4;27;16.2;7;77.1;9.6;1.4;43.1;49.9;18.2;0
6846;973873165;Servicios;8.6;6.1;22;8.7;5;70.0;25.3;2.69;56.6;65.0;9.1;0
6847;988263429;Comercio;14.1;7.0;16;-3.8;6;70.9;24.4;3.73;94.1;87.1;3.8;0
6848;817115236;Manufactura;6.8;4.7;26;2.0;6;71.8;29.8;3.49;63.4;52.0;8.5;1
6849;949916792;Comercio;15.5;15.2;58;11.0;4;81.6;18.8;2.98;52.4;60.1;11.7;0
6850;978732854;Construcción;16.9;16.0;55;-6.9;5;60.0;13.6;2.42;50.2;55.5;26.8;0
6851;832783629;Tecnología;9.0;4.2;70;20.0;6;77.2;16.5;2.42;63.6;35.3;1.1;0
6852;891258445;Comercio;5.9;5.6;24;-2.9;5;55.5;23.7;2.1;72.1;68.6;9.6;1
6853;939001548;Manufactura;7.7;7.7;58;9.8;2;47.6;37.2;4.78;78.9;57.8;22.2;1
6854;978852262;Servicios;9.1;8.3;75;13.5;5;64.7;3.0;4.02;66.4;71.3;12.5;0
6855;898581517;Comercio;11.8;3.2;22;-6.2;1;55.9;5.1;3.63;55.1;37.3;8.8;1
6856;856771020;Servicios;10.3;2.5;16;8.5;7;81.2;13.1;3.99;87.4;79.1;2.8;0
6857;853186686;Servicios;10.9;6.2;26;1.1;4;63.3;8.6;2.84;76.0;78.9;31.7;1
6858;821540062;Comercio;6.1;4.1;23;-1.4;3;59.8;10.1;2.97;56.9;52.6;2.8;0
6859;854031489;Manufactura;7.2;2.7;27;-1.5;4;57.1;6.7;2.5;33.1;60.4;7.9;0
6860;843844674;Comercio;24.8;21.5;6;4.4;6;48.5;6.7;4.02;55.6;52.7;8.7;0
6861;914526096;Servicios;11.7;9.2;39;21.0;2;60.6;12.6;4.84;25.5;45.8;1.3;0
6862;905044830;Servicios;7.3;3.9;24;7.7;5;57.9;21.9;2.96;45.3;68.1;24.1;1
6863;980949846;Comercio;16.0;12.2;24;0.1;0;64.4;27.5;5.05;91.2;69.7;12.5;1
6864;800351975;Transporte;8.9;3.4;86;9.4;6;65.9;11.1;4.29;87.4;82.2;8.2;0
6865;892174779;Manufactura;12.0;2.8;17;-1.7;5;70.1;12.6;3.29;37.4;33.7;15.1;0
6866;859851646;Manufactura;8.1;7.6;11;9.3;7;99.0;16.1;4.72;76.1;60.3;10.1;0
6867;919908269;Comercio;7.3;3.5;7;-5.1;3;69.3;8.7;4.17;21.6;25.0;10.1;1
6868;946203436;Servicios;4.6;3.1;16;-7.0;5;50.5;16.0;3.22;71.2;65.4;11.8;0
6869;907158514;Construcción;43.1;37.9;15;25.5;7;71.6;10.7;4.73;58.8;67.9;1.4;0
6870;806182844;Comercio;11.8;8.4;22;-9.8;5;50.4;31.0;5.05;38.5;45.7;22.6;1
6871;851430014;Comercio;10.4;5.8;11;2.4;7;71.8;13.5;2.99;35.8;40.8;3.0;1
6872;859277533;Manufactura;11.1;10.7;8;-4.7;2;52.5;16.8;3.11;87.7;56.3;5.7;1
6873;869055467;Transporte;9.0;5.0;29;-1.9;6;69.0;14.9;2.35;82.6;89.7;17.7;0
6874;894238606;Servicios;22.7;15.2;25;6.2;3;56.2;31.1;6.74;80.8;88.8;1.2;0
6875;925090427;Construcción;13.9;9.4;24;16.4;4;53.6;4.9;2.74;84.6;47.9;13.6;0
6876;873558223;Servicios;10.7;7.5;68;5.8;7;76.0;33.0;2.48;80.4;80.2;8.2;0
6877;821837385;Tecnología;14.2;8.4;20;-9.9;3;72.6;34.8;2.39;77.7;73.8;10.3;1
6878;886440585;Tecnología;8.8;6.6;127;-0.4;2;50.7;23.2;2.32;24.5;24.9;3.1;1
6879;856580680;Servicios;38.1;27.2;81;8.1;3;63.1;15.6;2.43;23.3;46.9;6.9;0
6880;995965830;Tecnología;2.9;2.5;92;-8.7;4;57.4;22.6;2.55;32.5;61.9;2.4;1
6881;974485035;Comercio;6.2;2.7;12;3.3;5;71.2;9.6;5.69;72.2;62.6;2.6;0
6882;832274972;Servicios;10.6;4.6;26;-13.7;3;61.1;31.4;3.11;32.0;62.0;4.0;1
6883;889029490;Transporte;4.0;1.8;30;7.0;6;84.9;7.5;2.61;90.2;97.2;1.0;0
6884;917963554;Comercio;11.1;9.0;14;11.8;6;70.4;17.4;5.48;61.6;55.4;6.8;1
6885;815713530;Manufactura;4.3;1.6;46;-9.4;5;79.3;18.3;2.54;42.3;50.5;1.7;0
6886;823925835;Manufactura;9.2;8.3;16;12.8;6;65.6;8.9;4.99;47.1;56.0;5.5;0
6887;971393528;Servicios;4.2;0.9;15;10.6;6;49.6;36.7;2.97;88.7;75.2;0.4;1
6888;968881275;Servicios;6.2;3.3;17;8.2;7;81.2;4.9;2.9;74.2;47.4;2.2;0
6889;874568990;Transporte;50.0;26.1;35;17.2;7;80.3;10.4;4.13;74.6;77.1;26.8;0
6890;819547478;Manufactura;19.6;7.8;29;-10.0;5;64.0;21.0;2.43;93.7;85.6;8.0;1
6891;893275466;Manufactura;9.0;5.4;68;14.9;3;52.9;15.8;2.3;41.0;60.9;13.8;1
6892;955522235;Comercio;5.4;2.1;8;-6.2;3;63.2;7.8;4.67;47.6;54.5;23.1;1
6893;962816890;Servicios;27.6;14.9;20;11.9;6;72.6;17.5;5.85;55.9;54.5;2.6;0
6894;827847543;Servicios;7.6;4.7;37;-7.2;3;68.1;34.8;2.39;69.0;72.9;4.1;1
6895;805241832;Servicios;6.7;6.0;13;-9.4;5;68.1;32.8;2.31;42.7;57.6;11.2;1
6896;943775044;Servicios;19.6;9.3;52;-1.3;0;27.6;13.7;4.94;48.3;57.5;6.8;1
6897;939245139;Servicios;16.9;9.1;23;2.1;4;55.3;8.9;2.88;68.4;82.7;2.9;0
6898;867621082;Transporte;9.1;7.6;100;4.8;7;78.6;33.3;3.02;74.3;68.4;6.1;0
6899;891756351;Servicios;25.2;17.1;96;3.5;1;54.0;13.6;1.64;78.5;58.1;1.7;0
6900;994621892;Manufactura;6.1;5.0;41;7.1;6;69.8;8.5;2.45;67.9;77.6;5.9;1
6901;855212723;Manufactura;14.2;8.7;35;-6.1;4;73.3;4.1;4.32;37.8;44.5;19.7;0
6902;923713041;Servicios;14.0;3.3;9;-3.3;3;60.8;7.7;4.98;36.4;40.8;7.9;0
6903;909725607;Servicios;8.0;3.4;15;-2.7;8;80.9;33.0;1.32;66.9;67.0;18.9;0
6904;931914833;Servicios;5.5;4.3;92;-0.3;5;84.6;19.5;5.42;40.7;54.6;10.4;0
6905;956862695;Tecnología;16.8;8.9;55;7.9;7;73.3;45.4;2.6;51.7;62.7;11.9;0
6906;950085394;Manufactura;4.2;4.1;47;26.0;8;85.4;18.5;5.41;74.1;77.8;5.3;0
6907;838517724;Transporte;26.1;23.0;92;9.3;4;51.2;40.7;2.86;43.7;57.6;6.8;1
6908;993147718;Construcción;11.1;5.1;17;15.6;0;43.1;26.5;3.42;58.2;46.1;1.9;1
6909;884773703;Comercio;12.0;8.6;45;-0.9;6;89.1;19.4;5.4;69.4;72.2;14.8;1
6910;946466194;Manufactura;7.3;6.1;8;1.4;10;98.8;16.4;3.47;84.0;88.3;2.8;0
6911;971955575;Comercio;14.2;4.6;38;13.0;9;97.8;2.2;1.7;41.0;42.1;4.4;0
6912;839559712;Comercio;21.5;6.2;17;-12.7;0;44.9;5.3;3.89;43.1;31.3;8.6;1
6913;832447767;Servicios;3.8;2.9;10;11.1;4;66.5;6.6;2.22;61.7;57.0;5.6;0
6914;899898524;Manufactura;14.1;7.9;25;5.4;3;59.6;13.8;2.33;69.6;62.3;8.2;0
6915;935182875;Servicios;9.6;2.0;30;9.4;4;58.3;34.4;4.21;94.6;91.4;0.6;1
6916;901813701;Transporte;17.6;15.3;26;13.8;6;75.5;20.1;3.42;47.6;32.9;1.9;0
6917;958434074;Transporte;6.1;1.9;61;6.9;3;65.1;10.9;2.67;46.9;63.3;27.8;0
6918;802262631;Construcción;8.0;7.4;45;-1.2;9;70.4;21.0;4.43;85.0;87.9;9.4;0
6919;866586043;Servicios;17.8;17.4;90;8.0;7;77.0;17.5;3.47;47.8;54.5;4.8;0
6920;993410417;Servicios;9.4;7.8;23;17.5;0;50.9;3.4;3.49;58.4;68.8;0.9;1
6921;890751750;Tecnología;7.4;7.2;19;4.5;6;74.7;30.0;3.32;50.7;59.3;1.0;0
6922;820428757;Servicios;1.6;0.7;43;8.9;2;44.9;17.1;3.46;60.1;56.4;5.4;0
6923;891836180;Servicios;10.0;2.7;26;1.2;4;70.0;29.8;3.65;65.5;51.0;13.9;1
6924;802145521;Servicios;21.7;17.2;20;10.9;3;53.3;16.3;2.77;61.8;69.5;5.6;0
6925;869549505;Servicios;9.0;7.1;67;6.6;4;70.5;20.2;2.86;60.2;43.1;27.6;1
6926;847837961;Tecnología;3.2;1.9;71;9.0;5;66.3;9.7;3.69;57.1;76.7;0.2;0
6927;974870723;Construcción;18.7;16.7;34;15.5;0;45.8;18.4;4.33;38.6;46.0;6.6;1
6928;875209923;Comercio;8.5;2.8;8;10.3;5;70.7;25.6;5.82;36.4;49.4;13.8;0
6929;853343396;Construcción;17.7;4.5;13;1.2;9;77.5;8.6;1.85;76.2;66.1;0.7;0
6930;817081408;Servicios;2.1;2.0;54;-5.4;6;55.3;2.5;5.65;82.9;78.7;10.9;0
6931;810676611;Servicios;10.5;2.9;9;11.0;5;75.1;1.3;3.15;48.0;39.4;12.6;0
6932;891294344;Manufactura;31.2;30.2;53;4.4;6;83.6;3.9;2.39;27.1;33.1;0.5;0
6933;947262389;Comercio;10.8;8.2;59;16.1;6;79.0;13.6;5.0;42.5;46.0;13.3;0
6934;999057933;Manufactura;4.1;2.6;17;0.3;3;67.3;16.7;2.69;67.0;59.9;5.3;1
6935;858326283;Transporte;21.6;8.1;130;3.3;5;70.5;19.4;3.46;39.1;60.4;9.6;0
6936;845410048;Comercio;2.8;1.3;75;-0.4;2;46.8;39.1;3.27;10.9;32.2;0.5;1
6937;929864727;Manufactura;14.9;9.9;7;-14.7;1;39.7;9.4;2.88;70.0;58.5;2.6;1
6938;908278268;Comercio;3.5;1.3;30;20.6;9;84.2;17.4;3.54;53.7;31.1;4.3;0
6939;954937454;Servicios;7.1;2.4;90;11.7;4;56.4;8.3;3.26;43.6;59.6;0.1;1
6940;986137660;Servicios;12.2;9.3;63;-7.8;5;76.8;14.0;2.2;41.2;55.9;0.2;0
6941;817022203;Construcción;13.2;3.1;5;17.7;7;72.7;5.4;3.29;79.8;75.0;4.0;0
6942;808936944;Comercio;16.7;11.5;125;1.7;3;62.3;19.6;2.29;59.3;76.4;6.8;0
6943;938692109;Servicios;21.4;13.1;17;14.8;4;57.4;26.7;3.13;66.0;68.5;1.2;0
6944;956893536;Servicios;3.3;3.3;11;3.6;3;62.5;6.8;10.0;65.7;41.5;24.5;1
6945;895967346;Manufactura;9.5;6.9;47;4.8;7;83.6;8.8;3.4;84.3;63.8;1.8;0
6946;870777405;Servicios;7.4;3.4;8;-0.5;1;55.7;29.7;2.74;52.9;60.9;10.6;1
6947;948813808;Comercio;12.7;10.4;6;2.7;5;77.6;17.0;2.45;62.0;65.6;12.7;0
6948;919225963;Comercio;10.2;9.9;53;9.7;6;64.2;5.6;1.99;90.3;78.2;0.4;0
6949;859892964;Construcción;10.1;7.4;29;2.4;3;60.5;10.5;2.11;28.0;40.3;5.0;1
6950;988816414;Servicios;5.3;4.7;40;3.0;3;51.7;22.3;4.62;52.9;41.2;0.4;1
6951;935236371;Comercio;2.5;1.5;49;5.7;3;62.5;4.6;4.01;52.8;47.4;4.5;0
6952;950377727;Construcción;12.2;6.3;42;20.4;2;53.6;8.8;3.51;72.7;55.9;5.5;0
6953;817533472;Servicios;26.0;5.9;123;-6.8;3;56.4;7.0;3.24;43.6;70.0;27.5;0
6954;971163595;Comercio;15.3;4.5;21;5.5;6;67.0;12.6;3.24;54.2;48.7;1.3;0
6955;980003767;Manufactura;9.0;3.4;5;-5.5;4;75.6;30.6;2.89;90.1;71.0;13.2;1
6956;844909735;Transporte;34.1;31.7;132;7.5;5;75.2;8.4;3.93;85.9;74.0;4.1;0
6957;915395947;Construcción;9.9;9.0;32;6.9;8;71.8;2.9;4.75;82.4;75.4;1.9;0
6958;910862180;Servicios;10.4;9.4;59;5.7;5;57.7;6.2;5.2;60.2;42.6;10.0;0
6959;852502596;Comercio;19.4;8.7;9;-1.6;6;81.8;19.8;3.31;51.1;47.3;5.4;0
6960;835015386;Comercio;4.0;2.5;39;12.7;8;88.5;8.6;5.47;29.4;23.8;3.1;0
6961;974923574;Comercio;10.0;6.0;22;20.1;5;91.5;41.1;1.27;26.6;42.6;3.2;0
6962;829239472;Servicios;9.6;8.2;23;14.8;0;60.1;14.2;3.64;14.7;25.9;38.5;1
6963;933902161;Manufactura;9.4;4.2;68;-5.1;4;70.2;8.9;4.14;86.2;80.0;21.3;0
6964;935913984;Manufactura;27.3;15.7;9;-13.2;6;61.8;7.1;2.85;70.7;70.6;12.9;0
6965;978011031;Transporte;5.9;1.5;8;11.8;6;72.7;15.1;5.23;37.5;55.5;10.7;0
6966;826227839;Comercio;4.4;3.8;21;9.1;5;67.7;34.2;2.63;61.3;56.1;38.8;1
6967;869693079;Manufactura;5.8;2.5;37;0.9;4;56.2;10.3;3.95;40.4;44.9;21.5;1
6968;818513798;Comercio;3.2;2.5;12;3.5;8;76.2;26.2;2.86;37.9;61.5;3.7;0
6969;911417029;Tecnología;14.3;8.8;55;0.7;3;45.8;20.3;4.46;88.1;85.2;6.3;1
6970;804583450;Servicios;8.7;5.4;20;7.9;6;82.4;35.3;1.97;95.9;70.1;11.6;0
6971;860049482;Servicios;7.2;3.3;6;-9.6;7;76.6;26.5;2.81;97.6;78.5;2.4;1
6972;974290274;Servicios;4.3;1.9;14;0.5;4;75.2;16.4;5.74;78.4;71.4;0.4;0
6973;911442373;Servicios;16.1;6.8;7;1.2;8;100.0;3.7;2.56;87.1;57.3;8.4;0
6974;879630551;Comercio;9.1;5.6;53;3.0;0;46.8;20.2;2.1;53.0;74.5;18.3;1
6975;890433943;Transporte;8.2;6.5;20;1.0;3;60.1;11.6;3.85;32.6;23.5;2.7;1
6976;880582926;Comercio;41.3;13.9;16;2.9;2;50.2;22.7;4.83;48.3;26.1;1.3;0
6977;921928090;Tecnología;11.2;3.4;37;-13.4;4;65.8;11.2;6.27;35.5;54.0;28.7;0
6978;801464347;Comercio;5.9;3.6;8;1.5;3;47.9;24.9;4.75;63.1;64.2;0.1;1
6979;981044736;Servicios;7.6;1.6;8;-2.0;7;85.1;2.8;5.9;32.9;41.2;2.1;0
6980;882321381;Construcción;8.0;1.7;15;-8.2;6;63.5;5.9;2.66;39.9;42.6;20.4;0
6981;856682925;Servicios;25.8;12.9;23;29.5;5;67.1;9.5;2.33;23.6;39.7;9.1;0
6982;848324288;Comercio;13.5;10.6;26;3.1;6;57.6;24.0;1.84;64.1;57.2;5.6;0
6983;925099641;Servicios;15.2;4.2;11;17.8;8;81.5;14.9;4.09;30.9;40.9;10.9;0
6984;913536191;Transporte;11.6;7.7;60;14.7;6;76.3;14.0;5.35;51.5;55.0;1.3;0
6985;932279600;Manufactura;27.5;20.0;44;-6.2;7;75.0;12.5;4.01;45.1;57.1;17.4;0
6986;988568533;Servicios;5.4;5.1;29;-5.4;6;73.5;9.4;4.35;59.4;51.2;16.5;1
6987;906095966;Comercio;3.0;1.9;8;-12.6;3;70.7;25.2;4.4;81.3;76.9;0.1;1
6988;853556702;Servicios;14.0;7.8;12;-0.7;4;49.2;18.2;3.87;24.5;45.8;3.0;1
6989;962443372;Comercio;23.0;19.3;59;16.1;0;36.1;5.1;1.88;81.7;74.1;1.9;0
6990;925931225;Manufactura;5.3;4.5;8;0.5;5;68.6;35.5;3.34;64.9;73.7;5.1;1
6991;912734076;Manufactura;12.2;9.1;28;20.2;5;76.3;20.8;3.42;53.5;36.0;7.3;0
6992;843719519;Servicios;4.9;3.1;26;32.7;7;64.6;9.8;4.33;13.0;38.3;4.6;0
6993;966373084;Construcción;20.1;12.4;5;19.6;8;79.7;1.1;3.73;64.7;60.9;14.4;0
6994;921838288;Tecnología;9.5;5.7;7;14.1;4;63.8;3.4;2.25;35.9;49.7;11.1;0
6995;885405929;Comercio;2.3;0.5;14;10.6;8;94.2;22.7;1.54;89.0;76.1;5.6;0
6996;838854107;Manufactura;30.9;10.0;86;7.2;6;78.1;25.6;3.67;44.4;56.3;0.5;0
6997;959827334;Construcción;8.1;7.1;64;-0.7;2;57.7;7.5;3.3;39.6;50.0;2.5;1
6998;897359370;Manufactura;11.2;6.2;7;12.0;9;100.0;10.0;1.87;72.6;57.1;0.3;0
6999;851447673;Comercio;9.3;3.1;8;-3.2;8;97.8;19.9;2.53;52.2;61.1;13.5;0
7000;855097566;Manufactura;10.1;6.8;16;2.1;8;83.3;36.8;5.9;34.3;47.8;15.8;1
7001;849867826;Comercio;6.6;4.6;21;5.1;5;63.6;20.2;2.65;33.3;41.6;1.6;1
7002;965519945;Manufactura;1.8;0.8;29;6.6;6;62.8;10.2;5.44;40.9;38.5;13.5;1
7003;948479025;Servicios;20.7;4.2;16;-21.4;6;72.2;1.6;3.36;50.2;55.6;14.3;0
7004;876301096;Tecnología;13.9;7.1;51;-2.7;9;66.6;6.2;4.38;33.7;38.6;0.8;0
7005;852008861;Servicios;6.3;3.7;70;-11.5;6;66.2;9.4;3.56;73.9;77.7;3.0;0
7006;856625219;Comercio;7.3;2.2;46;11.6;3;30.6;4.4;2.23;9.0;21.1;7.4;1
7007;910533823;Servicios;7.9;1.9;96;-0.6;7;83.3;4.7;4.68;81.1;77.3;5.9;0
7008;828668972;Manufactura;4.9;3.3;12;5.6;5;75.2;14.6;2.4;42.6;61.6;33.8;0
7009;878880021;Servicios;7.6;5.4;86;7.9;4;64.1;27.2;2.25;70.2;51.7;1.4;0
7010;981437119;Servicios;8.1;5.7;27;-2.7;6;91.3;8.2;7.84;67.6;65.7;8.2;0
7011;800619928;Comercio;22.6;22.4;46;6.4;2;47.1;16.9;4.97;76.1;78.1;12.9;0
7012;906513711;Manufactura;22.1;10.8;67;5.7;7;74.5;11.4;2.85;84.8;60.7;0.7;0
7013;807003328;Servicios;2.9;1.0;35;8.0;2;81.9;20.4;4.62;24.1;41.3;17.0;0
7014;837642914;Servicios;4.2;2.9;16;25.3;2;46.5;18.8;5.03;81.6;80.1;6.0;1
7015;987135971;Construcción;17.9;12.9;56;15.6;7;89.9;34.6;1.36;70.3;67.2;15.8;0
7016;855570597;Manufactura;3.0;1.7;8;1.1;2;38.9;9.0;3.61;12.0;30.4;36.0;1
7017;816114622;Servicios;21.6;9.3;23;21.1;4;57.2;17.0;4.41;51.4;37.4;3.3;0
7018;871150236;Manufactura;14.9;6.7;18;-6.1;8;76.7;13.4;4.02;60.3;73.7;13.1;0
7019;965482025;Manufactura;11.5;6.4;38;-10.0;7;73.1;6.6;3.9;61.5;67.4;17.3;0
7020;849713423;Comercio;14.9;8.1;13;1.7;4;72.8;27.9;4.44;70.5;53.3;12.2;0
7021;964412417;Servicios;5.9;2.8;46;1.0;3;59.1;12.2;6.5;85.8;64.9;3.6;0
7022;816933660;Transporte;12.6;8.1;9;15.2;7;87.1;10.9;2.93;64.0;62.2;12.8;0
7023;995836677;Comercio;7.2;3.1;14;4.0;6;77.6;47.9;5.57;67.7;63.0;1.3;1
7024;882273028;Construcción;9.0;5.8;14;30.6;5;72.4;11.4;5.79;84.9;71.3;2.3;0
7025;966214629;Transporte;5.0;3.3;374;9.9;3;41.7;2.9;5.34;80.1;72.0;16.5;0
7026;984471880;Manufactura;11.1;6.2;5;14.0;5;65.4;19.6;3.06;40.1;43.1;2.8;1
7027;905109613;Construcción;4.3;1.5;7;-6.0;6;58.4;17.5;3.12;55.0;58.2;12.4;1
7028;891937747;Manufactura;10.5;8.5;24;7.7;7;76.6;4.3;3.37;19.5;28.7;32.2;0
7029;867774083;Servicios;3.9;2.1;44;2.7;0;37.1;17.2;2.13;67.0;73.5;4.8;1
7030;800663096;Construcción;14.3;11.9;18;16.8;4;86.3;13.6;3.86;54.0;67.8;5.0;0
7031;990758611;Comercio;5.6;2.5;11;5.0;4;56.0;21.8;3.14;84.8;71.9;10.4;1
7032;848835742;Transporte;28.2;15.2;48;-23.6;4;48.7;1.0;4.13;75.8;86.1;8.1;0
7033;977625977;Manufactura;10.9;9.5;47;16.0;1;49.5;0.8;2.28;37.3;55.7;2.0;0
7034;965098727;Comercio;3.3;3.0;15;11.8;5;52.7;11.1;3.61;87.3;73.8;0.2;0
7035;854647979;Transporte;9.0;7.4;10;5.5;4;68.8;19.6;3.62;64.9;71.3;8.4;0
7036;973075069;Servicios;2.0;1.3;20;28.0;6;81.4;23.4;1.78;73.7;58.9;3.3;1
7037;992668432;Servicios;4.6;2.9;12;16.7;5;72.8;19.5;1.93;98.8;93.3;9.5;0
7038;936069757;Comercio;16.5;3.9;5;10.3;4;62.0;8.4;1.51;28.0;38.3;38.3;0
7039;980712283;Comercio;4.0;0.8;32;4.4;2;65.0;14.9;4.35;40.6;45.4;6.4;1
7040;876544090;Construcción;8.1;7.8;23;3.3;3;54.2;1.8;4.04;53.8;49.3;2.7;1
7041;914978711;Manufactura;17.6;17.2;5;-13.1;3;60.2;5.9;2.3;91.0;65.4;33.6;0
7042;986748106;Construcción;3.9;2.8;29;-8.1;6;76.3;10.4;6.55;53.5;55.6;4.8;1
7043;950665146;Comercio;6.4;2.8;5;-3.5;3;70.2;8.3;2.39;93.3;100.0;19.6;0
7044;998055995;Construcción;18.8;10.2;6;9.7;5;68.3;24.5;1.92;50.0;60.7;1.8;1
7045;891513691;Servicios;2.6;1.7;23;8.2;4;47.5;6.5;3.02;19.0;42.5;20.7;1
7046;838621221;Construcción;12.5;7.3;58;-21.2;6;86.6;13.6;3.78;33.2;49.9;12.3;0
7047;874462042;Servicios;45.6;35.3;64;-13.0;4;48.3;36.0;4.18;91.3;77.7;13.8;0
7048;961202632;Servicios;10.4;9.6;137;-0.4;6;86.6;15.1;3.66;70.3;63.5;2.2;0
7049;992000028;Servicios;12.2;8.5;11;1.9;0;47.5;18.7;3.19;44.2;37.0;1.9;1
7050;979861647;Manufactura;27.9;21.8;12;-8.3;7;83.7;22.1;6.31;52.1;55.1;9.0;0
7051;812245364;Transporte;3.6;2.0;41;-9.3;9;90.9;7.7;5.13;36.0;47.4;33.7;0
7052;860477761;Manufactura;4.0;1.0;124;4.8;4;59.4;18.6;2.97;37.8;59.0;7.3;1
7053;925801744;Comercio;10.6;10.2;10;7.4;4;70.6;28.8;3.12;84.2;80.7;22.8;0
7054;821420552;Servicios;9.3;4.3;10;9.5;6;80.1;15.2;4.51;78.5;76.3;3.8;0
7055;847929321;Comercio;8.3;1.7;119;8.0;1;36.9;8.6;2.42;77.5;76.0;6.6;0
7056;858603776;Manufactura;27.0;24.8;56;2.4;5;70.7;10.9;5.91;74.3;66.6;5.4;0
7057;825686850;Construcción;7.4;3.3;29;3.2;3;63.5;6.0;4.5;48.2;54.1;4.7;0
7058;945937520;Tecnología;9.6;8.3;12;-3.1;4;54.5;11.2;2.32;87.6;70.0;5.3;1
7059;873023106;Transporte;6.0;3.2;5;2.4;6;73.2;9.8;3.16;68.3;52.4;3.1;0
7060;975477957;Comercio;22.6;19.0;15;9.6;6;74.6;19.5;2.61;81.6;76.2;1.9;0
7061;833296625;Manufactura;40.2;37.0;141;2.9;5;49.1;24.5;4.3;30.3;45.4;5.1;0
7062;850313225;Manufactura;9.6;7.3;9;0.6;3;74.5;27.3;1.86;33.8;53.9;11.3;0
7063;953988417;Manufactura;11.6;9.4;42;9.8;3;49.7;9.3;3.98;78.4;76.0;2.1;1
7064;853523974;Transporte;6.6;1.8;24;15.0;0;55.3;5.9;5.96;58.9;74.5;1.7;0
7065;959127977;Tecnología;6.4;5.2;28;-0.1;9;94.9;20.8;4.6;91.9;79.0;18.4;0
7066;998515276;Manufactura;14.0;8.7;17;2.7;3;69.2;9.6;4.11;48.9;38.8;0.9;0
7067;865988915;Servicios;7.2;6.6;21;-6.0;7;43.6;8.8;3.75;44.4;60.3;2.9;0
7068;903424707;Comercio;5.8;5.8;47;6.1;3;43.3;23.9;3.6;82.9;85.1;1.0;1
7069;875791193;Manufactura;3.9;3.3;5;8.2;5;72.3;23.4;4.56;26.4;41.0;7.4;1
7070;834871179;Comercio;21.1;14.1;43;17.5;5;61.0;6.6;3.63;54.1;52.8;5.3;0
7071;997216468;Servicios;5.9;2.8;57;8.3;5;61.3;3.1;2.14;78.0;67.6;6.5;0
7072;855715578;Manufactura;7.5;4.0;38;2.1;4;63.8;12.5;3.15;72.7;84.2;5.5;0
7073;984100411;Manufactura;14.8;14.1;32;3.8;5;68.2;25.0;2.22;65.7;42.1;11.8;0
7074;884809228;Servicios;1.6;0.8;106;8.2;5;75.0;30.4;3.42;74.4;73.7;2.6;0
7075;858034832;Manufactura;6.3;4.3;50;-1.8;4;64.4;10.7;3.56;49.7;51.3;3.5;0
7076;896048216;Servicios;5.2;5.1;33;6.1;2;31.0;20.3;1.7;71.4;62.8;3.9;1
7077;973899887;Manufactura;10.6;10.4;59;2.0;5;74.0;38.1;2.82;44.3;61.3;3.3;1
7078;815837642;Comercio;2.7;2.0;6;-6.9;6;71.0;11.3;4.38;72.5;66.2;1.0;0
7079;823529872;Servicios;23.9;7.1;16;18.9;7;84.0;9.0;3.9;35.2;51.6;1.4;0
7080;998427674;Comercio;7.2;4.6;9;15.7;1;43.1;35.1;2.54;60.7;50.2;10.6;0
7081;838333582;Comercio;8.9;7.1;64;0.8;8;88.1;4.0;2.6;66.1;60.7;20.1;0
7082;888820458;Tecnología;5.5;2.0;43;3.8;4;47.2;2.7;3.4;35.6;33.8;0.3;0
7083;841593654;Manufactura;7.8;6.4;17;-4.6;0;37.9;22.3;5.33;50.8;59.6;2.4;1
7084;985376317;Construcción;24.5;19.5;10;6.2;3;51.1;27.6;3.55;79.2;69.2;17.4;0
7085;858311098;Tecnología;8.0;3.4;36;10.1;8;73.1;27.5;4.69;91.4;87.1;21.2;0
7086;932255954;Servicios;7.8;3.3;89;12.4;6;83.0;14.7;3.25;41.7;54.4;3.3;0
7087;821714671;Tecnología;19.2;16.5;16;13.9;5;60.0;15.2;2.66;60.1;50.4;4.5;0
7088;834313428;Construcción;6.2;3.7;42;5.4;5;69.2;1.4;2.65;80.6;86.4;22.6;0
7089;950729482;Comercio;6.3;2.4;50;-13.5;4;75.9;14.0;3.02;84.2;80.8;17.1;1
7090;961729637;Servicios;2.9;1.2;9;2.5;3;68.0;6.8;1.58;79.9;78.1;20.0;1
7091;952915727;Manufactura;6.4;4.5;5;11.3;6;80.3;24.3;4.01;73.4;71.7;18.0;0
7092;872136337;Servicios;12.8;9.6;32;25.3;6;64.7;16.3;3.29;69.2;48.0;42.9;0
7093;844651953;Comercio;5.4;2.4;84;-2.3;10;85.8;22.0;6.34;55.9;40.5;9.9;0
7094;800958544;Servicios;8.7;6.5;17;4.2;5;83.2;32.1;4.89;12.3;26.8;15.4;0
7095;911034530;Servicios;4.9;1.3;8;-1.8;7;73.5;8.5;2.06;71.6;63.8;0.1;0
7096;821450788;Transporte;5.5;1.5;13;19.2;4;39.5;5.5;4.3;80.1;75.0;2.7;0
7097;838921066;Servicios;9.5;9.0;353;7.1;4;34.2;16.2;2.89;80.4;70.2;3.3;0
7098;806431999;Servicios;9.5;7.9;34;21.6;4;51.6;23.5;6.73;44.9;60.1;7.4;0
7099;817214482;Comercio;13.4;9.0;47;-11.0;4;43.4;22.3;2.37;40.7;56.7;8.6;1
7100;961131029;Manufactura;20.8;14.3;22;-8.6;0;46.2;28.5;1.33;72.5;66.5;4.5;1
7101;912160733;Servicios;23.4;17.3;9;-8.0;6;71.0;10.1;1.67;67.3;73.3;11.7;0
7102;872689334;Manufactura;16.3;16.2;11;3.7;1;60.2;27.5;3.4;18.9;50.2;10.1;1
7103;966516350;Tecnología;2.4;0.8;18;-8.0;6;67.0;11.2;2.54;18.1;51.4;14.6;1
7104;813052993;Manufactura;8.2;4.8;93;-2.1;7;71.5;25.5;5.33;80.5;78.0;0.0;0
7105;929885029;Tecnología;17.2;8.8;8;-14.1;7;66.2;10.8;3.83;62.8;68.9;1.3;0
7106;959886695;Comercio;14.8;7.7;94;2.3;4;52.2;15.1;2.63;22.2;38.8;10.5;0
7107;892755262;Servicios;3.7;2.5;89;3.2;5;61.4;28.7;3.23;76.1;81.4;2.4;1
7108;901169692;Comercio;20.6;6.6;5;19.9;5;65.5;37.0;3.21;64.3;59.1;1.5;0
7109;858059390;Comercio;4.8;3.1;9;-2.6;9;100.0;9.8;5.26;65.8;75.9;14.1;0
7110;934456881;Manufactura;2.0;1.1;72;-25.3;3;57.8;11.3;2.55;38.0;39.4;0.8;1
7111;802633431;Servicios;10.9;8.9;41;26.0;5;70.2;14.5;2.64;41.0;45.8;5.7;0
7112;805117038;Servicios;3.0;1.4;17;1.3;3;56.0;51.0;6.33;18.1;51.9;12.2;1
7113;953632114;Comercio;6.2;5.7;23;1.0;6;67.7;4.6;4.06;34.2;17.6;0.6;0
7114;831240633;Transporte;15.4;8.2;68;11.8;6;56.6;21.0;4.86;27.0;42.6;15.5;1
7115;945488093;Transporte;5.7;3.1;8;3.1;3;80.7;22.0;3.47;50.5;55.5;8.0;1
7116;926583103;Servicios;24.2;23.0;15;11.3;5;59.7;15.4;6.38;67.5;60.8;10.6;0
7117;848876278;Transporte;14.6;7.0;28;2.3;3;55.0;13.7;3.85;33.1;44.9;3.0;0
7118;960072170;Servicios;17.3;6.5;104;13.5;6;85.0;45.8;2.53;68.0;61.9;0.4;0
7119;996788451;Transporte;2.2;0.8;44;6.0;2;55.4;15.5;5.35;36.7;47.0;10.8;1
7120;953627878;Manufactura;25.9;9.6;29;16.8;3;48.0;29.9;1.51;58.4;60.2;22.9;0
7121;804621520;Servicios;7.1;1.6;23;-3.6;2;50.0;10.1;3.83;63.0;57.5;16.2;1
7122;945584924;Transporte;5.5;3.2;6;13.1;4;44.0;23.0;3.87;42.3;55.6;10.5;1
7123;929107355;Servicios;8.8;5.3;7;-3.7;5;58.9;33.4;4.03;47.3;75.0;24.5;1
7124;911534262;Comercio;2.5;1.9;25;11.4;5;78.1;9.3;2.44;49.4;31.1;5.8;0
7125;912115077;Comercio;4.5;2.2;21;-3.1;4;41.8;30.3;3.1;67.9;50.3;7.0;0
7126;866499514;Manufactura;2.0;0.8;65;15.9;5;75.5;29.1;2.55;63.4;51.1;11.6;0
7127;935439363;Manufactura;18.5;5.7;31;5.6;5;51.0;9.4;4.29;69.1;64.0;9.3;1
7128;880940356;Comercio;6.6;3.9;13;4.0;7;75.9;34.6;2.91;65.7;42.1;5.7;0
7129;951927585;Comercio;12.0;6.4;31;-6.3;2;56.8;25.7;3.23;86.1;73.5;8.6;1
7130;806965498;Servicios;12.5;3.7;43;6.4;3;40.0;10.0;3.46;25.8;58.3;12.6;1
7131;815339990;Construcción;14.1;4.6;26;14.6;4;51.7;9.7;3.94;76.5;56.2;6.1;0
7132;914205709;Comercio;7.0;2.1;35;17.6;4;63.7;44.2;3.84;75.9;68.8;0.2;1
7133;890566266;Transporte;7.3;2.3;12;3.2;6;77.6;15.8;2.28;82.0;84.6;4.6;0
7134;921494958;Comercio;4.4;2.7;5;-0.7;4;48.1;20.0;3.47;56.3;59.9;0.8;1
7135;888222053;Tecnología;19.3;13.9;26;-6.0;6;80.8;10.8;2.08;37.9;53.0;17.1;0
7136;910970844;Construcción;11.0;3.0;18;2.3;4;57.8;41.3;1.45;53.3;61.8;1.1;1
7137;912292601;Servicios;28.5;28.3;41;4.5;7;81.3;15.5;2.98;54.6;60.3;4.1;0
7138;914293346;Servicios;6.6;4.8;5;1.9;7;79.9;9.3;4.94;69.3;64.5;1.6;0
7139;857652320;Servicios;3.6;1.4;21;-6.6;2;55.8;4.0;7.31;62.1;61.7;8.1;1
7140;944669298;Servicios;5.1;4.5;33;-6.1;4;66.3;21.1;2.59;60.2;67.9;15.2;1
7141;821003356;Servicios;12.7;9.3;35;5.0;6;86.7;3.6;5.09;42.8;52.8;31.0;0
7142;813098022;Servicios;4.6;3.5;41;10.5;1;53.7;23.5;4.42;56.6;53.9;13.5;1
7143;857145404;Comercio;24.8;6.8;10;4.1;5;67.7;11.0;5.36;59.8;60.8;6.5;0
7144;828813748;Comercio;8.8;4.9;25;4.1;3;43.8;16.1;3.47;34.3;48.2;7.1;1
7145;814965878;Manufactura;5.1;2.3;5;16.6;7;64.2;29.7;4.95;50.1;52.7;4.7;0
7146;898536422;Construcción;6.4;1.5;16;1.1;6;64.4;19.2;4.37;58.0;62.1;6.4;0
7147;987791600;Manufactura;7.1;4.6;11;-6.4;3;75.8;28.5;3.23;35.8;59.0;15.6;1
7148;801048237;Construcción;12.1;3.0;18;18.3;1;44.5;5.6;1.71;57.9;69.8;4.8;0
7149;825084566;Servicios;7.2;3.8;6;-9.4;5;53.9;1.3;3.76;57.1;58.7;9.2;0
7150;918927993;Transporte;6.8;6.0;34;-10.4;6;83.6;13.9;3.61;62.8;69.0;11.4;0
7151;873158875;Transporte;33.7;22.4;11;14.8;3;65.5;29.6;2.55;71.4;69.1;8.5;0
7152;871862522;Comercio;2.5;2.0;55;1.3;10;72.9;17.6;3.29;48.1;47.6;3.9;1
7153;807124912;Servicios;7.9;5.9;6;16.6;6;73.9;30.7;2.74;61.3;58.4;9.6;0
7154;818515342;Manufactura;7.8;5.4;19;-16.0;3;47.3;4.6;3.41;1.8;16.6;8.0;1
7155;889013113;Transporte;5.1;1.9;5;1.2;8;68.8;4.5;3.58;65.2;71.5;1.5;0
7156;895584650;Servicios;16.8;12.9;11;-15.4;6;75.9;24.7;2.31;38.7;58.5;1.6;1
7157;852819763;Construcción;13.3;2.8;19;-2.6;4;45.3;3.1;4.21;49.4;68.4;1.8;1
7158;829942480;Construcción;10.0;5.1;55;-10.9;4;71.7;28.4;3.43;55.2;65.5;0.5;0
7159;825409351;Manufactura;6.7;6.2;5;12.5;6;77.7;11.5;3.37;75.1;55.0;8.5;0
7160;883185015;Comercio;2.4;2.3;30;1.3;0;48.5;33.2;6.58;50.0;48.0;0.8;1
7161;924724542;Construcción;7.9;5.7;23;6.5;5;65.4;12.7;2.53;54.5;66.9;5.4;0
7162;804962232;Servicios;2.5;0.6;51;9.1;6;86.9;12.0;2.95;69.7;65.6;11.2;0
7163;965233573;Manufactura;2.9;1.3;9;13.3;4;76.8;22.0;6.52;52.4;54.5;0.2;0
7164;956504513;Comercio;28.0;12.1;67;3.9;6;70.1;9.5;3.51;35.2;43.1;5.2;0
7165;810813101;Comercio;2.5;1.4;56;2.0;6;84.1;19.9;5.04;69.4;67.4;0.1;0
7166;867326593;Servicios;50.0;43.1;51;10.0;4;62.4;12.3;7.22;26.9;35.0;6.2;0
7167;933820901;Servicios;13.7;7.8;8;-22.8;5;74.9;7.8;2.37;78.0;70.6;0.4;0
7168;882620577;Comercio;9.7;4.8;21;8.3;6;60.6;8.6;4.39;66.3;69.3;15.1;0
7169;896389861;Construcción;10.3;6.9;11;5.0;3;29.7;23.0;4.1;78.5;83.2;6.2;1
7170;881110167;Construcción;5.3;4.2;16;-9.2;7;77.9;14.5;4.15;48.4;47.0;7.7;1
7171;898705440;Comercio;7.4;4.1;66;15.1;5;71.8;12.3;5.41;46.9;61.5;11.6;0
7172;941484554;Servicios;9.1;3.2;24;4.0;3;55.9;18.4;3.52;65.6;74.0;8.8;0
7173;983982525;Servicios;50.0;31.0;17;8.7;4;55.3;28.7;3.87;38.4;21.1;0.9;0
7174;925982275;Comercio;7.0;7.0;20;-0.8;7;61.0;32.3;2.76;56.2;60.8;15.1;1
7175;882527158;Servicios;8.4;1.7;23;8.9;3;60.9;10.8;2.03;48.1;67.5;5.3;1
7176;806215075;Comercio;8.9;4.3;15;10.8;6;80.5;17.1;2.48;77.1;99.0;1.8;0
7177;992269014;Manufactura;8.5;3.8;28;-7.4;4;58.5;15.6;3.48;23.1;44.6;11.8;1
7178;936717565;Comercio;24.8;20.9;70;11.8;2;61.3;5.5;2.4;43.5;39.9;2.1;0
7179;909950613;Servicios;9.3;7.4;226;0.5;4;71.7;11.6;5.86;26.3;33.6;16.4;0
7180;923878328;Servicios;14.1;5.6;12;13.7;3;69.2;23.0;3.89;35.6;58.5;18.5;0
7181;975621729;Manufactura;4.3;3.1;166;21.4;5;55.4;11.8;1.62;58.6;63.6;28.9;1
7182;843904860;Tecnología;6.5;2.9;28;13.1;3;43.8;23.8;3.14;17.9;40.3;1.6;1
7183;886941045;Transporte;7.6;4.2;12;7.7;3;79.9;33.9;4.0;49.8;51.6;1.5;1
7184;990667038;Manufactura;9.5;9.3;38;21.8;6;72.1;7.6;4.19;85.3;84.4;5.2;0
7185;986938668;Servicios;8.5;3.3;13;-8.9;6;87.1;27.6;4.66;47.4;61.8;22.9;1
7186;813610815;Transporte;11.5;5.7;16;21.3;6;85.4;3.4;2.36;88.2;94.5;3.6;0
7187;822248366;Comercio;9.4;6.3;13;-10.7;5;55.3;22.2;2.45;65.0;66.2;4.9;1
7188;879380504;Transporte;10.4;10.0;8;8.6;0;58.2;5.0;2.23;54.7;51.0;26.8;1
7189;836222429;Servicios;4.1;2.4;32;0.8;6;62.3;22.6;4.65;68.5;72.2;9.2;1
7190;950280782;Servicios;3.8;3.3;67;-2.4;1;59.0;30.9;2.31;30.0;34.0;10.9;1
7191;900592190;Servicios;11.2;7.6;9;14.7;0;43.7;21.5;5.31;65.3;69.4;6.6;0
7192;841050802;Comercio;4.7;4.3;41;2.0;5;59.8;12.3;3.69;88.7;81.7;17.7;0
7193;916421976;Transporte;4.7;3.0;55;4.8;5;59.9;7.8;3.56;72.1;56.9;39.9;0
7194;936107485;Servicios;8.4;2.2;25;13.5;2;44.3;22.2;3.52;90.7;90.1;0.9;0
7195;998438146;Servicios;2.7;1.9;87;8.0;3;54.7;3.4;1.34;48.1;37.8;8.6;0
7196;900262673;Manufactura;30.0;28.8;25;1.6;4;67.1;14.9;3.14;74.5;69.8;31.6;0
7197;883800588;Transporte;16.8;16.1;33;25.8;5;72.4;3.8;2.73;45.0;40.9;22.2;0
7198;862191767;Comercio;17.6;12.8;7;3.8;5;72.6;12.4;3.15;33.8;36.0;10.8;0
7199;923855384;Servicios;7.8;7.4;48;20.8;4;76.8;11.9;2.11;55.2;39.7;1.4;0
7200;934086827;Comercio;12.9;10.5;51;10.2;6;64.3;19.0;2.07;75.3;66.7;12.6;0
7201;933925143;Tecnología;5.5;2.7;23;2.1;7;83.3;27.0;4.58;71.3;67.2;0.4;0
7202;849520627;Servicios;3.0;2.9;25;27.6;7;80.2;12.4;3.22;88.4;76.3;17.0;0
7203;984980786;Construcción;6.7;6.1;12;-6.5;6;84.0;8.0;2.27;79.4;69.5;1.3;0
7204;806601015;Transporte;16.3;9.5;64;5.0;9;66.0;14.7;2.96;59.3;50.2;7.2;0
7205;959584292;Tecnología;11.8;11.1;108;6.2;5;62.6;16.5;1.92;81.6;65.8;1.6;0
7206;968852897;Comercio;2.5;1.3;55;7.3;0;37.3;23.3;4.0;70.3;60.4;17.0;1
7207;888126432;Comercio;15.8;13.1;9;-16.2;2;69.4;8.1;3.03;69.2;67.6;6.4;1
7208;969883700;Manufactura;6.8;1.6;14;8.0;5;61.0;27.3;5.57;54.3;60.4;5.0;1
7209;959948843;Comercio;11.7;3.6;76;8.4;6;72.9;14.9;3.38;83.8;56.5;14.5;1
7210;928010909;Servicios;21.9;21.6;9;16.8;3;73.8;9.9;2.6;30.3;44.1;20.9;0
7211;970118690;Servicios;4.6;1.1;10;26.3;6;58.4;14.1;3.12;57.4;52.3;25.3;0
7212;940956391;Comercio;4.8;4.3;25;8.4;8;93.1;23.1;3.54;66.2;78.3;27.8;0
7213;837834810;Servicios;12.6;2.7;19;4.6;2;42.0;14.8;2.43;54.8;61.9;3.8;1
7214;811101959;Servicios;7.8;4.0;21;2.1;4;77.1;29.8;3.88;46.9;56.3;8.1;0
7215;857551917;Comercio;9.4;4.4;81;4.2;6;70.4;6.5;2.83;69.6;62.6;7.8;0
7216;810470796;Servicios;3.2;2.5;64;14.2;6;61.6;20.2;3.36;38.3;50.0;5.3;0
7217;884117260;Comercio;24.1;12.6;20;6.6;4;57.1;5.1;3.12;11.9;35.7;3.4;0
7218;964142541;Transporte;6.6;5.4;17;-4.1;4;63.7;8.8;2.83;54.7;48.5;27.6;0
7219;859851329;Servicios;3.8;1.5;21;-21.7;3;54.3;32.3;2.22;51.9;48.5;5.1;1
7220;918260591;Tecnología;11.1;2.8;97;15.6;2;53.4;22.1;3.9;62.4;57.2;5.2;0
7221;935605861;Tecnología;2.4;1.8;235;-3.7;5;58.3;11.1;2.56;75.9;71.8;0.8;1
7222;998601689;Transporte;15.8;8.6;32;0.2;7;80.2;34.6;1.77;87.1;92.3;11.7;0
7223;892419049;Transporte;21.7;18.5;15;2.6;3;50.8;19.1;3.57;47.2;55.0;7.3;0
7224;853300838;Manufactura;18.8;15.8;26;19.7;7;77.2;12.8;4.43;51.6;41.5;6.4;0
7225;965451007;Comercio;29.1;20.5;87;3.2;2;50.3;20.7;1.94;76.9;73.7;19.4;0
7226;806072512;Manufactura;35.7;32.2;22;2.1;4;62.6;2.5;2.41;41.8;52.5;11.5;0
7227;897572663;Comercio;14.2;10.9;33;1.3;2;50.6;8.8;2.56;59.3;62.7;5.7;0
7228;965921207;Servicios;7.2;4.4;55;1.6;4;67.9;12.5;5.89;64.5;60.7;6.3;0
7229;822184667;Servicios;7.9;2.4;62;11.4;4;53.6;29.5;2.57;42.7;36.8;0.2;0
7230;851778823;Comercio;4.9;4.2;29;-4.8;1;52.8;1.5;6.67;50.6;60.2;5.5;1
7231;949054504;Comercio;7.7;6.4;102;7.6;5;79.6;5.9;2.28;51.1;58.4;3.0;0
7232;972119006;Servicios;13.5;5.6;57;3.6;2;54.4;8.6;5.59;70.9;79.7;4.7;0
7233;969061903;Comercio;12.6;8.7;30;3.4;4;59.8;30.2;1.53;39.5;61.2;3.7;1
7234;894668363;Comercio;5.8;2.9;5;11.6;6;69.4;1.1;4.41;92.4;72.2;2.4;0
7235;874850188;Comercio;4.0;3.7;83;27.4;6;73.9;3.9;2.85;18.8;29.3;12.9;0
7236;936572989;Tecnología;23.6;12.7;24;-0.8;6;87.1;3.8;2.02;72.3;79.5;5.4;0
7237;940687004;Transporte;6.8;2.9;15;8.4;2;52.1;17.2;3.16;71.2;81.7;3.1;1
7238;931642020;Comercio;4.7;2.0;27;-1.3;2;36.7;15.6;3.29;70.3;65.0;5.1;1
7239;979263381;Comercio;17.0;16.7;12;4.8;3;63.1;31.7;4.07;67.4;71.1;2.2;0
7240;876604456;Comercio;38.2;27.1;17;11.7;0;42.8;4.8;3.76;57.1;66.3;40.1;0
7241;873961444;Servicios;35.2;26.3;6;-9.5;5;53.5;1.6;2.28;66.3;55.9;7.3;0
7242;938970553;Servicios;27.9;19.3;19;2.7;5;61.4;12.2;3.24;75.5;70.8;2.1;0
7243;805625869;Servicios;7.8;7.7;58;2.7;1;36.6;22.6;3.19;62.5;60.8;8.6;1
7244;981380760;Manufactura;25.6;8.7;47;-12.2;2;50.9;19.5;3.22;35.5;33.3;16.2;1
7245;813279529;Servicios;7.9;2.7;14;15.2;3;41.8;3.1;1.89;71.5;63.6;0.5;0
7246;893181445;Comercio;17.3;13.3;41;5.6;4;65.9;6.1;4.73;93.6;76.4;3.7;0
7247;844406832;Manufactura;6.6;4.5;24;13.8;8;76.0;9.7;3.27;12.4;43.3;13.6;0
7248;911009691;Tecnología;8.1;5.0;17;5.9;6;84.3;16.2;1.62;45.7;48.1;5.7;0
7249;889399041;Comercio;7.3;5.4;5;3.5;5;74.6;7.2;3.18;35.7;52.0;21.2;0
7250;895544678;Servicios;3.7;2.5;28;10.8;6;64.1;27.6;2.77;50.0;73.3;3.4;0
7251;979092312;Manufactura;18.8;16.2;15;17.8;6;75.8;16.7;4.43;74.5;75.3;13.3;0
7252;992925571;Comercio;3.0;2.9;33;-9.9;7;86.8;5.6;7.16;59.3;67.2;9.6;0
7253;893487726;Comercio;25.5;8.6;22;14.7;3;60.2;16.6;3.47;49.1;31.2;47.7;0
7254;825537925;Manufactura;7.6;7.1;100;14.0;7;65.6;32.2;2.65;24.0;27.3;12.6;0
7255;869263856;Servicios;4.4;2.0;10;3.0;6;72.9;2.0;4.3;68.3;59.4;25.1;0
7256;907223167;Comercio;4.4;3.0;12;22.7;5;75.7;27.8;4.29;20.0;34.8;4.1;0
7257;938656842;Servicios;8.4;3.9;54;-8.5;4;58.4;27.0;1.24;65.4;69.6;8.1;0
7258;815325605;Servicios;9.4;4.8;33;9.6;1;53.3;19.8;4.82;47.5;56.9;3.8;1
7259;961757367;Construcción;5.1;1.5;15;9.4;4;80.6;22.1;3.82;46.6;67.8;14.6;0
7260;960877927;Comercio;13.0;5.1;14;18.0;1;48.7;15.8;2.91;47.2;68.0;4.7;1
7261;826607850;Manufactura;38.0;19.2;49;2.0;7;81.0;4.9;4.41;62.4;53.5;13.9;0
7262;970058144;Comercio;6.7;2.3;8;-6.8;5;64.7;19.4;1.97;16.5;41.7;16.9;1
7263;967437174;Servicios;11.7;7.7;31;9.5;5;60.8;7.3;4.77;54.1;64.2;1.6;0
7264;849906152;Tecnología;8.4;2.4;14;-6.2;6;59.3;15.4;4.12;54.5;61.2;28.5;0
7265;831998825;Transporte;7.1;3.8;13;-8.0;6;89.8;33.5;4.25;70.8;72.5;21.4;0
7266;992902721;Comercio;17.5;14.2;10;-4.5;6;71.7;28.8;1.86;51.5;63.8;13.0;0
7267;867484141;Construcción;6.9;6.1;8;2.7;5;77.1;4.3;3.5;34.1;32.2;7.1;1
7268;931181353;Transporte;5.0;4.9;34;22.0;6;63.0;19.1;3.79;86.0;92.2;8.5;0
7269;938992796;Comercio;15.5;14.7;30;-10.6;4;71.9;12.8;3.98;31.9;37.2;7.7;1
7270;861220357;Servicios;43.4;40.4;52;10.2;6;73.8;7.0;5.72;72.6;62.7;22.8;0
7271;889410439;Manufactura;39.5;32.1;34;25.3;6;84.5;14.5;3.33;37.7;47.7;5.5;0
7272;812601986;Comercio;7.0;3.2;24;15.7;4;74.1;24.2;4.19;89.1;78.2;1.6;0
7273;974388261;Servicios;5.9;1.6;33;-9.4;7;63.5;12.3;4.48;23.6;36.5;0.5;0
7274;895390417;Servicios;4.1;2.8;29;8.7;7;70.3;14.3;1.82;48.9;49.3;18.9;0
7275;962926895;Transporte;5.1;2.0;9;-9.8;5;67.5;2.7;2.61;65.9;73.6;11.1;0
7276;904151488;Comercio;6.8;3.1;20;9.9;2;51.8;6.2;5.91;77.0;66.1;2.5;1
7277;920908220;Comercio;4.9;3.2;13;16.6;2;80.0;6.7;4.0;84.6;86.1;29.4;0
7278;883533890;Construcción;14.9;3.7;84;1.1;10;66.8;27.7;2.13;75.1;79.5;15.3;1
7279;925072673;Servicios;12.6;10.7;27;-5.1;6;55.6;21.4;2.5;59.6;59.3;0.9;1
7280;872489024;Comercio;4.5;0.9;11;6.5;3;57.9;10.8;3.21;40.6;26.9;23.8;1
7281;930165801;Construcción;9.2;5.3;22;9.8;3;54.1;27.2;4.75;68.4;77.7;2.8;0
7282;852934546;Manufactura;5.8;4.2;98;12.3;4;56.0;2.1;2.58;38.3;41.5;32.2;0
7283;917811855;Construcción;5.6;1.8;115;-5.4;8;87.7;19.5;2.12;58.2;75.0;3.5;0
7284;956255419;Construcción;4.7;4.2;24;-0.5;5;59.5;32.2;3.63;27.2;35.1;1.3;1
7285;918522925;Transporte;3.9;3.7;5;21.9;6;89.3;8.9;2.4;92.5;74.1;3.0;0
7286;832703799;Comercio;2.7;1.4;6;-2.2;4;82.4;23.0;1.81;61.1;63.0;10.3;1
7287;806339613;Transporte;11.9;5.9;32;2.0;5;80.0;15.8;3.29;67.1;80.7;6.2;0
7288;919638673;Servicios;18.5;18.2;16;3.9;1;42.6;16.8;3.85;76.4;88.5;5.5;1
7289;910858537;Transporte;23.2;21.0;45;3.5;3;64.3;32.4;2.85;76.8;77.5;5.9;0
7290;832690980;Comercio;27.3;7.9;21;-3.5;3;74.0;19.2;2.12;77.5;66.7;24.3;0
7291;888381848;Comercio;37.8;19.5;328;18.1;3;71.4;22.8;6.19;42.5;55.1;0.7;0
7292;828821672;Servicios;2.7;2.1;5;10.0;8;86.2;2.9;4.27;70.5;61.1;3.1;0
7293;803139949;Construcción;7.4;6.2;40;-21.7;6;69.5;10.6;3.31;72.7;53.8;4.4;1
7294;967866478;Comercio;8.7;4.2;16;8.8;7;73.8;30.6;2.83;49.9;73.3;1.7;0
7295;823660092;Transporte;6.1;2.5;35;21.2;4;70.1;22.5;4.44;40.4;57.7;8.7;0
7296;999218609;Manufactura;12.8;7.0;34;5.7;5;63.2;19.5;2.01;93.6;71.9;0.4;1
7297;882448716;Manufactura;19.3;18.1;5;6.4;4;51.1;29.2;2.56;78.2;51.9;1.1;0
7298;903373896;Servicios;23.8;18.0;26;20.9;7;85.1;31.8;4.93;49.4;62.5;5.5;0
7299;805867538;Comercio;15.7;10.7;81;1.1;4;66.1;23.8;5.53;84.5;78.8;9.5;0
7300;868777529;Manufactura;50.0;12.3;69;6.9;5;66.8;28.0;2.67;38.0;47.1;6.7;0
7301;872730248;Transporte;2.4;2.0;364;-4.3;6;54.5;14.1;4.25;61.7;57.4;25.0;0
7302;921508568;Manufactura;3.4;0.8;15;8.2;9;100.0;21.4;6.17;56.9;65.3;9.8;0
7303;867622653;Servicios;11.9;3.9;47;6.5;5;78.9;22.8;3.63;47.6;54.5;16.1;0
7304;860040005;Manufactura;2.6;0.6;63;-8.2;8;65.5;21.4;4.13;82.8;85.7;0.3;0
7305;924624976;Servicios;9.5;3.6;11;12.7;4;59.2;12.0;3.71;78.3;89.2;1.9;0
7306;927688300;Comercio;6.9;4.8;9;16.7;4;71.6;12.6;3.35;26.7;38.3;8.8;0
7307;908670403;Transporte;40.6;14.7;32;4.0;3;51.0;29.7;3.39;60.1;72.4;25.6;0
7308;980020333;Comercio;13.7;5.5;21;4.4;5;51.9;17.1;2.57;87.3;89.7;0.0;0
7309;949989197;Comercio;3.0;2.6;9;7.2;5;74.7;9.6;2.84;26.9;40.8;4.4;1
7310;853388355;Servicios;16.3;7.1;41;1.9;7;67.7;6.5;2.51;42.6;39.2;0.2;1
7311;868889923;Comercio;15.8;12.2;38;5.3;4;57.9;8.7;2.69;89.0;72.0;2.6;0
7312;826956451;Servicios;16.2;10.3;28;-3.1;1;34.0;31.6;3.89;40.2;60.2;34.4;1
7313;801514928;Comercio;1.3;1.3;23;3.8;3;48.3;5.9;4.43;39.6;37.8;9.5;1
7314;925014768;Tecnología;13.0;8.2;13;2.2;5;65.5;17.9;4.35;33.1;58.8;20.3;1
7315;977573793;Servicios;15.6;5.9;29;-3.7;7;90.5;8.1;3.27;61.9;54.0;42.0;0
7316;935837968;Transporte;9.8;8.7;74;0.2;9;73.2;15.4;1.95;96.2;70.0;45.2;0
7317;891346005;Construcción;3.6;1.2;60;1.5;7;72.0;21.0;4.75;86.8;91.9;1.5;0
7318;999357265;Comercio;7.9;3.4;32;-1.0;2;57.9;6.6;2.54;80.6;82.7;0.3;0
7319;828451778;Construcción;2.9;1.6;43;-9.6;7;69.1;27.0;3.58;62.9;75.1;4.1;1
7320;942834693;Transporte;12.3;4.5;25;-8.8;2;62.8;14.7;2.96;53.9;56.1;3.1;1
7321;851142561;Servicios;5.1;1.6;71;25.7;8;79.6;3.0;4.26;47.1;42.5;12.1;0
7322;834323554;Servicios;16.8;13.2;21;4.2;7;75.5;6.8;4.37;69.7;63.6;2.7;0
7323;950626284;Transporte;7.4;6.4;6;-1.8;4;66.1;4.6;2.06;55.7;63.6;6.5;0
7324;867448067;Servicios;3.8;2.7;5;8.7;5;72.1;41.3;4.27;83.9;70.3;17.9;0
7325;873263384;Servicios;3.6;3.0;77;-3.2;4;54.6;10.4;4.38;62.3;68.1;18.1;0
7326;834090562;Comercio;35.0;32.5;9;-3.8;7;83.8;0.4;4.03;49.9;56.3;14.3;0
7327;804992347;Manufactura;28.0;16.3;38;31.6;5;62.6;19.5;3.42;75.7;75.6;0.2;0
7328;843320999;Servicios;5.5;2.9;17;20.5;7;66.8;4.9;3.05;77.1;61.2;22.5;0
7329;983546254;Servicios;9.0;6.6;26;24.5;5;71.0;0.5;3.17;76.1;88.9;3.2;0
7330;912706490;Comercio;6.5;3.4;24;5.9;4;52.6;7.5;4.49;65.3;63.8;1.9;0
7331;915595485;Tecnología;9.0;4.7;32;1.8;7;78.0;24.6;1.55;63.9;50.4;21.5;0
7332;869353516;Comercio;39.1;34.7;24;2.0;4;75.1;34.4;3.51;77.1;76.7;25.8;0
7333;854166235;Servicios;5.5;2.7;77;-7.0;2;75.4;28.3;4.33;71.0;75.1;20.6;1
7334;879358311;Transporte;11.1;3.6;66;0.6;8;71.6;21.0;3.96;78.9;89.6;12.7;0
7335;855865315;Servicios;22.6;6.2;43;6.4;6;65.8;21.6;2.3;51.0;39.9;0.2;0
7336;827555414;Comercio;10.6;8.3;10;11.1;5;41.1;25.7;2.71;22.4;48.9;3.3;1
7337;848848412;Transporte;6.5;4.2;50;4.8;6;77.2;30.0;5.29;66.2;66.4;4.4;0
7338;895886763;Transporte;29.4;25.1;15;25.3;5;88.8;26.5;2.26;79.0;85.9;7.5;0
7339;917573158;Manufactura;20.7;16.1;17;5.4;4;56.9;7.3;1.35;40.9;46.0;9.3;0
7340;947338544;Comercio;11.2;6.0;10;-17.0;3;66.1;13.6;3.1;86.3;89.3;2.2;0
7341;932275728;Servicios;9.6;8.1;8;-4.2;6;53.8;9.1;4.04;95.7;90.7;9.8;0
7342;874015871;Servicios;14.6;12.2;17;13.9;4;54.0;6.5;4.42;84.9;96.9;7.5;0
7343;839616835;Manufactura;7.0;6.4;5;-1.5;4;55.1;34.1;2.51;77.8;76.8;0.0;1
7344;973782466;Comercio;14.3;9.8;14;1.6;4;54.5;3.5;4.24;35.5;58.3;2.6;0
7345;963932670;Servicios;5.3;4.2;107;10.5;4;72.8;2.7;4.22;38.6;57.2;16.9;0
7346;989632744;Construcción;13.3;6.1;20;4.0;8;95.5;10.2;4.55;38.9;45.5;5.3;0
7347;880959379;Servicios;21.9;13.0;7;1.3;4;64.6;15.1;3.63;57.0;59.5;1.2;1
7348;820624536;Comercio;46.4;10.1;21;1.9;5;49.4;11.4;4.55;80.6;73.2;8.0;0
7349;900122580;Servicios;15.8;11.7;33;-5.4;4;68.5;23.4;5.43;40.6;42.3;0.3;0
7350;808912261;Construcción;20.6;11.8;20;12.3;0;48.7;24.0;2.93;59.9;62.6;9.3;1
7351;816335226;Comercio;9.4;3.8;35;-1.9;3;71.1;8.7;2.18;51.6;66.0;11.2;0
7352;999109112;Tecnología;15.6;4.9;54;16.6;7;79.8;25.9;6.85;51.9;49.1;3.9;0
7353;905155855;Comercio;47.8;25.1;65;-0.0;5;68.1;29.9;3.96;98.0;87.5;6.7;0
7354;842504042;Transporte;15.5;12.2;32;2.8;6;76.4;15.3;2.61;57.9;58.4;8.7;0
7355;894022833;Comercio;7.7;4.9;25;16.6;5;75.0;8.4;1.99;53.5;65.0;7.0;0
7356;901333334;Manufactura;11.8;9.5;41;10.7;2;38.5;9.3;4.0;57.6;62.4;22.2;0
7357;819237440;Servicios;5.7;2.1;54;3.2;3;38.6;21.9;5.22;84.6;79.6;7.2;1
7358;903835402;Servicios;11.3;2.3;169;27.5;6;74.8;21.3;4.08;65.3;66.7;3.2;0
7359;905508648;Servicios;9.5;8.5;6;11.5;5;58.8;18.3;2.96;84.4;66.7;11.2;0
7360;907641257;Servicios;14.7;3.7;9;3.3;8;85.2;14.6;5.09;57.9;65.9;2.5;0
7361;898276374;Transporte;4.2;1.5;12;-7.1;6;72.9;19.1;1.75;82.1;77.4;2.9;0
7362;860549349;Comercio;19.8;10.7;42;4.0;6;73.0;10.3;7.42;62.7;66.8;1.4;0
7363;885262086;Construcción;2.3;2.2;90;19.6;4;66.1;11.9;4.51;43.4;61.0;16.1;0
7364;878977535;Servicios;10.8;3.2;18;0.9;7;84.9;15.2;2.38;70.2;57.7;2.8;0
7365;810817288;Construcción;12.2;6.8;28;0.7;7;85.9;18.9;3.53;77.1;89.3;6.6;0
7366;964990763;Servicios;26.9;8.7;38;6.1;4;56.8;5.0;1.72;78.7;70.0;15.3;0
7367;889311548;Comercio;3.5;1.5;7;7.9;2;50.8;17.0;3.53;60.7;66.6;26.8;1
7368;998352590;Construcción;3.4;0.8;21;-2.8;0;47.9;22.1;1.89;75.7;73.8;9.0;1
7369;942682730;Transporte;2.3;2.2;77;9.1;5;55.7;18.8;3.84;51.4;56.9;16.1;1
7370;877367072;Servicios;5.8;5.5;85;3.1;3;41.8;16.9;2.93;47.5;46.5;0.1;0
7371;915308605;Manufactura;4.2;3.9;6;-17.3;5;70.6;39.7;2.98;76.7;81.1;0.8;1
7372;977879561;Servicios;10.6;2.8;17;-1.2;7;78.7;27.9;3.61;66.9;74.8;21.3;0
7373;832716498;Servicios;22.0;15.1;157;-1.5;6;68.9;5.1;3.82;44.3;60.4;4.2;0
7374;966273460;Servicios;7.6;5.7;20;34.7;2;69.1;5.6;2.36;53.2;54.8;9.1;0
7375;979111266;Servicios;6.4;5.6;11;5.9;8;74.0;13.8;2.68;66.4;56.6;7.2;0
7376;909888728;Comercio;12.6;12.5;27;8.5;7;70.7;12.2;3.3;54.4;65.3;1.4;0
7377;846517119;Construcción;12.3;2.8;80;-4.3;3;64.2;22.6;2.65;82.1;76.3;14.2;1
7378;937405021;Construcción;5.7;3.3;24;4.3;5;59.4;6.8;1.86;16.5;27.6;2.2;0
7379;805527140;Servicios;6.5;6.3;19;-6.7;7;66.4;11.2;3.4;82.4;44.1;21.4;0
7380;913069368;Comercio;8.8;2.5;65;-13.0;6;73.3;10.6;8.61;43.3;44.0;7.6;0
7381;950942395;Comercio;11.5;5.4;33;3.0;3;52.3;31.7;2.39;45.6;50.3;15.2;1
7382;983878869;Transporte;46.4;33.3;92;11.9;5;70.7;19.3;3.27;62.4;68.8;0.6;0
7383;802117205;Transporte;19.8;11.2;43;10.6;5;59.9;19.0;2.35;84.5;80.5;4.4;0
7384;940042516;Servicios;6.5;6.1;25;0.2;3;65.6;29.7;1.78;61.2;56.0;0.4;1
7385;800137797;Construcción;4.9;2.4;12;4.6;1;30.4;16.6;5.2;79.2;77.1;8.3;1
7386;886108746;Servicios;11.2;6.9;135;-5.7;2;71.5;10.4;3.67;54.1;69.0;6.2;0
7387;841850242;Manufactura;16.1;15.7;27;1.1;4;61.3;13.0;1.84;46.9;61.5;35.1;1
7388;870173158;Comercio;10.9;8.2;10;7.1;7;73.5;5.0;3.45;59.6;44.9;42.0;0
7389;956155331;Servicios;16.4;7.6;28;-0.1;2;67.7;12.4;3.56;37.5;37.7;0.9;0
7390;904297038;Comercio;12.4;3.5;41;-5.7;4;65.4;10.7;3.94;56.9;61.1;6.1;1
7391;842519465;Servicios;7.1;1.5;28;11.3;5;74.7;21.2;1.73;30.3;48.3;5.2;0
7392;943531144;Servicios;11.6;5.7;31;14.7;4;59.7;12.8;2.41;75.1;77.9;2.2;0
7393;997656730;Servicios;5.2;3.5;47;6.8;8;73.5;40.9;3.02;93.7;80.0;18.4;0
7394;931005625;Comercio;15.1;9.7;33;-11.4;4;73.1;21.9;3.5;75.3;63.8;5.5;1
7395;988174671;Comercio;6.9;6.4;16;8.7;4;50.0;24.2;2.93;61.8;70.5;19.3;1
7396;926652430;Manufactura;9.4;7.4;31;-9.7;6;83.1;16.2;3.27;68.0;80.8;3.2;0
7397;976091780;Transporte;7.2;5.4;12;1.2;0;55.9;12.4;3.4;63.3;57.4;4.2;1
7398;870433591;Construcción;8.2;6.0;11;-6.0;4;64.0;16.8;3.54;78.0;58.9;10.7;0
7399;968019949;Transporte;2.8;1.8;57;13.4;3;72.0;19.4;5.45;92.7;94.1;18.1;0
7400;815997719;Construcción;21.9;20.6;19;-14.8;4;50.7;23.1;4.57;19.3;43.5;16.3;1
7401;993845557;Servicios;13.2;10.5;54;11.0;6;71.7;11.5;3.43;36.0;30.8;3.7;0
7402;901399577;Manufactura;2.9;2.5;8;16.3;5;61.2;10.9;4.04;52.7;66.2;0.8;0
7403;978041006;Servicios;8.9;3.7;269;30.6;0;40.0;12.5;3.58;91.7;68.8;5.7;0
7404;997264377;Servicios;5.3;1.1;55;7.7;2;57.5;23.1;3.23;72.7;70.9;7.4;1
7405;963990706;Construcción;6.8;1.9;199;-2.6;4;76.0;12.9;2.03;47.5;58.2;11.5;0
7406;957241212;Comercio;10.9;8.6;72;-4.0;6;69.1;13.7;2.87;25.0;31.8;0.3;0
7407;956308379;Servicios;11.1;2.5;13;7.5;5;57.8;8.2;2.98;72.7;59.8;6.4;0
7408;894412234;Servicios;2.6;2.2;5;8.4;5;58.5;7.6;5.59;63.0;39.1;3.0;0
7409;996955212;Tecnología;46.5;42.0;54;-2.3;3;50.3;12.3;1.74;56.3;61.9;26.5;0
7410;844653307;Construcción;5.0;2.6;27;9.7;7;75.0;15.2;2.06;61.4;56.5;8.1;0
7411;933400792;Comercio;19.6;10.8;75;1.2;5;66.5;16.8;4.28;56.0;56.6;0.0;0
7412;918962458;Manufactura;20.7;20.4;26;-15.9;4;78.3;17.0;1.72;47.5;48.5;3.2;0
7413;949608450;Construcción;8.1;2.4;26;-4.9;5;61.4;32.7;3.3;63.5;82.2;8.7;1
7414;921710790;Transporte;12.9;4.8;33;-5.5;6;81.6;4.6;2.92;55.4;37.4;1.1;0
7415;872827666;Transporte;14.8;7.7;65;3.9;5;47.0;20.8;1.91;51.3;45.4;11.3;1
7416;925242818;Servicios;4.5;1.3;24;13.5;2;51.4;18.6;2.26;57.9;56.4;1.1;0
7417;919964059;Comercio;8.7;5.7;19;5.3;2;53.7;20.8;3.69;72.2;73.5;2.2;0
7418;837855108;Transporte;18.7;15.6;45;1.6;6;74.2;20.9;2.06;85.7;68.2;50.0;0
7419;892374875;Comercio;3.1;1.7;64;5.8;4;53.2;11.3;3.15;62.7;44.3;3.4;0
7420;926094985;Servicios;7.1;6.5;18;24.0;1;28.6;15.3;2.28;65.9;70.3;5.7;0
7421;858832929;Servicios;8.5;8.1;11;6.1;2;52.3;5.6;5.5;41.4;51.3;7.9;1
7422;896225535;Comercio;16.0;6.1;36;4.9;5;53.7;6.0;3.73;28.2;33.4;3.5;0
7423;861306520;Servicios;5.3;2.5;24;7.4;8;90.6;4.6;4.83;21.9;33.3;14.5;0
7424;827193250;Servicios;37.5;13.4;86;5.6;4;62.5;18.4;5.31;33.0;47.3;1.9;0
7425;803018137;Comercio;16.3;12.8;79;21.8;4;60.6;21.1;2.74;80.0;70.7;5.5;0
7426;849817251;Servicios;12.8;8.6;118;15.8;3;68.1;11.3;2.56;86.6;93.8;14.3;0
7427;853251718;Comercio;13.2;6.6;13;20.4;3;64.0;21.3;2.31;53.2;40.7;6.3;0
7428;907168819;Servicios;5.9;5.4;42;1.1;3;48.2;26.8;1.64;41.4;49.0;7.2;1
7429;827174696;Tecnología;7.8;6.3;8;7.2;6;70.7;26.5;1.77;30.4;52.9;0.9;0
7430;991954108;Manufactura;6.8;3.2;23;-4.0;1;43.1;1.4;2.59;88.2;80.9;4.1;0
7431;868511498;Comercio;5.8;3.3;12;11.2;8;83.1;19.4;2.92;51.5;41.4;4.0;0
7432;839311932;Comercio;8.3;2.9;19;4.8;1;46.3;36.3;4.43;79.6;76.1;4.0;1
7433;972151377;Manufactura;39.6;33.4;15;2.3;4;58.7;5.2;2.53;67.8;58.5;9.5;0
7434;816801508;Comercio;3.5;2.8;33;13.9;7;76.1;32.7;2.68;60.7;45.6;2.3;0
7435;816693894;Construcción;3.8;3.1;20;-0.2;3;54.5;18.8;3.89;62.6;55.1;12.0;1
7436;903714004;Tecnología;3.2;3.2;5;11.0;3;54.5;8.1;4.33;52.6;64.6;15.5;1
7437;803125468;Manufactura;11.2;2.6;127;15.9;6;67.6;29.9;1.9;66.5;65.2;16.4;0
7438;911635439;Manufactura;3.0;2.9;36;17.1;7;76.6;21.9;1.92;95.1;96.8;7.2;0
7439;924957692;Servicios;17.3;14.1;14;2.3;4;69.0;15.5;1.87;82.2;81.6;4.8;0
7440;898068984;Comercio;24.6;13.4;23;-9.0;7;80.8;18.8;3.7;62.3;56.0;5.4;0
7441;980995344;Comercio;24.0;17.8;22;-0.2;3;58.4;16.5;1.41;64.9;57.6;7.9;0
7442;842819167;Servicios;14.1;11.5;99;9.3;4;70.1;11.2;2.9;54.5;54.3;2.0;0
7443;887936992;Comercio;21.2;17.0;65;10.5;4;52.1;3.1;4.44;91.2;71.6;7.1;0
7444;879440222;Tecnología;6.1;4.8;12;-3.8;0;45.0;1.4;1.85;72.3;92.1;1.9;1
7445;885942147;Comercio;4.0;1.5;22;1.0;3;69.3;18.0;3.81;58.3;62.2;12.2;1
7446;908657159;Servicios;8.9;7.7;10;4.3;3;61.4;2.4;3.26;38.7;36.8;30.2;1
7447;834173936;Tecnología;3.5;2.9;81;6.4;5;60.1;25.0;3.84;54.0;48.8;13.1;1
7448;852356851;Comercio;8.4;8.3;18;15.5;4;69.1;27.7;2.36;65.1;65.7;11.4;0
7449;939342963;Manufactura;21.1;5.8;9;-10.1;3;50.7;11.6;2.88;93.1;82.7;15.8;0
7450;953133883;Comercio;9.8;6.4;51;-12.5;2;45.6;12.4;4.3;36.7;51.1;0.2;1
7451;926409073;Construcción;10.9;10.6;39;14.3;7;65.2;27.1;2.03;91.5;82.7;3.3;0
7452;834328484;Comercio;7.0;3.3;52;7.4;5;65.4;9.5;3.25;84.1;55.8;2.6;0
7453;853866850;Servicios;18.8;15.2;5;30.7;9;92.1;31.3;4.94;19.7;34.5;17.3;0
7454;851048245;Construcción;17.5;6.1;26;-0.5;4;73.4;18.4;5.35;75.9;64.5;3.1;0
7455;827654103;Servicios;11.1;8.8;29;-1.6;4;70.0;10.8;3.32;75.5;75.6;13.2;0
7456;926335030;Tecnología;3.6;1.1;30;-5.9;4;59.7;14.5;4.25;52.2;48.3;12.5;1
7457;934680671;Construcción;11.7;11.3;12;9.7;4;69.7;10.3;2.88;28.3;41.3;21.5;0
7458;997818362;Comercio;19.7;10.2;42;2.9;5;77.4;7.3;6.83;24.2;36.2;27.5;0
7459;946438882;Comercio;17.2;15.2;49;1.8;4;72.3;23.1;2.04;37.8;69.9;0.7;0
7460;922232988;Manufactura;23.7;14.6;196;9.1;3;59.3;5.7;2.8;46.3;82.1;7.7;0
7461;914841814;Servicios;5.4;2.9;20;9.8;0;24.7;20.9;3.71;37.1;25.6;0.4;0
7462;868541875;Comercio;8.6;3.0;7;21.8;7;84.7;15.6;2.93;70.8;58.8;3.8;0
7463;994176252;Comercio;8.4;2.9;27;13.1;5;78.4;0.5;4.17;66.2;71.4;0.5;0
7464;952378892;Servicios;18.1;3.9;28;-3.8;3;62.5;21.6;4.29;64.6;64.6;21.6;1
7465;875979879;Construcción;24.5;21.1;81;1.3;4;65.5;1.6;2.92;86.1;84.5;0.8;0
7466;971638383;Construcción;36.1;12.3;17;11.2;6;74.8;14.5;3.61;66.1;74.2;6.9;0
7467;876508868;Servicios;9.3;7.7;11;-11.5;6;92.2;28.3;2.95;28.6;23.5;5.5;1
7468;807595083;Construcción;15.0;4.5;59;-23.4;2;47.2;7.2;3.86;45.1;43.5;1.2;1
7469;819974385;Comercio;28.0;7.7;16;17.7;2;69.7;16.9;5.39;69.0;53.0;27.8;0
7470;963261461;Servicios;10.4;4.6;30;17.1;4;55.1;11.1;3.79;38.6;61.0;17.7;0
7471;917399398;Transporte;15.2;8.9;19;9.6;6;64.7;9.7;5.28;68.7;56.3;0.1;0
7472;947054146;Servicios;12.1;3.2;15;8.6;3;63.6;7.6;3.32;92.0;84.5;6.0;0
7473;944162389;Tecnología;7.8;4.6;27;14.2;5;79.8;15.0;4.36;82.4;95.2;3.1;0
7474;964534532;Comercio;10.6;7.4;10;1.5;8;81.8;7.6;3.84;34.7;40.5;1.3;0
7475;976299514;Servicios;15.2;13.4;75;3.6;3;56.1;44.8;1.78;38.7;45.5;10.9;0
7476;932443662;Manufactura;5.5;3.2;11;2.7;6;80.4;15.9;6.49;67.5;71.5;25.2;0
7477;826390382;Servicios;18.6;11.2;9;14.9;4;74.3;18.7;2.77;48.6;32.2;18.9;0
7478;975178400;Construcción;20.9;16.3;38;12.5;5;76.1;16.7;3.63;48.7;52.1;16.2;0
7479;877540746;Construcción;11.0;10.5;34;-4.1;5;36.6;23.9;4.67;72.5;70.4;3.7;1
7480;822312789;Tecnología;25.5;17.2;20;5.5;6;66.7;24.3;2.98;14.8;46.5;31.5;0
7481;973874935;Servicios;11.6;7.9;26;3.5;3;53.9;17.1;2.94;92.6;77.0;19.1;1
7482;844766931;Comercio;7.6;2.4;53;-1.7;5;68.4;12.5;4.15;45.1;40.8;2.0;1
7483;837938028;Manufactura;4.7;2.5;9;-9.9;5;54.6;4.4;3.61;73.0;56.2;2.8;0
7484;868702750;Servicios;6.6;3.2;17;-1.7;3;48.6;21.4;4.72;53.9;51.4;8.0;1
7485;913173620;Tecnología;4.9;4.2;11;-0.1;2;55.5;16.8;5.53;82.1;64.9;0.7;0
7486;801350196;Transporte;2.9;1.4;30;14.9;6;81.8;21.4;2.69;72.6;66.5;19.4;0
7487;800614977;Manufactura;17.8;12.7;53;-11.4;7;65.8;29.8;3.07;56.2;58.4;4.3;0
7488;912531123;Comercio;3.7;3.2;73;14.7;6;63.8;13.8;2.98;95.8;84.4;6.3;0
7489;800961000;Comercio;8.6;4.5;36;15.0;5;76.2;7.9;2.65;50.7;61.8;14.8;0
7490;983476530;Servicios;9.3;4.3;5;5.0;7;82.6;19.5;6.09;32.7;60.5;5.8;0
7491;933051993;Servicios;1.6;0.8;17;5.6;1;77.2;24.9;3.24;64.6;68.4;6.9;0
7492;959827654;Servicios;15.9;15.5;21;4.5;7;75.8;27.6;2.56;47.7;58.4;0.3;1
7493;835516874;Comercio;6.7;1.8;27;7.6;0;26.1;2.0;3.58;66.5;59.0;3.5;0
7494;926850860;Manufactura;5.1;5.0;7;8.6;4;63.6;12.9;2.34;69.1;61.5;14.6;1
7495;962632230;Servicios;14.9;14.5;36;9.6;4;73.1;8.0;3.04;41.3;38.1;7.2;0
7496;926498380;Comercio;8.8;4.8;12;8.6;1;58.8;24.4;2.29;40.6;59.6;9.5;1
7497;964902878;Comercio;4.3;1.5;34;2.7;3;46.3;32.8;3.3;63.1;73.3;5.2;1
7498;806241168;Construcción;17.6;10.9;9;7.1;5;79.6;11.0;2.12;73.9;59.1;5.6;0
7499;953410284;Comercio;7.8;2.4;15;6.8;7;71.9;24.7;5.61;47.8;31.1;0.9;0
7500;908039410;Servicios;30.1;25.2;14;0.8;5;55.9;15.5;3.63;66.7;73.0;0.5;0
7501;911148053;Transporte;11.5;5.3;21;2.4;3;53.3;26.2;3.79;93.9;79.6;2.2;1
7502;897437261;Manufactura;6.2;4.5;18;-10.0;9;87.8;22.8;3.05;81.0;69.0;18.4;0
7503;820941434;Comercio;11.7;4.1;18;-8.3;9;74.5;12.0;5.09;33.8;56.9;1.6;0
7504;879355941;Construcción;20.0;7.2;32;13.3;6;68.6;11.2;3.17;26.5;41.9;4.8;0
7505;885879380;Transporte;15.9;11.2;11;7.2;6;92.6;4.4;4.58;55.6;69.7;0.6;0
7506;905709729;Servicios;8.7;4.8;82;8.5;3;67.1;18.8;4.16;35.9;44.4;3.6;0
7507;998045718;Comercio;6.1;3.8;52;-1.3;4;61.5;9.0;3.02;58.0;50.9;11.6;1
7508;964874031;Transporte;7.7;1.6;81;11.3;3;62.9;6.2;4.52;70.4;76.0;3.2;0
7509;970832495;Comercio;6.7;6.2;166;-2.5;1;34.7;3.2;2.09;74.6;59.8;30.0;0
7510;861577555;Servicios;5.3;2.5;17;1.5;0;56.8;8.2;1.89;68.1;64.6;3.7;1
7511;927696271;Manufactura;3.3;1.8;13;5.1;8;75.5;31.3;2.49;78.3;83.7;6.4;0
7512;801248680;Transporte;16.7;6.4;85;2.6;2;45.4;41.3;2.38;42.5;57.1;12.2;1
7513;818353376;Comercio;14.3;7.7;34;27.5;0;39.9;17.9;1.82;78.8;64.6;1.9;0
7514;971824676;Servicios;7.6;6.8;5;12.3;3;48.8;13.0;3.16;69.9;64.9;30.1;1
7515;914066262;Comercio;9.9;4.7;8;21.8;6;68.2;10.1;2.63;65.4;75.4;8.1;0
7516;895063997;Construcción;13.7;8.0;16;-8.0;4;64.6;26.9;4.01;89.0;74.1;0.1;1
7517;886900581;Servicios;2.3;1.0;61;0.0;4;61.2;23.5;3.74;84.1;76.0;11.6;1
7518;892390187;Comercio;7.7;5.9;13;-8.8;1;49.4;6.5;2.29;61.6;62.1;1.9;1
7519;869568240;Servicios;12.8;8.5;29;10.3;6;79.0;15.3;3.2;76.2;83.3;4.1;0
7520;801691881;Comercio;5.8;2.3;17;0.6;4;64.7;16.4;5.5;51.0;51.6;1.0;0
7521;933469317;Tecnología;8.6;8.0;23;4.0;3;59.6;25.7;3.5;21.9;32.8;47.6;1
7522;933402244;Construcción;10.8;9.4;25;-6.6;4;40.0;20.1;2.62;70.8;84.8;0.4;0
7523;859258043;Servicios;9.4;2.9;6;9.7;1;45.0;5.2;4.74;25.6;34.7;20.4;1
7524;883318772;Transporte;6.2;3.1;16;10.1;9;90.5;16.8;2.78;65.9;60.5;3.0;0
7525;809810185;Manufactura;14.7;12.4;110;-5.1;6;84.8;15.9;4.59;53.3;61.7;3.4;0
7526;927862019;Tecnología;35.6;34.4;70;1.6;6;80.3;14.1;3.39;91.8;75.3;17.4;0
7527;998119770;Comercio;7.7;4.5;27;18.1;4;56.0;15.9;5.01;62.7;65.9;9.3;0
7528;865016841;Manufactura;4.5;2.0;12;17.0;4;64.7;44.6;2.62;45.5;37.0;4.2;1
7529;829470021;Transporte;7.2;4.5;250;3.2;5;71.2;27.0;3.42;43.2;42.0;5.9;0
7530;970064835;Servicios;25.6;22.7;123;-15.6;5;70.6;21.2;3.99;74.2;68.0;13.0;0
7531;824877059;Comercio;5.2;1.6;39;-2.3;2;54.9;42.4;1.93;40.2;63.1;16.9;1
7532;887570144;Transporte;13.3;7.0;102;3.6;5;48.1;14.4;4.33;39.5;43.4;10.8;0
7533;866116733;Servicios;5.1;3.6;274;13.4;5;80.2;7.1;2.24;56.0;55.7;13.2;0
7534;869611411;Manufactura;8.5;1.9;5;4.5;0;30.7;28.8;4.89;63.9;79.3;14.7;0
7535;948788948;Servicios;7.3;2.9;51;-0.4;5;64.4;19.2;5.27;50.4;33.9;5.1;1
7536;873264731;Construcción;12.7;8.9;44;6.5;2;40.9;18.7;2.48;81.5;79.4;0.6;0
7537;956528544;Servicios;20.0;14.3;26;0.6;5;91.9;19.0;2.31;59.6;59.5;12.1;0
7538;832656924;Servicios;19.6;7.8;62;-2.6;1;51.2;5.2;3.24;62.1;59.8;2.3;0
7539;967238614;Comercio;4.4;3.7;17;6.9;4;54.0;5.2;4.8;26.2;34.4;7.1;1
7540;973898921;Servicios;5.1;1.1;114;26.5;5;62.2;15.1;3.97;84.9;83.3;19.0;0
7541;940771303;Manufactura;9.6;4.2;77;-8.0;2;53.1;9.9;2.91;43.2;58.7;10.0;1
7542;948148254;Construcción;3.5;3.3;86;7.2;7;75.3;8.8;2.33;79.0;73.5;0.8;0
7543;908823694;Comercio;7.2;3.9;24;5.1;6;69.0;15.7;4.07;42.8;65.7;0.5;0
7544;893146944;Comercio;20.1;13.9;10;12.5;6;73.7;33.5;2.3;62.8;48.2;12.1;0
7545;995821665;Comercio;4.3;3.8;36;-11.7;5;60.4;21.5;3.09;70.3;67.0;3.9;1
7546;830667649;Manufactura;34.4;15.0;15;12.8;5;90.2;11.7;5.32;45.1;39.6;4.9;0
7547;829365527;Servicios;5.1;4.8;20;15.6;8;88.9;24.8;3.61;13.6;37.9;2.2;0
7548;901272353;Construcción;8.0;2.6;21;-12.8;8;96.1;16.0;3.76;79.3;66.6;12.5;1
7549;862830580;Construcción;12.7;8.4;91;1.9;5;79.0;17.4;2.22;67.6;53.7;2.2;0
7550;847982525;Comercio;7.1;6.1;49;-5.9;5;47.3;5.6;3.11;71.3;58.0;3.9;0
7551;964236625;Construcción;2.7;1.5;86;-3.7;6;68.2;14.1;3.54;40.2;47.2;4.5;0
7552;857107742;Transporte;6.5;4.1;14;-11.0;7;88.1;11.8;3.09;77.6;60.4;3.1;0
7553;815399720;Comercio;20.2;4.0;32;-4.7;2;38.6;12.6;1.77;29.1;45.5;12.6;1
7554;870824031;Tecnología;12.1;9.7;33;14.2;3;67.8;10.4;3.21;76.0;68.6;5.8;0
7555;976101577;Servicios;15.0;14.0;12;16.6;2;50.9;23.1;2.93;30.1;31.5;16.1;0
7556;996853264;Manufactura;46.7;29.0;109;-7.6;1;58.3;9.0;6.49;56.4;65.1;20.2;0
7557;910330028;Servicios;4.2;0.9;14;12.0;2;56.3;4.8;3.02;69.3;71.6;24.0;1
7558;850717066;Construcción;12.7;6.8;5;3.3;4;67.0;16.0;2.75;75.0;64.9;19.6;0
7559;947096441;Comercio;22.0;5.6;134;13.5;4;57.8;18.5;3.41;78.4;57.7;8.9;0
7560;890638451;Servicios;10.1;7.1;39;-3.0;0;34.6;20.1;3.93;55.5;41.6;4.0;1
7561;896319939;Manufactura;25.4;15.5;72;5.2;5;79.8;9.8;2.72;61.5;45.5;7.8;0
7562;831137128;Comercio;12.8;10.8;5;3.7;7;53.8;9.1;3.27;33.5;55.9;12.5;0
7563;893660907;Servicios;14.8;13.9;91;14.4;0;51.6;26.2;4.51;63.4;61.5;20.5;0
7564;974676212;Servicios;6.5;1.9;5;-9.0;5;58.2;5.6;3.78;54.7;78.8;11.6;0
7565;968499912;Comercio;12.0;6.9;46;13.8;5;67.0;15.3;3.37;50.3;58.9;2.4;0
7566;884302120;Comercio;9.2;8.3;46;28.4;0;46.5;14.4;5.41;54.1;69.9;1.9;0
7567;874021906;Comercio;2.1;0.9;80;-12.3;3;53.6;30.5;1.68;58.7;56.6;11.0;1
7568;827562049;Servicios;6.7;2.2;6;-10.4;7;86.5;18.8;1.81;86.9;60.4;10.5;1
7569;914173039;Manufactura;14.5;3.3;47;2.7;5;77.0;14.9;6.34;76.7;71.0;3.8;1
7570;958858850;Servicios;1.8;1.5;11;-3.8;3;54.6;2.4;3.56;77.3;80.1;9.5;1
7571;890371377;Comercio;5.5;3.9;47;17.3;4;61.2;19.0;3.87;56.4;50.9;0.4;0
7572;802080917;Servicios;22.1;6.4;39;-4.6;2;53.8;28.8;3.41;78.1;73.0;19.8;1
7573;896329495;Transporte;19.7;7.7;24;2.2;4;57.6;1.8;2.58;32.1;54.4;13.2;0
7574;832051011;Manufactura;16.4;11.5;10;10.6;4;74.9;1.8;2.75;45.6;54.2;5.1;0
7575;973252983;Servicios;12.6;11.7;44;7.0;5;31.4;22.7;2.98;84.8;80.6;22.8;0
7576;982058834;Servicios;6.3;3.2;23;-3.6;5;64.2;18.7;3.78;44.3;41.1;8.9;1
7577;811587274;Construcción;10.9;10.4;43;2.6;10;90.4;7.4;2.99;66.7;76.2;8.7;0
7578;935073876;Manufactura;5.2;4.9;17;5.0;3;56.0;30.2;4.56;58.9;58.8;29.6;1
7579;935111104;Servicios;16.5;11.1;15;8.6;4;65.3;15.8;3.47;34.8;50.5;0.3;0
7580;958561213;Manufactura;20.0;7.3;5;-2.7;7;69.0;22.2;2.33;74.5;66.8;4.2;0
7581;929700666;Tecnología;11.5;11.5;5;-12.2;6;62.1;2.0;2.13;42.6;51.9;7.3;1
7582;946633164;Comercio;3.1;0.7;22;16.0;6;68.3;22.4;2.75;66.7;67.6;1.6;0
7583;801536139;Manufactura;20.5;16.7;42;19.9;3;60.4;18.2;2.18;67.3;48.9;4.8;0
7584;930082967;Comercio;9.3;3.9;20;-6.9;4;65.7;14.4;3.57;31.5;49.4;5.9;1
7585;976368490;Comercio;7.6;5.4;23;-1.0;7;77.6;29.1;3.68;67.0;64.0;2.5;0
7586;840048474;Transporte;2.8;1.5;15;8.3;2;62.3;10.2;3.97;96.2;99.4;0.8;1
7587;972018299;Tecnología;29.3;11.8;23;-16.9;6;75.0;32.4;4.66;73.3;75.4;26.3;0
7588;937033080;Construcción;8.8;6.9;19;0.2;2;57.3;5.2;1.59;36.4;65.7;10.8;0
7589;996567871;Manufactura;6.2;4.6;25;14.1;3;58.0;16.9;4.11;22.2;35.4;1.4;1
7590;969668313;Comercio;8.7;2.1;67;-1.5;3;51.8;31.6;5.59;78.4;84.4;3.4;1
7591;978780201;Comercio;20.0;15.9;34;-1.8;4;84.1;25.2;3.61;59.4;65.8;4.3;0
7592;890111986;Construcción;3.2;0.9;21;-17.7;6;71.1;7.4;4.61;77.3;79.0;6.2;0
7593;888243109;Servicios;2.7;1.0;11;11.8;3;66.1;22.1;3.56;87.8;81.4;7.7;1
7594;818665956;Servicios;20.6;14.6;182;15.0;3;61.3;21.8;3.01;75.4;68.2;0.9;0
7595;876531014;Construcción;14.0;7.3;44;-1.0;3;53.6;23.4;3.45;62.3;52.5;1.7;1
7596;887631221;Transporte;2.0;1.2;5;-13.5;3;56.6;17.6;3.92;73.5;54.8;9.3;1
7597;940877267;Comercio;12.8;3.8;5;-0.7;0;40.7;23.8;3.86;99.2;84.1;5.5;0
7598;846262878;Comercio;8.9;3.5;16;4.4;3;66.2;27.6;2.63;29.4;30.6;2.4;0
7599;861002489;Comercio;5.8;4.2;15;2.2;5;75.7;27.3;3.1;58.3;73.9;21.1;0
7600;981789042;Servicios;11.3;6.1;16;-1.5;1;43.1;14.9;2.05;57.1;71.1;15.8;1
7601;954697822;Manufactura;3.1;1.7;5;10.8;4;76.9;24.6;2.98;92.3;70.2;7.2;0
7602;843490620;Servicios;18.6;10.6;14;-0.3;5;53.6;11.2;3.13;84.7;65.9;1.2;0
7603;864194214;Comercio;28.8;13.8;8;21.5;3;70.4;3.0;5.68;60.9;62.1;34.2;0
7604;942445366;Manufactura;7.8;6.9;9;-13.0;4;59.5;23.8;2.85;42.0;51.4;3.8;0
7605;938391373;Comercio;16.8;16.8;12;7.2;5;74.1;3.7;4.97;63.7;53.6;1.0;0
7606;804655985;Servicios;6.5;1.6;45;-8.1;7;78.0;23.9;3.08;83.9;70.1;27.0;1
7607;974227842;Comercio;5.8;4.0;27;-6.6;4;73.3;6.3;5.0;80.2;100.0;7.2;1
7608;952247036;Servicios;10.6;5.7;31;-0.8;5;81.9;25.1;3.41;72.3;52.1;10.2;0
7609;987245028;Manufactura;9.9;3.2;36;-10.1;4;62.2;29.3;3.1;43.6;50.5;16.7;1
7610;910153831;Servicios;16.7;3.5;23;4.1;6;85.1;21.3;4.3;55.0;79.6;8.4;0
7611;967202218;Servicios;13.6;12.1;30;10.8;3;60.4;16.9;4.81;41.2;50.4;4.0;1
7612;974915680;Servicios;10.5;9.2;6;2.8;0;40.5;17.7;4.07;78.6;92.4;4.3;0
7613;881223117;Servicios;14.3;10.8;32;-9.8;5;53.2;39.7;2.5;47.5;52.2;2.9;1
7614;892029551;Manufactura;5.3;5.2;68;0.5;6;70.9;6.5;8.24;96.0;100.0;1.8;0
7615;965141329;Servicios;5.6;4.6;11;-5.0;4;43.0;9.4;2.12;26.9;43.4;10.5;1
7616;958054498;Comercio;15.3;6.0;44;-6.8;4;53.9;10.2;1.88;18.9;44.8;5.8;1
7617;808391833;Manufactura;8.8;4.1;12;18.9;4;74.6;15.9;5.44;58.8;72.2;13.8;0
7618;911762385;Servicios;7.6;7.3;152;3.0;5;70.3;15.7;1.3;55.0;57.3;0.8;0
7619;926859412;Manufactura;7.1;2.7;244;9.2;4;53.4;21.5;2.63;80.4;87.6;0.5;0
7620;882172694;Servicios;4.3;4.1;14;11.7;7;82.6;18.7;5.11;67.1;81.0;3.2;0
7621;942500080;Manufactura;7.4;5.1;44;-17.2;5;66.4;16.5;2.71;69.6;77.2;14.7;1
7622;941356720;Servicios;1.8;0.6;18;0.6;7;69.2;12.4;2.44;49.1;54.5;6.6;0
7623;830646042;Construcción;16.6;13.8;10;-10.8;2;54.0;7.5;1.74;66.5;69.1;32.9;1
7624;916758630;Construcción;8.5;7.8;148;-5.2;9;91.1;20.2;2.82;50.6;51.5;15.4;0
7625;966584469;Comercio;4.0;1.3;29;-14.5;3;58.5;4.3;2.7;54.5;60.9;0.4;1
7626;969203995;Servicios;4.6;3.7;138;-0.1;2;53.6;3.4;5.88;84.5;71.7;12.7;0
7627;930426255;Servicios;6.5;1.6;33;10.0;1;29.7;23.2;2.56;57.5;61.5;0.2;1
7628;878459131;Servicios;16.3;15.8;21;-0.9;8;70.7;21.6;3.43;60.9;53.2;10.4;0
7629;874641732;Comercio;16.7;6.1;9;15.4;8;86.4;14.5;4.12;48.9;66.5;1.9;0
7630;832865221;Comercio;4.4;3.8;106;1.6;5;76.9;23.6;3.69;22.5;14.0;1.2;1
7631;997659686;Servicios;5.9;4.1;39;14.9;10;100.0;25.6;1.98;38.4;50.2;40.7;0
7632;898417017;Servicios;23.4;12.0;26;3.8;4;71.2;12.0;3.39;34.1;47.8;3.1;0
7633;910009247;Comercio;12.7;10.0;23;-20.2;5;49.6;6.1;3.51;59.9;56.7;1.9;1
7634;924109564;Comercio;6.0;1.8;63;18.6;2;35.0;24.4;3.54;62.6;74.5;7.2;0
7635;892975975;Servicios;12.9;6.6;17;-4.2;2;52.3;43.4;2.68;65.0;72.3;3.2;1
7636;921338820;Manufactura;8.3;5.1;29;9.1;6;86.6;14.0;3.42;34.3;35.3;3.5;0
7637;964482938;Comercio;7.1;1.9;5;3.0;3;47.2;31.8;3.12;31.8;41.9;9.4;1
7638;888684156;Servicios;3.4;3.1;7;19.0;4;69.7;18.6;3.41;66.7;68.6;8.2;1
7639;866940710;Manufactura;6.6;3.4;42;3.5;2;51.4;6.8;2.36;59.1;63.2;9.4;1
7640;807981123;Transporte;7.5;6.8;25;2.9;4;55.5;13.7;2.46;81.1;56.1;2.1;0
7641;888877999;Servicios;1.4;0.7;42;-15.8;5;82.8;10.6;2.75;69.8;67.1;0.0;0
7642;903848711;Servicios;15.0;11.1;8;13.1;6;81.4;12.6;3.08;84.7;61.0;10.3;0
7643;898883549;Comercio;37.5;35.5;38;14.5;4;84.5;28.1;1.82;17.6;22.5;9.2;0
7644;861892314;Servicios;17.2;10.4;31;7.2;6;81.3;11.7;5.82;63.0;68.2;9.6;0
7645;917197866;Manufactura;3.5;2.5;19;-3.7;10;94.3;9.0;1.78;93.3;77.2;0.5;0
7646;825262245;Construcción;5.2;1.6;39;-0.0;4;44.0;25.5;3.69;83.7;77.5;5.7;1
7647;834505899;Servicios;11.5;2.4;30;6.3;5;72.9;14.8;3.23;33.2;33.1;0.9;0
7648;961454763;Servicios;10.8;3.1;5;-20.3;1;53.5;19.8;5.16;51.5;61.1;9.2;1
7649;826909544;Comercio;14.0;10.1;37;-0.2;5;92.2;32.6;2.53;79.9;79.3;15.7;0
7650;975018878;Comercio;4.3;1.9;31;1.3;1;50.8;30.3;2.38;59.5;67.6;26.1;1
7651;963849005;Servicios;6.9;2.6;5;3.4;4;76.6;27.0;5.04;81.9;43.7;14.1;1
7652;923839384;Servicios;5.9;2.9;10;-8.2;4;47.0;23.2;2.22;63.1;62.7;6.9;1
7653;810499982;Comercio;10.7;3.8;46;-2.4;5;73.3;31.6;3.09;56.4;57.6;8.5;1
7654;871532023;Servicios;3.6;1.6;34;3.3;2;69.8;20.8;4.92;37.2;36.6;1.5;0
7655;930381448;Servicios;4.5;1.2;6;-7.7;5;84.9;13.2;1.4;27.3;32.3;15.0;0
7656;994123232;Construcción;9.1;6.9;26;21.7;2;47.6;6.6;2.55;65.1;91.5;28.0;0
7657;841490929;Servicios;5.4;5.2;14;0.6;1;35.0;18.1;2.88;72.8;75.4;6.5;1
7658;986092825;Comercio;12.3;2.7;17;-15.8;2;48.0;12.7;2.87;48.2;60.1;13.2;1
7659;935413233;Transporte;11.8;7.8;169;11.9;4;66.6;8.3;3.38;16.9;37.1;2.1;0
7660;884895388;Comercio;2.5;1.9;13;7.5;4;74.1;7.8;5.33;42.1;44.9;7.5;0
7661;879383177;Servicios;4.5;3.5;43;-11.0;6;85.3;6.1;5.37;39.2;54.2;0.5;0
7662;901504160;Manufactura;22.8;11.6;49;-0.2;5;55.6;43.3;2.69;39.8;47.0;2.2;1
7663;908915853;Comercio;21.9;9.0;28;7.1;8;83.8;27.5;2.36;89.4;68.5;11.8;0
7664;894872343;Servicios;2.2;1.6;30;-4.9;2;67.3;8.8;3.49;49.5;53.6;16.2;0
7665;896722125;Servicios;10.4;6.7;16;16.2;6;56.9;18.0;2.95;90.6;79.5;15.0;0
7666;926299107;Servicios;16.1;8.0;53;4.2;4;66.4;34.4;4.02;83.7;77.3;50.0;0
7667;877059398;Servicios;4.0;0.8;27;19.9;9;99.8;24.6;3.57;64.2;52.7;9.0;0
7668;992604267;Servicios;7.0;3.3;12;16.9;4;61.0;3.5;3.86;52.4;51.0;38.2;0
7669;941758255;Servicios;25.8;23.1;17;-7.5;6;77.1;4.7;1.4;79.2;71.9;3.0;0
7670;811596444;Comercio;6.5;1.9;20;-1.7;2;53.7;21.8;5.59;32.8;41.6;17.2;0
7671;865021071;Servicios;17.0;6.7;12;5.2;1;45.9;21.3;3.05;73.7;72.1;7.6;1
7672;987202910;Manufactura;4.2;3.8;25;8.9;0;49.3;7.8;3.74;46.1;72.0;9.0;1
7673;892284160;Comercio;17.2;4.5;11;4.4;4;43.3;22.2;2.59;66.8;58.6;0.5;1
7674;852433599;Servicios;4.3;3.9;31;-6.1;7;72.3;26.4;3.79;71.1;68.9;0.2;0
7675;858326968;Transporte;11.3;8.5;123;-0.9;1;65.6;30.2;2.38;50.3;47.8;3.6;1
7676;906212582;Servicios;6.2;5.3;65;0.5;7;84.2;26.9;4.13;78.9;77.7;35.7;0
7677;819215181;Comercio;6.0;5.1;73;10.7;3;66.4;17.8;3.41;64.4;61.6;5.4;0
7678;848382942;Comercio;11.7;5.4;31;-0.5;7;63.1;15.5;2.55;74.9;73.9;2.0;1
7679;848145610;Servicios;5.3;3.3;27;7.6;6;62.7;11.6;3.14;60.9;57.7;3.4;0
7680;951128428;Construcción;16.2;14.5;14;12.5;5;72.0;16.2;5.22;65.8;64.3;6.5;0
7681;893974170;Transporte;27.4;15.9;45;-10.1;6;77.0;5.1;3.73;12.7;47.4;0.2;0
7682;895433554;Transporte;13.5;11.2;24;-8.5;5;64.8;20.8;3.2;43.6;64.6;6.9;0
7683;939757283;Manufactura;3.8;0.9;32;16.4;3;61.8;14.4;4.36;69.5;75.7;33.7;0
7684;843928186;Servicios;11.5;4.7;137;29.6;4;69.1;0.3;3.67;75.9;63.1;2.1;0
7685;839170884;Servicios;8.3;8.1;12;21.2;8;78.8;30.6;6.01;24.0;35.1;41.0;0
7686;914272993;Transporte;12.7;5.7;47;6.8;6;87.3;16.1;5.22;60.7;45.6;8.7;0
7687;847841296;Manufactura;5.1;3.4;20;19.5;1;45.9;21.7;2.51;85.2;87.6;11.1;1
7688;923750238;Transporte;6.7;2.0;88;1.9;2;43.8;8.4;3.46;72.3;61.7;22.8;1
7689;937354985;Transporte;7.0;4.0;29;19.1;3;67.1;4.5;2.62;81.3;85.5;11.1;0
7690;900041930;Servicios;8.0;6.7;6;1.2;4;59.5;13.3;1.99;58.6;58.3;6.2;0
7691;935571069;Tecnología;3.4;3.2;25;3.5;5;62.6;4.6;1.38;65.2;74.9;15.2;1
7692;856997529;Servicios;9.4;2.7;23;3.2;4;58.9;6.7;2.55;84.7;70.1;0.2;1
7693;989327926;Manufactura;5.8;1.6;43;5.8;6;54.2;5.6;1.78;46.1;49.9;11.4;1
7694;927610811;Servicios;29.0;11.2;41;12.0;4;70.7;7.2;3.44;33.8;41.8;11.5;0
7695;873031132;Tecnología;7.6;5.9;16;-3.2;3;59.2;36.8;3.25;64.9;66.0;2.2;1
7696;904152429;Comercio;8.0;6.8;53;2.0;3;57.9;42.6;4.52;35.6;40.5;18.7;1
7697;976704179;Servicios;4.7;3.2;6;18.0;5;70.3;4.1;4.1;22.9;41.8;10.2;0
7698;861115719;Servicios;15.7;9.7;65;1.2;6;60.0;33.0;2.73;50.5;63.0;3.7;1
7699;813995121;Manufactura;24.6;17.0;16;6.2;6;72.7;19.5;6.15;75.8;72.3;27.7;0
7700;864081908;Servicios;10.2;4.3;225;15.1;7;82.9;8.4;3.68;80.0;83.3;0.4;0
7701;809037566;Comercio;17.9;5.8;34;6.8;3;63.4;20.3;2.73;43.2;55.2;36.0;0
7702;803330546;Construcción;6.9;4.0;15;-0.7;10;85.6;19.6;2.9;59.8;62.0;5.3;0
7703;809267914;Transporte;11.5;7.8;44;-4.0;2;65.0;37.5;3.79;91.3;83.5;14.2;1
7704;893859591;Construcción;19.9;10.7;58;12.7;5;56.8;10.8;4.34;47.4;52.8;0.7;0
7705;816815310;Servicios;17.5;6.1;5;10.4;5;67.9;17.2;3.86;53.7;58.4;6.0;0
7706;895858807;Tecnología;9.3;8.1;13;-11.4;2;64.3;26.1;2.2;36.4;41.4;14.8;1
7707;898542996;Manufactura;3.7;1.4;24;-0.3;5;69.2;40.0;2.29;87.9;82.7;14.1;0
7708;999533173;Servicios;4.6;4.6;32;-8.9;1;59.3;8.7;2.06;52.4;46.3;3.6;1
7709;894402514;Tecnología;5.2;3.4;189;10.4;5;70.3;8.6;3.51;58.7;59.9;0.5;0
7710;891377725;Comercio;9.6;8.0;39;18.0;3;47.5;13.0;2.11;65.7;61.6;2.8;0
7711;803432978;Servicios;8.5;5.6;62;-4.7;5;62.8;30.7;3.53;75.0;79.3;5.4;1
7712;931431006;Servicios;16.6;15.9;82;-3.1;5;88.3;33.0;2.92;86.2;58.3;1.5;0
7713;956180763;Servicios;8.9;6.0;12;21.9;6;69.8;8.2;1.84;56.8;53.7;0.1;0
7714;830055114;Servicios;15.9;6.9;9;8.4;5;67.1;18.7;3.81;54.6;46.9;6.1;0
7715;990107030;Servicios;42.3;28.9;16;12.0;5;56.0;2.6;3.54;67.0;52.3;1.3;0
7716;813098348;Servicios;10.2;4.6;66;-0.6;7;87.2;5.9;3.52;37.0;49.1;0.7;0
7717;887580566;Servicios;8.0;3.6;19;-3.9;4;51.1;16.6;2.72;53.9;75.1;5.6;1
7718;956768422;Servicios;18.4;18.1;22;20.6;7;70.5;31.0;4.41;51.5;77.0;1.3;0
7719;839649111;Manufactura;5.3;3.8;124;17.3;7;85.6;6.3;2.98;65.7;58.2;23.8;0
7720;862606921;Transporte;7.5;6.6;44;7.6;6;56.4;20.8;2.74;55.1;65.1;12.7;1
7721;829735150;Servicios;2.7;1.7;78;4.4;6;62.1;12.5;3.78;44.9;57.0;9.6;0
7722;915418894;Servicios;4.4;1.3;8;-4.3;6;73.9;19.1;3.51;40.3;56.2;7.6;1
7723;842312681;Manufactura;6.8;6.7;19;9.1;4;62.7;5.5;1.42;19.7;48.7;25.1;0
7724;847440009;Transporte;4.1;3.4;35;-3.0;5;72.1;29.5;2.01;70.2;67.0;22.7;1
7725;835032874;Manufactura;16.5;4.2;19;3.3;1;53.6;6.9;2.9;58.3;76.5;5.5;1
7726;861329425;Comercio;20.5;9.8;25;-4.5;4;68.3;4.1;2.3;86.0;56.6;23.0;0
7727;866567656;Transporte;3.5;3.5;50;20.0;6;55.1;11.4;4.46;61.8;52.8;18.8;1
7728;994024795;Servicios;10.7;7.2;35;17.6;0;39.3;18.0;3.14;52.9;40.3;7.6;0
7729;868885458;Servicios;7.5;7.1;11;-1.8;4;63.0;13.6;2.01;31.4;44.6;11.3;1
7730;897385331;Servicios;11.2;3.1;41;4.9;7;66.5;15.9;2.25;63.2;63.4;2.1;0
7731;896991626;Servicios;14.8;6.7;10;8.3;8;73.2;24.0;2.89;25.4;52.5;13.6;0
7732;985395795;Manufactura;10.5;9.5;17;12.9;2;51.1;12.8;3.07;46.7;57.2;10.9;0
7733;909315038;Manufactura;2.7;2.1;9;-7.3;7;90.0;15.9;3.86;78.9;69.7;5.1;0
7734;812424349;Comercio;24.6;8.8;57;2.6;6;59.6;32.1;4.76;31.1;18.1;23.4;0
7735;951964699;Manufactura;15.5;5.0;12;3.3;1;62.4;23.3;2.48;59.9;54.1;12.4;1
7736;873230851;Manufactura;37.3;11.7;57;-5.5;1;47.4;19.3;2.42;80.4;72.7;5.2;1
7737;856449520;Manufactura;21.1;4.4;26;6.1;1;38.7;15.0;3.12;62.4;60.0;0.7;0
7738;886671705;Comercio;6.9;2.9;19;9.5;4;65.3;22.5;4.2;68.0;62.5;1.8;0
7739;922844772;Comercio;18.2;12.6;23;12.3;3;59.1;20.5;2.94;36.2;37.3;25.9;0
7740;916655370;Comercio;19.7;18.8;31;23.5;9;87.5;9.3;1.63;33.3;64.8;10.8;0
7741;879390940;Servicios;9.6;5.6;44;22.0;2;39.9;5.0;3.7;62.3;60.9;2.8;0
7742;900154514;Servicios;5.2;5.2;35;-2.5;5;66.7;26.6;3.23;81.1;72.6;3.5;0
7743;935527590;Servicios;13.9;5.0;5;-1.1;5;74.8;4.9;3.1;75.4;77.2;3.5;0
7744;823020810;Servicios;4.9;3.6;7;19.0;2;60.3;8.7;2.95;43.9;46.0;5.1;0
7745;975719086;Servicios;5.0;1.6;29;6.5;5;66.3;34.6;4.22;56.5;64.3;16.6;1
7746;897540225;Manufactura;4.0;1.9;24;9.5;7;85.5;22.3;6.49;53.5;47.2;3.6;1
7747;938948155;Tecnología;3.5;2.1;37;-2.2;0;65.3;21.0;2.07;58.0;60.4;19.3;1
7748;841055269;Manufactura;12.3;5.9;89;-8.2;6;68.1;13.0;3.74;61.9;52.8;5.4;0
7749;933311046;Servicios;13.7;13.4;191;-6.5;6;65.2;10.4;3.19;57.3;78.3;3.5;0
7750;809067497;Comercio;7.4;2.5;23;30.3;4;61.4;13.1;5.27;56.0;58.5;25.9;0
7751;824694559;Servicios;3.0;1.5;31;3.5;6;88.8;2.7;3.87;66.2;69.9;0.9;0
7752;984251674;Comercio;5.1;3.7;31;5.6;2;50.0;13.7;1.9;87.8;77.0;29.6;1
7753;829158518;Servicios;11.8;9.7;9;25.9;2;37.8;17.2;2.84;65.6;72.5;20.0;0
7754;998659597;Servicios;13.7;5.1;7;20.3;7;76.3;12.0;4.35;76.3;64.0;3.8;0
7755;851692023;Comercio;6.3;4.1;48;4.1;4;53.9;26.0;3.44;83.9;81.8;20.4;0
7756;967109350;Servicios;16.3;12.1;14;5.7;5;71.3;20.8;2.27;68.5;65.7;0.5;0
7757;991950644;Comercio;9.7;9.0;38;1.3;5;68.1;19.4;4.83;78.2;63.3;45.4;1
7758;912999531;Servicios;17.8;10.3;37;-25.2;4;50.7;9.9;8.26;55.1;38.8;11.6;0
7759;803562806;Servicios;27.5;14.3;5;2.3;7;71.7;13.3;3.16;61.4;79.2;40.0;0
7760;862145735;Tecnología;9.6;7.0;35;30.0;6;66.7;8.4;2.5;76.7;85.3;4.0;0
7761;864756761;Construcción;10.6;8.0;126;11.9;4;74.8;20.5;2.77;86.8;83.1;17.1;0
7762;809658562;Tecnología;1.1;1.1;7;-2.0;8;87.9;6.9;3.07;36.6;39.0;1.0;0
7763;841972115;Comercio;8.2;4.7;36;5.1;5;57.4;8.4;3.45;37.4;51.1;3.7;0
7764;878441186;Servicios;5.0;4.7;11;9.1;8;90.1;11.4;1.85;83.1;68.5;2.8;0
7765;957216042;Servicios;21.0;10.4;19;8.2;6;83.5;3.8;2.14;64.9;69.8;0.9;0
7766;811012695;Comercio;7.1;2.4;35;8.9;9;90.2;12.9;2.78;39.4;50.1;1.0;0
7767;873127188;Tecnología;5.2;3.6;38;2.6;2;70.3;12.3;1.15;89.8;84.3;5.5;0
7768;982651165;Servicios;19.7;8.3;63;-10.2;5;82.1;21.3;1.64;12.2;30.4;19.0;0
7769;874133216;Manufactura;7.3;1.5;7;8.1;9;83.8;11.3;7.44;26.8;54.4;6.6;0
7770;916235399;Comercio;19.3;6.9;35;-1.9;7;64.4;25.8;1.86;65.9;51.8;4.6;0
7771;864235057;Comercio;19.3;14.6;27;-3.5;10;96.5;17.0;7.22;20.0;45.7;22.7;0
7772;994991813;Servicios;9.1;6.6;11;8.8;5;75.2;24.9;2.99;71.9;69.7;8.6;0
7773;992473022;Servicios;4.0;3.6;107;-7.0;9;96.6;12.0;1.89;80.2;67.7;16.9;0
7774;976803262;Comercio;6.0;3.2;43;-5.1;6;68.3;13.8;4.91;55.2;69.9;15.6;0
7775;872103724;Comercio;6.7;1.9;37;-12.0;1;49.7;10.3;3.8;43.7;53.1;23.9;1
7776;936739820;Manufactura;7.5;7.3;12;11.6;5;62.5;14.7;4.89;77.6;82.2;29.4;0
7777;820401491;Construcción;5.2;4.2;67;0.9;4;60.5;24.0;2.95;51.5;62.1;3.6;1
7778;852387550;Transporte;2.9;2.1;120;15.1;6;65.1;17.1;1.88;57.1;72.9;7.7;0
7779;800309710;Comercio;16.5;7.7;5;15.8;7;87.7;12.9;3.87;63.5;72.0;12.5;0
7780;804304067;Construcción;11.9;3.5;16;-12.0;6;70.0;26.2;1.4;52.4;53.1;20.7;1
7781;955833568;Servicios;8.3;5.9;95;1.1;1;43.7;7.0;3.42;63.7;77.0;2.5;1
7782;848251605;Servicios;14.3;3.2;5;-3.6;5;53.6;10.1;6.64;55.1;54.5;1.1;0
7783;822577240;Manufactura;12.5;10.2;6;20.9;3;59.1;12.7;2.72;69.2;68.5;17.8;0
7784;853558997;Construcción;18.8;4.3;113;7.6;5;61.9;0.9;3.77;60.5;64.4;3.7;0
7785;851325199;Manufactura;4.2;1.7;94;0.0;7;75.1;13.4;4.59;27.3;45.3;7.2;0
7786;981174740;Servicios;4.1;3.6;16;9.3;6;84.8;9.5;2.03;24.7;37.1;5.9;0
7787;878542605;Manufactura;6.2;3.1;21;-0.6;7;75.7;37.5;3.02;64.6;79.5;3.0;0
7788;819310088;Servicios;4.7;3.1;14;9.9;6;69.6;35.1;3.63;47.2;45.1;9.3;1
7789;956153278;Servicios;3.2;2.7;17;10.2;3;41.8;24.0;3.47;67.5;78.1;7.0;1
7790;958976799;Servicios;8.6;7.3;37;6.5;4;60.9;50.4;2.73;50.8;40.8;19.8;1
7791;957158972;Manufactura;9.7;2.0;21;6.7;5;69.5;26.5;4.33;35.7;58.2;20.3;1
7792;914347657;Servicios;9.6;6.4;27;17.2;3;25.6;23.5;1.91;77.1;93.6;7.5;1
7793;945561577;Comercio;23.1;13.9;63;9.6;4;50.1;17.4;4.03;61.4;85.7;7.0;0
7794;932379607;Comercio;9.9;8.8;12;20.9;4;60.4;12.5;3.27;77.5;81.4;9.8;0
7795;975910658;Comercio;5.6;2.9;17;-6.2;2;55.8;17.4;1.93;52.6;67.3;3.4;1
7796;923165975;Servicios;50.0;14.8;36;8.1;4;71.4;5.9;6.98;57.4;60.0;23.6;0
7797;814420467;Comercio;3.2;2.9;6;21.6;2;36.6;7.4;2.17;75.1;62.6;0.9;0
7798;846866396;Tecnología;6.8;2.7;34;5.8;6;78.4;16.9;2.15;82.2;62.6;13.5;0
7799;930268221;Comercio;5.9;4.3;34;9.6;3;52.2;31.7;3.37;48.9;51.8;7.4;1
7800;972358805;Servicios;7.0;1.5;20;8.3;5;66.9;2.8;4.53;88.3;83.8;8.9;1
7801;997576981;Servicios;12.0;11.1;55;5.4;7;74.1;32.6;2.86;50.3;67.5;9.0;0
7802;968184553;Comercio;4.3;3.4;44;1.5;3;52.7;12.5;3.5;38.6;58.2;12.1;1
7803;995678099;Manufactura;8.8;3.7;37;-12.4;3;34.3;6.8;3.0;63.3;63.9;0.2;1
7804;802318596;Comercio;12.7;11.9;49;21.5;7;70.7;11.2;4.63;60.2;43.2;24.5;0
7805;803072238;Servicios;7.4;5.3;23;16.3;5;57.2;12.9;5.46;47.9;72.5;4.0;0
7806;878031322;Comercio;6.9;2.1;32;26.1;10;92.0;11.7;2.93;49.5;48.1;4.3;0
7807;840839831;Construcción;15.6;14.7;16;-5.5;7;69.5;13.6;4.0;65.1;70.7;1.5;0
7808;852111940;Servicios;1.6;0.8;11;-15.4;8;80.3;17.2;3.47;65.4;37.5;15.5;1
7809;981870978;Servicios;11.3;4.7;67;-2.6;4;68.5;26.0;2.97;81.9;72.1;0.2;1
7810;999240964;Comercio;3.7;2.4;15;24.8;3;76.1;20.0;3.45;37.3;59.6;1.6;0
7811;905967484;Servicios;11.5;4.7;25;5.9;5;73.4;11.9;4.35;76.8;80.4;7.8;0
7812;982311732;Comercio;5.3;5.3;28;14.4;0;49.5;17.1;2.06;95.1;86.5;14.4;1
7813;980406793;Manufactura;6.5;2.4;36;-1.6;5;74.0;47.8;3.27;50.1;82.3;20.2;1
7814;812412788;Manufactura;9.6;9.0;51;2.1;2;42.9;17.4;3.29;48.9;55.6;6.6;1
7815;916883527;Servicios;4.9;1.6;8;17.3;4;69.5;7.2;3.77;46.3;56.6;16.7;0
7816;891216270;Comercio;10.6;4.5;70;-1.7;6;74.8;36.5;3.12;54.4;84.2;17.0;0
7817;882763738;Comercio;11.3;5.6;20;4.5;4;58.6;23.2;3.25;49.2;32.0;1.0;0
7818;959615767;Tecnología;10.3;6.9;5;10.4;9;82.8;17.2;5.87;29.6;38.0;32.4;1
7819;873266945;Comercio;7.7;6.0;134;3.4;2;35.7;16.8;4.08;63.9;53.2;5.2;0
7820;993614638;Manufactura;8.8;2.7;12;-6.9;4;30.9;2.4;3.29;55.1;61.2;2.6;1
7821;990775029;Servicios;5.7;3.5;134;-5.2;2;69.5;15.1;2.15;31.5;42.2;3.3;1
7822;875588874;Manufactura;9.1;4.9;500;6.4;10;58.9;20.0;3.63;61.5;70.1;32.4;0
7823;890644764;Servicios;2.7;1.2;44;-12.7;4;79.0;25.6;5.42;50.7;54.5;1.4;0
7824;996488938;Tecnología;9.9;5.5;11;21.0;2;52.3;18.9;2.58;25.1;44.8;4.8;1
7825;927422080;Manufactura;10.2;5.1;117;0.6;4;44.0;20.6;2.37;62.7;59.2;27.4;1
7826;963013447;Servicios;9.2;4.7;65;-3.4;4;43.6;23.3;3.27;77.1;54.7;14.1;1
7827;829559274;Comercio;10.6;8.7;30;16.2;1;46.6;32.6;4.57;63.5;57.3;29.8;1
7828;958775304;Tecnología;12.1;6.2;123;15.0;4;72.1;5.6;3.13;26.1;50.1;18.0;0
7829;985313764;Manufactura;2.6;2.2;30;3.4;7;74.4;23.1;6.82;54.6;55.5;14.2;0
7830;838394333;Transporte;16.8;5.0;32;11.4;8;73.6;15.5;4.07;29.9;46.0;9.3;1
7831;968691163;Servicios;8.4;4.7;25;4.7;5;59.2;4.1;3.67;13.0;31.3;3.1;0
7832;922462370;Comercio;12.8;3.3;12;-4.8;2;49.1;8.7;2.41;50.2;51.5;7.2;1
7833;800573692;Comercio;2.4;2.3;32;-1.1;3;51.0;12.4;2.52;37.2;43.7;6.0;1
7834;803771814;Servicios;11.4;7.6;46;5.0;2;56.6;26.1;2.74;56.8;41.0;4.0;0
7835;938266552;Tecnología;2.8;0.9;21;14.6;7;93.5;6.5;3.46;84.0;83.2;2.0;0
7836;976392194;Construcción;14.4;6.1;151;9.0;4;85.8;36.0;3.16;60.0;62.5;14.5;1
7837;976314790;Servicios;12.6;4.7;43;5.5;1;42.7;11.1;2.93;50.5;53.6;3.9;1
7838;936910456;Servicios;4.3;3.6;47;9.8;6;66.4;32.6;3.91;76.5;50.8;4.3;1
7839;804197367;Servicios;4.5;1.2;17;10.4;2;44.1;3.9;2.07;30.8;44.9;5.6;1
7840;915213817;Manufactura;24.1;6.1;48;-13.3;6;63.8;14.3;2.21;61.2;41.7;20.1;0
7841;873211495;Construcción;6.2;2.3;21;8.2;5;62.6;23.9;2.36;67.5;71.6;22.9;0
7842;831053712;Manufactura;3.5;3.1;42;9.0;4;64.8;16.3;2.9;48.0;51.0;21.1;0
7843;859085593;Comercio;12.4;11.1;16;5.5;6;68.2;15.3;3.25;47.6;33.2;1.5;0
7844;915965160;Manufactura;4.5;2.2;60;-5.0;5;74.9;19.9;4.67;75.1;58.7;4.6;0
7845;927760622;Comercio;21.6;9.1;45;-4.1;2;60.2;2.3;1.64;53.2;64.3;11.4;0
7846;875174799;Construcción;7.0;2.5;14;-5.0;2;41.5;23.9;5.76;89.1;79.5;11.3;0
7847;823766239;Transporte;9.0;6.9;13;-3.7;1;43.9;21.1;1.97;60.6;48.6;1.7;1
7848;923297212;Servicios;14.4;4.1;12;-8.1;4;53.7;12.1;2.23;81.4;66.5;0.5;0
7849;833926318;Servicios;12.8;5.7;52;4.2;3;63.4;29.3;2.87;62.7;47.2;10.7;1
7850;918440428;Manufactura;3.0;2.3;7;17.1;7;67.7;21.5;6.23;38.8;54.2;8.8;1
7851;842380438;Servicios;3.4;0.9;5;35.9;4;62.0;12.8;2.65;92.2;78.0;9.5;0
7852;941910642;Construcción;19.6;12.2;102;5.2;6;67.6;35.7;2.57;18.8;32.5;4.7;1
7853;841481694;Comercio;8.4;4.1;35;1.9;9;87.5;28.2;1.53;33.9;50.9;11.3;1
7854;803277253;Comercio;7.1;3.0;43;6.4;4;66.0;10.8;6.38;64.3;71.2;2.1;0
7855;924099050;Comercio;3.1;0.8;56;6.1;8;85.4;9.7;2.42;33.3;55.1;36.0;0
7856;866649079;Comercio;10.7;3.6;88;-4.1;3;58.8;5.0;2.74;14.7;31.1;17.9;0
7857;882154134;Manufactura;17.5;3.7;16;6.6;5;69.6;14.1;2.49;81.8;68.0;4.4;0
7858;894591448;Manufactura;15.9;7.7;9;6.6;9;87.0;18.3;4.21;65.8;59.8;0.7;0
7859;939643793;Servicios;22.0;8.0;13;-4.5;7;81.7;25.3;3.91;47.2;37.7;0.7;0
7860;841522925;Manufactura;45.0;44.5;12;-9.2;5;73.5;42.7;2.93;77.0;68.5;18.7;0
7861;929632653;Comercio;8.4;2.5;14;2.9;4;76.7;3.2;3.36;29.6;20.9;9.7;0
7862;836524559;Comercio;14.5;5.6;44;18.3;1;43.2;2.0;4.89;57.5;51.2;1.9;0
7863;879321015;Comercio;4.8;2.8;28;8.2;0;55.0;36.3;5.05;76.5;79.9;0.9;1
7864;812294921;Manufactura;14.6;12.4;31;-9.5;4;73.2;31.6;1.93;55.4;65.4;5.6;1
7865;911860775;Comercio;6.3;3.3;9;10.7;4;55.4;21.2;2.1;82.7;76.0;7.8;1
7866;802258584;Comercio;6.7;2.1;112;-4.7;2;46.0;19.1;4.25;93.8;73.8;26.6;0
7867;806288826;Comercio;6.9;3.3;9;3.6;7;87.3;27.9;2.68;87.3;92.6;2.8;0
7868;957424323;Construcción;7.0;5.0;21;-1.6;8;86.1;13.4;5.31;71.5;77.9;1.7;1
7869;949863484;Comercio;7.2;2.0;5;23.6;5;63.0;6.2;3.06;54.7;51.0;27.3;0
7870;979179297;Servicios;5.9;4.7;64;-7.4;5;78.8;7.6;4.71;60.9;63.8;35.0;0
7871;808489009;Comercio;7.5;6.4;6;9.5;5;80.4;4.4;3.5;45.4;39.4;4.7;0
7872;825461492;Manufactura;17.2;9.1;14;-0.5;3;56.3;3.2;2.63;85.2;60.5;7.8;0
7873;955516585;Servicios;9.0;2.7;69;8.4;1;51.3;17.4;3.07;15.0;29.0;1.3;1
7874;830213011;Tecnología;10.2;3.5;23;13.8;2;55.3;14.1;3.2;67.5;68.8;10.1;0
7875;818694748;Servicios;8.0;4.4;9;7.1;5;61.8;24.4;3.4;28.4;50.2;3.4;0
7876;899701296;Servicios;25.0;12.4;26;15.0;2;59.8;19.3;2.55;82.3;81.9;7.1;0
7877;850289512;Servicios;17.2;7.6;27;-9.9;1;48.3;12.1;1.87;63.1;71.5;2.9;1
7878;985565465;Comercio;5.1;1.9;26;1.5;6;75.4;12.1;4.54;54.1;63.2;4.5;0
7879;982750100;Servicios;14.2;13.6;19;13.8;2;57.2;11.2;6.17;57.0;56.1;11.5;0
7880;831004169;Comercio;9.7;9.6;10;10.6;3;42.7;9.6;4.34;39.1;53.8;35.9;1
7881;868352593;Servicios;12.7;4.3;20;5.0;4;51.7;5.6;2.81;78.9;59.8;14.6;1
7882;995949006;Comercio;14.1;12.3;72;7.3;3;47.2;16.3;3.7;85.0;77.4;22.9;0
7883;884996237;Construcción;9.8;9.4;6;-4.1;3;57.0;11.5;2.6;31.1;27.6;16.2;0
7884;942768834;Servicios;5.1;4.1;5;14.9;6;73.4;31.0;3.15;48.1;53.3;6.3;0
7885;917991782;Servicios;4.2;1.9;29;-12.7;9;77.5;10.6;2.79;43.6;53.7;6.1;0
7886;859757920;Tecnología;3.9;2.3;21;18.8;1;53.9;35.8;3.49;75.0;67.4;4.7;1
7887;824620499;Servicios;4.6;2.9;59;-16.0;4;61.8;26.8;2.51;42.7;66.5;4.8;1
7888;850175708;Manufactura;3.5;2.2;15;-3.1;6;88.4;20.0;2.43;78.0;68.6;20.4;1
7889;993429494;Comercio;3.8;2.6;383;-6.7;2;61.4;2.5;2.45;75.5;70.9;3.6;0
7890;941026736;Servicios;9.3;9.0;214;-4.5;6;72.6;25.7;3.5;54.3;39.6;17.1;0
7891;838438273;Servicios;16.6;9.7;15;10.9;4;63.2;10.2;3.83;84.2;68.7;2.9;0
7892;848319636;Comercio;18.2;5.1;8;3.2;5;56.2;19.1;4.22;78.1;76.3;0.8;0
7893;862919508;Servicios;8.8;6.0;13;12.2;6;81.9;28.5;6.12;30.5;35.1;10.6;0
7894;983841922;Servicios;13.4;4.5;55;13.4;6;67.4;28.6;4.26;75.7;61.2;12.6;0
7895;829722008;Transporte;18.8;7.0;57;1.4;6;86.8;11.6;3.59;71.9;65.0;6.2;0
7896;971983708;Servicios;7.3;2.8;71;10.6;4;55.3;16.9;4.59;47.6;59.2;8.1;1
7897;949037656;Comercio;15.2;7.3;11;7.3;0;49.3;11.4;3.5;28.2;38.7;16.5;1
7898;868918476;Manufactura;4.7;3.9;32;24.0;5;74.5;30.5;3.24;49.2;61.6;9.0;0
7899;808998466;Comercio;8.2;2.0;24;-3.9;6;70.0;32.5;2.78;95.8;73.6;7.0;0
7900;906491865;Transporte;8.6;4.4;11;20.3;4;66.6;38.5;6.06;27.1;47.8;1.5;0
7901;919682110;Servicios;9.7;3.5;11;3.9;3;59.5;33.4;4.41;34.4;56.9;8.0;1
7902;998936712;Servicios;14.2;8.6;124;14.8;6;82.2;19.2;6.61;64.2;52.9;20.9;0
7903;830439737;Manufactura;11.3;10.4;20;-17.4;3;48.1;6.6;5.28;69.7;74.9;15.1;1
7904;912114353;Comercio;8.1;4.5;61;6.4;4;61.2;14.6;1.18;30.6;36.3;18.2;1
7905;943181899;Construcción;8.6;7.7;25;12.2;9;84.5;15.8;2.2;84.3;57.5;0.2;0
7906;960465809;Tecnología;12.5;8.3;77;-3.2;4;65.2;8.1;2.72;65.4;64.5;3.6;1
7907;933525178;Transporte;3.6;2.0;27;13.9;5;70.4;15.0;2.7;91.5;70.5;5.5;0
7908;847674329;Comercio;4.9;1.5;18;-11.3;5;66.1;10.2;2.85;61.0;63.6;1.8;0
7909;976988605;Manufactura;23.0;16.1;30;-1.4;5;76.1;13.7;3.9;78.3;82.9;1.8;0
7910;922933963;Comercio;4.4;4.4;5;1.9;5;67.4;8.8;2.42;51.1;51.7;4.2;0
7911;980725634;Servicios;12.8;4.0;44;-0.5;5;76.5;16.1;6.3;59.8;67.0;2.2;0
7912;974172749;Servicios;12.4;9.7;5;-6.9;4;47.7;2.7;7.89;38.9;48.9;0.8;0
7913;962142617;Servicios;20.1;13.2;17;-17.1;3;74.6;19.8;2.29;68.8;79.8;13.3;1
7914;949842061;Servicios;7.6;5.4;100;2.9;2;58.6;19.6;4.67;69.1;66.8;15.4;0
7915;804035221;Comercio;4.3;1.2;5;-7.3;1;54.4;34.3;2.94;53.6;65.4;0.8;1
7916;918356648;Tecnología;15.0;5.7;88;13.2;1;56.5;11.8;4.48;52.7;43.7;24.2;0
7917;904137063;Construcción;4.3;1.5;18;7.2;6;63.6;7.5;1.41;41.2;51.0;17.6;0
7918;845971023;Manufactura;2.0;1.5;5;18.7;5;56.7;14.9;2.66;85.0;91.8;1.1;0
7919;947871024;Comercio;7.5;7.2;25;20.2;9;100.0;20.3;2.49;70.4;89.9;0.8;0
7920;848470147;Servicios;6.5;1.9;23;6.1;5;55.7;14.4;2.16;69.2;75.9;0.5;0
7921;923230857;Construcción;15.0;7.4;16;7.2;10;76.6;7.2;4.27;74.4;58.4;1.5;0
7922;971798215;Comercio;4.5;4.0;43;16.8;3;60.2;13.8;4.81;57.0;54.1;4.2;1
7923;881483413;Comercio;3.6;2.4;29;-1.4;6;71.0;15.1;3.2;54.8;65.9;0.9;0
7924;907693947;Servicios;6.2;5.8;63;17.8;10;95.5;24.4;1.87;41.9;58.3;10.8;0
7925;925628512;Servicios;17.9;12.2;75;-6.8;5;62.9;10.5;3.95;80.3;75.8;12.4;0
7926;849923332;Servicios;5.6;4.9;26;17.0;7;76.8;3.1;3.63;39.3;52.4;8.6;0
7927;800574410;Comercio;9.8;8.3;5;-0.3;4;85.6;28.5;2.68;21.1;52.0;1.2;0
7928;969662783;Comercio;3.8;1.2;14;7.2;7;78.2;7.7;1.82;81.7;88.2;12.1;0
7929;937591611;Servicios;31.9;14.1;5;15.8;6;74.4;15.6;2.31;40.5;48.3;7.7;0
7930;949611571;Comercio;3.3;0.8;8;-1.2;6;66.2;7.6;1.77;72.7;73.9;11.8;0
7931;960235211;Servicios;11.7;3.2;13;2.4;7;92.4;27.6;1.89;12.8;48.8;10.4;0
7932;814817971;Comercio;9.6;2.8;7;13.5;3;48.4;6.6;4.79;58.3;55.6;6.7;0
7933;908632087;Servicios;11.4;7.1;35;3.6;6;68.1;31.8;2.54;78.6;65.6;1.0;1
7934;880314780;Comercio;4.3;1.8;30;7.3;1;50.4;4.6;2.72;27.5;47.8;4.0;1
7935;858753531;Servicios;9.4;5.6;102;-7.6;2;27.6;9.8;3.5;58.6;46.8;6.5;1
7936;954319711;Servicios;30.2;13.5;23;1.4;8;76.2;8.0;2.15;36.8;30.2;19.6;0
7937;811664411;Manufactura;20.8;4.8;7;0.3;7;67.5;11.4;4.31;54.2;45.3;1.4;0
7938;852940022;Comercio;7.5;5.7;6;-3.3;6;75.5;24.4;3.59;45.7;55.7;8.0;1
7939;924015663;Comercio;9.2;6.3;7;17.2;4;68.8;29.6;2.92;89.7;98.8;2.9;0
7940;910224509;Servicios;15.8;13.1;38;0.7;1;37.6;6.1;1.72;35.7;57.8;30.5;1
7941;978253223;Manufactura;7.7;4.3;13;-2.6;8;79.9;3.9;4.99;55.6;69.4;5.8;0
7942;814290206;Comercio;19.0;12.9;95;9.0;7;70.5;19.8;4.72;87.2;85.9;50.0;0
7943;899826052;Manufactura;6.4;2.2;19;1.3;3;52.1;4.6;2.76;13.9;34.8;19.0;1
7944;866879996;Manufactura;19.1;16.3;13;0.5;9;100.0;26.1;2.75;64.6;84.2;0.2;0
7945;807309741;Servicios;11.3;11.1;35;2.5;4;56.6;27.7;3.6;32.3;48.7;29.9;1
7946;942600775;Servicios;6.3;3.4;75;7.3;5;80.4;16.5;3.74;58.7;67.1;16.4;0
7947;925366079;Servicios;14.3;12.8;19;18.3;5;73.4;22.8;2.68;48.6;69.8;4.1;0
7948;948203751;Comercio;18.0;10.5;66;5.4;2;59.2;26.3;4.52;44.9;50.4;6.5;0
7949;952184717;Transporte;3.9;2.9;71;10.4;6;71.8;38.3;7.87;87.6;85.3;3.1;0
7950;851543321;Servicios;5.3;3.6;28;5.5;8;79.6;10.8;2.14;73.0;62.5;12.5;0
7951;861594195;Servicios;9.9;3.1;5;26.9;2;46.3;3.3;5.31;12.7;33.6;1.7;0
7952;998729017;Comercio;21.2;15.7;82;8.0;8;75.4;15.3;1.43;92.1;83.1;5.4;0
7953;815444892;Comercio;17.7;4.3;42;2.0;6;73.5;24.5;4.9;44.1;54.9;2.1;0
7954;858234779;Servicios;13.0;10.5;20;0.5;4;64.1;26.3;3.94;90.6;85.5;10.3;0
7955;958029652;Comercio;8.2;2.6;22;-2.4;5;59.4;16.0;3.44;28.2;45.6;5.8;0
7956;839188278;Servicios;6.7;5.0;15;19.7;4;83.3;32.8;2.6;86.6;63.7;3.7;0
7957;991145114;Transporte;12.6;3.4;38;10.6;6;67.9;7.9;4.84;48.4;52.2;7.5;0
7958;817594478;Construcción;21.1;13.4;15;12.2;4;62.8;25.3;2.49;88.0;100.0;3.2;1
7959;999633811;Manufactura;2.7;1.7;56;-0.5;6;70.9;10.1;2.85;96.6;91.1;12.8;0
7960;963188452;Servicios;14.0;10.0;9;-13.3;5;55.7;25.9;4.65;74.9;67.7;0.2;1
7961;976631570;Comercio;3.7;2.8;16;2.2;2;48.3;33.1;1.84;6.5;38.2;22.9;1
7962;931771751;Comercio;10.6;5.7;30;23.5;3;70.6;32.7;3.35;31.2;37.1;50.0;1
7963;931677339;Manufactura;10.9;3.2;18;9.0;7;88.2;12.4;2.78;69.8;65.0;45.4;0
7964;855861536;Servicios;4.1;3.6;16;12.5;7;90.0;4.6;2.69;52.9;66.2;10.6;0
7965;848749666;Servicios;8.9;4.7;33;24.2;4;57.5;39.6;2.99;81.0;78.4;4.2;1
7966;984448126;Transporte;10.9;7.0;15;14.9;10;92.6;13.0;3.57;49.2;56.7;0.3;0
7967;862805175;Construcción;28.5;15.0;11;5.8;6;76.0;36.3;2.39;32.8;46.2;0.7;0
7968;937265097;Servicios;7.8;7.3;12;5.8;3;74.8;7.3;2.12;70.1;66.9;0.2;0
7969;919327009;Servicios;8.3;3.3;20;-20.2;2;57.6;19.6;2.36;75.9;65.6;12.4;1
7970;860380310;Transporte;14.6;12.2;26;10.4;4;70.7;13.0;2.27;57.1;59.6;5.6;0
7971;960508513;Tecnología;3.7;2.3;10;-13.0;7;70.7;37.7;4.02;50.1;47.3;6.3;1
7972;899170886;Servicios;2.9;1.8;59;-2.6;2;59.7;27.6;3.88;55.2;60.3;18.0;0
7973;905067809;Manufactura;16.2;8.3;11;-0.5;1;57.6;26.0;3.18;83.9;73.7;13.7;0
7974;897576779;Servicios;12.4;11.1;8;-0.4;7;80.8;6.9;4.94;51.3;36.2;0.4;1
7975;821322486;Comercio;20.7;17.7;66;3.6;9;100.0;18.8;3.76;54.8;55.4;50.0;0
7976;906342898;Servicios;27.8;24.3;9;3.6;6;67.5;10.0;3.86;54.5;49.3;35.4;0
7977;887290096;Transporte;40.9;8.8;11;18.8;5;64.3;34.3;1.62;78.9;73.9;1.6;0
7978;946227371;Servicios;15.9;15.1;20;0.5;6;61.3;35.0;2.71;65.2;78.9;6.1;1
7979;814220206;Transporte;25.3;17.0;48;16.4;6;89.7;17.9;5.21;65.7;65.4;20.9;0
7980;827747562;Construcción;10.2;5.7;15;15.5;9;71.6;15.3;4.08;72.7;88.2;11.0;0
7981;968217160;Servicios;16.6;13.9;19;10.8;6;83.7;16.0;2.66;49.8;58.4;1.4;0
7982;816649333;Comercio;5.9;1.9;17;7.2;7;73.8;27.1;3.64;18.4;44.5;13.0;0
7983;926933222;Servicios;7.6;5.6;17;-4.7;1;58.8;5.2;1.74;72.2;58.6;4.2;1
7984;973906658;Servicios;13.1;4.8;47;18.4;5;59.9;2.1;2.56;54.2;66.4;6.0;0
7985;976351657;Transporte;23.1;21.1;30;16.0;5;72.3;21.0;3.17;63.2;66.6;8.1;0
7986;966853099;Manufactura;5.5;3.4;20;-2.8;5;77.5;7.4;3.01;40.4;47.8;0.6;1
7987;937011124;Construcción;5.3;3.3;14;6.1;3;43.3;22.5;1.88;55.2;67.8;1.0;1
7988;980153315;Comercio;8.2;2.2;37;-9.2;6;73.6;25.8;3.12;66.3;42.2;8.7;1
7989;859975956;Servicios;7.5;4.6;17;-2.8;7;97.4;13.6;3.19;60.4;72.5;22.5;0
7990;820662449;Manufactura;5.1;4.7;21;-0.3;6;62.3;16.8;3.88;38.5;32.8;7.6;0
7991;839558592;Transporte;8.8;6.6;122;13.1;2;66.8;4.1;3.59;52.3;58.2;4.6;0
7992;972647700;Construcción;4.6;2.3;8;11.6;6;61.7;11.7;4.41;78.5;76.7;11.6;0
7993;975190490;Servicios;15.2;11.0;5;4.3;8;76.7;8.1;5.08;47.9;51.9;7.8;0
7994;830873375;Construcción;3.0;1.2;11;14.7;8;73.7;33.0;4.49;46.5;54.9;12.7;1
7995;871512366;Servicios;12.5;8.4;19;0.4;2;46.4;20.1;3.37;90.1;91.5;10.7;1
7996;832582640;Comercio;7.8;4.6;18;3.4;6;82.9;27.6;4.73;54.1;56.5;11.3;0
7997;898164732;Manufactura;13.6;11.8;32;-1.6;5;30.4;6.7;3.15;28.3;42.8;21.4;0
7998;966484161;Construcción;1.9;1.4;25;16.4;7;72.6;25.8;4.23;86.7;97.4;1.2;0
7999;929444090;Servicios;2.0;1.5;13;-5.1;3;73.6;1.9;2.49;38.5;29.1;14.8;0
8000;909295764;Transporte;11.0;5.8;16;24.8;6;67.6;9.0;2.66;65.0;51.1;3.0;0
8001;844264400;Comercio;12.9;7.8;141;-2.4;5;74.6;31.7;3.99;19.3;32.8;4.3;0
8002;933971026;Transporte;2.9;1.5;6;16.2;7;79.7;10.8;5.32;58.2;66.9;4.6;0
8003;983836446;Servicios;9.4;9.3;14;9.3;6;77.9;29.1;4.16;55.3;69.1;1.9;0
8004;995238140;Transporte;9.5;9.1;15;-11.6;8;85.5;27.2;2.78;86.4;65.3;11.5;0
8005;809512055;Servicios;4.1;2.6;13;13.8;6;76.2;33.4;7.11;69.3;62.0;3.8;0
8006;878707339;Servicios;19.7;15.0;5;-2.2;6;51.1;15.4;2.5;56.9;67.2;6.5;0
8007;857309783;Servicios;19.6;9.8;60;13.8;5;76.7;23.9;3.91;72.5;82.0;2.3;0
8008;802257878;Construcción;15.7;10.4;16;-13.8;4;64.7;18.3;3.2;74.0;86.7;11.0;0
8009;895720065;Manufactura;3.2;2.7;5;13.5;5;73.0;12.1;2.87;50.2;76.2;20.0;0
8010;844389237;Comercio;7.4;5.2;20;15.4;7;85.0;10.4;3.43;75.7;80.5;1.2;0
8011;835568352;Servicios;26.9;6.1;6;4.9;6;78.7;11.4;2.85;80.0;79.2;0.6;0
8012;875626778;Servicios;4.8;4.4;14;10.4;6;67.1;26.2;4.36;71.9;73.4;4.6;0
8013;865810788;Construcción;6.2;1.3;7;7.5;4;57.8;18.3;3.03;32.1;46.8;7.5;0
8014;904241527;Servicios;10.1;2.7;21;19.4;8;74.6;14.6;4.35;89.5;91.7;4.4;0
8015;991920087;Construcción;16.7;13.9;30;13.9;3;70.0;8.5;1.79;74.6;75.2;14.0;0
8016;895762879;Construcción;11.5;9.5;42;21.7;6;79.6;15.8;2.45;91.7;94.9;9.0;0
8017;864590096;Servicios;7.4;3.2;37;3.8;4;70.4;13.9;4.9;87.1;74.1;2.8;0
8018;824901538;Manufactura;26.9;12.3;8;2.2;6;59.8;21.0;4.23;65.3;61.9;3.7;0
8019;903337214;Servicios;26.4;15.8;42;10.9;3;53.3;12.1;2.75;49.5;47.5;4.3;1
8020;934344410;Comercio;7.7;3.5;17;9.2;7;82.1;15.5;4.25;77.2;82.5;22.5;0
8021;896076767;Servicios;11.4;9.8;30;1.7;5;45.1;8.4;5.27;72.0;68.2;8.2;1
8022;930113774;Tecnología;7.2;3.8;10;-8.2;6;60.0;11.4;4.24;24.7;37.0;11.7;1
8023;898008728;Manufactura;14.6;3.0;23;10.7;3;63.0;14.1;4.1;23.8;29.9;12.1;1
8024;995307058;Tecnología;23.5;8.9;28;10.9;4;52.5;26.4;4.96;26.1;37.9;2.5;0
8025;883195212;Manufactura;4.5;4.4;9;-17.3;3;57.6;17.4;4.65;68.5;61.7;7.8;0
8026;915108315;Transporte;7.4;6.3;32;3.9;5;69.5;17.7;3.05;35.1;60.1;15.6;0
8027;998513840;Comercio;16.7;4.1;66;0.6;3;69.6;21.5;3.25;51.5;67.6;5.3;1
8028;862040183;Transporte;17.2;14.3;7;11.1;1;61.6;30.7;7.53;82.7;85.4;3.3;1
8029;910441839;Servicios;3.5;3.0;10;5.2;5;63.2;34.8;4.61;43.7;49.5;6.8;1
8030;943229229;Servicios;22.3;19.7;65;0.1;5;68.2;6.3;3.68;85.9;74.4;27.7;0
8031;977236321;Manufactura;20.1;18.7;83;9.7;7;65.8;29.9;4.95;37.7;44.4;6.7;0
8032;915575721;Servicios;10.7;6.7;78;21.9;5;67.9;13.2;3.78;58.7;49.7;6.4;0
8033;943306388;Comercio;9.9;2.1;25;-7.1;6;62.6;26.5;2.0;60.3;54.7;2.5;0
8034;997397218;Servicios;6.4;6.2;5;13.3;4;57.6;5.1;4.68;95.3;87.5;14.6;0
8035;923290132;Servicios;10.8;6.0;11;21.3;3;50.9;28.6;3.69;70.8;55.6;23.5;1
8036;901835585;Servicios;11.8;2.9;15;17.3;5;66.3;12.0;2.76;84.1;77.5;19.6;1
8037;834273189;Comercio;12.5;11.9;21;-5.7;6;66.1;11.6;2.91;91.7;87.7;5.7;0
8038;850088363;Servicios;4.0;1.8;55;-10.0;3;58.9;14.5;3.88;61.5;62.0;5.1;1
8039;983922105;Manufactura;10.7;2.6;20;10.5;7;64.0;11.9;3.49;76.8;85.3;0.1;0
8040;882079207;Servicios;2.8;1.1;13;2.4;0;37.0;5.1;4.62;47.4;72.8;12.5;1
8041;979235701;Tecnología;5.3;4.4;23;-13.4;10;93.2;17.9;3.52;56.8;56.9;12.2;1
8042;957961804;Comercio;28.4;21.5;47;11.7;3;59.9;25.9;2.68;55.0;52.6;11.4;0
8043;931859726;Tecnología;19.5;10.0;34;34.7;5;66.2;22.1;2.29;65.5;69.8;13.9;0
8044;979126520;Construcción;8.8;2.4;25;2.2;3;61.7;10.7;4.52;44.6;68.5;7.4;1
8045;923351523;Comercio;6.6;1.6;47;-0.5;4;57.2;7.1;3.26;87.3;82.8;0.5;0
8046;940300404;Servicios;8.2;6.3;163;0.1;5;76.7;22.0;1.47;27.0;46.4;5.4;0
8047;893237651;Manufactura;2.8;1.4;57;20.6;5;69.8;24.3;2.04;65.4;72.8;7.3;0
8048;943623073;Comercio;4.7;2.9;46;0.4;4;52.4;16.0;4.02;89.5;76.8;5.3;0
8049;848020914;Comercio;16.6;8.6;71;24.0;2;73.2;31.1;4.74;38.5;82.2;7.1;0
8050;844664874;Servicios;27.9;6.0;48;1.3;2;65.9;17.1;3.23;67.8;72.7;15.3;0
8051;818603693;Servicios;21.7;11.7;51;-1.4;0;51.2;9.3;2.9;91.4;82.9;23.3;1
8052;973200006;Servicios;7.0;2.1;29;-4.8;5;76.9;10.4;4.48;69.3;78.7;8.1;0
8053;963713035;Servicios;8.4;3.8;164;10.5;2;64.3;24.7;3.6;54.1;64.0;3.3;1
8054;898926580;Comercio;15.0;6.9;10;11.4;7;67.6;2.9;2.38;52.5;50.0;4.8;0
8055;990384048;Comercio;6.0;5.9;20;7.0;1;47.6;16.8;3.56;70.6;48.3;16.9;0
8056;990502236;Manufactura;19.5;17.1;43;-4.0;5;64.8;29.4;2.22;48.1;67.6;1.4;0
8057;967497314;Construcción;10.8;7.9;52;17.0;8;90.3;6.0;1.55;48.0;47.4;4.6;0
8058;845936645;Servicios;18.9;14.4;6;4.9;2;47.7;15.9;3.28;73.3;74.7;31.8;0
8059;921686377;Construcción;9.4;6.1;97;-1.6;0;61.4;18.3;7.72;76.6;78.1;7.1;1
8060;893316441;Construcción;5.1;3.3;23;-8.4;2;57.1;25.7;1.77;58.3;53.2;24.3;1
8061;931513198;Servicios;16.8;13.6;12;8.7;1;38.8;28.2;3.79;22.7;31.0;1.1;1
8062;846546221;Comercio;13.6;6.5;32;-2.4;3;68.5;9.9;2.57;40.1;66.9;7.9;0
8063;949239573;Servicios;29.2;10.4;7;0.5;5;61.9;17.3;5.39;82.5;73.9;4.6;1
8064;870071475;Servicios;25.7;19.9;29;11.0;7;86.6;10.2;1.59;53.3;53.8;8.4;0
8065;925570329;Construcción;4.7;4.3;16;14.0;7;85.6;18.2;8.66;27.8;46.5;19.9;0
8066;893212819;Tecnología;3.9;1.9;46;-5.6;3;66.5;8.1;4.24;68.3;58.8;10.3;1
8067;815224149;Servicios;10.0;9.5;14;5.6;5;70.8;16.5;4.45;40.1;51.3;6.1;0
8068;923695488;Construcción;2.7;2.4;67;4.2;2;41.6;41.7;5.52;50.6;49.2;10.2;1
8069;954741528;Manufactura;12.2;6.1;24;30.0;5;67.2;9.5;4.46;74.4;64.8;25.5;0
8070;880460806;Tecnología;7.0;4.6;68;10.6;4;57.2;13.7;2.76;24.2;35.8;2.0;0
8071;841561775;Comercio;5.6;4.5;76;8.6;6;76.9;6.0;3.09;14.3;34.5;14.7;0
8072;969724192;Servicios;6.4;2.7;92;19.8;2;46.8;16.8;5.55;69.4;57.7;1.6;0
8073;809607350;Servicios;5.2;2.4;7;13.6;6;62.1;19.1;4.86;78.1;81.1;22.6;0
8074;965395465;Manufactura;8.3;3.2;21;19.5;3;52.8;23.9;5.8;28.7;31.8;14.1;1
8075;904736149;Manufactura;13.3;11.5;38;-8.2;8;90.9;7.8;4.93;54.6;49.5;12.4;0
8076;982796141;Transporte;9.1;2.4;5;-1.8;2;66.8;27.1;3.3;27.2;40.5;0.2;0
8077;830161783;Comercio;6.2;4.7;18;19.5;3;66.6;26.4;4.02;68.8;63.6;4.6;0
8078;969243466;Servicios;6.7;5.1;6;-11.4;7;82.7;26.0;5.27;53.0;51.2;3.5;0
8079;998563009;Tecnología;10.0;9.6;32;1.5;3;51.0;11.4;4.18;72.5;62.8;6.6;1
8080;869972194;Comercio;9.7;2.9;5;17.1;5;64.4;14.3;4.03;36.2;46.9;10.9;0
8081;953859637;Comercio;10.7;5.0;36;9.6;7;57.4;22.2;2.87;58.7;37.9;4.7;0
8082;949646169;Tecnología;7.8;2.6;35;-8.5;5;60.3;4.5;6.38;53.9;60.2;4.0;0
8083;979094932;Comercio;3.1;1.6;27;2.8;5;70.4;5.0;1.85;45.6;25.9;23.1;0
8084;835995415;Comercio;13.5;9.0;36;5.3;7;72.6;14.9;3.1;71.7;64.2;12.7;0
8085;902714101;Construcción;9.5;8.9;10;6.7;3;61.2;11.3;2.04;52.6;59.5;2.9;1
8086;859168544;Servicios;10.7;5.9;10;-2.4;4;48.4;14.0;2.98;81.7;96.2;5.5;0
8087;892143324;Servicios;31.6;12.9;34;-9.5;0;59.6;25.8;5.32;62.0;53.4;47.4;1
8088;905879055;Servicios;8.4;5.2;5;2.6;0;44.9;18.1;2.89;43.6;38.1;8.0;1
8089;956023948;Comercio;15.1;13.9;80;-4.9;6;67.1;5.3;2.33;17.3;39.1;8.5;0
8090;895661888;Servicios;13.9;8.0;25;5.2;5;60.9;23.9;4.48;33.5;41.6;1.8;0
8091;874839760;Manufactura;8.9;8.0;15;0.8;6;58.8;11.6;3.48;87.5;81.2;42.4;1
8092;998896602;Servicios;6.3;5.2;78;3.5;4;64.9;5.9;3.4;76.8;70.0;26.8;0
8093;939695652;Servicios;12.5;10.4;29;18.3;5;71.5;6.9;1.79;91.6;82.8;4.8;0
8094;927861462;Comercio;8.2;3.9;20;-5.1;5;66.5;17.5;2.55;56.1;74.9;2.7;0
8095;841167126;Servicios;11.2;8.1;97;2.1;9;81.8;2.0;3.5;39.7;36.5;6.9;0
8096;834704319;Manufactura;18.6;7.5;34;4.7;8;92.9;16.3;4.27;77.4;61.0;15.8;0
8097;866428152;Servicios;39.0;24.1;26;12.1;1;25.6;18.4;5.14;16.7;46.1;3.3;1
8098;930435268;Servicios;5.8;4.3;13;2.2;3;52.5;9.3;3.53;49.1;74.9;2.8;0
8099;989304191;Tecnología;4.4;3.0;53;-0.0;0;32.5;6.9;3.75;31.9;35.3;5.2;1
8100;940598779;Comercio;29.8;17.1;32;13.3;8;79.9;15.2;5.89;34.9;35.0;24.4;0
8101;901432160;Comercio;10.1;9.0;13;9.5;10;86.0;13.6;3.51;82.2;55.8;2.8;0
8102;920798212;Servicios;8.1;6.9;75;14.9;5;86.7;10.4;4.35;63.8;93.7;8.7;0
8103;856649393;Construcción;35.9;28.6;48;-0.9;4;64.3;14.9;4.56;53.1;53.3;0.3;0
8104;813199750;Manufactura;18.0;10.4;82;10.8;3;51.2;25.6;3.33;59.6;49.5;1.2;1
8105;955153056;Manufactura;20.1;10.7;23;-4.7;7;82.6;13.2;4.27;29.4;52.0;18.8;0
8106;858212536;Servicios;5.7;1.3;20;1.5;2;46.9;15.2;2.54;65.4;63.8;25.8;1
8107;868544109;Comercio;5.9;5.2;56;2.5;5;67.9;12.0;2.17;90.8;76.0;3.6;0
8108;962537924;Servicios;5.8;3.8;38;11.7;0;31.0;18.6;3.58;59.9;74.2;6.0;1
8109;912940057;Servicios;9.3;3.8;20;19.5;6;74.9;33.4;1.94;62.0;64.5;0.1;0
8110;905315875;Construcción;21.3;12.4;11;3.1;5;67.4;6.5;2.75;34.5;46.4;4.8;0
8111;865113449;Comercio;16.4;5.4;18;4.4;2;39.2;9.4;1.76;38.6;26.9;0.7;0
8112;887049290;Manufactura;5.9;4.4;54;12.4;7;79.9;15.7;6.49;85.0;72.0;19.6;0
8113;980596504;Manufactura;5.8;4.5;5;22.8;2;59.6;2.0;2.56;57.9;63.6;4.2;0
8114;976443634;Tecnología;6.8;6.6;53;-6.7;2;57.2;11.2;3.93;85.3;75.1;6.1;1
8115;992224129;Comercio;9.2;6.3;41;5.8;2;47.8;21.5;4.12;43.4;59.0;1.8;1
8116;998647598;Servicios;7.3;3.6;13;2.6;6;70.5;16.4;6.17;56.9;39.4;3.4;0
8117;825609435;Servicios;13.4;9.1;84;12.3;2;48.6;11.3;2.64;50.0;62.6;2.9;0
8118;867486173;Servicios;44.4;31.8;29;7.8;6;76.5;7.0;5.02;84.5;74.1;19.3;0
8119;824889222;Servicios;12.2;10.2;25;3.5;4;51.9;9.1;3.38;50.4;47.5;11.9;0
8120;876098741;Manufactura;16.9;3.5;15;-2.3;4;96.8;24.5;4.73;52.6;54.1;4.7;1
8121;866604333;Servicios;14.6;9.5;25;4.6;5;78.6;27.5;2.99;27.0;42.1;9.3;0
8122;982795303;Comercio;7.4;3.4;47;1.6;5;55.7;20.5;5.09;33.8;31.4;0.3;0
8123;948477134;Manufactura;4.7;1.3;7;23.3;6;61.5;20.7;2.21;73.2;72.7;10.6;0
8124;910556616;Transporte;2.6;0.6;43;0.5;4;66.3;17.6;4.69;28.7;45.4;1.5;0
8125;859138243;Comercio;19.1;6.5;12;-13.5;4;64.0;9.6;2.35;43.7;44.9;10.4;1
8126;969067745;Comercio;9.4;3.7;32;3.0;2;46.6;4.9;3.15;68.1;71.7;12.9;0
8127;832823309;Comercio;4.6;4.0;11;9.2;5;84.9;12.1;3.73;86.2;87.3;9.5;0
8128;827356020;Comercio;6.2;2.1;52;-3.9;3;55.4;16.4;5.32;45.8;55.7;9.9;1
8129;875518631;Servicios;3.5;2.8;45;21.7;5;76.0;11.7;2.21;30.8;32.4;1.2;1
8130;931980846;Manufactura;10.2;7.7;50;6.4;0;33.7;15.8;4.31;35.5;47.9;10.6;1
8131;875494515;Manufactura;7.2;3.0;8;-9.9;5;49.1;10.3;2.51;52.2;50.0;6.6;1
8132;914971934;Comercio;6.4;4.1;8;4.7;1;46.9;10.5;3.97;85.9;69.3;7.4;0
8133;876998793;Servicios;11.9;9.9;18;18.4;7;85.4;3.9;4.24;57.8;60.5;6.6;0
8134;827059178;Servicios;5.0;3.4;123;1.3;2;49.0;15.6;3.82;60.8;68.7;4.5;1
8135;891428504;Construcción;11.0;4.8;25;-1.0;3;53.7;17.2;2.38;59.5;53.7;7.7;1
8136;929082468;Tecnología;15.7;6.0;17;7.5;8;87.9;11.0;2.77;81.3;72.2;2.9;0
8137;822547041;Transporte;8.4;7.0;34;0.7;9;100.0;17.7;4.31;35.2;44.8;18.6;0
8138;828439195;Servicios;8.4;7.3;9;3.1;2;63.5;23.8;2.86;82.8;61.2;32.5;1
8139;972256876;Comercio;5.7;4.5;18;0.5;4;65.8;9.0;2.16;96.2;79.9;17.0;0
8140;929641230;Tecnología;14.3;6.5;14;-13.4;4;62.2;14.6;2.35;72.8;89.3;0.5;0
8141;970080365;Manufactura;27.9;12.3;20;8.2;8;82.1;6.9;3.29;44.3;55.3;25.8;0
8142;920497961;Servicios;7.5;5.3;5;-1.5;3;86.1;17.6;4.35;34.1;45.0;4.4;0
8143;949054528;Manufactura;7.7;5.2;21;3.5;2;50.7;30.6;2.04;19.9;31.3;1.6;1
8144;925083825;Servicios;6.0;4.6;5;-12.1;4;66.6;21.2;3.38;41.1;64.4;5.5;1
8145;994434842;Servicios;4.4;3.1;12;-5.6;1;39.8;8.4;2.11;67.1;58.0;7.6;1
8146;951461791;Servicios;11.5;3.0;27;28.0;6;82.6;27.2;4.58;79.5;59.9;23.1;0
8147;907047976;Manufactura;7.6;4.2;74;10.2;7;80.9;17.1;3.5;90.9;89.0;0.2;0
8148;918204311;Servicios;23.4;7.5;330;6.1;5;66.9;10.4;2.27;40.3;56.9;4.0;0
8149;951689739;Comercio;42.8;39.0;71;-6.8;1;46.6;26.8;4.87;81.1;57.2;20.9;1
8150;952033850;Servicios;13.0;10.3;24;10.6;4;56.2;24.3;3.94;93.2;81.8;17.1;0
8151;999680118;Construcción;7.8;4.4;26;24.1;6;53.2;25.2;4.07;73.4;58.5;3.1;1
8152;875961792;Comercio;8.1;1.6;16;4.8;8;100.0;12.3;2.95;57.4;66.8;3.3;0
8153;855737160;Servicios;10.6;10.4;34;4.2;2;35.5;42.6;5.97;50.5;68.3;6.4;1
8154;880288653;Servicios;3.2;1.5;64;5.3;4;50.7;26.7;3.16;83.4;81.0;33.0;1
8155;999723029;Comercio;11.5;2.5;30;-4.1;0;79.1;21.3;2.2;31.8;45.5;6.4;1
8156;813896501;Servicios;13.1;6.6;5;4.3;4;66.1;5.8;2.99;44.9;42.6;1.0;0
8157;950729879;Comercio;13.4;11.7;8;-4.2;3;66.9;2.2;3.55;37.4;46.8;3.3;0
8158;815932521;Comercio;21.6;5.6;103;0.3;0;36.9;9.8;3.87;62.0;75.7;0.7;1
8159;819860929;Servicios;17.0;16.2;30;-1.5;5;50.9;2.3;3.06;12.4;29.2;14.4;0
8160;897910251;Comercio;3.2;2.6;32;6.0;4;60.9;12.4;3.45;63.9;47.8;5.9;1
8161;884822028;Servicios;19.5;19.4;15;26.8;9;72.9;20.6;3.16;44.5;42.4;21.6;0
8162;966807303;Comercio;3.6;1.9;14;21.4;7;77.6;27.6;2.41;20.2;47.8;4.8;0
8163;937828975;Servicios;4.0;3.3;69;-4.3;6;64.9;29.4;4.51;23.3;38.3;2.4;0
8164;961873207;Comercio;3.4;2.6;6;-4.4;4;58.4;3.1;2.2;83.9;100.0;18.6;0
8165;841168193;Manufactura;32.3;26.5;167;6.6;5;73.3;18.5;3.85;96.8;83.8;23.4;0
8166;949073172;Comercio;12.5;7.7;15;8.0;6;82.8;3.7;2.89;91.2;100.0;1.3;0
8167;868889768;Comercio;14.6;13.8;26;-2.4;5;75.8;6.2;3.04;74.3;82.1;14.7;0
8168;929570906;Comercio;4.9;3.3;23;1.4;10;91.8;28.1;3.04;59.0;58.6;13.7;0
8169;871262984;Manufactura;7.4;4.9;11;4.8;2;45.3;22.0;4.9;53.8;36.1;2.0;0
8170;877714512;Servicios;19.7;5.1;12;-3.2;6;77.3;14.6;2.92;30.3;29.6;16.6;0
8171;893660347;Servicios;50.0;24.5;43;11.7;10;96.2;4.1;5.1;79.5;88.2;7.7;0
8172;820065867;Servicios;3.3;1.8;30;-3.6;2;66.0;11.2;4.23;60.5;72.7;5.7;0
8173;822778734;Construcción;9.2;6.6;27;7.6;3;54.8;10.8;3.46;89.2;75.3;10.2;0
8174;827600838;Servicios;6.0;1.6;119;1.7;2;48.3;14.4;3.91;71.4;57.7;8.6;1
8175;983580943;Servicios;2.3;0.8;21;7.9;7;74.2;7.0;3.38;54.3;77.7;0.4;0
8176;979128510;Comercio;7.2;6.2;89;-8.0;3;71.6;25.5;2.35;33.4;44.4;1.6;1
8177;818198534;Comercio;20.8;17.3;22;14.1;6;73.6;21.1;2.39;78.4;83.1;17.3;0
8178;836879835;Servicios;15.1;11.3;82;0.5;7;98.7;34.0;3.28;56.8;48.6;1.5;0
8179;993894837;Comercio;7.2;5.1;42;4.3;7;78.9;9.2;4.36;49.3;40.8;5.3;0
8180;910031303;Servicios;11.3;7.3;29;17.5;4;65.0;9.0;2.65;82.3;74.7;12.4;0
8181;983239947;Comercio;18.5;10.3;34;-6.6;6;87.6;7.1;2.0;47.8;46.0;7.8;0
8182;993889589;Comercio;2.2;1.0;28;-4.4;7;76.9;17.4;3.77;36.7;58.1;10.7;0
8183;976505061;Comercio;11.3;7.1;17;3.3;4;67.6;8.4;3.01;83.1;92.0;10.4;0
8184;958608189;Servicios;3.0;2.4;42;19.7;5;77.3;19.1;2.62;67.7;61.3;42.0;0
8185;861603167;Construcción;9.6;5.8;21;-0.0;5;82.1;13.3;4.23;55.2;47.2;1.9;0
8186;884474517;Construcción;5.6;2.9;8;-6.5;6;75.6;27.9;2.87;66.3;61.5;5.5;1
8187;819499263;Comercio;21.3;16.3;7;2.4;4;45.4;13.7;3.86;37.9;35.4;0.8;1
8188;806685538;Manufactura;20.4;6.6;69;-7.9;2;57.5;30.3;4.82;59.7;63.0;13.5;1
8189;843877259;Servicios;2.2;2.0;18;-0.6;2;55.0;10.3;2.27;43.6;50.0;14.9;1
8190;967147970;Manufactura;5.3;1.3;94;4.6;6;73.6;8.2;1.69;33.6;53.2;4.4;0
8191;981240678;Comercio;9.9;9.1;18;0.9;8;76.2;15.2;2.5;43.2;52.1;25.4;0
8192;991623445;Servicios;2.3;1.9;55;16.1;2;54.2;6.4;3.6;55.7;72.7;13.9;1
8193;942196247;Servicios;11.5;9.2;90;-0.5;6;68.8;15.9;2.47;49.4;67.5;11.7;1
8194;956647250;Manufactura;16.7;16.2;15;-15.3;5;68.5;6.3;4.07;81.8;72.4;7.0;0
8195;988989056;Servicios;17.6;11.5;6;2.5;4;68.7;30.7;6.68;48.3;61.1;4.4;0
8196;946114386;Servicios;26.2;13.2;6;-10.4;5;71.8;21.7;2.27;46.0;70.5;23.6;1
8197;869042001;Servicios;18.2;6.8;13;9.2;8;90.1;10.1;2.38;66.2;67.0;36.6;0
8198;867706824;Transporte;4.8;3.6;34;10.7;3;41.5;8.5;1.84;94.3;99.0;1.8;0
8199;930900155;Tecnología;36.1;16.2;19;-1.2;9;100.0;11.2;2.39;54.9;50.9;5.1;0
8200;952886892;Manufactura;13.4;3.8;44;-6.2;7;69.4;17.2;4.08;48.6;73.8;4.0;0
8201;877171087;Transporte;23.8;15.5;30;-8.8;6;70.4;35.2;2.9;35.3;24.1;2.8;1
8202;894752407;Servicios;13.1;11.4;6;4.5;8;94.2;5.8;5.53;58.9;65.9;15.2;0
8203;818129314;Servicios;14.0;9.7;32;-0.2;4;80.8;8.6;3.44;43.9;33.2;9.3;0
8204;841943415;Servicios;3.2;2.0;17;8.5;3;64.7;20.7;2.16;29.5;54.6;0.1;1
8205;910287018;Servicios;8.6;3.5;18;19.4;4;63.0;19.0;5.01;60.7;72.5;1.8;0
8206;959650038;Manufactura;10.8;10.4;6;5.8;7;85.5;6.4;5.13;41.3;45.4;9.7;0
8207;859506219;Construcción;1.4;0.4;82;16.0;4;54.1;6.7;4.3;31.4;58.7;7.7;0
8208;818578862;Servicios;12.1;12.0;181;13.4;7;86.4;16.1;3.64;51.0;53.3;2.3;0
8209;858301464;Comercio;7.2;2.0;16;11.9;2;69.2;26.8;3.18;19.5;37.8;8.2;1
8210;928557302;Manufactura;40.3;22.7;20;8.1;7;75.4;9.5;2.89;69.7;68.0;7.4;0
8211;817580052;Servicios;11.0;6.1;5;-5.9;3;55.7;20.8;1.41;56.4;71.4;11.6;0
8212;962743425;Tecnología;8.3;4.2;17;-9.5;5;59.7;9.5;3.58;52.0;53.8;12.3;1
8213;825452870;Tecnología;10.0;6.6;8;7.7;5;69.2;15.2;2.23;20.2;37.5;2.4;0
8214;983084631;Comercio;23.6;7.9;63;9.2;7;83.2;30.6;2.2;80.0;67.6;6.4;0
8215;863893908;Servicios;7.1;4.1;30;-4.1;6;86.3;8.2;7.14;41.2;33.5;15.3;1
8216;873084221;Manufactura;3.3;0.7;32;19.4;5;57.6;36.4;3.16;48.1;50.5;1.4;1
8217;890299357;Manufactura;9.5;7.5;9;6.1;6;68.4;16.6;2.94;29.1;44.6;1.6;0
8218;921763771;Comercio;8.2;5.0;82;-7.3;6;73.2;7.0;2.32;51.4;68.0;5.4;0
8219;998275192;Transporte;9.4;8.3;34;-3.8;7;87.4;5.4;2.0;47.2;41.6;9.6;0
8220;800150983;Comercio;17.7;11.3;80;-1.0;4;38.0;14.0;4.51;73.0;55.4;12.8;0
8221;983819518;Comercio;10.5;4.0;68;17.0;9;95.0;5.4;3.96;61.2;55.4;2.7;0
8222;819069145;Servicios;13.9;7.2;9;14.5;6;72.7;19.2;5.38;30.0;58.8;8.3;0
8223;836061903;Servicios;7.6;2.2;21;13.3;3;45.4;10.5;3.18;47.0;45.8;4.4;1
8224;982423500;Servicios;21.8;11.7;11;-4.6;4;64.3;12.3;3.32;40.0;65.0;2.3;0
8225;894537475;Comercio;3.7;3.5;8;-0.5;8;78.8;31.3;2.89;80.0;68.1;3.7;0
8226;938319271;Comercio;7.3;2.2;176;15.5;8;72.2;25.7;2.78;36.6;49.1;18.2;0
8227;822624676;Servicios;2.8;0.7;41;2.3;6;48.1;11.8;4.26;72.6;82.7;7.5;0
8228;946760007;Servicios;26.1;22.2;31;5.2;7;88.0;15.6;3.96;82.6;80.0;13.6;0
8229;818937288;Servicios;7.3;2.7;20;2.0;3;62.4;8.9;3.95;61.4;63.3;19.1;0
8230;928624988;Manufactura;8.5;3.4;76;9.2;1;47.7;21.0;3.1;34.9;55.2;0.7;1
8231;995277429;Manufactura;6.7;2.5;16;15.0;5;62.1;22.2;3.57;67.3;48.3;7.1;0
8232;928128985;Comercio;10.4;3.7;44;0.4;9;84.3;11.0;2.82;57.1;63.9;7.2;0
8233;909964845;Servicios;3.4;2.7;101;-8.1;7;82.8;14.1;4.58;81.7;89.4;25.1;0
8234;960995254;Comercio;16.1;10.5;109;-4.2;5;71.0;4.5;3.74;43.8;55.0;3.6;0
8235;943066643;Comercio;9.5;6.5;31;-0.1;5;79.0;24.0;1.94;74.9;81.2;7.1;0
8236;947438166;Tecnología;11.7;4.4;9;-23.9;2;45.8;4.3;3.86;29.3;49.2;12.2;1
8237;999160703;Comercio;6.4;3.4;40;5.6;5;78.4;16.4;5.54;74.2;75.2;21.9;0
8238;913794292;Servicios;22.0;13.5;5;12.1;6;79.8;22.6;4.71;71.2;95.7;1.6;0
8239;923270667;Manufactura;9.6;9.0;64;0.8;6;79.8;27.8;3.7;69.4;77.6;3.2;0
8240;914857442;Manufactura;22.0;13.2;13;1.8;7;68.5;5.4;2.11;78.9;85.7;7.8;0
8241;976715769;Servicios;15.1;14.5;22;-9.4;3;73.7;29.9;2.92;81.6;73.3;7.5;1
8242;878110707;Servicios;19.3;6.5;75;11.7;0;40.3;20.3;3.1;72.5;72.8;16.6;1
8243;800608574;Manufactura;36.5;32.9;13;12.8;5;66.1;9.9;4.76;54.2;71.4;30.7;0
8244;954105693;Manufactura;5.5;4.3;5;7.9;4;62.6;10.5;3.18;53.9;55.1;22.1;0
8245;952773951;Construcción;7.4;1.9;48;1.9;7;80.8;28.4;1.88;56.6;59.4;7.0;1
8246;924600495;Servicios;18.6;14.7;7;11.5;5;71.9;32.0;1.65;52.6;38.0;17.2;0
8247;957901420;Servicios;6.9;3.1;20;13.2;4;33.7;11.6;9.8;36.8;59.1;10.6;0
8248;835830949;Construcción;3.0;2.9;17;-3.2;3;55.0;4.7;5.09;57.9;54.6;30.3;1
8249;830811569;Manufactura;23.6;12.3;58;-4.6;6;80.2;9.8;2.7;61.7;62.8;1.4;0
8250;991874453;Servicios;22.2;5.0;14;-7.0;4;71.2;30.7;4.49;24.4;43.0;3.2;0
8251;887350826;Construcción;12.5;7.2;6;16.4;5;64.0;21.8;2.7;49.7;56.3;1.9;0
8252;857468498;Transporte;14.6;4.7;9;11.3;3;48.0;37.9;2.83;84.3;98.7;3.8;1
8253;868389498;Comercio;24.4;24.0;31;5.6;5;58.1;23.1;2.1;58.0;74.1;17.5;1
8254;845757434;Transporte;11.4;11.2;77;12.1;2;55.7;26.8;1.54;85.1;81.4;4.6;1
8255;896561751;Comercio;14.4;7.4;43;-3.5;4;73.5;15.8;3.54;64.9;64.3;15.9;1
8256;998972630;Tecnología;47.8;15.1;31;10.2;6;90.7;11.0;2.23;67.5;74.0;1.8;0
8257;840008164;Servicios;9.2;3.5;26;4.8;4;71.5;5.0;2.73;81.9;56.2;3.5;0
8258;845011904;Manufactura;5.1;5.0;66;2.6;4;52.6;11.2;2.7;60.0;51.8;6.2;0
8259;927636523;Servicios;11.6;5.7;9;-3.6;2;48.5;21.1;2.5;59.7;52.3;15.7;1
8260;904865723;Comercio;25.5;18.3;10;14.1;4;72.0;13.7;2.67;24.6;28.9;0.8;0
8261;984703394;Tecnología;8.3;6.3;43;17.0;5;78.1;19.2;3.19;76.8;64.4;25.4;0
8262;925545964;Construcción;4.7;2.2;108;21.9;8;80.5;25.6;3.93;90.0;79.0;6.9;0
8263;923785492;Comercio;9.4;7.6;22;-11.9;6;56.9;5.9;3.37;65.4;66.3;2.8;1
8264;988849705;Servicios;4.9;3.7;65;-7.4;6;56.5;17.2;3.19;51.1;58.4;26.7;0
8265;822955134;Comercio;4.1;1.5;36;20.2;6;58.5;9.3;4.71;76.2;69.1;2.0;0
8266;839534917;Servicios;4.4;3.6;18;16.9;3;74.8;14.8;4.35;50.7;62.8;19.2;1
8267;914921120;Servicios;11.3;4.1;5;8.6;6;74.7;16.4;4.2;54.0;75.0;10.3;0
8268;834790299;Servicios;5.7;4.4;25;5.1;2;63.3;19.2;2.11;69.0;58.4;1.7;1
8269;944778554;Manufactura;8.6;6.2;5;19.7;2;53.8;26.2;5.1;45.4;61.9;2.3;0
8270;870673766;Manufactura;11.6;8.2;32;11.8;5;75.6;23.3;3.48;52.9;39.9;2.9;0
8271;860418186;Servicios;10.1;7.4;11;-0.0;4;63.6;34.8;3.21;86.7;70.5;0.3;0
8272;946740902;Servicios;50.0;13.4;20;5.6;4;50.1;16.8;2.32;85.2;67.4;0.7;0
8273;927545822;Comercio;3.4;1.4;22;-12.4;2;58.3;19.3;3.02;30.4;55.9;22.4;1
8274;820158395;Servicios;1.2;0.6;29;12.5;3;66.9;39.8;3.12;59.2;62.4;0.6;0
8275;899204061;Manufactura;1.2;0.6;12;3.7;5;62.1;26.5;2.57;72.8;61.7;7.8;1
8276;828840067;Servicios;4.2;3.2;12;13.2;4;60.1;20.8;2.12;61.6;60.1;14.6;1
8277;980503073;Manufactura;14.7;3.2;43;-1.4;5;80.8;30.7;1.73;58.2;64.4;15.6;0
8278;906741628;Servicios;31.2;16.7;21;-0.1;6;56.7;43.6;1.71;68.0;70.5;15.2;0
8279;914561273;Comercio;8.5;2.4;24;3.7;3;65.3;19.2;2.96;38.8;56.2;3.5;0
8280;945844196;Transporte;9.6;9.3;8;18.3;6;71.4;14.0;1.78;43.8;50.1;12.8;0
8281;974519442;Servicios;13.7;5.1;9;7.5;3;45.8;6.5;3.05;25.4;53.5;1.9;0
8282;967538281;Comercio;14.2;13.4;85;-20.9;4;63.3;15.9;1.34;89.8;74.4;3.8;0
8283;848667059;Transporte;4.6;3.8;32;-0.2;2;61.2;9.1;2.62;44.8;53.5;15.2;1
8284;821136257;Transporte;3.6;3.3;10;10.9;5;73.0;10.4;6.38;18.6;35.9;1.1;0
8285;845662730;Manufactura;3.8;3.7;86;24.0;5;66.8;5.5;2.34;36.7;38.5;2.9;0
8286;838304514;Construcción;13.5;8.5;7;1.4;5;65.9;16.9;2.56;20.9;28.0;30.5;1
8287;955852825;Comercio;11.5;11.2;29;12.4;5;68.1;30.2;7.42;81.3;76.8;4.1;0
8288;883656706;Servicios;11.7;8.5;117;10.6;7;77.2;29.0;3.18;47.5;73.6;3.1;0
8289;963672629;Servicios;2.0;1.6;6;4.9;3;66.2;5.9;1.25;63.1;49.2;2.1;0
8290;883415784;Servicios;27.3;24.7;82;26.0;2;45.3;4.8;5.2;29.7;54.4;7.1;0
8291;993914325;Manufactura;24.8;18.7;29;6.9;3;61.9;6.1;3.59;48.0;59.2;7.0;0
8292;846396644;Servicios;9.2;6.9;130;5.5;3;45.8;4.4;2.46;26.7;49.1;27.4;1
8293;995933776;Manufactura;3.8;1.6;19;13.5;2;55.6;6.1;3.63;44.2;42.9;24.3;1
8294;850552818;Transporte;7.0;3.5;6;1.8;2;51.8;12.5;2.7;55.1;54.6;2.7;1
8295;832797997;Comercio;13.5;8.1;16;2.9;3;53.4;12.5;4.57;71.2;60.3;14.8;0
8296;865904494;Transporte;8.8;7.5;47;-9.7;4;48.9;11.3;5.11;60.4;70.7;42.3;0
8297;972531329;Transporte;4.1;2.3;19;-9.2;9;84.5;12.0;3.41;65.7;66.2;4.2;0
8298;835422447;Construcción;6.3;3.1;15;-6.5;5;63.1;43.3;6.16;65.9;59.6;6.8;1
8299;926409278;Servicios;6.0;4.0;44;3.0;4;59.9;10.3;3.41;49.2;46.1;4.7;0
8300;833155798;Comercio;4.4;3.3;74;2.8;0;53.4;27.0;2.89;11.3;32.9;11.7;1
8301;848664733;Servicios;4.1;2.8;37;18.9;5;61.2;22.2;3.49;50.7;59.4;0.5;0
8302;917455087;Servicios;7.4;5.5;11;6.9;5;57.8;15.9;3.54;90.3;68.1;14.9;0
8303;924409120;Comercio;8.3;5.3;279;-8.7;7;79.6;1.1;2.34;29.1;36.2;19.1;0
8304;903886936;Comercio;10.3;9.3;51;-5.5;7;77.3;26.6;2.19;70.3;80.2;0.7;0
8305;988471155;Servicios;6.6;2.0;46;19.1;4;55.4;33.6;3.58;43.7;54.3;7.6;1
8306;940274997;Servicios;5.9;2.2;70;-4.6;1;44.2;7.5;4.52;67.0;63.7;28.8;1
8307;985002274;Manufactura;19.9;7.0;14;9.4;7;62.6;5.5;2.47;65.8;77.4;4.9;0
8308;915811483;Transporte;17.7;5.4;7;16.0;5;64.8;3.2;2.4;73.7;55.5;7.8;0
8309;952977807;Servicios;6.0;5.1;14;7.5;5;66.2;13.6;1.8;84.7;74.1;9.9;0
8310;933332504;Servicios;6.7;3.7;16;5.8;8;78.9;24.2;4.31;71.8;65.2;12.4;0
8311;905035222;Servicios;19.3;7.3;6;-5.7;8;88.8;10.8;5.23;80.5;63.3;5.3;0
8312;821232298;Comercio;24.8;18.1;69;-8.8;4;46.6;15.0;3.55;60.4;65.5;16.1;0
8313;944200772;Servicios;30.0;29.7;51;-9.7;1;34.8;23.4;2.19;89.2;59.1;8.0;0
8314;821983206;Tecnología;31.6;23.7;105;6.8;1;48.9;22.1;3.49;94.7;72.1;15.3;0
8315;839709079;Servicios;6.2;6.1;10;-11.8;8;82.2;7.4;4.43;56.1;77.6;12.8;0
8316;943007070;Manufactura;20.1;19.0;10;4.2;4;50.4;4.6;5.87;60.8;59.3;4.5;0
8317;802300078;Manufactura;2.7;1.7;13;-11.5;5;79.8;15.1;3.69;41.4;70.8;1.6;0
8318;963317236;Servicios;8.3;7.7;66;-2.5;5;77.7;11.4;2.94;48.5;41.9;0.4;0
8319;838506647;Servicios;11.0;4.8;80;-1.3;3;89.1;33.4;2.27;74.9;68.6;50.0;1
8320;881313328;Manufactura;9.0;2.4;20;-0.6;7;86.1;13.3;2.66;39.4;48.8;7.9;0
8321;859783335;Construcción;11.6;6.2;80;1.7;5;61.8;20.0;4.12;80.8;62.5;23.7;1
8322;861294872;Servicios;7.2;3.9;173;-1.4;5;66.9;5.0;4.57;73.2;60.3;8.5;0
8323;990542538;Servicios;15.5;4.7;15;20.0;5;64.9;13.0;4.65;54.2;64.8;8.4;0
8324;996155979;Transporte;16.6;14.0;26;-4.6;7;78.4;13.4;4.88;31.1;40.0;7.5;1
8325;914132872;Transporte;9.3;9.1;62;10.1;1;40.8;1.9;3.4;33.1;48.5;6.3;0
8326;885816484;Comercio;14.2;4.2;13;0.6;2;53.4;26.0;3.19;54.0;59.2;0.9;1
8327;949389922;Comercio;7.0;6.9;23;12.8;4;57.7;8.1;6.82;39.0;31.9;5.2;0
8328;821907935;Manufactura;17.3;8.6;8;22.5;6;79.3;6.0;3.2;50.5;58.4;1.9;0
8329;903186252;Servicios;10.4;9.2;9;16.3;5;75.1;17.6;6.02;19.3;28.0;1.3;0
8330;892022284;Manufactura;6.1;1.9;21;-3.9;3;43.4;21.0;4.05;32.8;43.2;15.6;1
8331;962083078;Servicios;4.5;1.9;11;8.0;2;63.5;10.9;2.53;33.8;47.6;8.2;1
8332;852198365;Servicios;15.9;12.7;29;19.4;3;63.1;21.4;3.85;38.0;43.8;1.9;0
8333;810907009;Construcción;19.9;15.0;107;6.1;6;71.7;22.7;2.76;63.8;56.8;15.4;0
8334;849201516;Servicios;12.9;4.7;125;7.1;7;77.8;9.1;2.38;58.5;53.2;2.4;0
8335;877266029;Transporte;3.8;3.4;20;4.1;4;72.5;15.1;1.91;74.3;74.1;16.2;0
8336;966571917;Transporte;6.1;2.8;32;-8.0;5;74.5;20.4;3.38;86.2;82.3;0.3;0
8337;961407868;Manufactura;4.7;1.4;32;-5.1;2;59.6;9.3;3.01;66.7;61.8;7.0;1
8338;986146234;Construcción;17.1;12.4;29;13.3;7;65.7;17.9;3.12;71.6;42.4;9.6;0
8339;865877741;Servicios;27.6;17.1;78;3.4;4;70.9;12.1;2.23;36.9;61.0;3.6;0
8340;891781821;Servicios;12.7;4.2;12;-9.1;3;79.2;18.7;3.65;76.1;81.1;2.6;1
8341;911303896;Servicios;12.7;8.0;17;16.1;2;52.0;23.6;2.69;91.3;85.2;3.9;1
8342;881790221;Servicios;13.8;8.3;8;3.1;5;76.4;13.6;2.81;55.3;43.8;0.3;0
8343;847901642;Comercio;19.5;12.1;18;19.4;4;61.7;7.9;4.95;20.1;59.4;44.5;0
8344;815364998;Servicios;3.2;2.8;36;2.8;5;75.7;12.1;2.18;80.2;59.5;3.6;0
8345;981004614;Servicios;14.5;14.0;8;8.5;6;63.7;13.8;3.05;61.2;67.8;18.6;0
8346;919142801;Manufactura;4.1;2.6;11;-14.4;6;65.5;15.7;4.62;63.3;65.3;4.6;1
8347;940857839;Servicios;32.0;16.4;42;4.5;4;59.0;13.7;2.23;21.2;16.6;21.7;1
8348;959048893;Servicios;23.1;6.5;80;7.8;0;36.8;9.5;4.88;42.3;40.1;14.4;0
8349;927071852;Comercio;8.4;3.4;31;-7.7;4;68.6;25.2;2.2;46.0;47.7;21.3;1
8350;816952633;Tecnología;8.1;4.9;32;0.2;5;75.6;41.6;2.49;61.6;46.4;3.5;1
8351;840452147;Comercio;9.5;3.3;8;12.1;4;83.6;35.1;2.35;80.6;75.2;7.6;1
8352;806985354;Comercio;4.7;2.7;27;25.0;7;50.2;19.0;3.16;75.1;75.1;15.9;0
8353;925085270;Construcción;2.5;1.6;24;33.5;1;42.6;12.8;4.66;38.0;48.7;9.2;1
8354;943693606;Manufactura;6.0;4.9;28;-2.1;8;88.9;2.3;1.72;55.9;50.4;17.1;0
8355;813699730;Servicios;3.1;3.0;42;-14.5;4;63.7;18.0;3.88;48.1;62.8;22.9;1
8356;950344064;Comercio;7.6;5.3;19;4.5;1;73.4;13.2;2.03;51.1;82.4;2.1;1
8357;887922586;Comercio;8.0;2.7;17;14.5;7;68.8;18.3;3.23;85.5;71.1;19.0;0
8358;916722338;Construcción;7.0;5.0;5;5.6;5;64.0;3.2;5.67;75.6;76.1;5.4;0
8359;835625407;Servicios;13.0;9.4;100;10.9;3;50.2;9.8;3.12;43.6;49.4;10.8;1
8360;919534753;Transporte;3.0;1.5;63;-1.2;5;49.8;30.9;3.38;49.5;32.8;7.5;1
8361;980161111;Comercio;13.1;9.3;96;15.5;7;81.8;4.9;6.43;40.6;66.8;6.1;0
8362;930523032;Comercio;25.2;15.1;12;3.8;3;62.6;19.1;1.64;75.2;79.3;2.0;0
8363;919902870;Servicios;29.5;23.6;28;17.2;8;75.2;35.8;3.64;61.3;55.9;2.2;0
8364;881178546;Servicios;7.3;5.4;16;20.4;3;59.4;9.3;2.78;51.0;38.3;13.3;0
8365;994575874;Servicios;4.7;3.3;35;7.0;5;66.2;13.7;1.9;83.0;90.7;14.4;0
8366;849411262;Comercio;6.5;6.5;14;14.5;10;66.5;18.3;3.43;44.1;53.3;0.3;1
8367;842448890;Comercio;5.0;2.0;74;8.9;4;49.6;26.6;8.12;46.0;35.3;8.2;1
8368;972562601;Servicios;8.7;1.9;36;0.5;9;86.7;13.3;2.98;61.7;54.0;7.3;0
8369;909933287;Transporte;3.4;1.7;14;18.0;4;45.0;3.9;3.52;58.0;55.6;8.0;0
8370;922389492;Servicios;5.2;3.3;21;-3.7;2;53.0;13.3;3.52;57.5;60.0;8.4;1
8371;930296792;Comercio;10.2;6.8;37;16.1;6;64.7;13.5;2.57;84.8;80.6;3.2;0
8372;845824440;Comercio;10.4;8.5;8;3.8;4;58.3;10.0;3.73;92.3;88.1;5.6;0
8373;881798281;Comercio;6.5;6.4;32;11.4;4;61.2;13.4;3.71;65.8;52.2;1.9;0
8374;899410385;Comercio;50.0;32.5;42;-9.6;6;73.4;29.3;4.98;67.6;45.7;37.7;0
8375;951511641;Transporte;6.0;3.0;18;-0.7;4;64.7;13.7;5.94;85.6;81.7;21.0;1
8376;839896608;Comercio;2.8;2.1;9;-3.5;6;72.3;5.8;1.27;73.3;65.8;1.8;0
8377;981261629;Transporte;16.1;9.1;38;-7.4;3;66.7;5.5;4.93;45.2;39.2;20.0;0
8378;822590444;Servicios;4.3;2.4;5;4.4;5;45.2;24.1;3.49;62.7;50.5;0.6;1
8379;823238372;Comercio;50.0;12.4;8;1.2;3;82.7;4.0;2.94;66.0;71.2;4.4;0
8380;972353901;Comercio;12.1;9.2;18;1.8;6;65.1;6.8;2.49;34.4;21.5;8.5;1
8381;878842320;Comercio;6.4;6.0;21;8.0;4;66.1;10.6;2.23;63.5;75.7;16.9;0
8382;882790814;Servicios;29.6;11.5;10;7.6;4;75.5;16.4;5.3;34.6;57.2;5.0;0
8383;850256451;Manufactura;9.2;7.2;117;-4.1;1;31.3;21.2;4.63;58.2;53.6;23.5;1
8384;923000347;Comercio;2.4;0.5;10;1.0;5;83.2;2.8;3.9;25.1;39.1;8.0;0
8385;990288765;Transporte;5.5;4.8;5;-17.9;3;50.2;13.9;7.27;57.9;73.5;0.3;1
8386;939272147;Construcción;14.4;6.6;34;-2.5;6;71.2;8.6;2.66;47.0;56.5;24.4;0
8387;883765672;Comercio;2.4;0.7;5;-14.7;4;73.2;10.8;4.13;35.9;30.1;11.7;0
8388;938665107;Comercio;2.3;1.0;77;11.3;7;77.2;8.3;2.14;60.2;70.0;21.7;0
8389;991143607;Construcción;27.7;23.2;11;2.1;2;73.6;14.8;3.15;29.2;41.1;20.3;0
8390;929687750;Manufactura;9.3;3.9;20;6.4;5;69.6;7.1;3.52;33.8;45.8;3.8;0
8391;821253577;Servicios;4.5;1.7;40;-3.6;5;64.1;7.1;2.19;19.3;53.0;5.4;0
8392;920184096;Comercio;3.4;2.3;30;1.6;4;38.5;31.7;2.44;58.0;60.3;24.5;1
8393;882709418;Servicios;12.8;8.0;19;-8.1;4;66.6;34.4;3.2;38.2;52.3;1.5;0
8394;888116365;Transporte;4.5;2.2;12;20.3;8;86.2;19.5;5.29;90.2;84.9;28.0;0
8395;874313765;Servicios;7.3;6.7;11;8.1;1;30.4;23.9;3.54;75.2;63.6;3.3;0
8396;978380277;Manufactura;9.0;8.1;11;13.8;7;82.8;11.3;3.58;55.1;66.4;18.8;0
8397;925422297;Construcción;10.9;9.7;8;-3.4;1;37.5;11.6;2.29;66.8;50.8;0.6;1
8398;972001342;Manufactura;4.7;3.0;5;2.3;10;100.0;18.9;5.94;65.7;56.5;3.9;0
8399;967793068;Servicios;16.9;6.9;19;19.8;7;86.1;3.9;2.93;54.9;53.0;2.9;0
8400;926735940;Servicios;9.8;3.3;57;18.0;3;62.6;32.5;1.25;84.4;88.3;2.0;0
8401;973137334;Servicios;19.2;13.5;18;-6.8;3;55.5;40.0;4.52;91.2;70.4;11.7;1
8402;823155954;Servicios;4.6;1.7;59;19.2;5;87.1;24.3;3.84;69.6;75.8;0.7;0
8403;870317997;Servicios;14.5;11.1;13;19.0;9;86.8;14.6;2.3;82.5;71.0;9.9;0
8404;921363906;Transporte;20.4;19.3;11;1.3;7;67.8;13.1;2.92;57.7;62.7;42.9;0
8405;905316798;Servicios;37.8;15.3;24;-5.9;9;99.5;25.8;1.22;28.3;30.6;5.4;0
8406;856292781;Tecnología;9.7;3.7;27;-0.8;7;93.4;12.9;2.72;71.5;84.5;3.4;0
8407;976323737;Transporte;6.2;5.4;33;9.5;6;76.2;13.0;3.76;84.1;82.4;5.9;0
8408;843424204;Comercio;12.9;3.2;51;10.3;3;51.6;37.3;2.64;50.9;48.3;0.9;0
8409;827742794;Servicios;4.3;3.1;19;10.4;6;80.0;6.6;3.31;64.0;61.8;1.7;0
8410;852971188;Tecnología;6.1;1.9;36;16.6;6;66.7;22.8;2.63;33.4;37.1;1.6;0
8411;844526555;Comercio;13.6;8.3;25;1.8;6;83.9;14.4;2.35;77.3;47.0;4.6;0
8412;916541963;Comercio;3.7;2.6;19;4.2;3;71.5;14.9;2.17;63.9;57.9;0.6;0
8413;952640060;Servicios;8.2;5.3;22;-15.6;7;63.6;10.4;2.12;76.6;82.2;2.4;0
8414;911041088;Servicios;8.7;6.5;17;-11.6;5;83.7;16.2;4.75;76.0;60.1;10.9;0
8415;921697322;Comercio;4.9;4.8;61;13.8;2;48.2;6.5;3.92;86.4;88.2;12.1;0
8416;840502551;Construcción;4.9;2.5;19;-3.7;3;58.2;14.7;3.81;62.6;79.9;13.5;1
8417;983760815;Manufactura;9.1;2.7;21;2.9;7;77.9;22.2;3.05;16.5;14.6;6.7;0
8418;872488302;Servicios;15.3;8.3;70;-13.2;0;59.3;18.4;3.72;66.6;74.1;20.4;1
8419;829657539;Tecnología;26.2;19.1;16;18.8;7;84.3;15.7;3.02;48.1;59.9;2.9;0
8420;843219088;Tecnología;18.5;12.7;13;1.4;5;70.1;1.8;4.01;70.5;66.1;3.5;1
8421;849527003;Construcción;3.4;3.1;18;-9.5;5;50.5;26.3;3.64;49.0;41.7;5.1;1
8422;876919263;Construcción;5.3;1.3;11;19.5;1;38.1;12.9;3.26;94.0;92.0;4.0;1
8423;947131813;Construcción;4.8;3.1;17;-11.1;7;70.3;22.6;2.65;96.1;73.4;11.2;1
8424;942008495;Construcción;3.8;1.6;10;3.7;2;55.9;19.5;2.02;68.1;58.7;5.5;0
8425;979424837;Transporte;7.2;1.7;11;12.5;2;40.4;3.9;4.05;69.6;58.9;7.2;1
8426;987351801;Construcción;11.5;8.9;33;12.1;6;77.9;9.9;1.69;77.3;55.7;27.7;0
8427;803006219;Servicios;9.5;8.6;69;-10.5;6;62.0;24.4;3.81;52.7;61.3;7.2;0
8428;922520679;Tecnología;5.0;1.2;11;-0.8;7;85.3;11.2;2.99;41.4;58.2;22.2;0
8429;810379136;Manufactura;4.6;3.6;50;10.1;5;54.8;25.5;4.21;39.0;39.7;10.9;1
8430;985721535;Comercio;12.4;11.4;56;-3.7;3;60.4;10.3;3.85;42.9;52.3;1.6;1
8431;871135115;Manufactura;8.3;3.0;35;12.6;4;54.1;4.5;1.91;66.7;69.8;9.8;0
8432;901994969;Servicios;7.8;5.3;117;-14.0;5;53.5;11.4;2.38;68.8;59.8;25.6;1
8433;914317984;Manufactura;8.3;1.8;8;-1.9;4;68.6;6.9;3.26;90.3;81.5;8.0;0
8434;801021259;Manufactura;1.6;1.2;5;15.6;4;60.6;4.3;2.73;77.1;69.0;5.9;0
8435;903545591;Transporte;10.0;9.4;14;3.8;2;45.1;22.3;3.53;51.7;66.4;7.1;1
8436;950721794;Manufactura;15.6;6.2;78;-16.1;4;68.1;32.1;10.34;47.7;44.9;21.4;0
8437;832740357;Servicios;8.2;3.7;5;-2.5;4;50.3;25.3;3.69;70.6;45.8;14.0;1
8438;858996101;Tecnología;6.6;2.7;67;11.2;6;70.2;12.9;3.57;73.1;79.2;2.2;0
8439;832978366;Servicios;2.0;0.5;11;3.8;6;69.6;5.8;2.62;26.6;34.4;0.1;0
8440;984324697;Servicios;2.8;1.1;5;5.7;6;64.2;2.2;3.33;19.3;23.2;13.9;1
8441;860799751;Servicios;10.6;6.2;94;2.6;0;38.8;26.6;3.11;51.7;72.9;50.0;1
8442;834465129;Transporte;5.1;2.6;22;-14.4;5;77.4;7.6;5.44;19.7;27.0;8.1;1
8443;956646307;Tecnología;7.1;2.1;5;12.8;5;54.8;10.8;6.73;79.9;89.2;4.9;0
8444;964151572;Tecnología;15.9;12.6;114;4.9;3;70.4;30.6;4.77;77.5;82.6;10.9;0
8445;903294090;Transporte;6.9;2.4;11;-0.3;4;50.0;16.8;2.65;75.9;83.6;6.7;1
8446;956158161;Comercio;7.7;7.6;6;9.6;7;84.2;12.5;2.67;64.4;78.2;11.7;0
8447;978398376;Transporte;7.5;6.0;69;7.6;1;35.7;27.3;2.39;32.9;43.4;6.9;1
8448;966293232;Transporte;17.1;5.6;19;14.1;4;65.9;10.0;2.26;10.2;22.7;7.8;0
8449;955740502;Servicios;12.5;12.4;23;7.2;1;43.5;19.1;3.2;57.5;48.2;23.0;1
8450;839263463;Manufactura;28.6;12.8;52;-1.6;7;81.6;24.4;2.95;63.3;71.7;35.4;0
8451;940485898;Manufactura;6.7;5.5;6;9.1;4;56.3;8.9;6.36;48.4;63.2;5.1;0
8452;864467536;Comercio;9.1;3.6;54;-6.6;5;70.9;23.9;3.05;72.2;69.9;0.4;0
8453;908382035;Servicios;8.0;3.3;66;4.2;5;65.5;8.2;4.13;82.9;85.7;3.3;0
8454;915956863;Servicios;8.9;7.2;111;9.4;4;51.4;17.7;2.86;84.4;67.8;4.4;0
8455;927116088;Servicios;16.9;7.7;39;12.8;3;71.4;7.1;3.37;70.7;59.7;15.9;0
8456;959378781;Servicios;10.2;7.6;16;6.0;6;64.0;5.5;3.44;32.8;67.0;1.1;0
8457;889333930;Construcción;13.3;6.8;32;23.4;7;79.1;15.0;2.57;67.8;53.9;8.4;0
8458;942235947;Servicios;9.2;4.6;19;15.3;2;56.7;20.8;2.26;42.8;57.2;2.7;0
8459;821973248;Servicios;16.4;16.4;38;14.5;2;51.2;15.1;3.46;93.4;95.8;33.5;0
8460;928987091;Servicios;7.5;1.7;12;18.5;2;40.0;13.0;3.75;73.7;78.1;12.0;0
8461;942985725;Servicios;4.3;3.8;26;10.5;5;81.3;5.8;4.36;56.6;73.8;4.3;0
8462;935840994;Servicios;10.0;5.6;61;-8.9;7;69.6;28.3;2.27;37.9;62.8;4.7;0
8463;836554278;Transporte;4.5;2.3;37;4.9;5;71.6;8.1;3.36;53.9;64.1;1.4;0
8464;855066913;Servicios;5.3;3.0;16;9.8;7;64.4;22.8;2.89;96.4;72.8;12.3;0
8465;831627315;Comercio;9.2;2.1;6;-11.2;6;84.7;14.8;3.42;34.4;42.6;2.3;1
8466;881893293;Servicios;16.8;6.4;108;16.4;9;76.5;3.7;2.5;85.4;70.8;21.0;0
8467;968465745;Comercio;20.8;19.0;28;11.0;2;41.2;8.5;4.86;69.0;67.3;10.2;0
8468;954270445;Comercio;27.4;7.8;20;-5.8;2;53.4;4.9;4.03;38.1;46.9;3.4;0
8469;986429084;Comercio;8.1;5.4;77;7.5;9;96.8;12.1;1.58;57.4;60.3;3.4;0
8470;956106310;Comercio;4.6;1.6;64;-5.9;5;65.3;15.0;2.57;50.8;55.6;1.7;1
8471;889983121;Transporte;8.9;5.5;63;10.8;8;98.3;7.7;5.27;45.2;63.6;11.5;0
8472;828696814;Servicios;2.7;1.2;28;13.8;5;58.8;3.4;1.88;78.8;69.6;11.3;0
8473;851195310;Manufactura;32.6;14.9;65;-5.7;2;43.0;41.3;1.88;51.0;58.4;20.7;1
8474;846687090;Servicios;10.0;4.4;17;-7.0;6;61.4;25.3;2.01;35.7;40.8;8.8;1
8475;843076999;Servicios;11.5;4.9;9;28.9;5;48.0;23.8;4.22;61.3;76.6;1.6;0
8476;841054766;Comercio;22.1;4.5;92;17.5;8;88.0;38.0;6.47;77.9;72.1;11.2;1
8477;937570798;Construcción;5.8;1.5;20;23.4;4;63.9;24.8;2.98;73.9;60.3;6.6;0
8478;938517032;Servicios;5.9;2.5;12;-5.4;4;66.7;24.5;2.27;70.4;59.4;5.0;1
8479;882218789;Servicios;6.6;4.4;6;4.1;4;46.4;18.7;3.76;53.5;73.9;1.1;0
8480;803515725;Servicios;5.7;2.2;20;-13.1;2;68.6;5.1;3.15;52.4;40.7;19.0;1
8481;970764367;Transporte;2.0;1.1;19;-6.1;3;61.9;10.4;1.65;77.4;60.5;6.9;0
8482;819468251;Manufactura;27.1;11.9;21;4.3;9;100.0;37.9;3.35;87.0;74.4;4.6;0
8483;837694025;Construcción;13.4;11.2;43;1.7;4;77.5;12.1;4.02;93.4;66.8;0.8;0
8484;930358016;Comercio;5.6;3.5;15;-4.1;0;70.8;15.4;3.57;70.6;69.9;11.4;1
8485;967361156;Manufactura;13.0;4.1;5;3.0;2;43.5;4.1;3.43;63.8;60.0;12.5;1
8486;827718829;Servicios;9.7;8.8;59;5.2;6;55.6;6.6;1.31;56.0;54.5;4.8;0
8487;862840536;Construcción;7.1;5.7;39;2.5;3;60.7;16.5;1.38;8.8;33.5;16.6;1
8488;935091775;Manufactura;14.0;5.0;5;-3.8;5;78.4;22.4;4.11;55.0;49.2;1.6;1
8489;889889499;Servicios;7.2;6.8;77;2.8;5;72.1;22.9;3.98;66.0;48.7;6.3;1
8490;953525129;Transporte;7.5;5.9;29;1.9;2;69.1;12.1;3.25;44.8;33.9;1.1;1
8491;838824613;Construcción;9.9;3.5;6;6.0;7;56.3;32.5;3.74;73.1;64.9;1.1;1
8492;853918665;Comercio;2.7;0.7;22;11.1;1;45.1;2.0;6.18;58.5;73.2;1.7;1
8493;939081920;Manufactura;12.4;4.4;6;12.3;4;68.5;30.6;1.88;86.4;72.3;7.2;0
8494;965095356;Servicios;3.4;3.1;91;-0.9;5;79.5;5.4;4.46;41.7;50.2;0.7;0
8495;923251031;Servicios;7.0;3.0;14;-17.4;5;80.0;22.0;3.51;22.4;45.0;27.7;1
8496;888611244;Servicios;6.6;6.5;8;2.1;3;39.5;16.8;4.02;72.7;69.7;1.8;1
8497;929693540;Manufactura;9.3;3.2;7;-11.0;7;78.5;12.3;4.83;50.7;75.1;6.3;0
8498;957702271;Servicios;7.8;5.6;134;-15.4;10;100.0;21.0;3.09;74.7;72.3;34.0;0
8499;984808141;Servicios;2.1;1.9;46;25.1;2;60.9;31.6;3.54;42.8;45.4;17.8;1
8500;881821808;Servicios;6.8;3.4;64;7.8;5;54.1;39.3;3.7;65.9;67.3;0.3;1
8501;978703485;Comercio;32.2;10.0;10;-8.9;1;52.0;8.5;1.55;39.8;48.0;0.9;0
8502;800680736;Manufactura;11.4;11.2;23;-0.7;6;74.3;3.4;1.37;13.0;40.2;17.6;0
8503;861329571;Servicios;14.7;4.6;127;3.7;4;57.6;3.3;2.43;68.2;52.8;6.1;0
8504;893409868;Servicios;5.0;5.0;105;3.1;6;74.2;32.7;6.05;29.9;44.6;1.2;0
8505;830473712;Construcción;4.1;3.3;7;8.2;6;60.8;24.1;6.08;82.1;60.7;24.1;0
8506;961512335;Comercio;7.1;2.4;10;17.7;4;74.9;15.9;4.02;86.7;75.3;1.4;0
8507;907282123;Servicios;14.1;8.1;141;11.3;6;72.3;12.1;3.33;27.9;38.4;6.0;0
8508;859553363;Servicios;27.1;14.1;71;-5.0;3;65.6;29.1;1.74;51.2;52.3;14.9;1
8509;941005698;Servicios;8.8;6.0;38;7.5;8;68.7;17.7;4.01;55.4;70.7;15.8;0
8510;932435543;Comercio;12.2;10.6;36;19.4;7;66.4;10.0;3.56;77.6;59.3;2.2;0
8511;887161247;Servicios;8.7;2.0;64;19.9;5;59.6;19.8;3.03;54.2;52.8;1.8;0
8512;915496851;Servicios;19.9;19.8;7;0.1;7;78.1;17.5;2.78;74.3;82.0;1.6;0
8513;950818999;Servicios;13.0;5.0;5;18.1;3;67.5;11.1;3.95;53.0;43.1;10.2;0
8514;889542953;Construcción;8.2;3.8;28;9.6;6;84.4;19.1;4.56;60.0;47.1;3.9;0
8515;987920708;Servicios;9.9;4.7;45;-8.1;6;63.9;5.4;3.81;30.5;39.0;9.4;0
8516;855061061;Servicios;21.9;11.4;49;22.7;6;39.7;7.6;1.97;58.1;52.2;4.7;0
8517;901745679;Manufactura;22.1;18.9;59;0.5;0;49.4;21.3;3.38;82.7;59.8;4.4;1
8518;881038387;Servicios;7.9;7.7;35;6.7;7;81.3;0.9;2.87;55.2;52.7;15.2;0
8519;843141088;Servicios;5.6;5.0;6;-10.7;7;72.6;9.7;3.71;81.0;70.5;26.4;0
8520;836631849;Manufactura;13.1;6.4;14;29.6;6;54.3;20.3;4.1;58.4;54.8;1.1;0
8521;976013746;Manufactura;5.3;4.2;20;12.0;1;57.1;26.6;2.09;73.7;93.5;6.9;0
8522;975154945;Transporte;7.9;7.0;17;-12.1;5;65.8;9.0;2.78;47.3;52.4;2.8;1
8523;802100007;Servicios;12.8;12.7;48;-1.5;2;46.5;4.9;4.01;55.5;45.7;6.0;0
8524;978458036;Servicios;9.9;5.9;79;6.1;8;68.9;37.2;2.57;32.6;51.8;2.2;1
8525;848584370;Servicios;8.0;4.4;69;-16.2;3;60.0;29.3;4.12;64.3;84.9;2.8;1
8526;817119746;Servicios;39.8;35.3;128;21.1;7;75.0;16.3;2.33;65.4;62.1;9.6;0
8527;834811117;Servicios;14.0;4.1;19;9.3;8;80.4;17.8;2.54;85.8;86.0;4.5;0
8528;803495668;Transporte;9.1;8.7;79;14.6;6;63.8;17.0;4.87;51.9;52.4;13.7;0
8529;838120800;Construcción;5.4;2.7;58;-2.7;5;52.7;9.6;2.95;74.2;83.5;7.9;1
8530;832739317;Servicios;10.6;6.7;11;17.7;8;80.3;6.3;1.79;80.4;78.9;5.8;0
8531;907093005;Comercio;10.2;6.7;18;14.9;1;61.7;9.2;1.95;52.0;47.0;8.3;0
8532;844793252;Construcción;7.2;6.9;6;-17.5;2;45.8;9.8;6.93;70.9;50.8;13.1;1
8533;945998879;Servicios;11.2;9.7;27;19.5;7;76.7;34.8;3.58;27.1;41.0;4.2;0
8534;835750473;Construcción;6.3;4.8;30;2.8;5;48.1;9.2;2.21;38.6;56.5;11.0;1
8535;940506664;Comercio;7.8;5.9;41;-2.1;5;65.3;36.7;3.16;61.4;76.2;8.0;0
8536;949727789;Construcción;5.6;2.8;13;16.1;6;59.4;21.0;3.09;10.9;28.7;1.0;1
8537;882750300;Comercio;6.7;3.7;5;13.6;7;67.4;3.3;1.98;50.1;79.1;0.7;0
8538;884458594;Manufactura;9.6;9.4;60;29.8;6;87.2;36.8;3.93;69.4;77.3;5.1;0
8539;995366293;Manufactura;3.5;3.4;87;21.2;3;56.8;1.2;3.1;70.2;68.8;4.4;0
8540;930689356;Servicios;12.1;4.2;27;12.7;7;90.1;17.3;2.05;73.4;88.2;10.5;0
8541;896231013;Comercio;8.7;4.2;19;14.2;3;52.0;16.4;3.2;63.0;63.6;16.7;0
8542;960071340;Manufactura;9.0;2.5;11;6.0;3;55.5;12.4;2.74;78.8;74.3;23.1;0
8543;915508369;Manufactura;4.2;2.2;10;16.9;5;69.1;25.4;3.45;76.9;59.8;1.5;1
8544;994634093;Comercio;30.6;16.6;30;17.2;3;51.2;19.2;4.96;85.0;80.6;8.0;0
8545;869791863;Transporte;7.9;4.8;21;-19.7;7;74.2;19.5;4.75;70.7;65.2;0.6;1
8546;955920222;Tecnología;10.1;6.9;13;8.8;4;69.8;12.9;3.52;58.3;44.1;14.1;0
8547;883276794;Comercio;4.7;1.3;15;-4.6;7;92.1;9.1;3.35;78.5;74.8;10.1;0
8548;972809400;Construcción;8.9;7.2;96;0.8;4;63.3;6.4;5.75;75.6;61.0;14.0;1
8549;826758699;Construcción;20.4;6.9;27;16.4;2;50.9;9.5;3.23;76.3;87.9;2.6;0
8550;930571131;Transporte;5.8;3.5;12;3.5;8;92.3;13.6;2.51;85.3;88.1;13.9;0
8551;855171962;Transporte;9.0;3.3;24;23.3;5;73.8;15.9;3.24;91.7;89.3;24.1;0
8552;841020572;Construcción;8.2;7.7;28;0.5;7;66.0;10.6;3.25;47.0;59.7;3.1;0
8553;983883100;Manufactura;5.4;1.4;8;9.4;4;65.1;7.3;2.78;71.1;78.6;20.0;0
8554;849961428;Comercio;15.5;3.7;21;27.3;5;73.8;17.3;8.08;73.4;63.6;7.2;0
8555;858700428;Construcción;7.4;3.0;53;7.9;5;69.0;44.6;2.9;68.1;64.1;0.6;1
8556;853906939;Comercio;14.3;14.0;23;9.8;4;40.7;5.5;3.67;59.1;54.4;11.4;1
8557;947064242;Servicios;14.3;11.9;5;3.7;6;76.8;36.0;3.03;60.9;73.1;0.3;0
8558;977852795;Servicios;6.0;2.6;26;-4.9;6;78.6;49.9;2.07;80.1;71.9;8.9;1
8559;801840644;Manufactura;37.5;25.3;26;8.1;2;57.8;33.9;3.75;84.4;59.8;5.2;1
8560;894775376;Manufactura;8.6;2.1;7;-5.4;2;40.8;14.5;2.75;75.8;79.4;12.2;1
8561;889318783;Comercio;9.6;5.9;45;-0.1;2;61.3;19.1;2.78;47.3;44.6;15.8;1
8562;980801616;Tecnología;28.1;19.7;18;6.3;8;81.8;11.5;3.6;44.1;64.2;1.5;0
8563;930259553;Servicios;20.1;17.6;20;-10.0;2;45.1;16.2;5.24;66.3;58.2;6.6;0
8564;989257032;Servicios;4.7;3.5;100;2.1;3;62.6;13.4;4.5;86.6;85.1;9.9;0
8565;997910590;Manufactura;2.9;1.3;9;8.3;6;64.2;7.5;3.44;25.8;42.8;2.3;0
8566;855638046;Comercio;9.4;3.0;15;7.5;7;69.8;22.0;1.94;41.6;50.6;36.9;0
8567;946070109;Manufactura;2.8;1.4;68;11.4;9;80.4;14.9;3.87;46.1;48.9;0.3;0
8568;859485120;Servicios;19.2;16.6;9;-3.7;5;64.7;19.9;2.07;49.7;64.7;21.9;0
8569;812013632;Servicios;18.1;10.4;42;15.9;1;42.0;27.0;3.92;49.9;43.9;3.7;1
8570;947398250;Servicios;6.9;4.9;99;21.1;4;71.9;13.8;3.2;52.8;46.2;22.2;0
8571;827731088;Construcción;20.3;12.0;15;5.2;6;59.9;15.8;2.02;89.7;86.7;3.9;0
8572;858129386;Servicios;7.4;5.1;63;3.7;2;52.3;15.7;5.15;69.2;73.2;11.3;1
8573;891923638;Tecnología;8.0;2.0;43;8.3;4;55.5;3.4;2.18;48.0;56.3;27.8;0
8574;897957961;Transporte;1.6;0.9;70;10.0;6;66.7;14.2;2.45;26.7;47.4;5.2;0
8575;952208455;Comercio;41.8;35.1;26;-7.1;9;85.4;34.4;3.55;73.0;73.4;12.4;0
8576;815214769;Servicios;6.7;3.4;10;5.5;5;79.0;12.9;2.8;77.3;80.9;0.6;0
8577;842214505;Transporte;19.1;6.7;76;16.9;1;43.1;32.0;3.28;69.9;75.4;1.3;0
8578;937149431;Manufactura;4.5;3.7;25;9.2;4;69.5;17.6;3.85;80.6;78.3;11.9;0
8579;997768955;Transporte;15.4;10.2;7;12.3;6;63.3;25.6;3.44;37.6;55.4;2.5;0
8580;898194286;Construcción;19.5;6.4;73;-3.6;6;65.7;25.6;3.02;76.1;77.1;5.7;1
8581;854627179;Servicios;4.1;3.4;41;12.5;0;39.9;26.8;7.1;86.4;68.7;2.1;0
8582;995967433;Comercio;12.9;10.4;21;13.9;5;69.8;15.5;2.45;52.9;53.5;13.9;0
8583;954867213;Tecnología;8.3;2.1;62;-3.8;1;57.9;5.2;2.08;77.5;74.4;12.4;1
8584;943559171;Servicios;4.3;4.0;26;6.0;2;58.4;36.1;2.79;30.1;52.8;1.2;0
8585;964331848;Servicios;7.1;6.3;36;6.7;5;73.2;22.6;3.32;76.5;70.0;25.2;0
8586;801107593;Transporte;8.6;2.1;64;3.6;4;53.4;18.9;3.93;85.6;61.3;7.3;1
8587;937066816;Servicios;5.8;5.2;64;8.0;0;55.9;21.8;3.15;33.9;56.7;7.4;1
8588;998570334;Comercio;6.5;5.1;15;-3.5;9;90.2;37.2;4.67;57.7;66.1;0.7;0
8589;940561516;Servicios;10.1;5.8;9;-17.8;5;63.8;31.1;3.27;61.4;56.9;1.9;1
8590;847718572;Servicios;6.3;5.2;32;18.9;6;72.6;17.1;1.86;92.2;93.9;0.7;0
8591;858577121;Manufactura;4.4;4.2;20;-1.7;5;85.2;6.7;2.26;33.8;29.9;3.8;0
8592;932455475;Servicios;12.7;6.5;8;-0.4;5;67.6;6.1;5.96;19.1;43.4;20.0;0
8593;922658607;Servicios;19.3;14.3;25;1.0;3;52.4;10.0;3.75;61.5;59.1;9.2;0
8594;838903431;Manufactura;3.5;2.8;21;5.7;5;55.3;21.8;2.14;65.8;77.2;12.0;0
8595;826311564;Construcción;6.1;2.2;82;10.6;6;72.2;23.7;2.06;22.4;40.0;1.2;0
8596;825544314;Comercio;43.0;33.7;87;0.1;6;65.7;15.6;3.36;77.3;64.4;47.9;0
8597;875085364;Comercio;14.6;4.3;16;3.7;5;65.7;14.5;2.18;49.8;27.0;2.3;1
8598;991633840;Comercio;11.0;8.4;16;-8.5;7;76.9;13.7;2.76;41.8;57.3;34.4;0
8599;892654968;Servicios;6.0;3.7;22;-12.0;4;68.1;44.8;2.46;71.4;68.3;2.5;0
8600;995402715;Servicios;35.4;35.0;8;-20.2;1;26.6;20.4;2.6;65.0;79.3;10.3;0
8601;824906393;Servicios;11.9;8.3;10;22.0;3;71.7;0.6;5.45;52.4;55.2;2.7;0
8602;942149887;Transporte;5.3;2.7;314;9.5;2;57.9;28.0;1.94;70.1;69.2;3.2;1
8603;871561054;Servicios;5.0;2.6;16;16.7;5;60.7;31.3;4.78;24.6;19.8;3.0;0
8604;949040272;Comercio;11.1;9.7;7;-0.7;5;53.1;14.0;2.19;33.6;44.6;14.9;0
8605;810177374;Comercio;41.2;36.7;8;5.6;4;48.8;24.5;2.15;25.9;44.1;50.0;0
8606;830482325;Comercio;11.4;4.5;7;-5.1;1;66.3;13.4;4.24;26.1;38.6;11.9;1
8607;987915442;Servicios;2.5;1.2;33;-3.5;5;84.8;15.0;4.38;79.7;87.5;5.0;0
8608;997599037;Servicios;13.3;7.3;13;22.3;3;40.6;21.8;4.37;43.4;53.5;5.8;1
8609;999666923;Servicios;3.1;2.8;21;0.5;2;69.1;7.2;4.05;72.7;60.4;17.1;0
8610;823046742;Comercio;1.4;0.9;6;-10.2;5;60.4;27.9;1.86;70.0;52.9;5.2;1
8611;977658490;Manufactura;12.7;11.2;28;12.1;4;82.3;13.6;3.83;42.7;68.7;20.6;0
8612;919839817;Servicios;9.4;6.2;18;15.8;6;61.3;23.4;4.2;55.5;57.3;2.2;0
8613;835015246;Servicios;10.4;4.2;21;21.4;9;89.5;19.2;2.74;59.7;68.3;13.2;0
8614;891589504;Servicios;6.7;3.6;62;-25.4;3;61.2;24.6;3.87;88.1;82.4;12.5;1
8615;897210625;Tecnología;8.7;2.3;98;4.2;6;66.6;6.0;5.92;79.9;85.0;11.0;0
8616;903502601;Transporte;4.1;3.5;26;10.4;4;64.7;12.0;3.55;78.8;90.6;11.0;0
8617;929061152;Comercio;11.4;5.0;30;-1.9;5;71.8;23.1;4.78;66.1;69.5;10.4;0
8618;804935374;Comercio;5.9;1.3;11;2.6;4;70.7;13.2;3.49;51.3;64.8;7.0;0
8619;860273111;Servicios;9.9;9.5;45;6.3;9;100.0;11.3;2.11;73.3;70.3;0.6;0
8620;851181192;Servicios;16.3;14.1;56;6.0;4;57.2;17.2;4.28;61.1;53.6;22.6;0
8621;909496668;Comercio;13.3;13.0;22;14.8;6;51.0;36.7;4.14;61.5;55.6;11.1;1
8622;942600254;Servicios;3.4;3.1;33;-5.6;5;49.9;6.8;7.75;84.7;86.4;4.5;1
8623;956926258;Servicios;5.1;2.9;52;-30.0;2;51.4;19.0;3.74;24.9;33.3;6.7;1
8624;879034190;Comercio;12.4;3.2;52;-0.4;4;46.3;7.4;3.67;49.6;59.4;22.1;1
8625;915739728;Construcción;5.4;2.7;20;11.2;2;58.5;10.8;2.58;35.5;45.8;25.0;1
8626;853676871;Servicios;21.3;10.9;13;6.3;8;79.3;8.7;2.62;73.3;82.1;13.5;0
8627;965338844;Construcción;4.9;2.5;17;-5.4;3;72.7;19.6;4.92;97.6;84.1;1.7;1
8628;915328387;Servicios;4.0;2.7;111;10.3;0;43.2;48.4;5.77;86.2;78.9;20.5;1
8629;884593856;Servicios;9.2;5.7;21;-7.4;7;87.8;22.6;5.34;46.3;47.1;13.7;0
8630;839776883;Servicios;7.0;5.1;25;-5.6;5;55.5;3.2;3.27;13.8;32.8;2.1;0
8631;979453594;Manufactura;27.1;16.0;23;-14.5;5;64.6;22.6;4.29;52.0;59.3;5.0;0
8632;936765591;Manufactura;6.7;5.3;26;-2.8;3;54.9;15.3;4.45;63.9;68.9;17.0;1
8633;896360750;Comercio;14.3;13.2;14;-13.3;6;90.0;11.7;1.87;27.8;49.8;15.1;0
8634;883342207;Servicios;7.7;6.0;42;7.6;3;54.6;13.1;4.46;35.3;40.1;23.6;1
8635;829755574;Construcción;7.5;4.4;83;8.1;2;71.1;38.2;4.98;87.5;86.3;23.4;1
8636;838159106;Servicios;3.9;2.6;53;-5.8;8;78.3;24.7;5.61;86.8;82.7;8.3;0
8637;958988845;Servicios;25.0;16.8;9;8.3;3;51.5;11.3;6.04;68.3;71.8;26.8;0
8638;830621878;Comercio;6.4;5.1;30;0.3;5;56.8;41.1;2.49;44.4;48.2;24.7;1
8639;828525707;Comercio;6.8;3.4;18;0.7;1;38.8;11.5;3.17;67.0;72.3;1.1;0
8640;964816357;Construcción;13.6;7.3;6;0.5;6;65.0;2.3;4.37;82.6;67.6;3.9;0
8641;801230998;Manufactura;8.2;5.8;13;0.8;7;83.9;8.0;5.87;73.9;74.6;14.9;0
8642;812525383;Servicios;5.4;3.8;23;15.2;5;64.1;4.0;2.94;48.7;73.6;11.4;0
8643;973790178;Servicios;7.7;6.4;12;2.0;9;89.3;2.0;3.67;41.7;55.8;1.8;0
8644;817779527;Comercio;11.3;9.9;36;17.1;3;52.1;23.5;3.82;81.3;84.2;8.3;0
8645;859765953;Comercio;11.2;7.2;21;3.7;5;56.4;8.1;3.39;39.3;63.0;8.6;0
8646;944620167;Comercio;26.1;17.1;100;-1.7;5;66.7;14.4;1.68;34.8;36.5;3.8;0
8647;916287740;Transporte;16.4;4.1;12;-1.6;2;55.9;7.6;5.57;61.0;50.5;1.0;0
8648;804060115;Servicios;8.5;1.7;48;4.4;3;55.0;21.1;2.83;83.7;74.1;1.6;0
8649;980005092;Comercio;17.3;4.5;19;-1.7;5;76.8;22.1;2.25;51.8;55.7;13.6;0
8650;850854375;Manufactura;11.7;5.5;14;21.6;2;63.1;7.9;4.85;36.9;38.9;4.8;0
8651;971612888;Transporte;5.3;2.4;34;4.5;5;55.9;1.3;4.79;62.0;82.2;5.2;1
8652;957175245;Servicios;3.5;2.6;65;8.2;6;71.8;14.7;2.62;37.6;51.0;14.7;0
8653;861070979;Comercio;11.3;10.3;41;4.7;5;79.2;5.0;2.54;52.6;44.7;28.7;0
8654;990196853;Servicios;4.6;1.3;52;-12.1;5;67.9;7.0;1.8;86.5;85.4;7.1;0
8655;956741487;Comercio;8.8;2.0;29;-4.7;3;57.7;19.5;8.4;15.6;50.7;14.0;1
8656;933014479;Servicios;2.0;1.3;26;1.3;2;30.3;20.5;3.81;93.6;100.0;29.9;1
8657;819270096;Construcción;5.1;4.1;30;7.6;2;45.7;5.7;2.79;36.2;66.3;0.4;0
8658;898392633;Comercio;17.8;6.5;22;25.5;5;84.3;29.5;3.78;48.1;63.3;2.8;0
8659;811617185;Transporte;4.6;4.5;95;2.8;8;74.8;28.3;2.24;43.1;50.2;2.2;0
8660;962874498;Comercio;19.3;16.5;25;12.3;6;78.9;14.6;4.27;71.2;62.6;9.9;0
8661;800533442;Servicios;7.3;5.9;9;1.8;5;66.0;25.0;4.76;90.7;74.2;8.6;0
8662;992807960;Manufactura;1.8;0.4;45;11.0;7;84.0;17.1;7.31;40.9;46.8;1.9;0
8663;994761591;Tecnología;8.8;3.0;17;1.0;5;63.2;6.2;2.75;87.1;71.2;13.1;0
8664;981500457;Manufactura;3.0;2.7;45;11.1;2;67.3;29.1;2.6;40.1;64.0;3.3;1
8665;858902950;Transporte;24.5;20.0;29;15.1;5;64.0;21.0;4.02;67.1;48.9;1.5;0
8666;982162393;Servicios;18.1;9.1;30;0.9;5;67.6;28.4;3.19;31.0;35.3;28.1;0
8667;999297145;Servicios;3.3;1.1;23;-3.0;3;63.6;3.0;2.36;69.5;79.9;2.7;0
8668;972085260;Servicios;14.9;4.3;80;-19.3;4;59.5;25.0;3.85;57.8;63.3;7.5;1
8669;985809388;Transporte;3.6;2.8;81;8.7;3;60.8;11.7;3.47;25.2;21.4;6.6;0
8670;890896475;Manufactura;7.3;6.8;60;18.1;5;71.6;21.7;3.61;60.2;68.0;6.5;0
8671;884790326;Servicios;13.8;6.9;44;-7.7;3;62.0;8.7;4.72;55.6;71.8;23.3;0
8672;985001350;Construcción;1.9;0.8;119;2.3;6;70.8;10.2;1.93;79.1;73.4;10.8;0
8673;925992585;Comercio;19.6;11.6;22;-14.4;4;50.7;1.4;1.48;67.9;68.1;1.8;0
8674;970063031;Comercio;5.2;3.5;53;5.9;7;74.7;22.6;2.36;83.5;83.1;16.2;0
8675;989837159;Servicios;19.8;6.4;12;16.3;6;65.6;15.9;4.6;63.4;78.8;20.7;0
8676;846088406;Manufactura;9.8;9.1;16;9.0;9;82.4;15.4;3.26;23.9;43.1;19.6;0
8677;838937039;Servicios;4.1;3.2;79;6.1;3;65.0;15.4;4.0;54.6;61.0;10.3;0
8678;913749773;Servicios;13.1;8.5;26;19.5;3;65.9;12.2;5.33;37.5;59.1;7.2;0
8679;905790956;Servicios;4.3;1.3;55;0.1;7;82.3;32.0;8.77;50.1;47.1;13.0;1
8680;841015414;Servicios;10.0;5.1;38;3.1;6;62.6;21.0;3.16;74.6;72.0;3.6;0
8681;951874835;Comercio;10.8;5.4;141;0.5;4;40.1;27.3;1.91;68.3;68.6;1.5;1
8682;809424584;Comercio;5.6;3.1;11;9.5;5;63.3;4.8;4.49;55.9;51.6;15.4;0
8683;802473267;Construcción;4.8;2.5;80;-0.8;5;70.4;15.4;3.17;42.3;64.1;17.3;0
8684;812920764;Transporte;14.3;14.2;25;15.6;7;70.9;4.2;5.58;56.0;38.1;4.7;0
8685;961931996;Manufactura;4.0;2.1;20;2.1;8;82.5;40.4;4.9;71.4;68.6;4.2;1
8686;811317356;Servicios;13.7;8.1;23;13.1;8;100.0;29.0;1.95;72.5;72.0;0.2;0
8687;825911518;Manufactura;16.4;13.5;22;-10.9;2;48.8;19.7;1.86;45.5;57.5;1.5;0
8688;970759917;Servicios;13.5;6.3;33;17.8;4;74.9;18.9;2.39;89.3;81.7;0.5;0
8689;917820260;Comercio;10.9;8.9;15;11.5;4;66.3;16.7;3.02;84.1;76.7;12.8;0
8690;850243046;Transporte;22.2;16.9;7;15.0;9;98.1;13.5;4.86;42.5;52.4;14.3;0
8691;995675339;Tecnología;11.3;9.1;16;-1.0;4;64.0;13.8;3.4;79.6;74.6;12.4;0
8692;877640099;Tecnología;22.4;10.4;39;-3.8;8;84.3;4.5;2.47;43.1;42.3;3.8;0
8693;946524687;Manufactura;8.1;6.6;64;3.8;0;34.0;6.8;3.03;14.6;34.8;5.0;1
8694;979490753;Servicios;16.4;3.5;18;8.3;0;48.5;28.6;4.13;61.7;63.4;18.8;1
8695;928696327;Servicios;8.8;3.3;13;9.2;3;47.1;16.2;3.94;62.7;50.6;11.9;0
8696;994952298;Manufactura;6.2;3.1;30;8.4;4;51.6;4.9;3.75;84.7;91.0;18.6;0
8697;867698855;Servicios;23.3;20.2;18;15.2;5;60.4;21.4;3.48;48.5;51.9;5.5;0
8698;848034401;Transporte;5.3;5.0;41;7.5;2;37.9;10.7;3.78;93.4;73.1;11.8;0
8699;881943647;Comercio;18.7;6.5;30;-2.9;3;48.7;9.1;3.37;79.6;80.6;6.4;0
8700;828438270;Servicios;9.2;7.0;29;-1.5;6;70.8;34.2;2.21;76.0;69.8;1.3;0
8701;879030907;Manufactura;13.7;6.3;5;6.4;6;70.7;35.9;2.73;47.9;47.6;0.0;0
8702;901397696;Comercio;5.0;4.7;33;8.9;5;54.9;13.2;1.82;81.8;96.4;20.4;0
8703;858364990;Comercio;21.5;17.3;30;-0.1;5;58.7;9.2;3.07;44.8;65.8;30.8;0
8704;999325752;Manufactura;4.8;3.6;15;1.4;6;72.4;13.5;4.42;79.2;72.2;20.0;1
8705;898474816;Comercio;2.8;2.1;27;10.0;8;72.6;12.6;2.89;21.3;43.4;10.0;0
8706;979657941;Servicios;4.0;3.6;44;-17.9;5;60.6;19.6;2.21;91.3;78.2;0.7;0
8707;806064196;Tecnología;2.3;2.0;12;27.6;4;60.0;24.0;2.41;63.2;68.4;0.7;0
8708;984815127;Transporte;11.2;3.7;151;5.9;7;89.4;21.1;3.46;44.0;64.4;25.3;0
8709;880723365;Manufactura;7.5;6.1;9;-7.5;1;41.2;9.0;5.32;56.3;57.5;10.3;1
8710;877126137;Manufactura;8.5;8.3;21;20.5;7;86.0;4.3;8.09;65.6;59.5;26.8;0
8711;818141470;Transporte;3.7;1.9;36;4.5;4;63.5;23.4;1.69;30.8;46.8;1.2;1
8712;866022126;Servicios;5.2;2.6;8;-0.7;5;53.9;4.2;2.72;50.5;61.0;11.6;0
8713;858539150;Comercio;11.1;7.9;25;1.6;6;80.7;37.1;5.43;63.3;66.8;38.7;1
8714;940991561;Manufactura;8.7;1.8;48;-16.7;2;51.2;20.3;2.19;78.6;100.0;1.3;1
8715;977188033;Construcción;3.9;3.0;61;-4.0;4;55.5;53.2;4.46;39.7;55.1;21.9;1
8716;900398866;Comercio;19.0;15.8;16;9.4;5;70.5;11.5;4.09;53.9;61.7;5.3;0
8717;900891873;Servicios;8.3;7.0;22;16.8;3;53.7;30.3;5.42;25.8;58.8;2.9;1
8718;810897738;Servicios;13.4;5.8;21;10.9;6;59.2;11.4;3.8;67.7;61.6;1.8;0
8719;828369199;Servicios;9.9;2.2;27;14.9;7;95.7;9.8;4.75;56.8;54.2;0.1;0
8720;871009241;Servicios;12.1;7.9;53;4.3;3;56.5;26.2;5.28;44.7;32.0;23.2;1
8721;937476784;Comercio;5.0;4.0;49;11.8;9;78.7;32.8;4.02;59.0;70.4;11.5;0
8722;879776078;Servicios;11.2;2.5;12;18.2;6;69.3;20.4;1.62;68.1;55.2;8.3;0
8723;899116101;Comercio;28.1;13.2;68;25.3;8;95.6;7.8;3.12;64.1;69.4;3.0;0
8724;887292021;Comercio;12.3;4.1;7;1.5;6;74.7;7.8;2.85;58.7;60.7;1.8;0
8725;870895485;Tecnología;3.1;1.6;11;-10.8;4;65.2;12.0;4.23;26.9;51.7;7.3;1
8726;951749270;Tecnología;14.6;5.1;34;0.1;2;61.0;23.3;4.61;48.8;61.1;19.7;1
8727;830962343;Servicios;14.9;12.2;14;14.4;2;55.1;4.9;5.21;64.3;82.9;16.3;0
8728;867514879;Tecnología;5.4;4.9;23;-18.9;2;46.7;7.8;1.88;45.8;53.7;17.5;1
8729;960506180;Comercio;17.5;8.2;65;13.1;5;64.9;20.7;2.44;86.9;76.5;1.9;0
8730;938064982;Servicios;3.5;1.6;45;20.1;8;76.6;23.0;3.18;85.6;80.6;10.0;0
8731;961969018;Servicios;15.8;15.1;56;-0.3;6;69.9;14.9;6.12;30.3;48.3;4.8;0
8732;858301517;Construcción;13.7;10.0;113;-3.9;4;67.5;20.1;2.33;68.7;47.3;24.4;0
8733;819150307;Comercio;5.3;3.4;14;-1.7;5;89.0;8.3;2.1;56.3;55.0;27.0;0
8734;868026451;Manufactura;21.4;12.9;80;10.6;4;46.6;28.0;6.83;61.5;60.6;7.3;1
8735;927195645;Comercio;11.4;6.3;18;14.7;6;69.7;11.3;4.66;23.7;40.9;34.5;0
8736;846816094;Comercio;2.9;1.8;94;-5.0;0;46.4;3.3;4.34;69.4;71.4;12.5;0
8737;817286947;Servicios;6.3;1.7;52;4.2;6;72.0;6.4;3.14;84.9;66.4;6.3;0
8738;988284766;Servicios;9.6;6.8;70;12.2;7;76.3;19.6;4.26;56.2;59.9;3.2;0
8739;837716381;Construcción;15.4;7.6;33;5.4;6;80.6;27.4;2.24;79.2;69.1;18.2;0
8740;885912608;Comercio;20.4;13.2;84;11.6;4;69.2;6.5;5.22;40.6;43.9;5.1;0
8741;943458119;Servicios;2.1;1.3;27;22.5;4;73.9;10.5;3.21;47.7;51.4;0.1;0
8742;848971984;Manufactura;6.5;1.5;12;18.3;8;82.7;37.6;3.67;59.1;65.9;4.0;0
8743;996064072;Servicios;13.8;3.9;12;11.7;6;66.9;14.4;2.46;48.1;48.6;1.8;0
8744;852818667;Servicios;9.2;4.5;61;-5.4;3;56.1;15.4;4.76;57.3;61.2;0.1;0
8745;812469176;Transporte;2.9;1.8;44;23.9;8;88.9;26.3;5.83;39.0;66.1;16.6;0
8746;843193356;Comercio;11.9;11.3;25;20.0;3;61.1;7.2;2.34;67.5;48.4;29.5;0
8747;859993394;Construcción;15.1;10.7;195;12.8;5;71.1;23.5;3.02;69.8;82.6;11.4;0
8748;896120137;Servicios;29.8;25.7;28;1.8;2;57.0;9.2;2.3;44.8;60.2;4.1;0
8749;940284652;Comercio;11.7;9.8;11;18.5;2;44.2;24.0;2.17;65.2;76.3;5.9;0
8750;993788826;Comercio;10.3;2.6;39;-9.3;4;61.5;24.0;2.27;66.0;69.4;47.1;1
8751;873676138;Comercio;10.8;4.6;8;4.7;3;63.7;12.0;4.94;22.9;42.7;5.0;0
8752;969294209;Servicios;19.6;15.0;9;10.9;6;62.8;7.6;3.35;67.9;78.2;32.1;0
8753;871316448;Comercio;6.9;6.3;39;-0.2;4;59.3;14.0;2.71;82.1;66.3;1.5;1
8754;995474753;Manufactura;1.7;1.2;30;20.8;6;71.7;19.6;6.37;74.9;49.8;2.2;0
8755;860887900;Manufactura;8.4;7.4;54;17.7;4;67.2;10.9;2.59;48.2;66.3;10.3;0
8756;943409158;Comercio;12.7;5.3;33;5.2;4;55.9;10.3;5.1;39.6;41.7;17.1;0
8757;869444074;Comercio;11.6;9.0;56;8.6;4;77.6;6.1;3.51;37.1;50.6;4.1;0
8758;996196415;Servicios;10.6;6.6;40;-8.5;9;89.1;29.0;4.1;38.5;74.5;15.2;0
8759;933388442;Construcción;31.5;28.0;7;12.8;3;36.1;7.7;2.15;45.2;55.1;4.9;0
8760;877463726;Comercio;18.9;11.4;20;-13.5;4;64.2;1.8;1.58;29.0;25.1;4.3;1
8761;923514494;Servicios;34.8;7.6;52;10.5;9;76.3;16.9;3.56;53.9;58.8;1.0;0
8762;806756620;Servicios;11.0;3.7;43;5.5;2;48.4;33.9;3.35;57.6;63.5;28.7;1
8763;880200086;Manufactura;20.3;14.4;11;-0.2;4;63.7;20.3;1.63;47.4;46.3;1.3;0
8764;940235316;Servicios;4.8;4.6;9;13.3;0;29.7;34.3;3.8;44.7;50.9;5.4;1
8765;865609909;Servicios;9.3;5.6;34;-11.8;6;61.8;19.7;5.84;18.9;48.4;5.7;1
8766;951021240;Comercio;13.4;12.3;160;1.1;8;68.7;13.7;4.35;56.3;69.3;3.9;0
8767;855584124;Comercio;7.5;2.4;80;21.6;4;57.0;3.7;2.54;78.3;68.0;4.9;0
8768;978571198;Construcción;4.7;3.7;57;18.7;8;69.1;21.6;4.94;46.7;36.6;9.7;0
8769;925402417;Transporte;9.4;2.9;35;25.5;3;64.8;38.3;3.97;91.4;83.3;0.2;0
8770;864041923;Tecnología;10.9;9.3;10;3.4;4;63.2;13.7;3.32;91.2;78.5;7.8;0
8771;804601943;Manufactura;15.7;9.9;32;1.6;5;59.7;2.2;3.66;78.6;70.8;0.1;0
8772;963656737;Servicios;29.9;10.2;51;-5.1;7;81.8;8.9;6.88;27.6;62.5;2.8;0
8773;959422057;Construcción;3.6;1.3;430;19.2;2;56.9;7.3;3.37;60.1;58.9;7.6;1
8774;809233589;Servicios;8.2;2.8;8;-4.1;7;78.6;12.0;6.58;68.7;66.8;7.1;0
8775;826521683;Transporte;4.7;3.6;140;-3.9;8;100.0;6.0;4.41;49.6;47.0;2.9;0
8776;818976248;Construcción;5.4;4.2;70;-2.0;6;86.2;14.7;2.56;97.5;91.6;2.4;0
8777;901020221;Manufactura;22.8;10.5;18;9.1;4;63.4;5.6;2.55;90.0;85.6;1.3;0
8778;976269583;Servicios;14.1;3.9;53;-2.8;1;32.7;20.3;2.76;81.9;81.1;3.4;1
8779;936392250;Comercio;29.1;13.9;25;13.4;2;56.2;7.5;3.6;31.4;51.4;11.5;0
8780;862927302;Comercio;13.0;4.3;30;-3.0;5;56.3;16.4;4.07;40.6;40.3;11.7;1
8781;814978400;Servicios;3.5;2.4;23;-11.7;4;66.6;20.3;4.69;80.6;65.8;2.3;1
8782;898155099;Comercio;13.4;12.2;28;-4.4;6;82.2;37.0;4.0;35.2;53.2;9.8;0
8783;834858266;Manufactura;16.5;8.3;30;-4.2;5;77.9;1.1;4.1;83.6;73.2;7.6;0
8784;894357528;Comercio;18.0;5.1;19;-10.8;7;54.8;12.3;3.86;60.8;51.6;7.4;1
8785;898200414;Servicios;3.4;3.3;7;-5.9;3;67.2;17.4;3.5;87.8;83.3;23.9;0
8786;859940402;Servicios;9.6;8.7;36;4.2;6;88.3;20.1;2.51;66.7;65.9;4.2;0
8787;922383604;Comercio;5.2;2.7;26;-6.4;4;42.4;5.8;2.23;72.3;61.6;0.0;0
8788;836106578;Servicios;8.4;7.8;42;-1.2;5;77.0;8.3;3.95;81.2;67.8;19.5;0
8789;944014660;Manufactura;5.4;5.4;70;9.9;3;55.3;22.5;2.47;28.8;35.2;9.5;1
8790;853621319;Tecnología;15.4;12.8;41;3.0;5;80.0;23.0;2.05;63.8;53.2;7.9;0
8791;897952541;Construcción;9.7;2.0;31;-13.1;5;75.7;6.8;2.86;36.3;52.0;0.5;1
8792;904322282;Comercio;5.7;3.0;25;0.3;8;80.0;36.7;4.72;44.0;63.6;8.3;1
8793;870858391;Manufactura;8.5;7.2;67;4.8;10;87.4;4.3;2.59;54.1;43.5;1.4;0
8794;975858471;Servicios;5.6;2.1;25;2.9;0;41.0;3.8;5.51;23.5;47.3;12.3;1
8795;839824207;Servicios;7.4;7.0;39;5.2;4;68.0;6.2;2.75;85.8;88.3;6.9;0
8796;890120386;Comercio;16.3;7.2;41;16.2;2;55.0;9.6;2.68;79.0;62.0;50.0;0
8797;917589737;Comercio;13.8;12.2;10;0.7;4;55.3;36.5;3.07;51.8;42.8;1.4;1
8798;985817005;Servicios;3.6;3.6;47;10.2;5;79.0;10.6;2.49;40.7;55.4;0.1;0
8799;934366833;Comercio;10.9;7.4;25;9.3;4;62.8;6.5;4.13;59.9;68.0;9.8;0
8800;885484832;Comercio;3.3;2.6;30;-6.4;3;56.5;16.1;4.12;63.1;63.2;3.4;1
8801;908264956;Servicios;11.8;3.6;44;-0.4;5;77.9;18.4;3.36;72.8;81.1;13.6;1
8802;837474267;Servicios;26.3;7.8;35;12.8;6;72.5;30.7;4.5;17.3;35.7;4.6;1
8803;899521174;Servicios;22.6;13.8;26;16.7;7;80.4;21.9;2.88;39.5;60.0;11.5;0
8804;893042325;Comercio;4.7;3.6;54;6.8;4;50.7;15.3;3.76;51.3;62.2;10.3;0
8805;930633305;Servicios;4.8;3.8;22;-5.8;6;87.6;9.8;2.91;88.4;82.9;10.6;0
8806;976880150;Tecnología;1.6;1.1;14;4.5;3;95.0;9.4;2.19;62.2;79.0;11.3;0
8807;844550389;Transporte;5.9;4.9;5;18.2;4;56.1;19.8;4.04;48.1;54.3;0.5;1
8808;839407329;Comercio;8.2;5.1;22;0.5;3;44.2;17.0;3.52;26.1;29.3;3.5;1
8809;806027781;Servicios;8.8;5.4;26;22.3;6;64.3;2.7;2.52;66.1;57.6;11.4;0
8810;828495058;Manufactura;2.4;0.5;38;7.0;2;58.7;9.9;2.17;72.4;80.3;2.0;0
8811;866844037;Servicios;4.1;1.8;206;-7.7;9;79.0;5.1;7.47;56.2;57.2;0.9;0
8812;978846424;Comercio;18.5;12.8;5;1.2;4;77.7;7.2;1.95;39.0;68.9;1.3;0
8813;951780167;Comercio;5.2;4.7;5;-7.6;2;70.0;12.1;3.29;60.8;43.8;6.2;1
8814;942412681;Servicios;9.8;5.2;5;6.7;7;81.8;20.5;2.76;52.4;46.8;2.7;0
8815;996996016;Servicios;6.0;4.9;11;12.4;5;75.0;15.9;3.16;70.2;66.4;1.8;0
8816;954853017;Construcción;14.7;4.5;17;2.9;6;81.2;8.4;5.31;81.2;92.4;2.6;0
8817;997079807;Comercio;16.9;12.3;28;5.7;3;42.2;2.8;4.88;26.1;32.2;8.9;0
8818;830426914;Manufactura;12.9;8.1;7;-2.4;3;39.8;4.0;2.94;97.8;72.1;1.9;1
8819;883092303;Servicios;1.2;0.2;18;4.0;3;57.3;19.0;2.72;70.1;70.3;8.7;0
8820;809357888;Servicios;10.0;3.6;17;-3.2;5;56.9;24.0;4.74;25.4;27.0;0.8;1
8821;935570515;Construcción;7.7;2.4;5;21.0;5;64.8;20.7;2.08;75.6;77.4;3.9;0
8822;966875014;Servicios;11.7;7.7;39;-4.9;2;54.3;7.8;3.89;82.2;81.6;9.4;0
8823;983299847;Servicios;4.2;3.0;34;-6.3;4;60.3;18.9;4.78;42.9;43.7;3.4;1
8824;817184719;Servicios;2.9;1.4;36;-1.6;2;48.7;18.4;2.98;74.3;85.9;2.2;0
8825;889938116;Servicios;5.5;4.1;51;-6.1;6;56.7;3.2;3.08;74.2;73.4;0.4;0
8826;977455732;Servicios;5.3;1.5;23;4.9;3;42.3;13.8;2.73;61.9;56.9;10.8;1
8827;866006296;Manufactura;22.8;16.3;6;-2.0;4;68.5;14.1;3.24;76.3;56.1;4.5;0
8828;969086409;Manufactura;6.2;1.4;22;8.6;7;61.0;5.4;1.99;42.6;45.9;3.0;0
8829;930997217;Servicios;12.3;7.2;30;1.8;4;60.1;5.0;2.74;61.5;49.7;4.4;0
8830;889952811;Servicios;12.9;7.0;24;-3.6;2;61.6;11.6;4.39;33.5;27.6;11.3;1
8831;890820318;Comercio;15.0;13.5;9;7.8;4;48.1;29.7;2.78;83.6;80.8;16.1;1
8832;956362793;Manufactura;8.0;7.5;137;4.0;2;57.4;3.1;1.8;54.3;41.9;8.8;0
8833;924406120;Transporte;9.9;5.7;5;9.9;4;53.1;6.7;2.08;63.2;69.2;2.9;0
8834;894303461;Transporte;22.4;19.1;39;8.0;5;66.8;34.7;4.24;74.4;72.1;10.1;0
8835;967165230;Manufactura;4.5;1.6;38;15.5;2;54.1;19.0;1.88;52.5;49.3;1.1;1
8836;964691173;Comercio;6.4;1.7;80;-11.2;8;66.7;5.0;5.04;58.0;64.4;14.7;0
8837;914663216;Transporte;3.7;2.0;47;3.3;5;76.6;4.5;8.26;48.5;57.6;27.6;0
8838;815082044;Transporte;14.9;11.0;28;24.9;4;50.5;10.2;2.97;66.2;63.5;13.4;0
8839;936710747;Tecnología;10.3;7.4;8;2.0;3;59.3;29.3;5.48;88.1;76.1;9.6;1
8840;878797892;Comercio;4.3;3.1;22;-1.1;7;81.3;32.3;7.78;51.7;76.7;9.4;0
8841;859999223;Transporte;50.0;30.1;21;3.0;4;59.7;19.3;2.28;84.6;87.9;7.3;0
8842;936677786;Servicios;9.0;6.5;33;5.3;6;60.3;36.3;2.81;82.5;70.3;1.3;1
8843;912746626;Manufactura;8.8;6.6;113;26.3;3;59.9;20.7;1.99;55.0;63.7;5.0;1
8844;813739293;Comercio;14.8;4.4;50;18.3;4;46.1;19.2;5.41;83.0;88.1;30.3;0
8845;817196449;Servicios;9.0;2.0;20;-8.8;4;74.8;4.9;5.35;49.1;40.6;0.1;1
8846;842468220;Manufactura;18.2;17.6;21;11.4;6;76.4;0.8;2.84;52.6;50.5;10.5;0
8847;944807556;Servicios;8.1;4.7;61;-5.4;6;89.1;39.1;3.3;44.1;64.7;2.7;0
8848;904812087;Servicios;5.7;4.3;17;18.1;4;54.9;18.7;3.15;76.1;88.8;1.3;1
8849;980609717;Comercio;3.9;2.2;14;21.5;7;79.4;16.8;4.12;71.3;76.6;4.2;0
8850;901559801;Comercio;6.8;6.4;14;6.9;5;49.8;30.1;3.62;94.5;87.5;28.3;1
8851;822949080;Comercio;6.4;4.1;32;-1.7;6;92.0;6.1;1.32;56.0;53.0;20.1;0
8852;818061743;Tecnología;10.6;3.4;23;7.3;3;55.7;17.1;2.06;93.0;83.4;28.9;0
8853;937856806;Comercio;4.2;1.6;18;-20.5;4;59.4;12.8;3.43;61.4;45.0;14.0;1
8854;801095204;Servicios;5.2;2.4;79;23.3;7;80.1;8.6;3.28;44.4;65.2;30.2;0
8855;946870458;Manufactura;6.1;1.8;71;5.1;2;53.0;17.9;3.2;73.5;48.3;8.1;1
8856;839411459;Servicios;35.9;28.7;38;-4.9;5;74.3;18.5;4.14;75.0;64.8;8.6;0
8857;949636289;Construcción;5.0;3.8;21;26.9;4;64.9;6.8;7.57;73.6;47.6;2.2;0
8858;863600306;Servicios;2.2;1.3;17;8.0;4;50.9;27.7;3.12;20.3;38.1;9.5;1
8859;923167076;Transporte;17.6;15.8;9;-12.0;6;70.8;9.0;3.23;65.2;79.1;8.1;0
8860;804208147;Servicios;1.9;1.7;13;1.7;3;65.4;25.1;2.07;91.0;83.4;15.9;1
8861;954809823;Servicios;27.2;26.5;13;12.3;6;69.7;15.7;3.52;27.5;45.9;22.6;0
8862;970884825;Servicios;16.8;14.6;24;12.6;1;56.6;2.5;6.25;37.6;54.5;4.4;0
8863;828850384;Servicios;16.4;10.0;33;5.8;5;64.7;12.7;3.06;56.3;60.6;3.1;0
8864;937793515;Comercio;2.7;0.7;24;3.8;7;69.9;11.4;4.63;76.2;53.2;10.9;0
8865;815969043;Manufactura;14.0;4.2;34;-12.8;7;79.9;9.9;1.89;79.7;95.5;2.4;0
8866;899629215;Servicios;12.3;6.4;5;3.0;1;50.1;27.2;4.08;41.2;61.4;43.2;1
8867;950199144;Comercio;8.9;4.7;65;13.7;6;67.0;31.0;3.43;47.6;54.1;1.1;0
8868;959597040;Servicios;7.8;5.3;34;13.4;3;68.1;50.9;3.19;73.5;50.0;2.5;1
8869;966546367;Servicios;6.4;5.4;17;0.0;4;67.7;12.3;1.87;81.7;83.9;1.2;0
8870;945032516;Manufactura;5.4;3.0;35;-8.9;7;59.9;25.4;2.38;28.3;18.4;39.1;1
8871;831915826;Manufactura;6.6;3.7;28;-4.0;6;74.2;18.3;2.23;50.8;60.6;5.4;0
8872;960878768;Manufactura;24.1;17.1;15;27.0;5;76.4;28.6;3.01;91.7;100.0;13.9;0
8873;952982039;Comercio;9.5;5.3;5;14.1;5;50.6;18.4;4.81;52.7;53.3;9.3;1
8874;808620746;Comercio;21.4;14.1;43;4.5;5;76.7;6.8;4.98;33.9;32.7;0.9;0
8875;843127392;Construcción;13.3;10.4;5;-0.4;7;82.2;14.5;2.99;19.4;44.5;3.6;0
8876;854310037;Servicios;2.0;0.6;38;-19.1;4;47.7;33.5;3.79;64.4;68.9;0.6;1
8877;869354184;Transporte;10.0;8.1;20;19.6;4;67.4;4.6;2.68;74.9;72.7;14.1;0
8878;866089749;Servicios;13.8;13.1;39;-19.8;6;74.1;2.8;2.43;66.5;64.5;30.2;0
8879;987423465;Comercio;8.2;5.0;14;3.0;7;78.1;12.3;6.3;70.5;81.7;28.4;0
8880;903016730;Tecnología;3.2;2.6;8;-1.1;4;58.4;1.1;2.13;67.7;67.2;1.8;0
8881;971374735;Tecnología;28.3;28.0;11;-3.6;5;72.0;10.0;2.39;90.4;83.7;2.6;0
8882;977676858;Servicios;40.7;11.4;28;-5.2;5;59.7;24.2;1.86;20.8;57.9;0.5;1
8883;830966995;Servicios;9.0;6.4;41;4.5;3;65.6;10.3;3.22;80.4;73.7;5.1;0
8884;865552017;Servicios;6.2;3.8;6;11.8;4;57.1;15.7;3.35;64.3;69.0;17.0;0
8885;913721711;Comercio;7.5;2.5;8;4.3;8;82.1;30.3;2.11;79.3;79.3;5.6;0
8886;938573408;Comercio;16.3;14.0;11;-7.6;5;49.8;8.4;3.53;92.7;75.9;5.6;0
8887;887565802;Servicios;12.3;9.3;32;35.7;8;69.4;8.9;4.68;32.4;50.3;1.6;0
8888;827009603;Manufactura;21.6;16.6;29;6.1;6;80.7;35.4;3.18;56.7;62.3;8.8;0
8889;871853462;Transporte;9.1;8.6;11;17.9;6;68.4;24.6;2.4;68.7;48.6;5.7;0
8890;963228331;Manufactura;8.0;7.6;31;16.2;5;54.9;3.8;2.48;73.4;66.8;21.9;0
8891;927899979;Manufactura;4.7;3.5;9;11.2;6;76.3;33.4;3.92;62.9;45.0;1.6;1
8892;908249391;Servicios;11.6;10.5;9;0.9;4;52.5;13.3;2.46;67.1;64.0;4.3;1
8893;928094155;Tecnología;5.6;3.5;22;-2.4;4;61.5;25.8;4.25;82.6;84.1;3.0;0
8894;903581315;Tecnología;33.0;21.9;18;-5.3;4;69.7;23.1;2.45;62.1;58.0;2.5;0
8895;852448133;Servicios;6.8;5.9;29;13.9;5;77.8;23.5;1.72;31.0;52.4;0.0;0
8896;980298885;Comercio;18.0;4.4;22;-7.6;2;69.2;12.7;2.53;66.3;60.7;31.5;1
8897;837317040;Transporte;14.5;3.8;22;20.5;9;100.0;24.8;2.73;49.9;73.7;4.2;0
8898;831800453;Comercio;3.6;1.8;119;1.7;4;60.7;19.6;2.58;51.3;64.0;1.1;0
8899;871134826;Servicios;12.4;10.0;20;20.6;8;83.1;31.5;2.78;72.0;82.4;4.2;0
8900;873714499;Servicios;12.0;6.8;6;1.1;2;48.7;23.6;2.68;62.5;80.5;12.6;1
8901;983768862;Servicios;11.9;10.6;20;9.3;0;36.0;8.9;3.56;89.7;65.0;6.6;0
8902;951486785;Servicios;17.7;9.1;10;8.8;5;56.8;7.3;5.41;32.2;63.1;5.1;0
8903;811976896;Comercio;11.1;9.3;15;2.9;5;74.5;34.5;1.51;75.6;72.2;3.4;1
8904;997587270;Servicios;7.3;6.7;10;5.8;2;53.3;6.0;2.64;34.4;51.6;2.6;0
8905;875213056;Servicios;7.3;4.0;17;2.7;5;56.2;21.2;3.37;74.0;73.8;20.6;0
8906;807524920;Comercio;8.9;4.5;15;15.5;8;71.2;20.8;3.4;42.6;34.7;47.1;0
8907;812595808;Comercio;8.3;6.5;53;-7.6;5;73.1;13.3;2.51;8.5;22.1;3.4;1
8908;995531825;Comercio;48.7;17.4;68;18.8;3;67.8;15.4;3.02;34.2;53.7;0.8;0
8909;858297265;Servicios;4.5;1.3;19;7.4;7;69.7;12.2;4.18;38.6;48.2;1.9;0
8910;941610441;Comercio;7.3;3.6;22;9.5;4;87.7;24.5;4.58;76.6;74.1;3.6;0
8911;985713662;Tecnología;4.0;2.1;8;12.9;4;54.3;15.2;6.31;60.1;51.0;3.6;0
8912;829303168;Transporte;2.9;0.8;150;6.7;5;68.6;30.0;5.9;61.9;50.9;35.8;0
8913;866256045;Servicios;17.9;12.4;122;-1.6;7;88.0;4.0;3.39;52.6;55.4;2.1;0
8914;854346900;Comercio;3.4;2.6;61;-18.6;5;79.8;6.5;4.8;65.4;76.7;13.0;0
8915;846473223;Manufactura;8.6;7.1;62;9.5;5;79.1;1.4;2.59;46.8;61.0;10.2;0
8916;876911964;Construcción;2.6;2.6;18;-0.3;4;69.2;11.9;2.15;46.3;56.7;30.7;1
8917;895600906;Comercio;20.5;18.0;139;-8.8;7;79.3;0.4;1.88;84.7;72.1;6.4;0
8918;902873616;Comercio;11.4;10.5;39;16.5;8;85.0;12.7;2.22;56.7;44.0;0.2;0
8919;867929933;Transporte;8.2;4.6;21;25.4;5;69.0;9.0;6.23;76.2;70.4;3.1;0
8920;824857262;Manufactura;8.8;8.3;14;5.1;4;61.2;24.7;3.61;77.3;75.6;0.7;0
8921;804492670;Servicios;20.5;9.2;13;15.6;6;65.5;8.5;5.01;71.9;60.7;1.9;0
8922;933854308;Comercio;13.5;5.1;20;16.5;4;76.8;15.2;3.56;47.5;28.2;4.2;0
8923;902414520;Servicios;8.3;6.0;23;-4.0;5;66.3;34.7;3.01;86.8;87.9;10.1;1
8924;953445846;Comercio;16.6;6.3;28;8.2;1;28.1;14.6;3.46;30.3;30.2;12.5;1
8925;946971625;Servicios;3.3;0.8;29;7.9;9;94.9;21.1;4.91;67.7;58.5;0.3;0
8926;860665977;Comercio;16.7;9.9;19;5.2;0;41.7;26.8;1.74;65.6;77.4;4.3;1
8927;870638819;Construcción;18.2;7.2;36;12.6;4;59.6;24.5;2.81;77.3;65.9;13.5;0
8928;962155358;Servicios;3.3;1.6;41;14.4;6;71.2;16.2;5.24;92.6;86.0;9.6;0
8929;840324914;Comercio;25.2;12.3;15;12.8;4;67.0;21.4;4.92;41.2;39.2;6.4;0
8930;958773394;Comercio;6.9;3.8;9;8.7;9;85.4;26.3;3.3;83.6;78.5;47.9;0
8931;909221806;Construcción;6.9;2.3;5;9.9;2;75.0;21.0;2.56;72.3;72.2;8.0;1
8932;831609767;Comercio;11.2;8.9;37;-2.1;5;42.1;5.3;4.02;29.8;49.7;13.7;1
8933;863503999;Construcción;5.8;5.2;15;15.4;3;63.8;11.2;3.66;66.3;57.3;19.5;0
8934;919658675;Servicios;23.8;18.6;18;0.5;3;49.7;16.4;2.16;73.6;68.9;14.0;0
8935;992545322;Tecnología;48.3;32.2;29;-11.7;8;58.4;15.6;4.15;64.1;54.7;33.7;0
8936;854285598;Comercio;17.4;4.1;48;-23.3;4;64.2;11.4;4.39;68.5;48.3;3.4;1
8937;881704661;Comercio;35.1;29.3;62;-2.7;2;51.7;14.9;2.9;62.2;54.3;8.3;0
8938;971544753;Servicios;13.0;10.2;9;15.5;8;77.6;9.0;3.24;68.5;34.4;8.7;0
8939;864602919;Comercio;3.7;1.0;5;4.3;1;47.8;2.8;2.58;79.2;66.3;9.6;0
8940;905461204;Transporte;15.7;5.6;43;5.7;4;64.5;8.4;3.13;17.8;20.6;3.5;0
8941;842666834;Manufactura;6.5;3.3;28;3.0;4;77.3;15.5;2.53;53.3;57.7;0.8;0
8942;826629269;Comercio;17.7;10.4;27;14.1;7;72.1;23.1;4.16;92.9;69.5;31.3;0
8943;972686775;Servicios;9.2;8.9;17;-6.8;4;64.9;29.1;4.37;42.9;46.6;2.5;1
8944;917765737;Transporte;22.3;7.3;22;-2.3;6;56.6;28.5;4.57;71.0;61.2;25.6;1
8945;805918565;Tecnología;13.6;11.5;7;6.2;9;88.3;15.8;1.86;21.2;42.0;6.8;0
8946;976899125;Servicios;38.9;38.6;35;-1.2;6;69.3;18.9;2.92;94.9;81.2;19.6;0
8947;957931954;Manufactura;2.8;2.4;31;-1.9;8;83.6;7.0;4.55;61.3;84.8;2.5;0
8948;889310009;Comercio;11.7;9.5;13;7.9;7;70.4;23.0;3.06;63.4;68.4;0.4;1
8949;826654195;Comercio;4.8;4.6;17;-0.6;7;59.8;19.8;3.22;35.5;41.6;2.2;0
8950;940374217;Comercio;11.9;6.1;8;-5.3;6;75.4;44.2;3.91;76.1;87.8;0.3;1
8951;908919150;Manufactura;5.3;5.3;35;-3.0;5;71.5;18.4;2.92;77.5;59.6;14.6;0
8952;864801528;Comercio;9.0;2.6;11;4.9;2;68.9;36.2;2.52;55.2;60.6;36.8;0
8953;844010381;Manufactura;20.2;17.1;15;-1.3;6;82.9;5.7;4.65;52.8;72.9;21.9;0
8954;911341640;Transporte;13.0;3.4;8;-4.4;3;59.6;24.6;3.83;80.4;73.1;6.7;0
8955;874408262;Comercio;9.4;8.3;13;2.7;0;30.5;2.1;2.72;76.5;74.8;13.4;0
8956;830293229;Tecnología;13.1;9.3;12;10.3;0;28.1;17.3;5.08;56.6;58.5;2.5;0
8957;997135135;Comercio;21.4;5.2;38;0.0;5;65.5;12.5;2.56;63.8;63.8;11.7;0
8958;826517959;Comercio;4.4;1.5;33;-10.9;2;77.9;27.0;1.14;76.7;64.2;6.6;1
8959;965942103;Manufactura;5.2;1.2;59;7.9;5;58.8;29.5;3.15;65.2;65.5;1.0;1
8960;937756573;Construcción;15.2;4.0;64;-7.4;1;49.6;22.1;2.92;81.4;71.0;14.1;1
8961;806691323;Comercio;7.5;4.1;36;-7.5;4;57.5;19.2;2.08;73.2;72.7;11.9;1
8962;857006839;Comercio;12.1;6.8;10;-3.0;4;49.4;1.9;2.47;83.6;69.4;11.9;0
8963;941583104;Manufactura;25.6;11.2;55;10.9;7;70.6;15.4;4.29;22.9;42.3;0.1;0
8964;908728283;Comercio;7.3;4.3;14;-8.4;7;71.5;36.2;5.19;52.6;50.3;7.7;0
8965;905995386;Servicios;3.6;0.9;5;3.0;8;71.1;16.6;2.18;50.3;46.4;2.7;0
8966;938774452;Servicios;8.3;4.1;12;27.1;9;81.4;9.7;3.72;72.4;75.1;36.1;0
8967;964588100;Manufactura;9.8;6.0;11;-7.3;8;70.6;22.8;4.12;68.4;57.9;2.8;1
8968;947817148;Servicios;7.2;2.3;14;7.6;2;60.0;3.3;1.0;54.0;42.6;2.5;0
8969;824871928;Comercio;4.7;3.7;75;16.6;0;26.2;9.6;2.87;51.4;45.5;4.2;0
8970;844051007;Manufactura;3.8;1.9;13;2.5;4;66.9;8.9;3.46;52.3;43.7;2.0;1
8971;940839276;Servicios;13.9;3.9;21;13.7;5;50.3;22.4;3.81;64.2;80.6;3.2;0
8972;893993295;Servicios;5.3;4.2;14;14.1;6;76.7;9.4;3.89;45.6;48.8;6.9;0
8973;888853428;Servicios;5.6;1.4;57;-7.1;4;69.1;11.0;2.82;59.7;54.7;15.5;1
8974;838505255;Servicios;11.7;6.9;8;5.4;5;77.8;16.5;3.09;39.3;55.9;18.8;0
8975;984947157;Comercio;11.8;10.9;37;3.7;3;61.9;9.0;4.84;47.6;71.0;0.3;0
8976;999813652;Servicios;8.4;2.1;15;14.4;7;84.5;10.3;3.49;58.5;63.9;16.3;0
8977;969837255;Comercio;14.0;4.5;23;3.5;4;55.1;4.3;3.66;63.8;71.3;5.1;0
8978;993816919;Comercio;16.2;4.5;104;2.3;6;86.5;6.4;4.12;90.4;90.8;24.5;0
8979;910134843;Transporte;8.7;6.1;25;0.0;7;92.6;22.8;3.43;60.8;50.9;1.8;0
8980;854862145;Manufactura;7.1;6.3;32;15.0;3;45.8;14.8;1.78;88.2;75.9;11.8;0
8981;963079579;Comercio;1.5;1.4;13;4.4;5;67.6;22.1;1.43;65.4;85.6;20.9;0
8982;953363734;Manufactura;5.5;1.1;27;20.5;6;86.8;34.1;2.74;71.4;64.6;6.6;0
8983;804914637;Manufactura;4.3;1.6;5;-3.4;5;70.3;36.1;2.01;63.4;49.8;17.8;1
8984;811394005;Servicios;4.6;3.7;23;-1.6;7;82.8;26.1;3.28;60.6;59.2;9.4;0
8985;854243493;Manufactura;7.4;6.5;89;12.1;5;60.6;13.0;4.77;87.6;58.9;0.6;0
8986;901270932;Servicios;4.2;1.9;120;17.7;10;97.7;12.1;5.06;71.1;70.8;8.7;0
8987;980208980;Construcción;8.4;2.2;59;3.1;2;56.1;11.9;2.1;35.7;49.2;0.8;0
8988;885779614;Servicios;14.1;8.5;146;-9.8;6;78.3;30.5;3.77;41.8;44.0;7.4;1
8989;986775712;Servicios;4.3;3.2;41;5.9;1;60.6;35.8;2.85;73.2;68.1;19.3;1
8990;856261557;Manufactura;7.0;2.5;25;18.3;5;70.8;0.9;2.16;76.4;94.6;16.3;0
8991;855883243;Servicios;12.2;6.4;12;15.5;8;84.0;36.3;3.76;60.7;57.7;50.0;1
8992;845576963;Comercio;15.3;13.1;51;-1.2;7;91.3;15.5;7.3;27.7;50.3;4.4;0
8993;881718073;Transporte;2.6;2.2;26;9.1;5;82.4;9.4;2.76;57.5;57.2;22.3;0
8994;893455154;Comercio;8.8;2.5;106;-2.6;7;90.5;5.4;3.98;28.3;35.9;20.6;0
8995;896162122;Manufactura;22.8;22.0;35;-8.9;5;58.0;29.3;1.83;52.0;49.8;0.9;0
8996;840693046;Transporte;13.9;12.0;20;0.8;7;73.6;14.1;6.04;73.3;66.4;12.0;0
8997;896863405;Manufactura;2.8;1.3;11;2.3;6;100.0;10.5;3.22;49.5;56.2;3.1;0
8998;940018560;Construcción;7.6;4.0;8;13.3;6;45.0;6.1;3.93;74.6;74.6;13.1;0
8999;938880449;Comercio;11.8;11.5;65;4.7;1;45.8;26.2;3.57;85.8;68.2;7.1;1
9000;859805727;Servicios;8.7;2.2;90;-5.7;5;73.4;10.4;2.44;49.7;54.0;25.8;1
9001;878940207;Comercio;3.6;2.2;32;15.6;4;64.0;8.2;3.33;95.8;84.7;2.8;0
9002;832383040;Servicios;50.0;44.1;8;-3.5;5;84.6;14.0;3.15;64.1;60.0;11.7;0
9003;813399699;Manufactura;12.1;4.1;49;-9.1;0;58.5;9.2;4.16;45.1;40.4;12.2;1
9004;902111334;Servicios;6.0;2.7;42;8.7;0;56.8;28.1;5.09;31.6;49.6;19.9;1
9005;962465280;Comercio;28.0;9.9;21;-4.4;5;46.0;35.7;2.03;28.7;43.4;37.6;1
9006;875815428;Servicios;6.2;5.4;23;11.1;7;87.7;12.3;2.98;80.6;85.0;0.9;0
9007;962766018;Servicios;14.0;7.2;83;-2.0;2;43.2;14.6;3.54;56.3;50.6;22.3;1
9008;864413210;Manufactura;1.8;1.0;34;12.6;4;63.7;16.8;2.51;72.0;52.0;12.6;0
9009;852961341;Transporte;10.3;2.1;126;20.3;6;60.5;20.1;3.38;23.7;39.3;14.8;0
9010;927510834;Servicios;15.6;8.6;7;10.2;3;57.8;37.0;3.84;68.2;64.6;1.3;0
9011;910369555;Servicios;3.5;2.2;25;1.4;0;55.7;28.3;4.41;58.6;78.3;35.7;1
9012;829971271;Comercio;16.7;6.1;50;16.2;3;60.5;12.4;5.01;65.4;48.4;8.7;0
9013;977787812;Comercio;8.4;7.9;11;7.1;4;59.8;1.1;3.27;48.0;69.2;13.0;0
9014;834336514;Comercio;17.3;14.2;64;2.3;3;57.4;15.0;2.38;80.3;77.7;13.3;0
9015;925359343;Comercio;23.5;14.3;24;-4.0;4;66.9;14.4;2.71;47.1;47.7;7.1;0
9016;868581933;Comercio;9.8;3.4;5;8.1;6;75.6;9.1;2.79;44.3;74.8;3.6;0
9017;889306205;Manufactura;11.5;10.8;7;8.2;5;73.4;31.4;3.95;88.9;82.5;12.8;0
9018;989865403;Manufactura;13.1;11.3;31;5.5;5;59.3;25.2;1.84;41.8;49.6;12.4;0
9019;997118158;Comercio;6.7;1.4;41;1.4;5;56.9;25.7;4.37;61.6;74.9;33.7;1
9020;964563182;Servicios;9.2;2.9;17;13.8;6;81.1;23.2;3.11;85.9;77.1;21.6;0
9021;869848448;Manufactura;8.5;5.8;77;-24.9;4;70.3;21.0;2.33;97.0;78.2;5.7;1
9022;804068901;Servicios;12.5;6.7;161;-8.4;4;60.5;30.5;3.87;25.2;65.3;4.8;1
9023;908762976;Comercio;14.6;12.4;12;22.4;2;53.4;21.1;2.07;73.4;77.5;16.6;1
9024;928524622;Comercio;42.8;28.8;49;0.2;0;34.3;35.1;2.22;19.5;48.0;8.2;0
9025;905629943;Servicios;33.8;19.7;8;11.2;1;42.2;17.0;2.11;87.4;75.5;28.5;1
9026;875813095;Tecnología;7.5;5.8;15;4.9;9;77.5;15.7;2.83;64.3;77.1;10.1;0
9027;899359611;Transporte;3.8;1.6;15;-2.3;5;68.9;18.1;2.42;78.5;74.7;19.0;1
9028;852382029;Servicios;7.2;4.7;69;7.2;5;80.2;18.6;2.61;68.8;71.1;9.2;0
9029;830148588;Construcción;8.3;6.0;33;-6.6;7;71.2;8.5;3.12;55.6;62.4;3.4;0
9030;934587620;Tecnología;15.3;14.5;32;10.0;1;55.6;32.2;3.41;69.1;58.6;10.3;1
9031;955146430;Construcción;11.4;2.9;16;19.4;2;51.3;5.8;3.41;53.8;74.7;8.9;0
9032;948335340;Manufactura;12.1;10.4;53;2.9;4;65.5;7.9;2.54;44.4;64.8;14.0;0
9033;924645171;Manufactura;7.2;6.1;100;8.7;5;51.5;6.6;3.61;77.2;84.3;3.1;0
9034;802606228;Manufactura;22.9;12.5;43;3.9;6;56.8;25.6;2.69;50.2;46.0;0.2;0
9035;871724528;Manufactura;13.7;3.2;111;-1.9;4;51.0;36.9;2.81;39.7;44.7;4.5;1
9036;875058703;Tecnología;11.5;3.7;19;4.0;7;92.0;9.6;2.71;33.7;44.0;1.4;0
9037;943545167;Manufactura;17.3;8.1;88;-11.1;5;74.4;12.5;1.66;39.2;32.9;0.1;0
9038;958389065;Comercio;23.6;21.0;18;6.9;4;37.2;6.9;6.35;64.9;66.1;1.2;0
9039;801686364;Comercio;14.1;3.5;41;5.4;4;35.5;32.9;2.05;48.2;50.4;8.5;1
9040;988369227;Tecnología;11.0;3.9;56;19.0;1;29.5;2.6;2.85;65.7;63.1;50.0;1
9041;908567189;Construcción;11.6;5.4;272;10.3;2;53.8;17.2;2.2;1.3;23.9;10.2;0
9042;814332203;Comercio;6.0;5.0;27;4.2;5;77.5;18.9;4.53;38.3;49.6;29.7;0
9043;891234037;Construcción;3.0;1.4;22;12.3;3;48.6;20.7;1.91;71.0;59.9;10.5;1
9044;838897353;Construcción;17.2;13.5;76;4.7;2;53.6;12.2;3.46;66.0;72.4;6.8;0
9045;840315687;Comercio;5.1;3.6;81;16.6;8;81.3;1.0;4.02;56.2;38.7;12.0;0
9046;986880435;Manufactura;6.5;6.4;141;8.0;8;87.9;16.6;4.08;94.1;76.5;19.1;0
9047;892654435;Construcción;6.1;2.0;31;8.4;3;68.3;5.0;3.34;78.6;87.5;0.5;0
9048;997316717;Construcción;9.3;8.9;186;10.1;2;47.5;28.1;4.12;50.8;58.8;2.4;1
9049;954153440;Servicios;1.0;0.4;14;5.3;4;52.9;9.8;4.78;62.0;78.0;7.4;0
9050;827159648;Construcción;10.1;5.6;107;17.8;1;44.1;13.0;2.57;46.8;47.0;7.8;1
9051;809002888;Servicios;9.1;2.5;25;25.0;8;67.3;7.1;2.6;68.9;61.8;4.7;0
9052;886015852;Servicios;3.1;1.3;28;15.3;2;36.0;8.9;1.71;84.5;78.8;21.5;1
9053;923706862;Manufactura;1.5;1.5;14;-0.9;4;41.9;17.3;4.6;90.9;77.2;12.7;1
9054;999402554;Comercio;2.1;1.3;14;2.6;6;74.6;34.8;6.08;73.1;80.5;4.0;0
9055;997590777;Servicios;15.5;4.6;15;18.3;4;68.0;11.9;2.56;89.2;80.4;2.0;0
9056;890174952;Servicios;5.3;4.6;57;15.7;6;67.4;11.9;3.45;48.4;66.8;4.1;0
9057;944895377;Servicios;14.0;11.7;23;0.5;5;79.3;20.2;2.98;48.5;46.0;3.5;0
9058;858957818;Transporte;4.0;1.9;55;4.8;4;47.3;18.7;5.86;40.9;58.0;35.6;0
9059;990181351;Servicios;8.8;7.8;33;5.8;4;61.3;24.1;4.01;28.3;44.3;2.9;1
9060;839721259;Servicios;9.0;1.9;52;-9.5;4;60.0;11.0;2.93;44.7;47.4;28.1;1
9061;957227357;Comercio;12.9;6.1;31;-6.6;4;69.6;31.9;1.78;81.4;64.2;5.5;1
9062;902355220;Servicios;45.2;32.2;5;14.3;4;70.8;14.9;3.73;89.0;95.7;6.1;0
9063;962706017;Comercio;18.0;15.9;29;2.8;3;59.4;21.1;2.91;89.3;90.3;12.2;0
9064;856287532;Servicios;6.4;4.9;27;14.1;1;64.1;7.8;3.18;82.8;78.8;7.8;1
9065;801945160;Servicios;22.9;8.2;11;3.1;0;44.8;37.9;3.39;74.8;85.5;14.5;1
9066;903328892;Construcción;10.6;7.1;39;-3.0;4;70.8;9.0;3.59;77.2;72.5;5.0;0
9067;859309240;Manufactura;7.6;1.7;19;14.5;5;73.8;26.1;2.63;76.3;71.2;10.9;0
9068;851105014;Servicios;16.0;5.8;105;3.0;5;81.7;17.9;2.4;45.2;52.6;28.8;0
9069;984901478;Comercio;8.4;3.4;27;-7.6;4;63.5;29.0;2.78;80.2;65.9;1.9;0
9070;831305902;Construcción;8.5;7.7;80;2.5;5;65.7;12.4;2.82;45.9;52.1;19.5;1
9071;901040246;Comercio;7.1;6.0;30;10.8;4;78.2;14.4;1.99;80.9;81.9;3.9;0
9072;998923887;Servicios;23.1;22.6;23;-1.5;4;80.6;6.0;5.22;69.0;61.8;2.3;0
9073;970028655;Servicios;11.9;5.3;18;4.4;5;73.6;10.8;1.65;80.9;69.2;9.2;0
9074;816477058;Manufactura;13.3;7.4;44;-21.1;5;75.5;6.8;3.31;65.3;61.7;2.1;0
9075;943760852;Servicios;4.7;3.1;18;-3.6;4;71.2;13.4;2.98;55.7;62.5;10.5;0
9076;888011583;Servicios;9.0;4.6;12;3.2;3;53.2;19.1;2.82;35.6;43.3;14.6;1
9077;839567708;Servicios;11.2;4.3;10;0.6;1;45.6;2.3;3.28;67.7;70.5;0.8;0
9078;921852300;Construcción;10.0;6.1;20;-8.7;7;91.1;5.4;4.61;86.8;73.3;1.8;0
9079;967146790;Construcción;2.7;1.3;49;-10.0;7;74.5;9.7;2.68;24.1;38.7;1.9;1
9080;938647206;Servicios;2.2;1.5;17;15.9;2;58.0;2.0;2.26;56.4;63.4;4.6;0
9081;822425584;Servicios;9.1;6.0;27;-5.1;5;80.8;18.9;2.74;81.9;90.1;2.4;1
9082;950733383;Tecnología;7.1;1.9;111;5.8;3;38.3;6.3;1.9;45.6;51.0;10.4;1
9083;990202508;Servicios;13.7;7.6;12;15.4;2;42.4;20.2;3.17;54.1;53.1;5.5;0
9084;842379188;Comercio;3.9;2.3;16;-0.1;2;57.0;11.9;4.16;84.0;68.5;8.7;1
9085;896641705;Servicios;30.3;27.7;14;-1.7;6;74.9;14.8;3.18;35.9;53.1;26.0;0
9086;822926081;Servicios;35.0;34.4;25;12.5;5;62.4;20.8;3.23;52.9;59.6;5.6;0
9087;822089690;Comercio;7.9;2.5;5;10.1;2;40.3;0.1;2.63;49.0;64.7;13.0;0
9088;806212811;Comercio;7.0;3.9;5;11.7;7;93.3;10.1;2.56;44.4;47.0;5.1;0
9089;822041123;Comercio;7.7;4.1;19;-0.2;4;61.2;11.6;2.8;47.7;46.8;12.0;0
9090;999649614;Servicios;41.1;15.1;8;-8.8;7;86.5;13.1;3.91;71.2;54.3;2.2;0
9091;825954530;Tecnología;50.0;47.1;90;20.2;5;60.8;7.8;2.75;76.4;77.0;33.9;0
9092;804563498;Comercio;12.2;3.6;22;-7.8;4;67.8;10.1;3.97;75.7;54.6;22.8;0
9093;801229921;Transporte;10.4;7.6;5;-5.0;2;54.8;12.0;3.85;69.6;70.0;0.5;1
9094;997278899;Servicios;12.8;7.1;25;-14.6;5;64.3;10.1;2.42;37.7;38.1;23.3;0
9095;806419498;Tecnología;8.5;6.0;15;-10.8;9;86.3;28.0;4.03;92.7;98.6;7.6;0
9096;956525950;Manufactura;8.1;7.1;72;10.8;10;87.4;9.7;3.2;68.4;70.7;16.1;0
9097;926677994;Servicios;3.6;2.0;21;20.9;3;49.0;21.9;2.4;47.9;67.3;2.0;0
9098;859788709;Comercio;26.0;25.2;8;8.3;8;81.3;4.1;3.55;88.3;82.9;2.5;0
9099;954423543;Manufactura;3.4;1.6;14;9.5;10;85.5;14.8;2.6;64.6;85.5;13.1;0
9100;853610402;Servicios;5.8;3.1;55;24.5;0;31.2;3.8;3.22;63.3;74.1;10.6;0
9101;909819391;Servicios;13.3;5.8;31;14.7;8;84.2;9.5;6.04;91.5;84.2;25.4;0
9102;905757512;Manufactura;14.0;7.8;12;10.2;6;85.5;12.6;2.96;50.8;56.4;11.9;0
9103;893490602;Comercio;11.6;11.5;209;-12.8;7;78.7;39.4;2.81;70.0;64.9;4.1;0
9104;986880399;Servicios;11.4;3.9;17;2.1;1;43.4;8.4;3.11;77.4;63.4;19.3;0
9105;931248895;Servicios;5.4;4.8;48;16.6;0;34.1;36.3;3.37;47.2;63.9;39.9;1
9106;882501187;Comercio;10.0;6.0;11;-3.6;7;62.6;18.7;2.77;78.7;75.6;36.7;0
9107;954741362;Construcción;47.4;9.8;39;-5.0;0;54.5;16.7;2.87;96.5;71.8;7.8;0
9108;957297429;Servicios;23.7;23.0;6;7.9;5;62.5;11.5;4.98;64.6;70.3;30.8;0
9109;848076802;Manufactura;19.3;9.6;31;-6.2;3;63.2;5.9;2.85;46.4;63.1;0.2;1
9110;825237742;Comercio;7.7;4.1;34;1.8;1;63.9;9.3;6.97;56.0;56.1;21.2;1
9111;924431366;Servicios;11.2;4.4;5;2.7;4;61.5;15.3;4.1;65.3;58.7;26.0;1
9112;805579459;Construcción;14.5;6.5;33;11.7;4;72.4;13.9;4.14;88.1;74.1;0.8;0
9113;898286631;Servicios;3.0;1.3;177;7.5;1;54.6;37.2;3.23;79.2;65.1;0.0;1
9114;848398797;Manufactura;3.4;0.9;16;4.1;5;70.2;26.3;3.26;24.1;37.4;1.6;1
9115;890820639;Comercio;3.9;2.6;18;-15.7;4;51.0;19.8;4.02;59.1;49.7;24.6;1
9116;976762474;Servicios;6.8;2.2;23;23.1;7;62.6;30.9;1.9;39.6;48.1;11.0;0
9117;911491374;Servicios;3.1;0.7;39;3.1;4;68.7;4.9;3.32;87.6;89.7;21.8;0
9118;946110102;Servicios;18.6;4.3;23;-1.5;6;59.2;6.7;3.78;85.7;73.8;11.0;1
9119;914580995;Servicios;5.0;2.8;81;-9.6;7;65.3;28.9;8.4;73.2;74.0;0.7;0
9120;932593664;Servicios;7.7;1.6;28;20.2;1;60.4;29.3;1.67;78.2;58.2;6.3;1
9121;891775246;Servicios;10.1;2.9;50;6.1;4;69.4;7.6;1.76;67.8;66.0;2.8;0
9122;940515670;Manufactura;15.3;8.3;7;-1.6;3;68.2;6.5;3.27;82.6;83.1;3.5;0
9123;920068144;Servicios;50.0;44.4;15;2.6;4;70.6;24.4;4.93;54.8;52.2;0.9;0
9124;871707633;Manufactura;11.6;5.1;136;1.7;2;58.9;21.8;2.69;90.7;85.2;1.4;0
9125;918704306;Comercio;4.9;3.9;14;-7.8;0;45.7;24.2;2.74;19.7;31.9;4.1;1
9126;937308334;Servicios;19.5;15.9;19;-9.4;2;46.5;2.6;3.12;32.9;63.1;22.2;0
9127;992280917;Servicios;11.0;4.8;46;8.6;5;73.6;23.3;3.64;52.7;53.4;0.4;0
9128;811925720;Construcción;17.8;5.8;73;-2.6;4;71.4;24.6;3.86;83.4;85.8;3.8;0
9129;985131743;Manufactura;8.9;8.3;12;-1.7;5;53.8;33.7;3.75;50.8;52.1;9.6;1
9130;807105448;Servicios;35.0;15.3;11;16.4;6;59.1;7.9;4.43;34.2;59.0;21.5;0
9131;915268405;Servicios;8.6;6.9;7;15.2;3;66.8;11.8;2.21;56.1;51.2;33.4;1
9132;975109972;Comercio;15.8;6.6;6;22.4;2;44.5;7.4;4.91;43.3;45.3;7.7;1
9133;979219792;Servicios;19.2;16.6;20;15.3;7;64.4;23.7;3.47;63.8;55.8;12.1;0
9134;927240319;Servicios;12.3;7.6;14;-10.8;6;60.0;36.2;3.69;79.3;59.7;5.3;1
9135;970243495;Servicios;7.3;4.1;90;-0.3;7;99.2;7.3;4.08;31.4;35.3;0.9;0
9136;817359787;Comercio;6.5;3.7;28;5.7;2;44.5;16.3;3.09;69.2;75.8;1.6;1
9137;889031397;Servicios;8.2;5.6;16;5.0;5;59.4;10.1;3.63;64.9;59.2;0.9;0
9138;980239189;Transporte;10.5;2.6;48;7.6;4;63.9;30.5;2.88;10.9;30.9;6.2;1
9139;946479422;Servicios;11.4;6.7;36;7.3;3;72.6;8.6;4.49;37.0;43.1;1.5;0
9140;852197015;Construcción;7.2;5.1;31;-9.0;5;68.7;1.9;2.47;75.5;72.6;5.8;0
9141;873322280;Comercio;2.3;0.6;19;3.6;3;48.3;28.5;4.34;70.9;57.7;1.4;1
9142;929090550;Servicios;14.2;6.2;61;13.6;10;78.8;6.4;4.7;72.6;80.0;10.7;0
9143;804526548;Comercio;12.9;7.3;180;21.3;4;51.8;22.0;1.89;79.7;78.5;3.7;0
9144;862660558;Tecnología;24.7;19.3;5;16.0;6;72.2;27.7;3.9;73.9;55.6;1.6;0
9145;974175593;Transporte;37.6;26.2;70;-0.6;3;56.6;4.5;4.41;83.2;72.8;31.4;0
9146;997460374;Servicios;25.1;15.4;26;12.2;5;68.9;9.0;2.97;72.5;72.8;7.6;0
9147;811297397;Servicios;7.3;2.8;29;-17.9;0;56.2;5.9;5.49;65.5;71.5;7.1;1
9148;947516247;Comercio;11.4;2.8;114;6.5;5;58.8;22.3;4.46;67.6;80.1;24.0;0
9149;935645281;Comercio;13.4;11.6;23;1.4;4;65.5;30.2;2.14;47.0;44.7;3.0;0
9150;954426594;Servicios;6.7;4.2;10;-4.4;2;62.1;20.9;2.27;64.0;55.8;13.6;1
9151;807447514;Servicios;8.0;3.6;31;-4.7;2;57.0;16.1;1.98;80.1;52.0;16.4;1
9152;995071938;Servicios;11.8;8.5;10;-5.1;10;100.0;22.8;3.12;95.2;82.8;0.8;0
9153;876483180;Construcción;5.0;1.3;51;-6.9;3;37.0;23.4;2.22;17.3;54.6;3.8;1
9154;877147576;Comercio;6.3;1.9;26;-5.2;4;56.5;30.8;3.89;67.3;66.8;0.5;0
9155;859321777;Comercio;5.7;3.7;13;11.7;5;49.0;34.5;2.11;59.3;68.7;9.5;1
9156;919871749;Servicios;10.0;5.2;5;-0.1;7;82.4;6.6;4.36;43.8;49.9;15.4;0
9157;847171216;Manufactura;20.9;10.9;11;13.3;8;93.9;4.0;4.82;63.5;65.9;15.5;0
9158;832775711;Comercio;15.8;11.5;76;10.7;7;84.0;29.1;1.96;82.9;76.7;0.3;0
9159;848447781;Comercio;9.4;4.4;5;18.6;7;85.2;6.9;2.45;68.1;72.4;0.0;0
9160;996980338;Comercio;9.5;9.2;28;-4.9;2;54.9;13.7;1.85;33.7;49.5;16.1;1
9161;803950715;Comercio;16.5;12.1;29;13.9;3;63.6;10.8;5.88;76.6;53.8;2.3;0
9162;904492308;Construcción;12.0;8.7;67;-16.7;2;50.3;28.9;2.64;36.9;51.6;25.8;1
9163;942936233;Comercio;16.2;9.8;33;7.3;8;81.5;23.0;3.76;73.9;83.2;1.9;0
9164;949509419;Comercio;5.0;2.4;40;-8.0;4;58.6;12.3;2.57;66.0;71.6;18.3;1
9165;976369754;Transporte;21.3;11.7;37;18.8;3;50.0;18.5;3.12;73.8;66.4;6.8;0
9166;891313557;Servicios;26.5;24.8;13;9.1;3;47.7;11.4;3.39;67.9;65.5;4.1;0
9167;825833745;Manufactura;1.0;0.6;24;1.5;9;96.3;20.9;2.63;59.9;54.5;19.0;0
9168;960060153;Manufactura;6.3;2.3;12;-2.5;3;49.6;19.6;3.83;47.2;52.5;6.9;1
9169;845653598;Servicios;5.5;4.0;19;-1.6;4;57.8;11.1;2.19;76.1;60.9;2.0;0
9170;962341421;Servicios;7.4;3.7;56;21.4;4;50.8;15.5;6.47;70.3;57.6;5.0;0
9171;927361696;Transporte;12.3;4.6;33;3.4;4;65.0;14.8;3.04;72.9;74.7;18.5;0
9172;886901291;Comercio;17.9;11.3;17;12.8;5;67.2;15.5;2.84;90.5;96.7;6.5;0
9173;812728603;Comercio;11.2;5.1;57;-5.7;3;54.1;21.6;2.62;84.5;68.6;17.0;1
9174;853568577;Servicios;8.4;4.9;7;-2.6;6;73.1;9.3;2.79;90.6;90.6;7.5;0
9175;974101935;Transporte;23.4;11.1;9;9.4;6;75.3;20.5;3.54;84.5;71.4;6.0;0
9176;932732544;Manufactura;18.7;10.1;11;13.1;5;77.7;20.4;2.17;59.8;54.1;30.0;0
9177;973472838;Transporte;11.4;3.0;8;20.7;4;58.3;21.4;5.52;26.0;39.9;4.7;0
9178;899490455;Manufactura;14.2;4.0;34;21.3;7;58.0;20.7;3.07;42.9;55.0;10.0;0
9179;872879997;Servicios;1.5;1.1;13;23.0;4;51.5;17.8;5.07;67.0;75.0;9.0;0
9180;811456463;Transporte;5.3;2.8;95;2.4;4;45.3;17.9;4.27;57.7;51.2;1.9;1
9181;815876481;Servicios;14.4;12.8;16;10.0;4;60.6;10.1;1.51;60.8;57.6;15.5;0
9182;943404179;Servicios;11.8;10.6;26;-18.2;2;47.4;2.8;1.6;40.7;32.8;4.3;0
9183;997542424;Manufactura;6.6;5.0;23;2.0;4;61.8;47.8;4.8;13.6;9.5;2.2;1
9184;941965408;Transporte;18.5;17.2;25;16.1;8;90.0;23.9;1.83;29.7;48.1;7.4;0
9185;872268207;Manufactura;24.8;24.5;83;17.6;7;80.5;6.3;3.79;51.4;59.1;17.5;0
9186;984663213;Comercio;4.5;1.8;10;-1.3;2;54.6;37.2;1.98;84.4;74.7;6.4;1
9187;824373577;Servicios;12.8;11.4;12;13.4;2;57.0;9.9;6.53;77.9;59.6;0.8;0
9188;829230872;Comercio;2.1;1.0;17;19.7;3;54.4;24.3;3.11;76.3;63.1;19.4;1
9189;959847311;Servicios;7.3;4.3;12;10.1;2;58.3;7.2;5.55;65.7;60.2;3.1;0
9190;977049603;Construcción;3.8;0.8;14;-3.1;5;61.3;28.1;2.92;61.6;58.8;17.1;1
9191;868849191;Transporte;11.2;2.6;8;6.1;3;63.7;14.3;2.17;67.1;72.4;21.5;0
9192;981447464;Servicios;4.8;4.0;26;-1.4;7;59.2;11.8;1.18;80.9;68.5;10.6;0
9193;978797526;Manufactura;5.4;4.5;10;-15.4;3;56.5;7.2;3.51;32.4;44.5;5.0;1
9194;903257651;Manufactura;26.0;11.0;99;-0.4;2;58.8;2.9;4.73;36.4;50.9;16.3;0
9195;927678190;Manufactura;1.9;0.6;12;-1.2;9;87.2;13.5;3.09;37.7;36.4;14.9;1
9196;881029832;Comercio;31.4;13.2;49;11.4;6;58.6;28.9;2.57;57.2;74.8;11.1;0
9197;859959659;Comercio;3.3;1.4;17;22.9;10;84.7;21.0;3.72;63.3;71.4;2.0;0
9198;954248093;Servicios;16.0;7.5;6;19.9;5;64.4;25.3;2.79;42.8;56.2;22.7;0
9199;979031754;Servicios;5.1;3.7;17;-0.3;5;57.3;13.2;2.85;84.8;85.8;11.1;0
9200;879510525;Servicios;10.6;3.8;40;10.8;7;81.9;8.3;2.61;73.5;67.8;5.7;0
9201;985728050;Servicios;18.5;7.4;89;8.4;1;53.8;28.7;4.6;44.4;68.1;5.8;1
9202;954550713;Construcción;7.0;4.9;28;-3.4;6;74.2;4.2;3.03;60.4;63.7;9.6;0
9203;965420690;Servicios;15.0;5.9;14;18.6;5;71.3;37.9;4.38;74.0;65.3;22.5;1
9204;860749198;Comercio;47.6;23.8;20;7.6;4;56.0;23.5;3.16;66.4;55.1;13.0;0
9205;830338523;Construcción;9.3;8.6;14;-1.8;4;62.0;6.7;3.85;30.6;62.3;32.7;0
9206;840949487;Transporte;4.6;3.7;6;26.3;6;70.9;18.8;5.75;54.7;52.4;1.6;0
9207;842526454;Comercio;14.2;3.8;10;6.8;5;50.4;23.4;4.48;73.5;67.7;13.4;0
9208;978770666;Servicios;6.7;5.7;28;10.4;8;67.4;29.5;3.53;74.6;65.9;6.8;0
9209;846367119;Manufactura;6.1;3.7;58;-11.1;6;81.4;13.5;3.27;85.6;77.6;25.1;0
9210;821236317;Comercio;4.4;1.8;20;14.3;1;53.1;18.9;3.72;85.5;74.3;1.6;0
9211;827011128;Servicios;6.1;5.3;37;15.4;5;60.7;22.7;3.45;78.8;71.4;11.5;0
9212;838350507;Construcción;7.7;4.2;11;-1.4;2;28.9;21.5;4.52;50.8;53.5;42.0;1
9213;874986350;Construcción;5.9;2.0;29;-0.9;7;84.8;7.5;4.52;61.4;38.1;3.9;0
9214;967377054;Manufactura;17.2;6.0;21;-3.7;7;60.7;16.1;4.32;39.0;35.8;4.9;1
9215;875211201;Servicios;4.3;2.6;34;15.7;6;85.5;17.1;2.41;74.5;75.5;3.7;0
9216;808059807;Servicios;7.8;3.8;9;0.5;5;69.3;39.2;5.47;77.7;54.8;3.4;1
9217;828217964;Tecnología;7.4;5.8;21;-3.9;4;52.5;24.5;6.47;80.6;81.7;25.7;0
9218;980262927;Comercio;27.9;15.5;26;-3.0;6;78.1;19.6;5.82;41.3;49.4;1.0;0
9219;815814956;Construcción;2.7;2.0;33;9.4;4;54.6;6.5;2.84;50.9;50.5;14.0;0
9220;838068653;Transporte;16.8;14.5;16;3.8;1;58.4;20.9;4.91;88.1;94.2;6.0;0
9221;989319710;Servicios;24.6;8.2;17;24.0;4;61.8;12.6;3.56;52.9;58.7;10.2;0
9222;890486650;Manufactura;3.6;1.5;44;10.7;2;57.7;17.1;3.4;12.6;30.7;16.6;1
9223;846782348;Servicios;2.6;1.5;32;7.5;7;92.4;10.5;2.52;57.3;49.6;0.3;0
9224;961109712;Tecnología;19.8;9.3;7;11.4;4;42.0;11.9;3.57;25.0;34.4;4.6;0
9225;844751126;Transporte;25.7;11.9;13;25.7;4;59.1;18.0;2.26;51.0;53.1;50.0;0
9226;980435538;Transporte;15.5;6.2;19;13.3;7;78.6;8.6;4.17;78.0;64.4;6.4;0
9227;974415864;Comercio;21.4;21.2;19;-5.0;1;47.4;30.0;4.41;49.6;72.6;7.8;1
9228;906649542;Servicios;7.3;6.2;40;9.7;4;59.1;7.0;3.67;81.9;64.4;43.6;0
9229;933959043;Servicios;14.3;9.0;50;-8.6;5;64.5;6.9;2.8;55.3;52.9;3.7;0
9230;807579017;Transporte;3.6;1.5;86;10.4;5;76.6;6.4;4.36;46.5;44.1;5.1;0
9231;852350163;Tecnología;7.0;3.4;82;10.4;1;44.4;28.0;2.92;81.5;85.5;10.7;0
9232;973580043;Servicios;11.9;10.8;13;8.4;1;46.1;5.7;4.54;64.7;65.8;3.3;0
9233;854948677;Comercio;10.9;7.0;20;4.0;7;85.4;21.0;4.38;53.4;74.5;6.4;0
9234;874362673;Servicios;6.7;1.8;18;9.0;4;62.4;18.4;4.49;59.2;44.8;2.2;1
9235;864483809;Comercio;4.7;4.3;26;11.5;6;73.9;13.0;3.31;19.4;39.9;24.5;0
9236;943637882;Servicios;5.8;5.3;18;-15.9;6;76.9;13.0;3.86;84.0;63.1;13.7;0
9237;839320258;Comercio;8.1;4.8;61;8.7;8;98.1;13.0;2.42;50.9;38.6;11.6;0
9238;975891534;Servicios;13.4;5.4;48;22.1;7;78.0;23.4;5.49;60.7;67.0;6.8;0
9239;817671549;Manufactura;6.1;4.8;44;-24.5;5;60.2;9.8;5.18;78.6;69.5;6.7;0
9240;844662869;Comercio;29.8;22.6;19;-9.1;4;64.0;12.2;2.42;55.1;70.2;0.8;0
9241;995276445;Servicios;31.3;31.3;9;28.1;7;85.3;7.2;2.48;65.4;74.1;19.5;0
9242;884862644;Comercio;34.8;10.5;79;-14.8;5;74.2;14.2;1.99;80.2;72.7;11.0;0
9243;983622017;Manufactura;6.9;2.0;21;-16.0;6;77.0;10.0;6.73;77.4;59.6;13.2;0
9244;842491656;Servicios;12.2;11.2;16;11.8;8;94.8;7.3;2.58;30.8;60.0;2.6;0
9245;829630198;Servicios;16.6;14.6;97;3.5;7;85.8;23.0;5.03;64.6;63.8;4.0;1
9246;828852824;Tecnología;7.2;2.6;42;-2.1;7;71.5;25.4;7.31;79.0;85.4;2.9;0
9247;935588843;Servicios;13.1;7.8;15;4.3;7;75.7;10.7;2.87;80.6;59.2;3.9;0
9248;819356397;Servicios;8.5;4.3;50;-7.0;5;65.7;1.8;2.31;62.6;49.3;0.7;0
9249;899813160;Comercio;6.6;2.4;8;-7.6;6;71.5;4.7;2.36;6.7;50.8;8.8;0
9250;977733989;Transporte;5.5;1.8;11;9.3;4;62.5;21.7;2.58;79.6;100.0;5.7;0
9251;952480692;Servicios;14.4;3.3;26;2.2;1;53.0;5.3;3.16;26.9;43.1;4.8;0
9252;988853627;Servicios;26.0;8.5;39;2.2;3;69.8;17.0;3.59;45.3;54.8;2.1;1
9253;964438935;Servicios;16.7;4.7;65;-10.0;5;70.6;0.1;3.73;53.8;56.9;3.2;0
9254;973180325;Comercio;13.9;11.2;7;12.5;4;77.0;37.7;3.79;87.1;74.7;16.3;0
9255;833921850;Manufactura;15.7;12.2;35;11.9;6;74.3;25.0;3.57;67.9;51.4;1.8;0
9256;810550543;Construcción;8.7;8.2;28;11.0;7;81.6;16.6;2.7;54.0;67.7;4.2;0
9257;989645246;Manufactura;2.5;1.2;53;18.2;5;61.9;36.1;2.6;38.7;70.2;8.4;0
9258;880545163;Construcción;8.6;6.3;30;5.2;5;61.3;14.7;2.88;71.4;89.1;2.7;0
9259;844354157;Construcción;6.1;5.0;30;13.1;4;65.3;19.4;4.11;88.0;92.7;6.8;0
9260;892490976;Construcción;6.7;3.4;83;0.3;4;60.6;7.4;2.71;67.3;65.9;1.6;0
9261;897350351;Servicios;7.9;3.3;67;16.7;2;40.4;27.6;3.56;61.4;80.0;0.0;0
9262;959164506;Manufactura;13.9;3.8;22;7.9;5;73.6;5.6;1.57;84.0;82.9;6.0;0
9263;860577599;Manufactura;3.8;0.8;23;14.4;5;62.3;4.3;3.75;40.9;69.4;3.2;0
9264;903356343;Servicios;10.2;9.1;18;4.5;3;58.7;17.5;3.11;56.3;56.3;1.9;0
9265;949066482;Transporte;30.1;22.2;23;-19.7;5;74.4;5.0;2.1;36.2;40.6;22.9;0
9266;958605582;Servicios;3.6;1.6;115;8.4;6;79.9;12.6;4.62;30.2;30.1;0.2;0
9267;950578384;Manufactura;2.8;2.4;138;11.2;4;62.2;5.6;4.38;66.5;67.2;0.8;0
9268;940257746;Tecnología;3.7;1.9;39;3.8;3;64.5;17.5;2.52;46.2;45.0;9.4;0
9269;815341834;Servicios;11.6;9.9;37;12.0;6;84.7;31.9;2.47;70.1;70.8;12.6;0
9270;861176354;Manufactura;9.9;5.0;37;3.3;3;59.7;18.3;7.15;73.2;64.2;2.5;0
9271;964087226;Servicios;20.8;16.5;22;3.5;3;60.6;15.2;2.87;80.8;72.5;7.9;0
9272;989759370;Tecnología;8.9;8.6;106;-13.4;5;56.7;10.4;4.3;37.8;34.4;0.3;0
9273;976942957;Comercio;10.7;3.2;82;0.1;4;74.0;19.1;4.03;92.4;87.3;6.5;1
9274;912644571;Comercio;10.6;4.5;11;11.1;3;48.2;7.6;2.71;36.3;41.5;23.7;1
9275;841825890;Servicios;6.4;6.0;49;-27.0;1;59.0;22.1;3.96;77.1;66.5;1.5;1
9276;948948489;Comercio;11.2;2.3;63;8.5;5;63.2;3.9;5.2;24.3;48.3;0.7;1
9277;917149936;Comercio;16.8;12.2;28;-5.7;4;71.7;13.5;4.36;61.5;45.3;3.6;0
9278;943156534;Comercio;33.0;27.4;14;4.1;5;66.3;7.7;2.15;58.5;67.6;2.4;0
9279;827930963;Construcción;7.8;2.0;16;20.5;4;56.9;4.0;5.01;51.2;64.3;44.8;0
9280;861935790;Construcción;7.3;5.6;16;18.2;5;60.8;9.7;3.42;64.6;56.9;9.2;0
9281;903668496;Construcción;5.9;4.5;21;11.2;5;61.6;13.0;5.45;39.7;42.2;18.0;0
9282;803513054;Servicios;15.4;11.1;23;2.0;2;68.8;35.1;2.22;72.8;50.6;24.0;1
9283;893910048;Servicios;23.6;5.1;8;-0.1;4;48.9;9.7;4.53;31.4;51.2;0.9;0
9284;911755425;Comercio;9.7;2.1;42;5.5;4;62.9;36.3;1.73;87.1;93.4;0.2;0
9285;998605391;Comercio;35.4;10.5;26;12.9;9;85.7;17.3;2.56;45.3;65.6;7.9;0
9286;963257792;Servicios;10.0;9.9;83;-0.2;10;87.4;40.9;5.15;82.2;78.9;27.0;0
9287;987783776;Servicios;5.2;1.2;15;11.9;3;66.0;6.7;3.21;73.9;53.4;24.2;0
9288;954425658;Servicios;13.9;6.5;33;4.8;5;63.2;16.8;1.92;49.5;68.2;32.2;0
9289;893818793;Comercio;2.0;1.3;47;1.6;3;60.4;21.0;3.65;50.0;73.3;22.2;1
9290;959846529;Servicios;3.4;2.6;29;-16.3;2;40.7;31.2;2.14;85.9;84.8;2.2;1
9291;961774359;Comercio;38.5;37.0;30;-4.3;4;63.0;24.5;3.23;75.9;88.4;3.8;0
9292;916737954;Transporte;4.8;4.1;26;7.7;4;65.4;10.9;2.97;69.1;67.6;1.8;0
9293;902526378;Comercio;3.9;2.1;32;-6.3;3;78.1;28.8;2.68;62.2;62.2;14.9;1
9294;903225723;Comercio;15.6;12.3;22;-3.4;5;72.2;31.2;3.01;52.8;68.5;5.7;0
9295;843376539;Tecnología;17.6;9.9;5;2.6;3;66.1;19.2;2.96;62.8;53.1;9.4;0
9296;973966268;Comercio;6.2;5.4;41;-0.8;6;73.0;20.2;1.19;62.4;78.4;26.7;0
9297;831240536;Tecnología;6.6;2.4;15;14.7;4;56.0;23.2;4.08;59.2;44.6;6.0;1
9298;840456003;Comercio;4.7;1.9;68;23.5;7;72.3;5.8;2.52;47.3;53.1;0.9;0
9299;959522343;Manufactura;30.6;26.3;16;8.1;1;29.5;0.8;3.58;36.3;59.4;0.8;0
9300;925673493;Servicios;4.8;4.4;43;-2.4;4;80.0;5.8;4.4;21.7;34.7;1.9;0
9301;983585502;Tecnología;7.3;3.9;22;0.1;3;66.5;19.2;3.68;66.3;71.4;0.0;1
9302;966792808;Construcción;6.5;5.2;15;7.7;0;43.6;5.8;2.47;54.5;64.5;3.0;1
9303;964160616;Tecnología;6.7;3.9;24;27.8;7;83.5;15.7;4.61;75.0;68.9;24.4;0
9304;960774514;Servicios;15.6;6.7;9;-10.6;1;36.4;9.4;4.5;21.2;35.8;18.0;1
9305;936148314;Comercio;3.5;2.6;33;11.6;6;81.9;9.0;2.58;77.0;63.5;14.1;0
9306;804426867;Transporte;13.2;11.3;10;-16.1;5;55.7;12.2;5.33;98.0;90.9;3.8;0
9307;944094323;Servicios;3.8;2.2;24;11.1;2;45.4;17.7;4.1;50.6;51.4;6.7;1
9308;994401676;Construcción;6.0;3.1;29;4.6;2;43.8;20.8;6.2;84.1;77.9;3.4;1
9309;832772569;Servicios;4.6;4.2;22;6.5;6;54.9;9.4;4.0;91.3;78.1;1.0;0
9310;937303728;Tecnología;4.3;0.9;15;-0.6;5;70.1;12.4;2.71;69.1;78.9;30.5;0
9311;886733834;Construcción;8.7;2.8;140;1.4;3;64.6;17.7;4.06;72.6;50.5;18.4;0
9312;941735968;Tecnología;14.9;6.5;11;-7.3;5;73.9;14.4;3.75;56.7;58.4;10.8;0
9313;912078170;Tecnología;5.7;2.0;10;8.7;7;72.0;15.4;4.96;82.2;70.9;3.3;0
9314;957009735;Servicios;3.2;1.4;202;22.9;6;70.7;14.6;2.18;40.5;45.4;18.8;0
9315;895994306;Tecnología;6.0;1.6;28;0.0;1;47.7;12.3;3.21;83.4;73.8;33.4;0
9316;961957497;Transporte;9.3;3.7;15;-9.5;5;75.4;25.8;2.26;27.6;46.1;2.9;1
9317;872937276;Manufactura;14.1;13.2;90;13.6;7;62.4;13.9;2.55;77.0;70.2;2.5;0
9318;841730050;Servicios;4.7;1.7;54;11.7;7;97.3;9.3;2.54;82.5;51.8;11.4;0
9319;976834118;Servicios;23.4;20.7;9;7.0;2;51.8;11.9;2.99;80.9;65.1;8.2;0
9320;808782611;Servicios;4.6;3.6;58;11.3;6;65.9;31.1;3.24;43.2;31.7;16.5;0
9321;990017644;Manufactura;10.1;9.8;15;4.9;4;62.0;15.0;3.05;67.8;74.2;15.8;0
9322;936085413;Tecnología;11.7;3.2;51;8.9;6;83.2;3.0;1.83;87.3;77.6;14.1;0
9323;836479622;Manufactura;8.1;5.7;5;2.6;5;57.1;20.7;4.52;54.0;59.1;24.5;1
9324;940938046;Comercio;4.5;1.7;32;0.5;2;57.7;13.4;7.34;71.3;64.4;24.0;1
9325;896816021;Comercio;9.2;2.5;21;-11.0;5;71.2;16.5;4.23;87.8;77.1;12.7;0
9326;888360472;Comercio;7.5;2.0;25;4.1;7;71.6;26.1;2.69;49.4;25.6;11.0;0
9327;993996349;Manufactura;4.6;3.9;7;2.7;3;65.4;9.6;2.33;78.7;58.8;5.9;0
9328;813955007;Manufactura;13.4;3.9;68;8.5;4;62.3;15.0;2.52;86.5;74.7;1.4;0
9329;860554994;Transporte;9.9;3.1;37;-6.5;0;39.7;27.8;4.01;41.1;64.0;4.4;1
9330;870270964;Comercio;13.8;5.9;32;-12.4;4;53.3;14.7;2.52;73.4;77.6;0.6;1
9331;920051602;Transporte;10.3;6.5;24;12.5;5;73.1;25.8;1.58;40.7;43.5;1.7;1
9332;888662581;Comercio;12.7;7.5;25;2.4;10;81.6;9.7;3.7;47.5;55.2;3.5;0
9333;895634414;Servicios;11.5;7.6;41;14.9;3;77.0;17.1;2.95;44.3;73.3;8.4;0
9334;951596322;Construcción;14.9;7.0;8;10.3;7;76.6;13.8;3.05;65.1;62.1;20.3;1
9335;839355500;Comercio;8.0;6.6;19;8.5;5;72.7;21.6;9.29;59.3;52.8;0.1;0
9336;892323919;Comercio;7.9;2.7;35;13.4;6;91.6;31.0;3.01;55.1;38.3;11.2;0
9337;858521875;Servicios;3.8;2.3;37;6.7;4;60.8;26.3;5.18;13.2;29.4;21.5;1
9338;910927048;Tecnología;4.3;2.0;225;8.3;8;85.4;28.7;2.46;48.9;59.8;29.1;0
9339;933528195;Servicios;8.8;7.7;14;6.8;10;78.9;19.1;2.17;75.5;66.5;8.8;0
9340;922814471;Manufactura;33.7;30.9;8;19.3;3;51.1;11.9;4.94;78.8;70.0;3.9;0
9341;966644369;Comercio;2.2;1.2;15;18.7;6;59.1;12.5;3.56;62.0;54.0;17.6;1
9342;976727733;Transporte;10.7;9.3;19;-6.2;5;79.5;19.1;3.3;63.0;65.5;41.2;0
9343;933839121;Transporte;11.2;3.5;16;-3.3;4;66.0;10.1;2.12;63.3;62.0;4.7;0
9344;994545365;Manufactura;8.6;6.4;41;-2.5;5;63.0;9.9;4.51;57.5;47.8;6.5;0
9345;910217089;Comercio;5.3;1.6;14;-4.1;5;78.8;12.7;2.78;40.6;42.5;2.0;1
9346;832133881;Comercio;4.4;1.4;35;14.4;3;52.2;28.2;2.74;61.0;73.2;9.5;1
9347;841351329;Tecnología;14.3;9.2;34;18.3;4;61.1;11.0;3.92;44.6;48.1;13.6;0
9348;901721454;Comercio;3.7;0.9;92;16.1;5;64.6;5.0;3.19;87.0;72.6;6.1;0
9349;924950707;Servicios;8.1;3.2;25;6.7;5;58.4;6.9;5.85;59.9;66.7;0.1;0
9350;836737496;Servicios;10.7;4.0;50;13.5;5;61.6;14.1;3.64;65.8;62.6;25.0;1
9351;933166399;Construcción;2.7;2.1;88;-0.1;7;100.0;16.8;3.43;89.6;63.1;1.6;0
9352;911777317;Construcción;4.6;2.3;80;13.4;5;55.9;12.9;2.9;90.1;93.5;14.5;1
9353;839799153;Comercio;18.5;16.7;23;22.7;4;73.2;3.4;3.6;56.2;64.0;19.3;0
9354;834347462;Manufactura;8.2;6.3;14;11.1;2;58.9;14.4;4.89;85.5;77.1;10.2;1
9355;811198828;Servicios;30.6;21.1;43;8.2;9;92.8;20.8;3.9;74.8;73.1;0.6;0
9356;993265712;Servicios;28.0;16.1;19;12.7;3;49.6;14.1;4.08;78.0;56.8;24.1;0
9357;894364239;Servicios;11.8;6.7;31;3.3;7;78.4;10.0;2.46;73.6;60.4;0.3;0
9358;802932343;Comercio;4.9;1.7;21;-13.9;6;72.6;38.1;2.13;63.5;61.9;4.4;1
9359;848084480;Construcción;6.6;4.3;34;-3.1;7;58.5;29.2;2.65;64.9;66.1;9.7;0
9360;861349303;Servicios;6.6;5.7;16;-1.2;6;80.4;13.8;3.34;33.9;34.7;1.9;0
9361;872395751;Manufactura;13.5;3.7;10;12.6;5;62.1;19.0;4.44;66.9;56.5;2.0;0
9362;985045528;Manufactura;4.0;2.4;16;15.9;3;72.4;11.3;2.78;39.6;60.2;1.5;0
9363;885121661;Comercio;5.4;3.4;8;12.3;5;61.9;17.9;5.01;70.7;79.3;8.8;1
9364;841298184;Servicios;5.2;2.3;62;-9.8;5;69.0;16.3;3.92;42.5;57.5;3.0;1
9365;929224183;Servicios;21.9;20.3;46;11.6;3;61.8;5.6;3.5;30.4;46.3;3.5;0
9366;825650804;Servicios;9.2;3.9;18;9.3;7;76.6;1.1;2.1;76.6;81.4;2.6;1
9367;910145314;Servicios;21.1;12.1;256;14.3;6;70.8;5.8;5.87;78.8;72.0;22.7;0
9368;989934208;Comercio;5.4;3.7;83;14.3;4;67.9;22.5;3.5;42.7;43.9;2.6;0
9369;978787734;Construcción;6.3;1.5;9;15.9;3;68.0;31.0;4.13;54.2;65.5;0.7;1
9370;915601364;Comercio;5.9;2.0;124;3.5;4;64.3;26.9;5.68;59.8;51.1;1.4;0
9371;900713798;Comercio;4.7;2.1;16;11.9;5;65.5;36.2;5.37;83.2;87.1;6.1;1
9372;802593171;Comercio;5.2;2.8;6;12.6;5;65.6;17.0;3.06;57.8;48.3;3.1;1
9373;830577688;Servicios;5.9;4.5;11;3.2;5;79.8;17.3;4.16;18.9;32.3;22.6;0
9374;846832923;Tecnología;17.9;4.5;7;7.1;7;56.5;28.5;2.83;66.0;52.3;13.2;1
9375;906801497;Manufactura;8.2;7.2;8;-11.4;5;70.1;16.7;4.97;40.6;56.2;7.0;1
9376;856785333;Transporte;11.5;3.1;15;-4.4;7;91.9;17.7;1.82;67.7;65.1;5.2;0
9377;874991272;Transporte;8.3;6.3;25;8.7;6;54.0;12.7;3.33;55.0;53.6;5.9;0
9378;886890916;Manufactura;5.5;2.8;41;14.5;6;65.5;9.8;5.47;77.1;77.1;2.9;0
9379;878588512;Servicios;7.7;4.8;25;-4.5;5;65.8;17.2;3.95;38.0;53.4;14.2;0
9380;823695521;Servicios;29.2;18.5;131;6.1;6;67.2;7.0;5.4;38.8;65.5;9.4;0
9381;800336804;Tecnología;34.3;31.2;15;9.3;1;55.5;16.7;4.37;54.1;62.7;6.0;1
9382;800814873;Servicios;8.7;6.0;12;1.4;8;79.1;28.4;2.15;41.4;53.0;47.2;1
9383;989871017;Servicios;5.3;2.0;101;16.1;3;59.8;12.2;2.44;56.6;74.7;9.9;1
9384;944239749;Construcción;17.7;4.2;7;19.6;6;61.3;21.1;5.51;67.1;62.7;28.9;0
9385;881171770;Construcción;5.9;3.9;17;-0.6;3;57.2;7.8;3.07;81.7;81.8;7.3;1
9386;939951244;Tecnología;34.3;7.3;31;17.6;2;59.4;4.1;3.27;44.7;51.5;20.2;0
9387;804027691;Comercio;4.1;2.9;8;-1.1;5;82.5;43.0;4.01;51.7;55.9;0.9;1
9388;800154095;Manufactura;1.5;0.8;87;11.7;1;38.7;3.6;3.72;56.3;61.4;2.9;1
9389;902654895;Servicios;4.6;4.5;15;18.9;3;63.8;4.5;2.58;67.2;69.1;1.8;0
9390;897961102;Servicios;3.3;0.9;57;3.7;4;61.4;5.1;3.98;47.3;32.2;9.7;0
9391;879407346;Servicios;4.6;2.0;70;2.7;3;49.4;27.2;4.19;26.4;19.1;20.2;1
9392;877397797;Transporte;1.7;0.8;13;6.5;4;63.7;11.8;4.94;55.5;62.3;12.4;1
9393;992370015;Comercio;8.5;2.9;23;15.2;5;69.0;33.6;6.31;58.9;58.4;7.5;0
9394;812205342;Servicios;5.0;2.6;280;-0.7;2;58.7;10.1;1.6;40.9;43.6;3.1;0
9395;809318272;Construcción;7.3;6.7;46;9.3;7;75.5;7.9;2.34;86.7;78.2;1.5;0
9396;927538721;Manufactura;5.7;4.0;43;-1.6;4;49.5;17.2;5.29;59.5;65.2;0.8;1
9397;822668285;Construcción;17.4;12.1;11;15.6;3;47.7;38.1;2.8;79.6;84.9;6.8;0
9398;992968261;Manufactura;14.0;13.1;81;9.8;7;80.2;11.8;2.75;85.5;77.6;2.6;0
9399;934126412;Manufactura;3.0;2.3;41;4.0;6;75.7;10.0;4.02;59.9;51.5;10.2;0
9400;841602857;Construcción;14.0;7.8;140;14.2;4;55.8;7.1;2.84;51.4;67.4;9.5;0
9401;888064072;Servicios;9.8;3.9;16;-7.3;7;64.0;19.5;6.64;70.9;66.9;5.2;0
9402;848718052;Transporte;4.9;2.0;17;-2.6;1;63.9;16.4;2.55;76.4;75.6;9.7;1
9403;906447874;Tecnología;5.6;5.4;18;-1.9;5;56.5;13.1;3.91;57.0;41.4;1.9;1
9404;976761763;Servicios;5.4;4.7;42;18.6;4;62.7;16.1;1.61;57.1;51.3;46.0;0
9405;919404528;Comercio;3.5;0.9;82;-0.1;5;64.8;19.2;2.3;55.2;66.1;7.3;1
9406;881061272;Servicios;12.2;10.4;10;6.4;4;67.8;16.8;2.79;36.0;45.1;27.7;0
9407;901955140;Servicios;16.7;4.5;17;6.7;5;59.9;16.5;4.21;82.4;92.7;0.8;0
9408;897347323;Construcción;3.0;0.9;22;5.9;8;64.2;11.0;4.27;86.7;77.0;18.6;0
9409;895818335;Manufactura;7.2;5.0;9;18.2;2;58.0;7.0;2.43;94.3;100.0;9.4;0
9410;801303027;Construcción;1.7;0.6;17;6.8;4;57.6;17.9;4.05;50.1;63.8;1.5;0
9411;971670805;Servicios;8.4;7.2;30;6.7;4;73.9;24.9;3.89;52.1;47.7;6.4;0
9412;840161894;Construcción;16.0;13.1;56;0.9;4;70.5;10.1;3.66;70.5;59.3;12.9;0
9413;939542717;Comercio;4.7;2.8;11;17.4;9;77.7;7.9;5.13;40.1;61.5;1.3;0
9414;954157600;Manufactura;3.9;2.0;22;13.5;5;71.9;5.3;2.82;86.8;70.8;35.6;0
9415;968501918;Comercio;20.1;8.3;5;4.1;5;83.6;17.8;2.12;32.5;35.4;4.4;0
9416;944662710;Transporte;17.9;10.3;8;18.9;7;71.7;20.6;3.64;49.1;62.4;1.0;0
9417;864780300;Comercio;16.0;15.3;7;7.7;3;56.6;7.8;2.62;87.9;87.4;6.5;0
9418;824767298;Transporte;10.4;8.8;19;-8.7;4;77.9;19.2;2.57;75.8;84.0;3.3;1
9419;803465666;Servicios;7.6;6.6;36;10.4;3;57.1;26.8;3.19;59.2;67.0;14.7;0
9420;854949567;Construcción;5.0;4.1;30;0.1;6;79.1;43.6;2.31;81.6;68.7;5.4;1
9421;827631781;Comercio;2.5;2.1;45;10.1;4;42.7;18.3;3.41;20.9;28.2;13.4;1
9422;949628502;Servicios;23.2;7.6;20;6.6;10;89.7;33.9;3.44;59.1;72.9;19.1;0
9423;989249449;Transporte;9.7;8.3;27;-4.3;5;76.2;21.0;2.88;49.7;55.2;6.3;0
9424;855333911;Servicios;7.9;4.3;36;-5.2;5;55.1;21.1;4.96;65.7;62.5;33.1;0
9425;845091524;Servicios;9.6;8.3;9;3.9;5;59.3;16.2;3.89;77.0;55.8;1.8;1
9426;996496062;Comercio;3.7;2.6;166;10.4;5;74.1;10.5;4.67;88.9;72.3;14.4;0
9427;948677104;Comercio;2.8;1.0;7;-2.0;2;69.2;26.4;4.59;33.6;38.8;1.9;1
9428;903732574;Comercio;23.0;22.7;10;11.9;3;57.7;21.7;2.84;30.8;32.0;8.7;0
9429;800639037;Servicios;9.5;3.0;37;13.6;6;73.3;21.3;2.47;63.7;62.5;1.9;1
9430;974925496;Manufactura;3.0;2.2;22;-2.2;5;54.0;7.4;2.11;26.7;48.6;10.8;0
9431;992496572;Construcción;30.3;13.4;15;11.5;5;66.8;0.6;3.42;85.1;65.5;8.0;0
9432;916259195;Tecnología;6.3;4.8;39;1.2;5;77.6;29.9;3.08;82.6;74.4;35.3;0
9433;992540862;Transporte;3.2;2.4;94;20.7;4;62.3;4.5;4.79;66.1;42.8;5.3;0
9434;949402552;Servicios;5.8;4.7;27;4.0;5;78.8;13.5;2.77;64.1;58.1;18.8;0
9435;915382694;Servicios;17.5;13.9;17;-7.2;8;84.2;11.5;3.32;79.7;86.5;1.2;0
9436;808783767;Comercio;7.8;4.7;19;11.8;7;78.6;10.0;8.65;90.5;90.4;14.5;0
9437;948643319;Servicios;41.3;20.6;78;7.2;8;89.3;28.4;1.66;48.2;46.9;9.2;0
9438;903115084;Comercio;10.6;2.3;47;-7.7;0;58.9;6.9;3.65;25.1;22.9;10.9;1
9439;975041252;Transporte;6.7;2.9;47;16.1;5;59.0;14.1;2.38;52.6;70.6;3.7;0
9440;852714940;Transporte;10.9;9.0;22;2.9;7;59.0;25.4;5.38;39.5;60.5;4.0;1
9441;848169688;Servicios;17.8;16.4;6;5.6;5;92.9;2.7;3.49;62.7;56.9;22.4;0
9442;995824746;Servicios;17.1;11.9;18;9.3;4;73.4;14.8;3.56;78.3;63.0;4.5;0
9443;985688997;Servicios;15.7;4.7;52;0.9;5;73.1;19.5;4.9;77.3;77.5;6.1;0
9444;823201408;Servicios;11.3;2.4;46;13.2;6;70.7;20.1;2.57;39.9;17.6;11.4;0
9445;855710079;Transporte;30.2;21.0;31;16.0;4;66.3;30.9;6.72;68.3;57.3;6.3;0
9446;902260992;Comercio;2.8;1.0;12;18.4;4;59.5;5.6;4.45;46.9;51.5;18.5;0
9447;932176296;Manufactura;25.9;20.2;57;2.3;6;59.9;4.5;2.91;79.2;91.6;19.5;0
9448;981121499;Comercio;10.2;9.7;12;23.9;3;42.9;14.7;3.89;93.0;84.7;0.8;0
9449;886971034;Servicios;19.7;6.4;27;19.2;4;65.2;25.7;2.69;70.0;79.3;24.7;1
9450;989146040;Manufactura;9.6;5.6;84;10.2;4;65.5;21.7;4.06;58.9;84.9;1.5;0
9451;970419773;Comercio;11.2;5.7;6;13.5;3;54.8;34.6;4.19;27.0;47.1;1.6;1
9452;840771147;Comercio;13.9;6.8;39;9.4;7;88.3;5.3;4.0;55.6;48.6;27.4;0
9453;827315029;Servicios;13.0;5.1;22;-5.6;3;43.2;11.7;9.14;67.5;81.7;0.4;1
9454;942910575;Servicios;5.6;4.9;58;11.3;4;80.7;13.9;3.22;65.8;82.9;9.6;0
9455;808124587;Manufactura;11.3;4.4;10;17.0;2;73.0;13.5;2.42;28.6;24.8;1.4;0
9456;827360969;Servicios;5.6;4.0;9;-0.6;7;72.7;23.7;6.65;70.2;65.3;18.0;0
9457;827725633;Servicios;4.7;1.9;31;2.7;4;72.8;11.2;2.18;46.5;56.8;6.7;0
9458;813770314;Tecnología;13.8;4.4;166;35.3;5;78.4;2.9;3.03;53.2;57.1;21.3;0
9459;879658223;Servicios;34.1;17.8;31;8.5;4;40.4;42.2;3.59;65.9;63.4;15.8;1
9460;879561818;Manufactura;10.0;9.8;29;-1.1;3;54.0;32.2;2.24;80.9;64.0;5.4;0
9461;862397328;Construcción;1.5;1.4;17;11.7;3;42.9;1.5;7.52;97.1;92.3;22.2;1
9462;955877002;Construcción;8.3;5.4;48;7.9;2;41.0;12.7;3.65;24.4;34.0;18.7;1
9463;852300159;Comercio;11.9;6.9;49;14.7;6;84.6;28.3;4.16;40.5;63.3;11.3;0
9464;956943024;Transporte;6.3;4.5;68;13.7;5;53.0;21.2;4.01;90.1;67.9;2.0;1
9465;986655657;Comercio;11.8;7.2;16;-1.2;5;53.8;7.7;2.38;85.9;68.6;5.2;0
9466;807640061;Manufactura;7.5;5.9;73;19.6;7;64.9;12.3;3.04;29.5;23.8;2.6;0
9467;874828781;Manufactura;4.9;2.1;8;3.3;1;59.3;26.8;3.2;92.8;86.0;46.8;1
9468;988710806;Transporte;8.4;3.1;24;-14.4;4;53.2;6.5;3.19;75.0;55.8;4.6;1
9469;913278418;Comercio;8.7;1.9;14;-10.4;5;71.4;3.9;2.72;32.7;59.6;2.0;0
9470;953390529;Construcción;12.6;3.2;26;8.2;5;64.9;10.5;3.48;49.8;65.1;10.3;0
9471;818281637;Servicios;14.7;12.8;28;19.9;4;49.5;16.4;8.31;52.0;44.5;3.7;0
9472;902000616;Comercio;39.0;14.8;64;1.1;9;90.2;24.9;3.46;50.8;53.9;8.8;0
9473;812512722;Comercio;8.8;5.8;5;19.4;4;58.6;5.7;4.2;33.1;24.7;11.1;0
9474;888396306;Tecnología;13.0;3.0;15;-3.9;8;90.3;13.0;4.57;39.7;50.3;6.4;0
9475;931668279;Transporte;50.0;27.9;7;7.0;7;92.4;14.0;3.69;50.4;45.0;10.9;0
9476;873762824;Servicios;5.4;2.7;10;3.2;4;50.0;2.0;2.15;44.8;48.6;16.2;1
9477;841229272;Construcción;7.4;5.7;30;-15.6;3;42.7;20.3;2.92;64.9;58.7;7.6;1
9478;835044664;Servicios;4.9;4.4;76;11.1;2;78.1;2.3;5.36;79.8;80.1;11.7;0
9479;929799074;Transporte;16.2;8.4;43;24.4;6;80.2;13.6;3.57;73.5;83.0;1.7;0
9480;814330954;Tecnología;15.6;12.4;20;0.2;3;74.5;19.1;4.49;34.4;42.1;2.7;1
9481;818934622;Servicios;9.7;4.2;5;26.7;2;58.7;1.0;4.51;46.9;67.2;33.9;0
9482;859171805;Comercio;4.7;1.3;8;11.5;5;71.5;9.3;1.32;72.9;89.4;0.7;0
9483;904666082;Servicios;23.8;20.4;22;8.6;5;70.4;23.5;3.48;50.1;46.7;1.8;0
9484;835207899;Transporte;8.5;8.2;37;5.5;6;52.6;13.4;3.93;24.7;31.4;9.3;0
9485;953171015;Comercio;6.4;2.5;32;3.1;4;60.2;16.9;2.56;87.8;80.6;15.7;0
9486;945419997;Manufactura;11.1;3.7;9;-3.4;9;78.8;26.2;4.04;77.7;61.6;0.5;1
9487;982483204;Transporte;10.4;5.0;18;-15.5;8;75.1;10.5;1.92;47.7;54.1;5.1;0
9488;964304607;Servicios;36.7;23.8;43;12.6;3;66.0;32.1;3.63;54.8;63.9;1.4;0
9489;877940014;Construcción;9.3;4.1;94;6.1;4;87.1;19.3;3.85;73.0;76.5;1.3;0
9490;849954875;Transporte;11.5;9.4;30;10.7;5;72.1;14.9;3.39;73.4;76.3;0.4;0
9491;869843010;Comercio;39.2;19.7;30;1.1;5;82.3;18.0;3.34;43.1;43.4;18.6;0
9492;982705319;Construcción;5.9;1.5;5;9.4;0;33.2;15.6;1.32;36.9;40.3;0.5;1
9493;912232618;Transporte;48.9;45.8;5;19.4;1;55.0;9.0;2.49;41.5;42.2;3.4;0
9494;988096845;Servicios;3.1;1.4;42;15.5;5;67.3;14.5;2.48;29.3;49.2;5.8;0
9495;862525811;Tecnología;11.7;5.8;30;11.9;5;50.9;28.7;3.49;51.6;50.4;0.9;0
9496;977090346;Servicios;20.0;9.7;65;1.5;4;57.4;6.4;5.71;85.3;64.6;2.7;0
9497;886946151;Servicios;14.3;4.0;13;7.0;4;69.6;7.0;3.57;99.1;92.9;13.5;0
9498;912364641;Manufactura;24.0;21.9;9;-24.0;5;72.1;18.0;3.43;71.2;58.2;50.0;0
9499;805034923;Comercio;4.1;2.2;82;1.2;4;43.1;15.9;4.09;72.6;60.8;22.1;0
9500;868317842;Comercio;6.8;3.1;37;8.7;5;79.0;14.1;4.08;78.4;82.0;15.4;0
9501;991859114;Construcción;5.0;1.8;25;11.3;3;57.7;28.8;7.27;52.0;44.6;0.4;1
9502;905733128;Construcción;16.2;11.0;24;18.6;6;73.7;5.9;2.5;43.4;50.9;2.9;0
9503;853405956;Comercio;1.5;1.2;116;7.2;4;62.2;3.0;4.51;54.6;51.4;48.7;0
9504;892040556;Servicios;2.5;1.1;45;-1.1;4;55.8;25.1;4.51;76.9;66.2;14.2;1
9505;955320951;Manufactura;24.8;13.5;49;21.5;6;70.8;28.4;4.4;81.1;68.3;3.3;0
9506;898651927;Manufactura;2.7;2.6;12;9.9;5;61.7;10.9;2.34;60.4;63.3;1.3;0
9507;958684731;Servicios;10.6;4.3;37;5.7;7;64.4;22.9;3.47;57.4;87.5;12.1;0
9508;862986011;Manufactura;5.5;4.3;20;-6.0;4;67.3;18.1;3.28;93.4;91.0;4.5;0
9509;878909605;Servicios;12.4;8.6;36;10.5;2;63.1;11.7;3.88;79.1;74.9;21.4;0
9510;864982076;Servicios;2.2;1.7;72;3.4;4;53.7;20.5;4.33;37.4;30.3;11.4;1
9511;950321654;Servicios;39.8;25.5;26;0.9;8;83.4;13.5;2.54;76.2;67.5;7.0;0
9512;924289314;Servicios;18.4;13.6;105;13.9;5;72.6;23.0;2.73;85.5;75.7;2.5;0
9513;826943056;Tecnología;18.7;9.2;5;-10.7;3;43.5;5.6;2.86;74.1;60.2;4.6;1
9514;905057367;Comercio;4.1;3.4;187;31.1;3;63.2;21.0;3.51;91.8;78.8;50.0;0
9515;918682209;Comercio;4.5;4.4;9;3.0;0;51.2;23.3;3.16;35.9;42.8;30.8;1
9516;929347517;Transporte;14.1;12.9;5;-12.4;2;53.9;13.6;5.44;81.9;54.6;2.5;1
9517;800799957;Manufactura;5.8;4.7;42;1.1;5;54.9;13.2;3.8;30.8;46.5;14.2;0
9518;956618994;Servicios;20.0;7.1;11;-7.3;5;62.9;10.4;2.0;11.1;18.5;4.1;0
9519;999194274;Construcción;9.2;2.0;46;19.5;6;83.4;16.8;3.67;69.7;66.5;2.5;0
9520;919945563;Comercio;7.8;1.7;53;9.1;3;54.0;27.4;1.18;47.6;62.0;8.1;1
9521;943759643;Transporte;11.1;6.2;45;5.1;4;61.4;8.6;5.52;57.5;76.5;12.7;0
9522;963515336;Tecnología;30.2;29.9;120;7.4;1;53.0;17.8;4.08;66.2;49.7;21.0;0
9523;974833995;Comercio;1.9;0.5;25;5.7;4;46.0;16.4;3.8;66.6;83.7;2.8;1
9524;837921133;Servicios;9.5;8.9;37;9.1;5;65.7;12.1;2.84;24.6;37.9;27.1;0
9525;898242827;Servicios;10.0;2.3;13;11.0;3;64.9;6.2;3.05;93.0;86.3;2.5;0
9526;833677011;Servicios;21.5;19.1;121;8.7;7;63.9;21.7;1.85;82.0;88.9;12.8;0
9527;862939250;Servicios;11.2;8.6;54;-1.5;4;73.0;25.9;5.27;13.1;20.5;7.7;0
9528;949527737;Comercio;29.7;23.6;10;19.0;6;67.9;26.0;5.37;72.1;59.1;10.8;0
9529;807721506;Manufactura;8.0;5.6;91;14.9;1;39.2;21.5;2.77;51.8;58.1;6.6;1
9530;829893242;Transporte;7.6;3.8;12;11.1;4;68.2;24.5;4.33;84.4;65.3;0.3;1
9531;938783620;Servicios;20.9;8.0;25;16.3;1;39.5;22.4;3.41;51.1;69.5;7.0;1
9532;831354421;Servicios;2.5;1.6;47;-2.0;5;54.2;2.0;3.5;82.0;89.3;8.9;0
9533;860328979;Transporte;6.8;2.1;19;18.9;6;80.9;38.6;4.02;69.3;73.0;12.2;0
9534;978106099;Servicios;2.6;1.2;13;1.6;3;56.1;25.9;3.26;31.0;47.5;4.1;1
9535;836703808;Manufactura;27.2;12.2;19;-0.2;1;50.2;12.0;3.4;24.4;20.9;7.6;1
9536;931090233;Servicios;5.3;4.5;14;-5.0;6;59.0;1.1;3.8;57.0;67.5;10.2;0
9537;810114100;Manufactura;5.4;4.1;11;8.9;5;68.0;10.2;5.06;31.3;44.1;1.6;0
9538;895350723;Servicios;4.4;1.3;5;-11.2;7;81.6;23.3;3.67;78.5;77.1;11.7;1
9539;835548277;Servicios;3.7;2.4;11;17.7;6;77.4;40.0;3.23;51.9;56.0;0.4;0
9540;867742335;Servicios;18.4;18.1;22;-6.2;6;61.9;27.6;4.15;52.0;26.3;1.7;1
9541;969866969;Servicios;9.4;6.4;16;12.2;6;67.0;5.4;2.03;44.3;46.0;1.1;0
9542;875217625;Servicios;4.7;4.5;76;20.0;9;75.8;11.6;3.53;22.1;49.7;7.1;0
9543;814660870;Construcción;6.8;1.6;50;-0.3;7;55.4;22.8;2.54;36.8;76.9;0.3;1
9544;982654598;Transporte;8.2;3.1;26;-3.8;5;39.2;19.0;4.83;55.0;68.5;17.1;1
9545;998644684;Manufactura;1.5;0.7;21;7.8;2;56.1;5.3;3.12;56.5;57.2;4.4;1
9546;817510139;Comercio;9.7;2.6;131;7.9;0;41.1;26.8;3.43;32.0;34.2;1.5;1
9547;942404834;Servicios;6.9;4.1;11;-4.6;4;62.6;31.7;3.53;32.9;13.7;5.2;0
9548;820944971;Manufactura;14.0;11.7;43;-7.8;7;69.1;15.9;2.01;76.1;43.3;6.3;0
9549;876784159;Comercio;6.2;4.5;8;-3.3;5;54.7;16.6;3.28;46.7;61.1;1.5;1
9550;834685062;Servicios;26.0;10.8;13;2.3;5;57.0;4.2;3.24;67.7;68.0;25.1;0
9551;936327660;Comercio;4.9;4.9;5;4.2;4;50.2;5.7;1.64;92.2;61.3;4.8;0
9552;905511688;Comercio;9.2;6.4;18;-6.5;3;58.8;29.4;1.98;53.6;49.6;4.3;1
9553;907119469;Transporte;4.5;3.3;22;9.1;9;92.6;12.6;1.89;70.8;82.2;4.1;0
9554;997564209;Servicios;2.0;1.0;29;5.7;2;62.5;9.0;4.41;33.8;51.7;6.6;1
9555;946043163;Servicios;6.1;5.3;22;22.4;5;64.3;19.8;3.57;82.2;63.2;22.3;1
9556;978626717;Comercio;5.2;4.7;41;19.8;7;89.9;7.1;2.34;83.4;52.5;3.6;0
9557;995630174;Construcción;6.9;2.1;5;-5.0;1;55.0;14.8;3.63;71.4;50.8;2.0;1
9558;839231391;Manufactura;8.9;4.9;233;-2.9;7;78.0;22.4;4.38;48.4;60.4;0.8;0
9559;887684026;Tecnología;5.0;3.8;83;-4.9;4;63.6;20.6;4.84;96.0;53.2;10.7;0
9560;836921457;Manufactura;14.2;11.6;7;11.0;7;83.8;10.8;2.95;70.9;73.6;9.8;0
9561;844202589;Servicios;34.6;24.0;83;-4.5;3;55.6;14.5;4.39;59.3;69.9;1.8;0
9562;971599068;Comercio;17.7;10.5;22;7.7;6;76.1;20.7;8.61;57.0;54.6;1.4;0
9563;823259234;Servicios;9.7;2.5;7;-7.7;6;87.5;12.3;2.97;10.7;12.6;16.3;0
9564;955249757;Comercio;2.0;0.7;80;2.7;3;48.6;15.0;6.17;47.5;66.8;23.8;1
9565;914472758;Servicios;6.5;5.4;21;17.4;6;75.7;7.2;2.32;81.0;76.3;10.7;0
9566;916284990;Servicios;9.6;7.8;24;17.9;2;50.7;12.7;3.11;72.1;63.0;3.3;0
9567;982316380;Tecnología;8.9;2.7;18;7.2;5;77.5;25.6;4.42;88.3;73.7;3.9;1
9568;840815085;Comercio;2.4;0.5;94;7.3;3;47.7;12.7;1.97;35.6;25.5;24.4;0
9569;860620139;Servicios;7.2;5.0;28;7.5;4;67.7;14.6;1.64;48.2;53.5;10.7;0
9570;922981158;Comercio;7.8;4.3;34;14.0;5;62.5;18.6;5.83;77.9;81.7;2.4;0
9571;897365378;Construcción;6.6;2.5;25;9.2;1;49.3;8.2;2.8;63.5;74.4;0.4;1
9572;874016619;Servicios;9.2;6.4;27;-6.2;9;91.8;8.2;2.7;96.7;92.8;0.4;0
9573;868005419;Construcción;4.7;2.7;28;3.2;6;64.6;38.2;4.04;60.0;47.1;13.6;1
9574;896444646;Comercio;16.1;8.8;35;12.3;5;50.4;8.5;2.23;24.0;36.8;13.9;0
9575;945250428;Manufactura;9.9;8.6;27;0.2;3;55.0;20.8;2.87;59.4;66.9;7.6;0
9576;950376017;Comercio;13.6;13.5;17;-2.5;3;65.7;24.0;1.43;41.8;66.7;12.0;0
9577;936193768;Manufactura;1.6;0.9;78;2.9;8;74.1;19.3;1.77;57.0;63.1;7.6;0
9578;978166550;Comercio;9.6;5.1;14;11.3;7;68.5;18.9;3.73;35.2;41.2;0.9;0
9579;805582770;Comercio;15.7;15.3;27;0.8;8;81.6;14.1;3.93;67.5;51.3;30.4;0
9580;873604755;Servicios;4.4;1.3;36;8.0;7;98.3;15.5;4.24;65.6;69.1;0.9;0
9581;991859024;Construcción;3.9;1.0;54;24.0;5;77.8;28.8;2.33;65.9;49.2;2.3;0
9582;844554037;Manufactura;4.0;1.8;11;-6.8;5;55.9;32.4;3.26;74.0;55.8;5.7;1
9583;845870824;Servicios;8.1;5.4;14;4.7;5;73.1;24.5;4.99;37.0;38.1;6.8;1
9584;854441546;Construcción;13.0;4.0;6;7.4;1;53.4;27.9;3.1;62.7;63.6;4.9;1
9585;856000224;Servicios;6.0;4.9;7;12.2;7;78.3;10.8;3.1;21.4;48.5;0.1;0
9586;938423247;Servicios;6.3;5.6;16;-4.8;5;74.7;22.9;4.27;46.7;72.7;0.5;0
9587;921372259;Construcción;7.6;5.8;5;-0.8;5;78.1;18.4;3.02;50.4;44.2;20.5;0
9588;945667811;Construcción;12.1;7.4;5;7.1;8;90.2;24.6;3.7;76.9;81.0;4.6;0
9589;814237730;Tecnología;6.7;5.0;14;12.1;8;58.3;13.7;3.7;49.6;43.2;1.2;0
9590;868423181;Construcción;5.7;3.8;5;-8.6;4;66.3;13.7;3.59;59.6;76.1;6.7;1
9591;849341854;Servicios;14.8;9.1;81;-12.6;4;74.3;14.7;3.9;73.0;59.7;5.4;0
9592;932780251;Servicios;5.5;4.7;14;0.5;5;68.7;15.2;7.28;45.2;58.2;2.8;0
9593;833463818;Manufactura;4.1;2.8;53;14.3;3;56.6;18.3;3.68;65.2;72.0;14.4;0
9594;864066726;Manufactura;9.3;2.0;26;3.8;6;70.4;21.3;4.77;40.1;43.1;8.1;0
9595;910520434;Comercio;5.3;4.1;16;-10.0;8;80.1;21.2;4.74;85.5;75.0;4.9;0
9596;975682156;Comercio;15.3;12.8;22;-0.4;5;68.0;17.7;3.92;52.1;52.9;8.9;0
9597;997469632;Comercio;9.9;6.0;92;22.8;5;42.7;25.6;4.62;78.6;50.6;9.9;1
9598;839249362;Comercio;5.1;4.6;31;10.6;0;32.4;8.6;3.73;95.4;78.1;10.5;0
9599;961381483;Tecnología;2.7;1.0;39;7.3;3;60.2;6.9;3.82;37.6;34.1;4.6;1
9600;856317924;Servicios;15.1;7.1;6;6.4;3;64.1;15.6;3.95;39.1;60.9;17.5;0
9601;812597377;Comercio;19.1;12.7;14;2.0;6;81.7;29.9;4.58;54.8;86.1;3.6;1
9602;902404551;Construcción;6.3;3.6;29;-2.3;5;58.3;15.8;3.97;65.8;46.0;19.5;1
9603;988047941;Construcción;14.1;10.4;11;10.2;6;70.2;18.6;4.79;43.7;49.4;8.7;1
9604;882857592;Comercio;9.9;9.5;7;17.4;4;75.9;16.7;4.72;79.6;67.4;25.6;0
9605;965510020;Comercio;26.6;13.9;7;17.9;4;68.4;12.7;3.36;35.3;26.5;26.9;1
9606;931717826;Servicios;9.2;7.6;20;24.0;5;50.6;6.5;2.73;51.2;67.5;15.2;1
9607;901121117;Transporte;10.3;4.9;24;9.0;0;47.5;9.8;4.03;87.2;74.6;1.1;1
9608;864775121;Comercio;26.6;8.7;136;2.9;2;33.5;6.8;1.92;76.5;56.1;2.8;0
9609;853812952;Construcción;4.9;2.8;20;13.6;8;97.2;7.5;2.45;66.1;72.9;16.7;0
9610;956140507;Manufactura;6.6;4.5;30;7.5;4;50.7;18.1;4.3;33.6;33.6;0.3;1
9611;920724480;Manufactura;9.5;7.9;59;11.1;4;55.0;20.4;4.14;60.2;43.4;0.4;1
9612;866037465;Comercio;12.3;3.7;5;0.9;5;72.3;33.9;2.92;25.3;51.6;6.6;0
9613;985143780;Comercio;7.7;5.5;15;-11.3;5;58.4;31.7;4.48;60.8;53.8;13.6;1
9614;842147706;Manufactura;15.9;6.4;6;4.4;0;27.7;10.2;3.98;78.4;82.6;19.6;0
9615;828367048;Comercio;6.7;5.4;59;-1.3;3;51.9;18.2;3.96;39.5;36.2;7.6;1
9616;932678241;Comercio;19.8;9.8;32;8.2;1;43.0;12.5;3.19;37.3;63.3;10.6;0
9617;849398794;Manufactura;11.4;6.6;17;7.7;6;80.9;17.6;2.83;76.1;63.4;1.9;0
9618;848118190;Servicios;20.0;18.2;13;22.7;10;90.5;6.5;2.57;86.8;74.4;0.2;0
9619;821105105;Manufactura;13.6;11.6;10;1.4;6;68.4;23.8;3.64;47.7;56.0;8.8;0
9620;916911589;Manufactura;5.6;1.7;22;8.8;9;91.7;16.9;2.34;75.7;84.0;4.1;0
9621;923217763;Transporte;8.7;4.6;19;7.4;8;92.2;8.4;4.03;51.4;54.0;13.4;0
9622;898635545;Servicios;7.1;3.2;10;13.5;6;57.2;28.5;2.94;35.7;32.4;1.3;0
9623;832539995;Tecnología;8.4;6.6;57;19.9;5;80.8;42.0;4.26;63.7;57.1;27.9;0
9624;953271556;Manufactura;5.4;3.0;10;-2.7;8;71.8;30.4;2.0;58.6;63.4;2.1;0
9625;944150410;Transporte;11.7;2.4;10;2.7;5;68.5;1.4;4.97;78.2;83.1;15.3;0
9626;922772640;Servicios;4.4;3.4;45;0.6;0;49.1;32.5;2.72;68.7;80.7;20.4;1
9627;813529311;Construcción;9.6;5.9;43;0.5;3;55.2;11.6;2.03;78.9;69.5;15.1;1
9628;923474898;Construcción;42.4;40.1;17;24.0;4;57.7;26.6;4.16;88.6;70.0;16.7;0
9629;930364688;Servicios;15.8;13.8;8;9.6;1;56.7;44.8;4.7;71.1;74.6;1.5;1
9630;939650801;Servicios;12.3;8.0;84;-6.1;4;58.5;18.6;3.37;55.3;68.5;1.8;0
9631;915629028;Comercio;19.7;4.3;32;11.8;8;94.9;24.1;6.86;85.3;80.6;3.0;0
9632;846376520;Construcción;17.8;4.8;17;-3.7;6;65.8;15.4;3.89;91.6;73.3;17.7;0
9633;989726913;Comercio;2.6;1.0;53;21.9;5;73.4;13.4;4.24;33.0;62.3;14.6;0
9634;973814299;Servicios;10.3;4.5;20;4.4;6;60.6;17.0;4.12;53.0;52.8;38.7;0
9635;836890118;Manufactura;11.0;8.1;26;4.9;4;77.3;22.8;3.03;85.9;72.4;15.0;0
9636;869836934;Servicios;3.2;1.9;6;28.4;5;54.1;17.4;2.56;28.5;33.8;15.2;1
9637;824429776;Servicios;15.0;8.8;45;-3.9;2;48.1;10.1;2.74;82.2;62.1;23.8;1
9638;959521676;Manufactura;9.9;9.4;108;15.4;2;44.4;7.4;2.9;78.4;70.2;7.4;0
9639;887912380;Servicios;13.4;6.8;77;-15.0;5;65.4;14.2;3.36;58.0;62.6;1.1;0
9640;896682239;Construcción;20.2;12.6;8;17.5;2;42.4;23.2;2.22;22.2;33.7;9.2;1
9641;853750442;Comercio;16.3;15.6;35;0.8;7;88.6;40.3;4.23;35.5;43.6;0.4;0
9642;890506151;Servicios;16.2;8.3;52;-0.8;5;68.4;15.3;2.89;46.3;59.4;50.0;0
9643;929597045;Servicios;6.1;4.2;7;-6.9;2;58.2;2.2;3.07;76.4;44.3;5.3;1
9644;830425860;Servicios;16.2;10.6;95;5.7;8;75.4;20.1;3.1;73.8;77.3;20.4;0
9645;947200411;Servicios;12.9;3.3;90;2.5;4;56.4;22.9;3.45;52.9;76.8;2.5;1
9646;839883886;Servicios;3.4;3.1;5;13.2;4;55.0;19.0;6.38;57.9;57.2;5.0;0
9647;853235315;Comercio;29.6;19.5;5;3.5;0;35.0;10.8;2.02;46.3;59.0;4.3;0
9648;989146265;Servicios;5.3;1.8;19;7.5;3;73.5;17.3;3.91;12.6;40.7;11.9;1
9649;892962440;Tecnología;8.9;2.1;12;2.7;4;45.4;13.1;1.71;41.3;46.2;30.8;1
9650;860632345;Servicios;5.9;3.1;26;4.6;5;62.1;10.7;7.17;36.3;47.8;11.2;0
9651;968615615;Comercio;9.6;3.7;8;22.1;2;50.3;4.1;2.55;85.5;90.3;13.2;0
9652;939138032;Servicios;8.1;5.4;39;23.0;5;74.2;18.5;2.97;92.3;67.7;6.5;0
9653;987136509;Construcción;29.4;29.1;17;15.4;8;78.6;20.5;2.36;42.2;49.6;1.8;0
9654;953700711;Comercio;3.9;2.8;168;28.8;4;73.5;26.1;4.22;55.3;58.2;3.1;0
9655;802052340;Tecnología;2.2;1.9;115;-7.5;3;57.8;4.6;2.64;69.3;74.9;7.9;0
9656;865882092;Servicios;10.1;7.8;71;10.7;3;58.1;18.6;3.32;47.7;58.6;0.8;1
9657;971087837;Servicios;4.5;2.0;17;0.8;3;55.9;10.6;3.41;82.7;80.1;28.5;1
9658;878408735;Construcción;3.8;2.0;9;-2.9;5;82.4;20.7;1.43;72.1;54.9;7.5;1
9659;955128140;Transporte;2.9;1.2;67;12.6;7;86.9;7.4;2.75;74.4;75.9;5.2;0
9660;916183633;Construcción;12.1;5.1;33;-0.2;8;73.6;13.5;2.95;73.4;71.9;2.1;0
9661;810089686;Comercio;5.4;3.6;49;-6.6;1;34.5;21.5;2.58;58.8;84.1;0.7;1
9662;876418736;Servicios;2.8;1.8;61;14.9;10;68.8;11.4;4.57;53.7;65.4;0.5;0
9663;853568214;Construcción;13.0;7.0;32;15.3;5;68.5;16.2;4.99;53.3;55.3;8.3;1
9664;874131908;Transporte;6.3;3.6;26;-12.0;4;50.7;26.4;2.65;47.1;57.2;15.6;1
9665;889526505;Construcción;16.1;15.6;19;-6.8;5;73.0;6.0;3.0;31.7;25.9;12.6;0
9666;860503186;Manufactura;10.1;8.2;10;13.7;8;82.3;23.3;4.59;59.9;54.5;0.5;0
9667;830342845;Manufactura;6.8;4.8;37;23.1;4;58.1;18.1;2.66;46.5;44.4;0.8;0
9668;823217878;Comercio;8.9;4.6;42;10.7;5;76.8;29.2;3.86;51.7;54.7;6.2;0
9669;811761732;Servicios;8.5;3.3;164;19.8;4;42.3;14.6;4.47;79.8;97.5;38.1;0
9670;807495238;Servicios;26.8;19.5;18;8.6;4;66.1;21.0;7.55;90.3;100.0;4.1;0
9671;830006803;Manufactura;1.2;1.2;104;4.0;5;63.1;13.6;2.78;21.7;43.5;27.1;0
9672;828610848;Manufactura;3.9;3.2;11;13.2;9;93.9;23.3;4.33;79.1;85.2;3.4;0
9673;898354181;Servicios;9.0;6.9;66;5.5;3;60.9;12.5;2.38;41.3;48.9;16.1;0
9674;981805984;Servicios;5.1;2.9;95;15.0;5;68.0;14.6;2.92;50.8;65.4;14.6;0
9675;888393171;Servicios;6.3;2.5;21;9.6;4;39.4;13.0;6.18;33.7;30.5;16.3;0
9676;871576251;Construcción;11.0;2.3;34;9.7;6;73.5;2.8;3.0;47.8;41.0;2.6;0
9677;939944586;Comercio;1.4;1.3;27;12.5;6;62.4;19.3;2.13;53.4;44.9;0.3;1
9678;974131425;Comercio;4.7;3.8;15;3.1;5;62.6;14.7;2.21;85.2;94.4;39.2;0
9679;933720947;Comercio;4.3;3.9;35;4.6;4;51.4;20.7;2.3;61.9;61.9;6.8;1
9680;993764091;Construcción;17.4;17.3;63;-3.0;2;68.0;12.4;1.61;40.5;47.1;4.6;1
9681;910649508;Comercio;2.7;1.7;102;12.1;7;92.5;25.1;3.04;48.5;62.6;0.4;0
9682;909795844;Manufactura;7.0;4.3;36;17.7;2;46.3;1.7;3.65;75.5;60.0;2.2;0
9683;930100151;Comercio;18.0;3.9;35;12.1;4;71.4;18.3;3.17;70.2;53.6;10.0;0
9684;906412801;Construcción;11.4;2.6;41;22.1;8;72.6;34.0;2.19;59.7;78.6;10.8;0
9685;881630187;Comercio;17.4;16.7;16;5.0;4;74.7;4.3;2.18;51.3;46.8;0.1;0
9686;815431547;Servicios;12.0;7.1;61;8.2;5;76.1;24.9;4.39;65.6;55.8;4.0;0
9687;929355118;Servicios;27.8;20.4;72;-7.6;3;58.6;2.0;4.27;50.4;70.8;1.9;0
9688;810962727;Servicios;3.7;3.1;30;16.3;7;79.9;21.7;3.42;95.6;91.4;1.0;0
9689;805999433;Comercio;36.4;30.4;15;-21.1;5;65.5;13.5;2.72;63.0;49.1;28.9;0
9690;858131969;Tecnología;5.0;2.7;24;-0.3;2;49.9;13.2;3.76;50.9;60.1;1.9;1
9691;985071208;Comercio;10.2;7.8;19;4.0;3;52.9;10.2;4.92;53.8;49.8;4.4;1
9692;975399416;Transporte;11.2;10.7;5;17.3;9;85.2;24.9;2.3;10.8;43.7;9.6;0
9693;891106543;Comercio;3.3;1.3;184;-14.4;2;62.2;1.2;3.25;62.8;57.9;2.1;0
9694;839125459;Transporte;16.5;10.4;26;-5.9;3;64.4;31.2;4.82;85.2;83.0;6.8;0
9695;864807294;Servicios;8.8;6.0;19;7.3;3;66.6;13.9;2.24;49.8;65.9;3.1;0
9696;994699108;Servicios;11.7;9.7;16;6.4;3;56.6;5.3;3.12;78.8;57.9;2.0;0
9697;980206065;Servicios;4.9;2.3;17;7.8;3;58.1;23.7;3.29;14.9;28.8;2.2;1
9698;994604916;Transporte;3.4;2.2;40;8.2;4;55.7;5.5;6.28;17.1;46.9;3.5;1
9699;839374581;Comercio;1.5;0.6;8;-2.8;1;57.5;16.5;2.93;65.0;69.7;0.8;1
9700;914378422;Tecnología;42.8;33.7;35;5.6;3;52.0;19.7;2.44;32.0;37.8;15.2;0
9701;835240649;Construcción;8.4;8.1;36;-8.6;3;57.9;24.4;3.61;95.0;95.4;9.0;1
9702;990712882;Comercio;11.5;7.1;10;17.5;4;73.9;50.0;2.63;70.5;69.3;15.0;0
9703;834025824;Transporte;20.7;15.5;27;-0.9;8;78.9;29.7;3.31;41.7;43.7;2.6;0
9704;866295755;Servicios;8.8;8.7;14;-13.2;1;59.6;9.5;2.55;76.7;58.7;4.4;1
9705;896190834;Comercio;17.4;10.5;52;12.8;0;43.1;17.5;3.44;62.2;68.1;13.3;0
9706;841103589;Comercio;12.0;8.3;8;-7.6;8;77.2;19.0;4.31;60.8;52.9;24.9;0
9707;911002619;Servicios;17.1;10.6;65;3.3;5;74.8;17.1;4.12;98.4;83.7;17.4;0
9708;870203639;Servicios;14.2;7.5;19;12.2;4;65.7;27.7;2.95;76.6;76.8;8.6;0
9709;806504594;Servicios;5.6;5.2;10;14.1;2;51.4;31.4;4.37;50.1;58.0;4.0;1
9710;944601966;Comercio;10.2;5.2;14;17.8;4;60.8;9.4;3.42;45.1;51.4;7.6;0
9711;810425391;Comercio;18.0;10.2;48;-7.6;1;61.4;18.9;2.44;56.6;59.1;2.8;0
9712;837531571;Comercio;3.8;1.1;34;-10.8;8;77.9;30.1;2.21;86.1;76.7;21.3;0
9713;974271254;Servicios;6.0;2.8;96;29.5;8;84.3;25.6;3.0;69.9;44.3;4.5;0
9714;862854871;Manufactura;3.3;2.2;18;-11.3;5;64.3;31.7;4.07;73.6;58.3;11.2;1
9715;988490581;Comercio;8.1;1.9;58;26.4;4;31.0;21.2;1.76;80.2;86.1;6.3;1
9716;807081667;Manufactura;14.4;13.5;46;-7.7;5;63.4;36.5;4.08;62.3;60.9;14.4;0
9717;955785772;Comercio;6.1;3.4;44;8.5;4;71.8;32.5;4.19;66.0;41.0;1.4;0
9718;813197468;Construcción;13.7;5.4;5;33.4;4;54.8;20.4;2.83;81.8;80.2;3.5;0
9719;987555223;Comercio;14.2;4.2;8;4.1;7;64.6;10.6;2.73;55.0;63.1;9.9;0
9720;859603341;Transporte;3.2;1.8;5;3.2;6;74.4;17.5;4.61;30.1;32.5;18.1;0
9721;828489977;Servicios;43.3;14.0;82;-0.2;1;36.6;18.7;2.78;81.1;50.9;3.3;0
9722;922688570;Comercio;11.7;8.6;37;6.3;5;79.9;11.5;2.59;16.9;19.0;22.9;0
9723;845879396;Servicios;9.4;3.7;13;5.0;2;45.4;19.0;3.05;51.1;51.2;5.6;0
9724;934961795;Manufactura;1.8;1.0;7;-7.0;6;81.9;17.2;2.16;79.9;66.7;22.0;0
9725;981958007;Comercio;15.7;15.3;8;-6.1;5;82.9;26.9;3.0;46.5;58.0;10.1;1
9726;984191089;Servicios;8.9;8.8;17;12.0;1;51.5;11.8;2.48;63.6;68.7;16.4;0
9727;981313542;Manufactura;8.8;8.2;11;7.1;2;43.9;14.1;3.05;44.9;56.2;1.9;0
9728;809077221;Transporte;5.7;4.0;40;-3.8;5;54.5;27.2;3.26;36.3;30.1;5.0;1
9729;983527785;Manufactura;19.5;9.2;42;14.5;0;48.4;23.6;4.9;61.6;60.3;30.7;1
9730;836706208;Transporte;3.6;2.7;41;5.1;10;91.5;23.3;1.16;48.3;49.1;4.8;0
9731;895607704;Comercio;7.8;7.4;12;17.2;4;61.2;19.2;3.42;47.6;52.3;25.5;0
9732;806733908;Construcción;5.4;4.4;26;1.5;6;67.3;10.3;1.73;80.7;81.3;24.5;0
9733;836252208;Comercio;22.9;14.8;22;3.8;6;63.5;11.2;2.71;57.6;50.5;4.8;0
9734;938424325;Comercio;11.6;4.8;106;9.6;7;72.1;39.5;3.44;51.9;62.8;4.2;0
9735;824191110;Servicios;7.9;1.7;16;0.5;3;39.1;11.8;6.37;65.0;59.3;10.7;0
9736;898400883;Servicios;6.4;4.8;60;-13.3;8;93.0;21.8;4.05;40.2;56.3;0.9;0
9737;812414143;Servicios;2.9;2.4;13;21.8;1;51.7;6.6;5.41;16.9;24.4;3.8;1
9738;892795985;Servicios;4.1;4.1;10;2.8;2;54.3;19.3;3.49;13.4;35.5;5.7;1
9739;803753544;Manufactura;5.3;4.5;16;0.4;4;62.2;19.8;3.54;53.0;58.7;8.8;1
9740;901577386;Comercio;9.4;8.0;8;14.1;4;58.0;20.7;3.54;75.4;77.2;8.4;1
9741;952638357;Comercio;7.0;6.6;25;11.1;5;78.2;5.0;1.96;59.8;72.2;4.5;0
9742;951783444;Transporte;3.4;1.3;26;-10.0;4;71.1;5.0;3.12;54.7;46.8;1.0;1
9743;923090894;Servicios;7.0;2.7;24;-2.6;7;80.8;8.3;2.63;49.6;59.5;0.5;0
9744;858833219;Comercio;7.4;1.9;5;17.8;2;47.0;19.4;3.51;34.8;52.7;3.3;0
9745;816345731;Manufactura;3.5;0.8;77;15.5;9;81.5;10.6;1.84;49.8;40.0;3.8;0
9746;944837498;Transporte;10.9;9.1;13;11.8;4;67.0;4.5;1.98;63.0;36.4;17.3;0
9747;840513627;Construcción;2.5;0.6;38;15.5;5;69.2;7.4;2.9;34.5;44.3;2.1;0
9748;942277359;Construcción;6.6;5.1;13;-9.1;4;56.6;11.8;4.4;67.7;52.4;12.3;1
9749;826939349;Comercio;11.9;10.2;35;16.8;7;65.8;24.9;3.34;79.2;77.4;0.1;0
9750;943293529;Servicios;16.0;15.2;13;7.1;2;55.8;10.7;3.67;53.1;77.1;15.7;0
9751;820738813;Servicios;8.5;3.0;10;-0.7;5;72.5;20.9;4.25;38.9;35.6;12.6;0
9752;944468200;Servicios;9.5;4.1;39;20.1;5;63.2;11.8;2.6;65.1;63.7;0.4;0
9753;980814254;Servicios;20.2;19.9;64;-18.5;5;53.9;12.0;5.38;82.4;67.6;23.1;1
9754;833745537;Transporte;4.6;4.4;28;7.6;7;97.7;24.1;2.13;30.3;40.8;4.8;0
9755;849770195;Servicios;37.6;31.6;29;11.7;7;59.1;17.7;2.8;52.0;46.6;4.2;0
9756;857823609;Servicios;5.2;3.3;17;1.8;4;60.7;7.5;2.88;73.1;68.8;9.0;0
9757;885080676;Construcción;13.0;12.6;40;21.2;6;38.2;4.6;2.8;23.9;53.9;16.9;0
9758;880566925;Servicios;50.0;20.6;25;4.0;1;49.3;14.7;1.92;63.6;61.9;9.9;0
9759;996017743;Manufactura;7.4;5.0;17;-11.7;8;86.0;22.0;2.1;35.8;47.6;0.0;1
9760;967147983;Manufactura;13.2;2.8;31;-15.4;8;84.0;8.2;3.26;65.5;44.2;1.1;0
9761;893648714;Comercio;8.4;4.2;5;-14.1;4;73.2;13.8;3.08;35.9;47.3;1.0;0
9762;809911000;Manufactura;9.8;5.9;86;-13.1;6;67.3;8.6;3.84;38.4;53.1;13.0;0
9763;896644654;Manufactura;10.8;6.9;20;14.8;7;80.4;21.5;4.3;41.0;58.4;1.2;0
9764;907255948;Comercio;6.9;5.8;5;2.4;3;57.8;36.7;3.2;54.5;60.2;4.2;1
9765;986207394;Transporte;7.8;4.6;24;-4.4;5;64.4;16.6;4.3;95.6;92.1;6.6;0
9766;831019363;Comercio;19.7;18.8;38;0.1;6;73.3;26.2;4.95;51.3;50.6;18.2;0
9767;805792509;Servicios;19.5;4.9;25;3.6;3;81.4;9.7;3.75;54.8;53.8;20.3;0
9768;996758226;Transporte;1.3;0.9;5;-3.8;4;62.1;36.6;2.99;39.7;45.1;8.3;1
9769;839876449;Servicios;5.1;3.8;21;2.0;3;58.2;21.7;2.39;59.2;65.1;13.3;1
9770;826585612;Manufactura;4.7;3.4;26;16.2;3;62.5;7.2;2.78;31.0;72.1;0.8;0
9771;843997154;Transporte;7.0;2.6;89;4.9;3;84.9;18.7;4.49;38.8;31.5;49.5;0
9772;856869837;Transporte;22.4;9.3;22;-8.6;3;72.0;28.4;3.4;35.4;58.2;46.4;1
9773;884782301;Transporte;2.1;2.0;17;9.5;3;78.5;29.3;3.35;74.8;82.2;4.4;0
9774;921299077;Servicios;8.5;7.8;19;7.5;4;67.7;28.9;3.71;67.1;89.0;1.6;0
9775;813450189;Manufactura;3.2;1.8;25;20.0;6;64.0;19.7;6.75;39.5;52.0;0.7;0
9776;994441093;Manufactura;14.6;3.0;61;5.7;4;51.5;4.2;2.07;53.9;67.3;10.2;0
9777;925820574;Comercio;7.0;5.7;13;19.0;7;72.9;11.0;5.72;51.7;58.1;5.1;0
9778;959201566;Transporte;2.9;2.1;30;-6.5;6;68.3;16.4;3.55;51.7;37.0;8.1;0
9779;900360261;Transporte;11.3;11.1;64;5.1;7;76.4;6.4;3.73;44.5;31.6;34.5;0
9780;890465809;Manufactura;28.1;25.2;47;12.9;5;79.3;33.3;3.73;42.9;48.5;3.7;0
9781;857595902;Tecnología;14.4;13.7;9;10.6;1;57.4;30.1;3.16;46.7;40.0;2.2;1
9782;872998818;Servicios;3.6;1.7;52;1.5;7;66.2;21.4;4.96;65.0;70.7;3.2;0
9783;898682110;Servicios;14.3;14.0;110;3.8;7;71.6;23.9;3.09;75.7;73.1;1.7;1
9784;897462166;Servicios;4.8;1.4;18;10.1;8;70.4;35.4;1.64;59.6;66.7;50.0;0
9785;845776927;Servicios;7.0;5.7;41;-8.1;7;73.2;31.5;6.22;75.0;73.6;0.8;1
9786;967189590;Servicios;5.1;4.9;13;0.5;3;67.8;11.8;2.86;68.4;66.9;5.2;0
9787;965667173;Comercio;8.1;6.1;90;0.0;6;69.1;22.2;3.66;54.2;50.3;27.8;0
9788;951193081;Manufactura;6.0;2.4;9;2.0;3;50.3;6.1;2.76;35.9;24.7;4.1;1
9789;971591305;Servicios;14.0;10.0;27;12.2;4;97.0;8.7;3.47;75.4;79.2;32.5;0
9790;948215006;Servicios;6.6;6.5;18;6.9;6;70.2;9.1;3.85;49.0;46.2;28.3;0
9791;871595953;Construcción;5.6;2.1;115;14.1;6;74.3;26.7;4.44;60.7;50.9;7.8;0
9792;877577361;Manufactura;17.4;10.2;56;4.1;0;41.2;9.6;3.23;87.6;100.0;2.6;0
9793;876936645;Manufactura;31.1;8.0;116;-3.3;4;61.9;6.5;4.76;77.8;71.0;15.5;0
9794;837102218;Construcción;6.9;2.0;16;9.1;4;53.2;14.7;2.58;22.9;39.4;8.0;1
9795;898130433;Transporte;11.7;6.1;28;3.9;8;97.5;5.4;1.55;71.0;73.4;2.4;0
9796;810559936;Comercio;7.0;3.6;24;5.9;5;71.1;9.7;3.74;21.7;48.9;25.9;1
9797;895748536;Tecnología;39.0;24.8;11;-3.2;5;38.2;23.5;4.28;35.8;45.6;16.9;0
9798;916971578;Servicios;21.4;15.7;10;1.2;5;80.3;18.2;2.47;14.9;28.8;1.6;0
9799;847208845;Comercio;9.5;8.6;8;4.5;6;80.4;27.2;2.4;86.2;73.5;14.0;0
9800;882389168;Manufactura;4.3;2.6;7;-10.6;5;72.5;11.6;2.08;81.9;86.3;4.8;0
9801;925325297;Servicios;3.8;3.6;10;2.0;7;69.9;8.8;2.97;74.7;67.1;11.6;0
9802;911169141;Servicios;16.5;11.2;52;-17.6;8;70.4;16.9;2.91;73.4;85.2;14.5;1
9803;973962067;Servicios;2.8;1.0;200;3.2;5;69.7;15.0;4.64;51.3;60.9;7.3;0
9804;855465053;Servicios;11.1;10.8;8;-1.1;6;61.9;21.1;4.33;41.7;50.5;11.6;1
9805;943350768;Comercio;3.7;1.7;24;-3.4;6;91.6;9.2;3.9;37.7;33.8;8.9;0
9806;805739194;Construcción;7.4;2.9;48;6.9;8;84.8;13.1;2.15;62.3;59.4;8.3;0
9807;806546732;Construcción;7.1;7.0;58;11.6;4;45.9;7.5;2.88;61.9;72.7;8.1;0
9808;857649118;Comercio;8.7;7.6;11;1.7;6;91.8;20.3;3.25;29.0;38.7;15.4;0
9809;952826620;Servicios;10.7;5.8;7;-9.1;6;58.7;27.6;5.51;67.7;61.6;4.6;0
9810;860123745;Construcción;5.2;3.2;37;7.4;3;52.4;15.9;2.44;46.3;54.2;5.2;1
9811;973048597;Servicios;6.2;2.9;8;-2.1;7;77.2;8.9;6.52;86.2;72.9;0.5;0
9812;864926849;Servicios;50.0;33.8;13;-15.6;3;61.4;3.1;3.28;79.3;52.8;6.5;0
9813;855287947;Servicios;5.4;2.1;14;10.3;6;67.0;28.8;5.27;21.1;31.0;22.1;1
9814;834058004;Manufactura;4.7;1.0;57;2.8;4;71.6;9.5;4.82;44.1;58.4;18.6;0
9815;845981867;Transporte;7.8;6.6;12;1.3;6;71.6;4.8;6.12;17.4;26.9;13.1;0
9816;911803090;Servicios;4.8;1.4;42;2.1;2;58.1;16.6;4.37;72.6;79.6;9.2;0
9817;820793990;Transporte;19.2;11.4;75;-15.0;6;66.8;28.7;3.1;64.2;53.3;17.0;0
9818;967611520;Construcción;19.3;6.8;66;10.2;6;81.9;17.9;4.52;64.4;50.5;7.5;0
9819;884447691;Servicios;9.4;4.0;30;8.2;6;76.9;4.6;3.45;25.2;47.9;11.4;0
9820;928465338;Comercio;10.7;2.8;59;4.3;4;70.1;26.0;4.16;92.8;78.5;5.3;1
9821;809752234;Tecnología;10.0;6.8;79;4.4;5;69.8;21.0;4.78;83.3;47.2;13.6;0
9822;900215626;Comercio;8.1;4.7;15;11.7;1;60.9;9.6;2.41;72.6;66.5;28.6;1
9823;801733638;Construcción;5.6;1.7;39;8.0;5;72.7;29.5;3.81;28.0;46.0;1.6;0
9824;828444081;Comercio;5.9;2.6;40;-3.2;8;92.7;20.8;3.96;76.4;70.9;8.4;0
9825;855458850;Construcción;16.0;11.6;45;3.8;4;69.0;4.2;3.37;78.0;66.6;36.7;0
9826;931623219;Servicios;1.9;1.0;26;5.0;9;84.4;19.9;4.62;81.6;74.3;11.4;0
9827;947240329;Manufactura;2.3;2.2;21;7.8;4;70.0;22.6;2.15;82.4;70.1;4.9;0
9828;840502098;Construcción;9.8;6.0;66;4.4;5;61.8;20.1;2.64;71.3;82.0;1.5;0
9829;814677314;Construcción;3.6;2.8;63;10.1;8;81.8;9.8;2.44;85.7;88.3;1.7;0
9830;820164331;Transporte;13.5;5.7;35;16.6;5;58.4;2.7;3.47;24.6;48.0;6.5;0
9831;800079081;Comercio;3.3;0.9;10;17.0;10;88.4;18.1;2.89;56.2;71.0;3.8;0
9832;925923512;Servicios;7.4;2.3;92;-5.6;6;77.4;9.5;3.42;87.1;78.5;2.9;0
9833;891444493;Servicios;19.0;13.5;17;-11.2;4;77.8;27.0;2.87;97.1;72.2;0.2;1
9834;872800140;Comercio;10.7;7.8;120;7.6;7;100.0;21.6;5.72;96.3;87.5;8.7;0
9835;821888843;Comercio;4.5;2.7;18;7.3;6;77.4;18.7;2.5;29.5;46.2;1.6;0
9836;832966040;Servicios;7.0;1.4;24;4.2;5;64.5;15.9;4.42;81.5;82.4;3.0;1
9837;903250548;Servicios;19.7;13.2;73;2.0;1;45.5;11.4;3.2;78.4;61.8;0.5;1
9838;817099709;Comercio;5.2;1.3;43;8.3;6;91.6;18.3;2.85;62.3;64.1;18.1;0
9839;999283038;Comercio;23.5;5.4;21;9.1;3;49.5;43.0;4.94;64.0;47.6;0.8;1
9840;814327321;Comercio;4.8;1.6;51;19.5;2;47.2;6.3;3.4;82.7;78.0;0.6;0
9841;922473554;Transporte;11.6;9.4;75;-3.6;1;49.0;10.7;2.85;72.7;70.1;5.0;1
9842;862076436;Comercio;11.2;7.4;98;8.2;4;61.6;4.9;3.52;91.9;77.5;50.0;0
9843;853220767;Servicios;4.5;3.9;5;24.0;3;48.1;32.0;2.07;77.5;68.6;5.7;1
9844;858509859;Transporte;10.1;2.9;12;-11.0;5;62.0;32.1;3.27;42.5;53.3;11.6;1
9845;853960108;Manufactura;10.0;4.6;42;2.0;4;71.1;25.5;2.62;85.2;79.8;1.7;1
9846;986437936;Servicios;15.8;14.2;79;-16.2;1;51.8;39.0;2.28;55.7;67.0;3.5;1
9847;876363763;Comercio;12.0;7.1;9;23.1;1;47.0;22.0;2.56;57.2;51.8;0.2;0
9848;874448317;Servicios;18.6;4.4;43;14.5;4;72.1;7.2;3.82;52.7;66.5;3.9;0
9849;835652256;Comercio;9.6;4.8;13;19.0;2;51.3;7.1;4.49;61.1;50.3;6.2;0
9850;947012202;Comercio;6.6;5.0;27;11.2;9;76.0;17.3;3.02;80.9;78.2;5.2;0
9851;996038338;Construcción;5.1;3.2;57;1.8;5;75.2;21.8;2.05;51.6;74.4;37.4;0
9852;908596386;Servicios;14.6;13.7;5;10.7;6;69.4;28.7;3.66;40.2;43.7;3.4;0
9853;935205797;Manufactura;3.6;2.3;22;26.7;2;58.6;2.8;5.18;82.4;58.1;12.1;0
9854;868894750;Transporte;12.5;10.4;46;-8.8;8;79.4;21.0;2.58;84.3;67.6;0.8;0
9855;951631238;Servicios;6.0;4.9;16;5.5;3;64.2;18.7;2.98;65.3;52.5;9.8;0
9856;958062513;Servicios;2.3;1.5;5;1.0;5;72.9;12.2;6.57;48.7;40.7;1.1;0
9857;883642013;Comercio;8.5;5.3;11;-2.7;8;89.0;13.2;4.16;45.1;62.3;0.8;0
9858;866489837;Comercio;8.2;4.4;13;-9.5;6;78.6;19.3;3.45;55.5;64.0;17.2;1
9859;854592396;Transporte;7.8;3.0;35;1.8;5;87.8;6.0;3.69;74.8;55.3;5.2;0
9860;892349085;Servicios;8.2;6.7;30;3.0;3;61.3;6.9;2.9;70.9;64.7;4.4;0
9861;851562506;Servicios;14.3;12.0;100;-3.9;4;52.1;22.4;2.09;78.5;84.6;6.1;0
9862;824957733;Transporte;24.1;7.5;58;-1.1;5;74.9;31.0;6.17;82.6;63.5;5.4;0
9863;946667718;Comercio;12.1;2.8;26;-4.6;5;65.6;16.3;3.37;55.8;31.4;25.8;1
9864;919107003;Construcción;11.3;11.0;7;11.3;3;67.7;20.6;4.04;58.7;73.9;43.8;0
9865;865139203;Servicios;25.4;14.7;5;14.8;2;74.1;15.8;3.89;55.1;59.2;5.7;0
9866;873491531;Servicios;18.4;5.7;15;-7.9;6;75.4;23.3;4.53;58.5;59.6;2.8;1
9867;875666543;Comercio;8.5;7.9;42;14.6;6;70.9;18.6;4.69;66.6;72.2;19.6;0
9868;811827026;Servicios;7.2;1.5;11;3.5;4;62.7;7.6;4.12;45.7;39.6;7.1;1
9869;970009748;Transporte;3.6;2.8;7;5.7;1;40.4;25.8;2.51;14.6;34.1;8.9;1
9870;821676942;Servicios;3.6;3.0;20;10.9;5;45.9;33.4;3.16;48.1;44.6;0.1;1
9871;895719894;Comercio;15.2;4.0;6;2.0;7;75.3;17.6;3.0;36.5;48.0;6.6;0
9872;963995147;Servicios;7.2;6.3;16;14.8;7;60.8;11.7;3.22;32.9;62.9;14.3;0
9873;862222542;Manufactura;3.3;2.4;61;-11.7;5;68.6;12.5;4.81;70.2;76.9;0.7;0
9874;946367614;Comercio;8.8;7.7;47;9.2;7;73.1;29.4;4.41;60.2;48.8;25.3;0
9875;966257053;Manufactura;6.7;3.4;10;6.9;7;88.8;11.1;4.05;82.1;76.4;19.6;0
9876;860426486;Comercio;17.0;5.9;33;8.9;5;73.0;17.6;1.51;46.3;60.0;8.9;0
9877;844491567;Comercio;12.1;2.6;36;14.3;1;48.9;12.4;4.37;50.1;58.5;4.8;0
9878;906467579;Comercio;5.1;1.7;21;-8.0;7;86.3;21.9;4.26;13.8;35.4;6.6;1
9879;858966095;Manufactura;6.2;4.2;45;3.2;2;42.4;21.3;5.19;80.3;78.1;4.7;0
9880;886842288;Manufactura;14.2;8.3;38;-14.0;4;66.5;18.3;4.59;59.1;63.6;31.6;1
9881;982372345;Servicios;10.0;6.5;19;20.6;7;100.0;7.4;4.04;64.8;67.4;1.3;0
9882;954222151;Comercio;3.7;1.4;33;2.9;3;50.6;23.1;3.19;88.4;96.1;19.1;1
9883;908123449;Servicios;12.8;2.7;29;9.8;5;68.9;22.0;3.03;40.4;37.4;1.2;0
9884;853020764;Servicios;12.2;12.1;14;0.4;4;60.1;20.2;4.65;32.0;39.8;10.6;1
9885;961186347;Comercio;11.1;7.3;11;2.5;8;67.4;1.6;2.93;60.4;77.0;29.1;0
9886;934078991;Comercio;4.8;3.6;8;10.9;3;37.1;14.6;4.13;54.3;67.7;4.9;1
9887;868188338;Comercio;3.0;2.1;104;9.8;6;68.1;15.2;4.41;85.9;92.0;16.0;0
9888;910408834;Comercio;10.3;6.1;35;4.2;1;75.9;31.6;2.66;87.8;87.9;1.6;1
9889;800151923;Transporte;6.2;5.9;46;1.8;3;65.3;10.5;6.99;57.1;68.2;13.2;0
9890;867815817;Comercio;6.1;2.0;18;9.8;5;66.1;12.2;2.42;67.6;58.5;11.4;0
9891;946299339;Servicios;8.2;5.6;29;6.1;5;74.8;22.7;3.59;51.2;35.4;3.9;0
9892;998366066;Servicios;6.8;4.7;28;11.5;3;56.3;20.0;2.35;34.4;28.5;7.9;1
9893;914444586;Servicios;13.9;5.6;141;-5.7;7;78.3;18.8;3.11;76.8;71.3;12.3;0
9894;950740867;Servicios;12.1;8.8;26;5.5;6;61.7;18.7;2.88;66.9;59.7;4.8;1
9895;819552741;Servicios;10.7;9.7;30;-17.9;6;68.7;22.2;2.8;52.5;72.3;0.3;0
9896;967241621;Servicios;18.0;17.4;28;4.4;7;79.5;10.2;3.25;85.5;79.4;3.1;0
9897;802215464;Servicios;6.1;4.0;26;9.4;5;59.7;7.1;5.15;61.8;61.2;11.1;0
9898;908600466;Tecnología;23.0;22.3;30;-0.3;8;100.0;6.5;4.88;72.7;50.4;0.0;0
9899;816776069;Construcción;9.6;9.5;16;4.2;6;76.0;8.6;3.95;73.4;65.5;19.5;0
9900;848254923;Servicios;3.6;3.3;88;-3.4;4;68.5;4.7;4.46;41.3;37.2;2.3;1
9901;809209491;Transporte;12.3;11.0;38;-5.1;2;44.9;19.0;2.31;73.0;73.3;12.8;1
9902;990757737;Servicios;16.6;3.8;13;-3.6;4;75.9;23.0;4.83;70.3;63.9;25.2;0
9903;843465358;Servicios;17.0;13.2;15;17.7;1;61.2;6.2;1.97;90.9;79.4;0.3;1
9904;958336955;Comercio;6.0;2.6;58;-0.1;5;59.5;9.9;3.15;74.5;66.6;8.0;1
9905;915327490;Comercio;30.2;21.9;40;20.8;5;40.0;5.0;3.58;76.3;64.5;21.4;0
9906;802258914;Servicios;8.3;4.8;12;-5.4;4;85.0;11.9;2.68;47.6;49.3;10.4;1
9907;948471753;Comercio;4.6;3.3;46;6.4;5;73.9;11.3;2.47;81.2;79.9;1.2;0
9908;834490717;Tecnología;4.9;1.2;14;1.4;4;47.3;4.7;4.39;86.1;80.1;2.2;0
9909;800156289;Servicios;4.0;3.6;24;7.1;3;52.0;12.9;2.3;25.2;37.1;9.4;1
9910;965021794;Comercio;6.7;5.8;11;-2.0;4;80.2;15.1;2.68;48.5;49.7;2.8;0
9911;952934692;Tecnología;10.4;4.6;13;3.3;6;70.7;10.8;2.14;76.9;46.2;13.4;0
9912;801535932;Servicios;7.1;5.7;9;4.7;5;62.7;17.4;3.42;33.8;57.3;9.7;1
9913;985716267;Transporte;17.1;11.0;57;-3.4;6;81.7;9.6;3.71;89.2;75.0;2.0;0
9914;916591807;Servicios;4.6;1.7;29;-5.0;8;92.4;33.5;2.43;61.4;57.9;21.7;1
9915;966405988;Manufactura;12.9;9.1;171;22.8;4;45.5;9.6;4.68;66.8;45.5;2.1;0
9916;895331969;Servicios;7.6;3.4;10;1.8;1;43.8;18.2;2.92;93.1;76.4;2.3;0
9917;939681512;Transporte;6.8;2.2;26;-1.1;3;73.2;28.6;3.88;87.5;88.3;16.7;1
9918;930263033;Comercio;6.3;3.1;19;7.3;2;38.6;15.0;2.42;29.7;37.3;10.1;1
9919;952488276;Comercio;9.5;7.6;77;21.9;4;64.1;6.7;2.45;73.6;74.6;13.9;0
9920;837789309;Servicios;9.7;7.6;29;-5.2;5;66.2;13.0;3.36;50.1;56.3;30.3;0
9921;916458308;Servicios;3.7;2.8;30;12.4;7;93.5;8.9;2.61;68.2;70.2;0.8;0
9922;950251393;Construcción;5.6;3.5;5;8.0;3;46.6;25.0;5.57;79.3;86.8;1.3;1
9923;950842748;Comercio;5.6;5.1;27;10.9;6;75.7;18.8;2.18;38.3;51.9;2.1;0
9924;813453618;Servicios;5.3;2.4;8;2.9;4;50.8;11.0;3.07;65.7;48.1;11.2;1
9925;833129202;Servicios;14.2;5.7;27;16.3;4;67.3;28.6;2.0;57.5;61.2;1.3;0
9926;982165641;Comercio;2.4;1.9;21;21.2;4;61.8;10.6;1.53;55.8;61.1;9.8;1
9927;892172310;Servicios;7.5;2.8;17;1.8;6;85.5;11.4;1.4;72.4;78.5;24.4;0
9928;936937799;Comercio;50.0;27.9;45;-1.3;6;70.1;21.7;2.59;53.8;38.0;1.2;0
9929;814671783;Tecnología;19.5;11.9;16;8.0;3;74.5;5.0;3.67;53.3;59.2;0.2;0
9930;823079698;Transporte;16.4;7.0;100;8.6;3;53.8;0.7;5.72;28.6;43.2;1.7;0
9931;836486404;Servicios;4.5;1.7;11;4.1;6;71.7;34.6;3.98;82.6;70.8;19.6;1
9932;957900302;Comercio;4.4;3.2;8;2.5;5;72.4;31.5;3.57;65.9;67.6;25.5;1
9933;939896827;Tecnología;14.3;3.9;14;8.5;6;61.4;10.3;3.57;86.3;63.4;7.9;0
9934;832905658;Transporte;5.5;2.8;5;-2.5;1;24.8;19.5;2.51;80.6;73.0;2.0;1
9935;808097686;Comercio;14.4;7.6;24;19.5;6;61.9;2.6;2.31;65.6;43.5;27.3;0
9936;877684780;Servicios;5.7;3.4;28;2.0;3;45.2;23.3;2.76;81.4;81.5;0.7;1
9937;969055299;Comercio;18.4;11.4;77;16.9;6;81.9;33.0;7.1;39.8;47.8;35.6;0
9938;847226854;Comercio;30.9;24.0;64;6.7;4;66.6;10.3;3.03;52.0;54.8;12.3;0
9939;980335903;Servicios;4.8;1.7;13;-0.2;6;79.5;11.6;2.82;66.1;67.6;5.9;0
9940;872899771;Construcción;12.2;5.9;9;-1.4;5;60.6;27.3;3.63;37.1;31.8;6.4;1
9941;809021198;Comercio;7.5;5.1;59;-1.7;3;71.9;10.3;4.23;71.3;53.1;2.6;0
9942;949472827;Manufactura;11.9;4.3;10;13.3;4;43.6;11.9;3.17;46.0;38.0;3.4;0
9943;865484701;Servicios;2.2;1.8;31;14.4;8;72.1;9.8;5.38;47.1;65.1;0.4;0
9944;833098001;Transporte;7.4;1.9;42;-12.4;4;60.5;21.4;2.85;35.6;62.8;0.3;1
9945;827019356;Construcción;14.5;10.3;27;4.8;7;66.7;24.1;6.24;59.8;71.3;0.8;0
9946;957908170;Comercio;18.0;4.6;13;-1.3;6;80.6;34.9;4.65;57.6;64.4;2.2;0
9947;984555600;Comercio;2.7;1.1;123;17.0;8;83.6;15.2;2.86;89.6;97.2;1.9;0
9948;899055020;Servicios;39.2;19.5;8;-12.2;4;64.4;13.5;3.21;86.9;76.6;12.2;0
9949;934118342;Manufactura;4.6;4.6;132;17.0;6;66.7;34.1;5.29;62.6;69.1;6.2;1
9950;946350788;Construcción;8.8;8.2;19;5.5;5;74.0;31.6;2.34;62.9;57.2;10.6;0
9951;838801865;Servicios;15.0;13.9;66;2.9;2;59.6;27.4;3.21;73.5;71.1;21.9;1
9952;879347274;Manufactura;14.7;5.9;83;3.4;6;68.2;28.0;3.5;44.0;59.6;9.7;0
9953;960037063;Tecnología;5.9;2.1;10;7.4;1;54.4;13.3;2.91;82.8;84.7;3.3;0
9954;827140655;Servicios;5.6;4.1;41;-0.1;4;50.0;15.0;3.2;54.7;54.7;6.8;0
9955;891754701;Construcción;9.4;2.7;10;34.1;1;53.0;11.9;3.09;59.7;44.5;15.9;0
9956;959960572;Servicios;4.4;1.0;72;8.0;3;61.2;13.4;3.24;39.3;45.2;26.3;1
9957;973198861;Servicios;7.6;7.3;217;-4.0;2;56.8;35.2;2.75;59.8;49.8;0.9;0
9958;849469439;Transporte;21.6;16.7;47;5.0;4;69.4;12.9;2.47;59.5;71.4;8.7;0
9959;922002561;Servicios;6.2;3.3;23;13.7;7;81.0;22.3;3.28;41.6;53.6;2.4;0
9960;855529128;Servicios;8.6;2.5;32;14.3;9;83.0;17.0;2.79;22.8;45.6;13.6;0
9961;823771733;Servicios;10.7;2.8;133;-6.3;6;70.0;10.8;2.58;47.5;76.7;14.6;1
9962;984626535;Servicios;17.4;9.2;16;-0.4;6;59.2;31.1;2.29;39.9;63.3;3.5;0
9963;890039682;Comercio;6.4;4.2;14;1.4;6;75.6;26.1;2.79;74.0;72.4;3.3;0
9964;953944405;Transporte;3.9;1.1;13;-4.3;2;66.9;19.6;6.06;58.2;65.7;1.2;0
9965;804518815;Servicios;11.7;6.5;58;14.3;8;100.0;5.5;4.6;67.4;50.7;17.2;0
9966;931666380;Comercio;17.6;7.6;24;-1.2;6;74.0;19.5;3.27;86.7;63.6;2.1;0
9967;972278180;Transporte;17.0;4.4;7;-3.3;4;61.5;14.5;3.4;52.6;48.1;1.5;0
9968;991057296;Construcción;18.9;9.3;25;6.1;6;66.8;34.1;4.42;44.1;29.1;12.1;1
9969;841974094;Comercio;18.2;12.3;12;9.4;7;100.0;5.0;3.32;29.0;50.8;13.5;0
9970;986090095;Construcción;7.7;6.8;10;-13.5;7;67.4;6.3;2.52;44.8;55.2;10.8;1
9971;829087183;Servicios;3.6;2.7;25;27.2;7;90.3;22.0;3.15;78.4;80.9;23.5;0
9972;845164764;Comercio;7.7;6.5;35;19.0;4;54.5;17.6;2.77;51.6;60.9;18.2;1
9973;883792301;Comercio;8.4;2.7;19;7.0;5;54.9;11.3;2.41;41.4;65.9;6.0;1
9974;905429308;Transporte;3.9;3.4;69;18.9;6;81.0;21.6;2.81;52.2;55.8;1.3;0
9975;934269814;Servicios;16.5;14.8;18;10.0;6;71.5;7.8;2.68;90.8;94.2;27.3;0
9976;855053159;Servicios;12.8;10.6;27;3.9;5;84.2;27.6;4.49;69.3;53.0;0.8;0
9977;994372690;Servicios;5.9;5.1;23;16.3;3;42.3;13.7;5.51;73.1;78.5;6.3;1
9978;858580272;Servicios;1.7;1.6;12;28.7;4;62.9;11.5;2.26;56.0;62.6;15.6;1
9979;861973850;Comercio;4.8;3.8;112;-5.1;3;55.8;6.9;4.31;44.7;45.1;11.4;0
9980;849236554;Construcción;10.5;7.1;18;-6.3;5;55.8;25.5;4.97;32.8;28.5;12.3;1
9981;974304362;Tecnología;5.1;2.1;29;-4.7;5;57.3;15.6;1.99;80.2;89.7;4.8;0
9982;908181844;Construcción;5.3;3.8;184;12.4;9;75.7;15.0;7.72;97.2;84.0;4.9;0
9983;851791502;Manufactura;2.6;1.4;39;-11.2;5;77.6;9.5;4.59;63.8;59.6;8.5;1
9984;930920847;Comercio;10.2;7.4;16;10.1;3;53.2;39.3;2.64;46.4;44.6;4.8;1
9985;988734506;Servicios;5.3;5.2;14;-5.9;7;84.1;28.9;3.27;22.7;34.2;48.2;0
9986;884140356;Servicios;12.2;3.9;13;4.6;5;84.5;15.6;8.14;80.6;73.5;10.0;0
9987;891740497;Servicios;15.5;7.8;19;-3.8;7;70.9;14.7;2.09;43.8;61.8;29.6;0
9988;854283363;Construcción;8.2;8.1;43;15.7;6;78.1;12.3;3.95;47.4;63.8;1.1;0
9989;961092927;Construcción;25.2;15.2;10;12.5;2;60.5;34.6;2.06;71.1;60.4;5.3;1
9990;995890887;Construcción;19.1;11.2;5;-1.8;2;58.6;9.9;2.39;91.8;67.7;4.4;0
9991;814960595;Manufactura;12.2;3.7;164;23.3;7;85.9;5.5;4.22;72.9;57.4;10.7;0
9992;975299727;Transporte;7.0;2.5;24;-9.6;2;31.9;19.8;3.26;35.5;47.5;31.1;1
9993;950402296;Manufactura;14.0;4.6;31;18.3;6;84.5;3.0;4.29;47.2;56.9;4.5;0
9994;902520108;Construcción;6.5;3.6;37;-4.7;3;53.4;7.4;3.17;45.0;41.5;5.8;1
9995;860438180;Servicios;18.5;17.7;10;-6.1;5;69.8;18.7;2.69;66.1;78.4;1.8;0
9996;891597178;Tecnología;2.5;2.4;17;3.2;4;58.2;14.1;7.16;82.9;67.4;1.2;0
9997;946344179;Comercio;5.9;4.3;17;9.4;5;56.9;18.7;5.07;48.7;49.6;11.5;0
9998;805253922;Comercio;7.7;7.2;8;-0.3;5;62.5;27.4;3.45;73.2;71.0;0.7;0
9999;923226280;Servicios;7.8;7.2;63;23.4;0;37.6;18.3;3.12;80.3;64.7;15.5;0
10000;973112002;Manufactura;11.4;5.0;42;15.6;3;62.2;4.1;1.79;31.8;46.9;7.0;0
