id_empresa,ciudad,sector,antiguedad_empresa,distancia_centro,productividad,numero_trabajadores,salario_promedio,rotacion_personal,crecimiento_nomina,numero_servicios,indice_formalizacion,indice_digitalizacion,indice_competencia,satisfaccion_servicio,aporte_mensual
1,Bogotá,Hoteles,9.8,52.25,48.1,2,3.53,24.2,-5.4,1,74.3,62.3,31.7,5.7,6119147.0
2,Medellín,Construcción,17.5,58.81,54.2,29,4.09,23.1,2.7,1,60.6,71.5,1.9,6.0,10689409.0
3,Otras,Minas,7.3,71.78,88.7,3,4.87,13.6,0.5,1,80.2,64.2,82.0,6.4,10001511.0
4,Bogotá,Energía,3.4,50.57,65.7,3,4.77,11.7,5.6,1,69.3,66.8,48.1,6.1,8243634.0
5,Medellín,Financiero,22.0,4.93,66.7,5,4.87,6.5,0.9,0,73.7,71.2,47.7,5.8,7935528.0
6,Otras,Comercio,18.5,44.81,49.9,11,2.88,31.5,5.7,0,59.1,54.3,53.8,5.3,6408917.0
7,Bogotá,Hoteles,28.7,52.21,63.2,21,3.26,20.4,10.0,2,78.9,75.7,38.7,6.5,12205693.0
8,Cartagena,Transporte,6.2,66.18,52.7,5,3.2,9.7,7.4,2,62.2,59.1,45.5,7.1,7005307.0
9,Cali,Comercio,12.6,73.23,62.2,11,3.52,23.0,14.7,2,75.4,59.1,6.2,7.0,9603506.0
10,Bucaramanga,Transporte,18.8,76.46,47.7,20,3.56,17.8,10.1,3,64.0,52.4,65.1,6.5,9383890.0
11,Bogotá,Financiero,8.1,15.01,81.6,35,4.09,3.3,-0.4,3,73.4,78.6,50.0,7.5,15155518.0
12,Medellín,Salud,13.5,5.01,66.7,31,3.68,15.4,9.5,2,61.9,72.0,4.8,6.8,12698203.0
13,Bogotá,Agricultura,13.7,13.01,60.6,14,2.86,25.1,0.1,4,67.7,77.6,68.2,7.4,9969656.0
14,Manizales,Comercio,2.5,11.51,49.2,7,3.34,23.6,4.8,2,68.2,49.3,38.1,6.5,6769962.0
15,Bogotá,Comercio,6.9,65.86,57.5,9,3.11,27.5,4.1,1,72.9,62.9,93.3,6.2,7964791.0
16,Medellín,Financiero,11.3,36.7,70.1,6,4.92,0.0,-6.4,2,66.2,73.7,84.3,6.2,9002969.0
17,Cali,Comercio,6.8,31.67,57.4,43,3.02,23.6,-8.8,1,59.0,59.5,29.4,6.3,10934897.0
18,Medellín,Construcción,28.9,45.38,55.1,16,3.91,22.8,9.4,1,69.7,58.9,40.7,5.9,9440864.0
19,Barranquilla,Salud,20.0,70.48,63.6,70,3.78,19.8,9.6,2,72.3,66.2,29.3,6.5,19027189.0
20,Cartagena,Transporte,12.1,48.65,42.4,6,3.93,23.3,3.6,1,61.1,47.0,93.9,5.7,5625667.0
21,Bogotá,Comercio,30.0,55.27,58.4,13,3.95,36.5,-0.7,1,74.9,67.4,9.0,6.2,8982069.0
22,Bogotá,Comercio,5.6,9.09,63.3,2,3.79,25.7,21.0,1,72.0,57.1,7.1,6.2,8096374.0
23,Bogotá,Comercio,9.4,72.05,42.2,5,3.47,30.7,16.8,2,59.8,65.1,83.8,7.6,6610736.0
24,Cali,Manufactura,14.6,22.53,64.3,16,4.73,16.8,10.8,1,64.7,63.9,56.1,7.1,9811903.0
25,Bogotá,Información,5.7,4.83,73.8,26,4.98,13.2,-0.9,3,69.2,68.0,32.2,6.2,13308368.0
26,Otras,Información,5.2,33.57,57.3,30,2.7,17.4,15.0,2,69.7,49.2,9.4,6.5,10424452.0
27,Bogotá,Comercio,6.2,15.02,61.7,5,3.47,33.8,5.7,0,59.2,74.9,84.2,6.1,6627668.0
28,Bogotá,Comercio,51.0,31.03,62.8,24,4.3,25.3,6.6,2,75.3,81.5,65.2,6.4,12690901.0
29,Medellín,Salud,12.9,14.57,75.3,29,4.84,22.4,11.7,3,77.5,77.4,50.0,6.6,15670443.0
30,Barranquilla,Manufactura,13.9,25.44,53.5,80,4.23,12.4,0.7,4,64.1,66.9,32.2,8.5,20496084.0
31,Manizales,Minas,35.1,18.07,68.7,43,4.46,3.6,15.2,4,77.0,60.8,77.1,7.8,18276515.0
32,Barranquilla,Comercio,15.3,13.12,58.3,3,3.54,36.7,1.2,0,67.4,67.8,78.4,5.9,6240586.0
33,Medellín,Comercio,36.4,26.1,70.6,7,3.42,21.6,9.9,0,77.4,72.1,59.6,5.1,10282186.0
34,Medellín,Energía,10.8,78.07,68.9,2,6.34,9.2,-2.1,0,78.0,70.3,37.1,6.4,9829615.0
35,Bogotá,Transporte,22.8,68.53,64.0,18,3.41,26.2,0.1,0,59.3,72.2,56.2,5.7,8639458.0
36,Medellín,Información,21.1,58.23,69.6,10,4.84,13.9,17.7,0,79.7,73.2,79.1,6.5,11161977.0
37,Cali,Salud,15.4,13.7,67.7,25,4.97,15.2,0.8,2,70.5,64.0,36.0,7.3,12914088.0
38,Medellín,Agricultura,9.3,52.29,53.9,14,3.38,21.5,9.1,1,62.4,64.8,5.1,7.1,8088305.0
39,Bogotá,Hoteles,8.6,59.25,61.3,8,3.12,25.8,-0.1,1,64.2,68.1,23.8,6.2,7188292.0
40,Medellín,Comercio,2.8,15.67,52.6,11,3.45,23.5,17.4,1,66.1,71.6,31.0,6.0,8094425.0
41,Cartagena,Información,6.8,63.66,57.8,13,4.6,10.8,1.3,0,72.0,69.2,10.7,6.1,8813844.0
42,Bogotá,Manufactura,7.5,56.88,60.2,11,3.97,16.6,8.9,3,70.3,73.3,43.7,7.1,9601340.0
43,Bogotá,Transporte,8.6,41.92,47.5,61,4.56,29.0,4.8,3,50.4,62.0,18.0,7.1,17134752.0
44,Bogotá,Hoteles,13.4,7.92,46.8,13,2.8,29.4,9.4,0,44.5,53.0,56.5,6.7,5687620.0
45,Bogotá,Construcción,7.5,77.19,60.8,9,4.99,18.3,14.3,1,68.1,69.1,80.0,4.9,9158447.0
46,Bogotá,Manufactura,7.0,68.48,67.1,12,4.41,18.6,6.7,0,65.7,79.7,13.7,5.6,9392105.0
47,Barranquilla,Comercio,4.2,6.62,45.2,16,3.26,25.8,-1.6,1,61.7,52.9,83.1,6.5,7169317.0
48,Barranquilla,Manufactura,13.0,60.84,68.7,138,4.73,13.6,8.0,1,67.3,62.7,98.8,6.0,33848878.0
49,Pereira,Transporte,18.7,39.16,61.4,16,4.0,20.5,14.6,0,59.2,56.3,44.7,6.0,9067832.0
50,Bogotá,Manufactura,19.7,20.7,61.7,25,5.15,9.2,-2.3,1,57.8,73.9,42.4,4.8,11544723.0
51,Bogotá,Salud,4.8,12.8,58.1,12,4.68,9.4,-1.2,3,66.7,65.8,96.4,7.9,9023638.0
52,Otras,Comercio,25.0,40.06,45.6,15,3.74,22.7,8.6,1,59.8,54.9,83.3,6.2,7708674.0
53,Bogotá,Financiero,2.6,17.99,77.7,14,5.28,15.1,-0.7,1,81.3,79.7,11.0,5.8,11984552.0
54,Medellín,Manufactura,2.7,68.84,60.0,8,4.23,20.9,13.0,2,64.0,68.0,70.7,7.7,8661487.0
55,Bogotá,Comercio,2.2,32.98,51.2,10,4.39,32.2,2.6,1,54.2,62.6,77.3,5.9,6828634.0
56,Cali,Comercio,20.3,51.14,54.7,8,3.84,16.0,-0.5,1,60.8,66.1,0.2,6.4,7282693.0
57,Otras,Manufactura,12.4,69.57,60.6,32,4.35,17.2,6.3,1,78.2,54.5,41.6,5.9,12831363.0
58,Medellín,Manufactura,18.5,19.26,66.4,11,4.81,24.4,4.0,4,70.8,71.7,84.6,6.9,10439299.0
59,Medellín,Hoteles,21.1,40.07,46.4,18,3.88,24.9,3.0,1,63.7,65.3,23.5,6.5,8407269.0
60,Cali,Comercio,3.2,50.85,51.3,5,3.89,27.1,14.0,0,48.6,56.5,74.8,5.6,5400728.0
61,Barranquilla,Minas,6.9,51.89,59.7,41,4.71,12.3,9.4,1,72.4,58.3,10.4,6.3,14890981.0
62,Cali,Comercio,2.9,4.25,49.0,14,4.32,32.2,10.0,1,63.2,63.2,27.0,7.0,8311421.0
63,Cali,Comercio,5.4,78.3,50.0,4,4.0,40.8,3.7,1,54.9,67.4,77.1,5.1,5776725.0
64,Bogotá,Manufactura,6.1,44.87,57.1,35,3.77,14.4,3.4,4,66.8,66.4,80.0,7.3,13033576.0
65,Otras,Manufactura,20.5,58.91,59.5,7,4.32,22.3,5.9,0,76.7,60.4,31.1,6.2,8138397.0
66,Cali,Profesionales,17.5,76.55,72.2,20,3.51,17.1,-0.8,2,75.1,76.4,96.2,7.0,11497444.0
67,Bogotá,Agricultura,3.0,77.34,45.4,5,3.12,19.1,7.3,5,58.6,67.9,89.2,6.3,7000088.0
68,Cartagena,Transporte,4.0,50.89,67.4,12,4.11,30.2,-0.6,1,55.3,68.4,34.2,6.6,8121844.0
69,Bogotá,Agricultura,15.2,37.89,48.3,37,3.54,17.5,8.7,1,59.6,61.3,32.5,6.0,10808440.0
70,Bogotá,Manufactura,3.7,56.08,64.6,58,3.57,17.4,26.3,4,74.5,73.8,47.5,8.3,17602596.0
71,Cali,Construcción,9.9,28.01,60.8,11,3.46,21.8,11.2,0,58.7,70.9,12.3,5.7,8123298.0
72,Medellín,Manufactura,7.6,37.82,70.6,11,4.03,24.4,-7.6,0,62.6,72.1,48.1,5.9,8026587.0
73,Medellín,Agricultura,10.9,69.05,53.2,11,2.36,26.7,11.0,0,64.6,73.5,21.9,5.3,6553809.0
74,Medellín,Agricultura,6.2,22.06,41.2,25,4.18,17.7,5.4,1,57.9,62.1,56.4,5.8,8875805.0
75,Bogotá,Comercio,32.5,30.25,61.8,7,4.04,19.8,12.1,2,71.0,61.7,64.6,6.8,9521766.0
76,Barranquilla,Manufactura,13.4,63.69,60.4,28,3.54,20.1,16.8,1,67.9,56.1,28.8,7.3,14769537.0
77,Bogotá,Profesionales,18.8,71.41,69.5,7,5.22,9.5,3.9,0,69.1,79.2,82.2,5.5,9224389.0
78,Bogotá,Comercio,8.7,20.37,48.4,13,3.53,19.9,-11.6,0,60.1,67.2,80.0,6.4,6171088.0
79,Bucaramanga,Información,4.6,64.75,61.1,8,4.17,15.1,10.4,1,72.0,65.6,96.9,6.4,8364036.0
80,Bucaramanga,Agricultura,27.4,17.78,56.2,26,2.96,27.7,9.3,1,59.6,68.2,23.3,6.9,9837464.0
81,Bogotá,Información,13.3,5.65,77.4,24,5.41,18.8,9.0,3,73.5,72.9,47.5,6.4,15069692.0
82,Pereira,Manufactura,4.5,45.03,74.0,11,4.5,13.8,1.5,2,66.4,59.0,0.3,6.3,9839485.0
83,Barranquilla,Información,3.9,17.16,71.6,26,4.64,19.4,4.4,3,72.4,55.5,43.3,7.0,13049241.0
84,Cartagena,Comercio,12.0,68.35,57.7,13,3.17,24.7,8.5,1,51.5,69.5,9.5,7.0,7863378.0
85,Bogotá,Financiero,13.5,32.09,87.9,9,5.72,13.1,6.1,0,68.5,84.0,78.0,7.0,10989082.0
86,Bogotá,Financiero,19.2,45.34,82.4,7,5.82,3.2,-0.3,2,77.3,74.2,55.3,6.9,11605784.0
87,Bogotá,Información,14.9,35.41,65.6,62,4.76,5.8,4.5,0,63.3,74.1,26.7,5.5,17855931.0
88,Pereira,Hoteles,7.5,0.95,65.0,30,4.0,37.2,18.6,0,55.3,66.7,12.8,5.3,10784952.0
89,Pereira,Financiero,6.4,51.18,62.4,17,5.53,20.3,6.5,1,59.0,53.3,24.5,6.0,9896152.0
90,Bogotá,Comercio,32.1,20.74,61.4,4,3.24,26.0,11.4,1,66.7,78.6,23.3,5.7,8350122.0
91,Cali,Comercio,19.5,65.53,71.3,7,3.71,22.6,-1.5,1,76.3,63.6,1.1,5.4,8573026.0
92,Otras,Construcción,6.7,58.51,56.9,4,4.16,28.3,14.7,2,66.7,49.6,4.8,6.1,7510067.0
93,Barranquilla,Energía,15.3,31.19,71.8,15,5.62,3.2,6.4,4,68.1,60.3,78.8,6.4,12014261.0
94,Bogotá,Construcción,8.8,59.28,66.2,2,3.82,23.2,6.9,1,75.8,69.6,1.0,7.1,8241816.0
95,Cali,Transporte,30.2,68.4,61.7,6,3.34,28.4,-0.8,1,86.5,70.7,94.8,6.5,8555169.0
96,Otras,Energía,3.4,49.79,76.9,18,4.25,9.9,1.7,0,69.5,68.8,65.6,5.5,10954417.0
97,Cartagena,Información,3.4,42.7,61.5,9,4.08,7.5,-5.9,3,58.8,55.0,70.9,6.1,8467343.0
98,Cali,Comercio,11.0,3.16,45.4,3,3.48,24.2,9.0,0,58.5,59.3,26.5,6.4,5192087.0
99,Manizales,Comercio,8.1,23.46,57.7,7,3.01,26.8,8.5,0,56.1,55.7,80.2,6.3,6475392.0
100,Bogotá,Transporte,8.8,64.03,48.8,17,3.14,21.0,1.2,1,60.8,67.9,16.5,6.3,7643946.0
101,Cartagena,Comercio,4.7,41.81,44.6,46,3.42,25.3,2.0,1,58.8,45.7,64.5,6.5,11101974.0
102,Bogotá,Comercio,4.5,63.31,60.1,23,3.59,27.1,5.0,1,65.7,69.1,49.0,7.4,9933039.0
103,Cartagena,Financiero,10.7,47.03,54.4,6,4.34,10.2,-2.2,1,64.0,56.1,77.9,5.3,7021984.0
104,Medellín,Información,3.8,36.19,62.5,19,4.51,15.5,9.3,0,75.2,63.4,19.6,6.4,10168612.0
105,Bogotá,Manufactura,16.8,65.36,51.3,10,3.74,18.6,14.3,1,61.5,56.3,63.2,5.5,7972072.0
106,Cali,Manufactura,12.7,57.35,67.6,15,3.32,22.0,2.2,0,65.5,69.7,22.2,5.7,9000473.0
107,Cali,Comercio,2.0,20.76,56.8,5,3.06,22.6,3.9,0,72.4,59.8,85.9,5.1,6699616.0
108,Cali,Manufactura,6.3,11.57,51.3,17,3.59,19.0,13.5,1,56.2,57.6,43.8,6.3,7814103.0
109,Cali,Construcción,22.6,56.06,70.2,15,4.12,15.1,10.1,0,66.1,61.1,36.2,5.7,9972133.0
110,Medellín,Minas,29.2,19.69,83.0,15,5.64,9.1,-3.2,3,85.7,80.0,80.2,6.9,13545143.0
111,Cartagena,Comercio,32.3,18.4,64.5,18,3.7,22.1,-0.1,2,71.6,60.9,92.0,7.1,9898849.0
112,Barranquilla,Profesionales,14.0,66.44,60.6,8,3.49,8.1,12.4,1,72.8,59.2,68.3,5.4,13782063.0
113,Medellín,Información,2.7,69.54,77.1,19,5.72,20.4,9.4,1,68.1,68.2,39.5,5.9,12675067.0
114,Barranquilla,Manufactura,5.2,19.9,55.4,13,3.69,19.8,12.6,3,67.3,59.8,47.7,6.9,9234898.0
115,Cartagena,Construcción,3.8,4.47,62.3,1,4.34,23.8,8.7,1,67.0,57.4,74.7,6.5,7253235.0
116,Bogotá,Hoteles,15.6,71.6,47.3,10,3.15,29.9,5.2,1,73.4,67.9,45.9,5.8,7418508.0
117,Medellín,Manufactura,11.7,58.79,75.5,8,4.73,11.3,10.2,1,81.0,70.6,14.7,6.1,10670556.0
118,Bogotá,Información,11.6,11.37,73.6,5,6.13,20.7,-4.0,3,83.8,76.0,26.9,8.1,10359876.0
119,Cartagena,Transporte,6.6,15.57,53.2,22,2.99,17.9,8.5,2,57.8,49.7,91.1,8.0,8368606.0
120,Barranquilla,Hoteles,8.9,68.16,50.7,7,3.89,22.4,3.1,3,65.8,56.7,31.9,8.5,7601811.0
121,Barranquilla,Comercio,24.2,5.44,61.4,55,3.68,21.1,4.2,2,64.1,55.9,84.4,6.5,15084939.0
122,Cali,Manufactura,6.3,46.7,79.7,192,4.31,16.2,-1.1,4,74.5,59.7,15.7,7.5,41879275.0
123,Bogotá,Transporte,4.8,53.82,67.6,54,4.33,11.7,2.2,1,58.0,62.7,9.2,6.6,16199697.0
124,Cartagena,Comercio,6.3,26.19,38.1,9,3.15,24.8,17.2,0,50.3,50.7,60.7,6.7,5216399.0
125,Manizales,Información,17.3,22.93,66.9,35,4.13,16.3,11.1,1,77.8,47.3,9.0,5.8,14196522.0
126,Pereira,Comercio,5.6,19.28,67.1,12,3.58,31.7,9.5,1,70.6,61.4,10.4,6.6,8946552.0
127,Bogotá,Transporte,8.3,43.95,59.9,13,4.23,21.1,0.3,3,69.7,61.7,32.3,7.2,9765966.0
128,Bogotá,Construcción,16.1,52.56,52.5,12,3.17,18.7,10.4,1,55.4,62.4,27.2,6.0,7528063.0
129,Medellín,Comercio,7.4,20.09,60.3,4,3.62,26.9,8.3,1,67.7,60.6,90.8,6.1,7465040.0
130,Otras,Transporte,15.6,31.66,57.3,20,4.22,24.9,4.5,1,61.3,55.9,84.7,6.7,9733552.0
131,Bogotá,Salud,20.8,5.15,65.8,7,4.88,20.6,6.8,2,57.8,71.7,25.7,6.3,13352079.0
132,Medellín,Comercio,10.0,2.88,61.0,16,4.79,36.3,15.7,4,63.5,66.3,6.7,6.7,10744350.0
133,Bucaramanga,Salud,23.8,57.97,63.3,3,4.9,20.8,-0.7,1,61.4,72.7,98.9,6.9,7133445.0
134,Bucaramanga,Comercio,20.5,28.87,60.8,13,3.2,22.0,-0.6,0,66.6,65.0,12.8,5.9,7720830.0
135,Cali,Comercio,10.6,48.28,67.3,16,3.26,21.2,2.2,0,72.0,68.3,63.0,6.1,8933412.0
136,Medellín,Salud,10.1,17.5,72.6,4,4.73,8.6,-1.2,1,61.3,69.4,70.7,6.4,7756335.0
137,Barranquilla,Comercio,25.2,41.57,62.3,4,3.69,22.9,12.0,0,78.4,53.5,54.9,6.2,8288566.0
138,Bogotá,Transporte,5.1,62.29,65.0,10,3.76,31.6,-0.7,2,60.5,62.9,41.8,6.8,8210787.0
139,Bogotá,Financiero,4.6,39.69,68.3,10,4.76,8.5,6.2,0,67.4,80.8,49.0,6.1,9424763.0
140,Bogotá,Salud,21.6,52.82,68.4,44,4.13,10.5,4.8,3,76.5,82.1,85.0,7.9,16393533.0
141,Barranquilla,Hoteles,4.6,7.53,62.6,5,3.53,32.6,8.7,0,59.7,57.5,14.9,6.3,6381450.0
142,Bogotá,Comercio,15.2,19.86,54.2,5,3.62,28.5,-3.0,0,57.5,66.3,30.3,5.8,5288333.0
143,Bogotá,Salud,25.9,46.17,61.0,73,5.06,15.5,12.7,3,73.9,61.6,60.1,6.1,23924430.0
144,Bogotá,Salud,34.9,31.17,80.0,5,4.69,18.9,-4.9,0,74.0,81.3,31.7,6.5,8744246.0
145,Pereira,Salud,5.1,41.13,53.9,13,4.85,25.4,0.3,2,71.2,62.3,52.3,6.6,8896600.0
146,Bogotá,Transporte,16.0,13.25,57.4,25,3.98,23.2,11.2,0,71.0,68.4,66.8,5.8,11196064.0
147,Cali,Comercio,4.6,66.25,52.1,3,3.65,25.3,11.6,1,60.5,56.2,82.9,5.9,6169060.0
148,Pereira,Construcción,15.1,52.34,47.0,18,3.57,21.5,0.4,2,71.8,59.4,98.2,6.0,8467441.0
149,Cali,Manufactura,15.4,11.28,60.7,27,4.14,17.0,17.9,0,83.4,63.5,74.6,6.5,12771315.0
150,Cali,Manufactura,5.4,65.2,59.0,23,4.21,15.1,12.0,0,61.3,54.6,49.4,5.9,10241711.0
151,Pereira,Profesionales,8.9,67.86,48.2,7,3.85,13.2,-1.0,1,56.1,52.4,15.1,7.0,6328766.0
152,Bogotá,Construcción,9.8,34.73,74.1,24,4.78,25.1,5.0,2,66.5,83.9,4.4,5.4,13366666.0
153,Otras,Financiero,10.9,14.24,73.1,12,4.61,10.8,7.3,1,64.1,58.6,96.5,7.5,9521654.0
154,Bogotá,Hoteles,18.9,50.92,52.4,36,3.39,30.3,4.4,2,69.5,72.0,29.9,6.8,12039755.0
155,Barranquilla,Agricultura,1.6,65.26,41.5,6,3.48,22.9,3.9,0,65.2,57.4,45.6,6.8,5799676.0
156,Bucaramanga,Manufactura,9.2,8.7,59.7,33,5.18,18.5,-5.9,0,78.8,66.4,36.3,8.1,13004669.0
157,Bucaramanga,Construcción,6.5,39.71,44.0,20,3.42,27.3,-3.7,0,57.5,53.5,69.0,4.9,7200618.0
158,Medellín,Manufactura,38.3,25.77,66.3,25,5.14,24.7,3.2,1,78.1,66.7,59.9,6.4,12897943.0
159,Cartagena,Agricultura,4.3,24.95,61.7,3,2.91,25.0,5.3,2,55.4,58.2,89.0,7.8,6630773.0
160,Bogotá,Energía,3.2,78.75,63.9,13,5.27,8.8,10.3,1,68.4,66.5,0.0,6.0,10069391.0
161,Bogotá,Financiero,23.0,78.68,63.2,128,4.99,0.0,9.9,7,67.9,74.8,66.0,7.7,36142313.0
162,Bogotá,Manufactura,8.2,76.99,63.6,62,4.36,19.0,-1.9,1,63.7,64.0,9.8,7.1,17477313.0
163,Medellín,Agricultura,7.8,63.14,46.5,29,3.87,25.5,7.0,1,58.1,58.3,77.1,6.1,10005878.0
164,Otras,Transporte,4.8,69.55,55.1,2,3.67,21.6,-8.2,2,48.9,51.8,4.0,7.0,5581472.0
165,Barranquilla,Comercio,10.9,16.19,56.0,13,2.8,20.7,10.8,0,67.7,66.5,71.7,5.8,7592025.0
166,Bogotá,Financiero,19.1,41.98,67.4,15,5.54,6.9,22.8,0,66.6,66.3,27.9,7.0,11449408.0
167,Pereira,Comercio,20.4,1.82,65.3,70,3.37,30.3,-11.4,4,65.7,66.5,12.7,7.3,16224317.0
168,Bogotá,Profesionales,36.8,23.65,59.5,13,5.06,13.0,6.3,1,75.1,66.4,59.8,5.7,10493566.0
169,Manizales,Transporte,21.0,60.69,49.1,6,3.76,12.9,6.0,1,62.8,52.9,58.5,5.8,10501931.0
170,Cali,Manufactura,44.3,50.09,68.8,27,5.12,15.4,9.7,1,78.7,73.1,8.8,6.6,14809067.0
171,Bogotá,Agricultura,6.2,23.83,51.6,4,2.69,26.3,2.9,2,68.9,70.9,20.7,7.2,7362168.0
172,Barranquilla,Financiero,14.3,13.92,69.2,17,5.21,14.6,-1.2,0,77.4,79.3,21.6,6.6,11001214.0
173,Otras,Información,6.7,59.49,52.8,21,5.32,13.2,3.4,0,53.8,49.7,50.0,5.4,9138273.0
174,Bogotá,Comercio,6.8,0.06,42.9,13,3.8,28.3,0.9,1,53.3,70.1,46.5,6.0,6419735.0
175,Bogotá,Salud,4.4,22.16,56.3,17,4.12,20.6,-0.5,3,55.0,62.8,28.7,8.6,8629355.0
176,Manizales,Agricultura,1.7,66.42,45.1,3,1.97,33.0,9.3,1,45.7,47.3,80.6,6.2,4539644.0
177,Manizales,Información,28.6,77.03,64.8,33,5.32,10.5,3.8,2,62.9,64.4,1.6,7.4,14997554.0
178,Barranquilla,Comercio,10.9,58.33,52.6,4,3.0,26.7,4.7,0,58.3,52.0,3.6,5.4,5205526.0
179,Otras,Transporte,11.4,28.15,63.0,10,2.8,17.6,6.7,2,79.6,59.4,36.3,7.3,9441406.0
180,Bogotá,Comercio,9.9,34.52,59.6,8,3.96,31.7,6.0,2,71.6,61.7,91.3,6.9,10817134.0
181,Bogotá,Manufactura,5.2,67.7,62.8,33,4.54,15.8,8.5,1,47.4,79.3,53.9,7.1,12315025.0
182,Bogotá,Manufactura,5.6,22.23,73.1,78,3.84,23.0,10.5,1,66.5,73.2,85.5,5.0,20030780.0
183,Bogotá,Manufactura,5.8,14.94,88.2,38,4.68,26.2,6.3,2,73.1,89.9,99.5,6.4,17282417.0
184,Bucaramanga,Hoteles,11.9,75.04,64.4,4,3.37,28.8,11.5,0,59.6,70.3,73.2,5.3,10936378.0
185,Otras,Construcción,17.0,40.74,40.9,20,2.76,15.8,-6.1,0,63.7,62.8,39.9,5.9,6649218.0
186,Bogotá,Profesionales,7.0,71.17,73.3,17,4.85,16.6,-0.9,1,73.3,65.3,28.2,6.2,11265152.0
187,Bogotá,Financiero,2.8,21.5,69.2,27,5.58,14.9,5.4,2,67.9,73.9,64.4,6.4,13911404.0
188,Bogotá,Hoteles,3.4,27.8,58.9,57,4.14,35.7,6.5,1,61.3,60.3,50.5,6.6,15919383.0
189,Otras,Manufactura,5.8,69.41,58.0,16,3.57,18.8,10.5,0,66.6,57.6,78.8,6.4,8718518.0
190,Cali,Transporte,7.5,43.34,56.5,13,4.64,21.4,2.0,1,56.1,68.3,9.1,5.3,8054580.0
191,Pereira,Profesionales,8.6,31.39,65.9,14,5.03,21.1,3.7,1,67.6,56.7,36.4,6.9,9584942.0
192,Bogotá,Manufactura,12.5,61.12,64.8,15,4.57,17.7,7.5,1,64.6,71.0,39.4,6.4,9977215.0
193,Bogotá,Financiero,3.1,0.19,78.7,9,6.07,18.5,13.4,2,78.7,81.3,5.9,6.9,11787613.0
194,Bogotá,Comercio,9.7,8.37,48.6,3,4.05,24.9,-5.2,0,62.8,63.0,32.3,5.1,5165184.0
195,Otras,Comercio,3.0,76.57,33.8,10,3.28,23.4,8.8,1,51.1,43.5,32.0,6.7,5303038.0
196,Medellín,Minas,9.4,74.69,65.8,26,5.15,16.0,5.9,4,59.1,70.1,7.7,7.6,13274322.0
197,Bogotá,Construcción,13.4,68.45,67.3,10,5.36,19.9,16.8,2,73.3,73.6,80.2,4.5,11152513.0
198,Bogotá,Comercio,8.3,21.99,50.8,6,3.55,26.7,3.2,1,48.7,72.9,24.0,6.2,5768599.0
199,Bogotá,Comercio,13.3,12.41,67.1,19,3.82,18.3,10.1,1,69.4,73.0,30.7,7.1,10898800.0
200,Bogotá,Construcción,13.6,60.42,60.1,22,4.36,23.8,9.0,2,69.3,69.6,33.4,6.6,11530290.0
201,Bogotá,Comercio,11.3,23.3,50.1,11,4.03,26.0,12.5,1,49.8,66.4,6.1,5.7,7426869.0
202,Pereira,Comercio,14.7,64.34,53.5,7,3.32,28.9,9.8,1,67.3,61.3,16.4,6.8,7402948.0
203,Bogotá,Comercio,16.0,21.45,68.2,11,3.58,26.5,3.8,0,63.4,70.3,10.6,5.2,8461969.0
204,Bogotá,Hoteles,6.6,54.68,46.2,4,2.54,23.9,-4.5,0,57.0,60.5,57.5,6.4,5203300.0
205,Bogotá,Agricultura,36.8,41.75,48.2,10,3.22,21.1,4.0,4,71.4,60.2,15.8,8.1,8291936.0
206,Manizales,Comercio,11.1,6.53,49.7,8,2.75,23.9,5.9,0,54.1,55.7,50.5,4.0,6226213.0
207,Pereira,Comercio,8.5,76.77,43.4,53,2.67,26.6,1.4,2,53.8,56.4,18.0,5.9,13237516.0
208,Bogotá,Minas,6.6,62.6,69.0,37,5.85,14.3,10.4,1,74.5,75.2,9.5,5.8,16581036.0
209,Bucaramanga,Comercio,6.5,25.79,55.4,15,2.93,24.1,4.4,4,53.1,77.4,14.0,8.4,8445853.0
210,Pereira,Transporte,3.9,3.35,49.3,2,3.51,23.5,6.3,1,57.6,52.2,93.5,6.7,5880459.0
211,Cali,Información,28.6,78.42,65.6,38,4.62,14.2,8.9,0,81.7,65.1,1.1,5.4,15768168.0
212,Cali,Construcción,11.4,46.63,46.9,49,4.72,22.6,6.4,2,56.9,59.4,10.2,7.0,14761819.0
213,Cali,Profesionales,15.6,20.9,72.8,5,5.05,12.8,3.7,0,73.4,70.6,5.0,4.3,8926723.0
214,Bogotá,Profesionales,12.8,76.2,69.6,19,5.23,4.7,2.1,2,72.1,74.3,12.5,5.9,12446750.0
215,Bogotá,Comercio,12.1,55.53,53.0,6,3.44,16.9,14.5,0,70.2,63.5,69.6,5.7,7112066.0
216,Medellín,Comercio,9.0,71.27,55.8,1,3.35,31.4,8.8,1,68.2,75.8,65.7,6.9,6888546.0
217,Medellín,Agricultura,4.9,54.8,41.5,5,2.83,23.8,3.4,0,51.6,64.9,87.2,6.5,4366273.0
218,Medellín,Información,15.1,37.52,84.9,14,5.84,15.6,9.1,1,87.5,68.8,40.5,6.1,13357221.0
219,Bogotá,Manufactura,2.2,6.76,72.7,28,4.47,23.6,3.6,1,60.4,72.6,12.3,7.8,11479447.0
220,Bogotá,Hoteles,6.5,20.9,64.9,15,3.7,28.0,3.2,1,60.3,63.8,1.7,5.4,8187564.0
221,Bogotá,Comercio,18.8,51.48,63.0,142,3.88,20.8,26.1,0,72.8,75.8,50.3,5.6,30502112.0
222,Manizales,Financiero,5.8,62.82,64.2,8,4.54,13.1,8.9,0,69.9,64.0,82.2,6.1,8293820.0
223,Barranquilla,Comercio,3.6,12.12,54.1,3,5.1,28.0,9.8,0,53.7,47.4,95.6,6.9,5406859.0
224,Barranquilla,Minas,1.8,69.93,50.4,15,4.84,14.1,4.2,1,57.5,58.8,12.6,5.1,8321131.0
225,Bogotá,Comercio,16.3,67.03,60.1,13,3.9,27.5,7.6,2,65.3,77.1,34.4,6.5,9349073.0
226,Bogotá,Agricultura,8.0,32.72,52.2,7,3.13,16.0,-3.1,2,62.4,61.2,19.5,5.9,7162019.0
227,Medellín,Comercio,7.6,28.85,52.1,19,3.95,22.5,13.6,3,58.8,72.9,9.8,7.8,9871621.0
228,Barranquilla,Energía,12.5,68.73,69.6,7,4.59,6.9,6.7,0,74.0,61.9,79.5,6.6,9148252.0
229,Cali,Comercio,15.5,48.05,53.6,15,3.24,20.4,16.0,2,61.2,59.7,83.9,6.1,8755080.0
230,Cali,Comercio,8.2,61.22,67.3,56,3.24,31.6,10.5,1,55.3,69.4,69.6,6.8,14493245.0
231,Barranquilla,Comercio,20.7,19.58,62.5,48,2.89,23.3,0.1,2,73.6,53.7,1.4,6.5,12192959.0
232,Bogotá,Información,21.1,6.61,70.3,80,4.74,10.9,10.4,1,73.4,81.0,86.0,6.3,24192390.0
233,Bogotá,Minas,7.2,78.74,78.7,35,5.35,10.5,10.4,1,78.2,81.1,60.5,6.8,16597694.0
234,Cali,Comercio,2.4,68.81,60.5,34,3.53,21.9,-2.5,0,57.5,76.6,74.8,5.3,10304679.0
235,Medellín,Comercio,3.5,53.1,51.8,14,3.13,30.1,18.4,2,57.6,61.2,39.5,7.1,7476036.0
236,Cali,Profesionales,5.6,55.35,73.9,50,4.42,12.8,2.6,0,71.2,61.2,61.2,7.0,15966098.0
237,Bogotá,Comercio,23.6,68.08,64.9,4,4.02,20.3,7.8,3,79.4,67.2,80.7,6.9,9444302.0
238,Medellín,Hoteles,9.4,72.05,51.6,2,3.56,26.5,4.6,1,63.9,63.1,91.1,6.3,6117568.0
239,Medellín,Profesionales,27.4,43.44,62.7,47,4.56,13.9,9.6,4,67.2,66.0,84.4,7.1,17296049.0
240,Barranquilla,Comercio,5.0,78.27,56.4,5,3.93,25.7,7.6,1,50.0,58.5,76.0,7.5,6183164.0
241,Cali,Comercio,20.1,62.8,55.3,14,4.12,22.8,11.3,1,69.1,44.7,2.1,5.2,8936499.0
242,Bogotá,Transporte,26.5,20.43,61.7,17,3.83,24.3,9.8,1,77.9,68.7,73.5,6.3,10686292.0
243,Bucaramanga,Construcción,8.7,43.08,50.6,35,4.21,29.6,16.2,1,57.2,56.9,26.5,5.4,11620756.0
244,Cali,Manufactura,26.0,5.48,71.0,15,3.57,24.2,-2.8,2,69.2,65.1,64.7,6.9,9519115.0
245,Cali,Salud,8.5,20.74,67.9,6,5.2,9.1,-2.2,1,63.6,70.8,75.3,7.0,8220086.0
246,Bogotá,Comercio,1.1,30.39,65.8,16,4.41,28.6,-0.3,0,58.5,75.4,81.7,5.0,8843026.0
247,Bogotá,Transporte,7.6,65.37,47.8,65,3.36,16.2,8.2,1,64.7,62.7,34.2,7.1,15022068.0
248,Bucaramanga,Minas,5.9,24.51,80.8,11,5.26,11.2,-0.9,2,80.9,73.2,4.7,7.5,11885274.0
249,Bogotá,Energía,26.3,52.59,76.8,47,5.95,11.3,1.2,2,73.8,71.6,53.1,7.5,20587130.0
250,Otras,Comercio,5.7,49.98,45.3,22,3.16,24.4,11.9,0,64.1,50.1,18.4,6.0,7504578.0
251,Bogotá,Comercio,16.9,74.69,52.8,18,3.45,27.0,8.5,2,65.6,75.1,14.3,6.0,9211446.0
252,Bogotá,Manufactura,10.3,76.18,76.5,18,4.65,17.5,8.3,3,73.8,76.8,70.0,7.2,12886137.0
253,Barranquilla,Financiero,10.1,67.16,59.2,3,4.46,6.5,8.9,0,60.4,56.6,1.8,6.5,7035654.0
254,Barranquilla,Manufactura,17.5,65.72,59.3,13,3.74,18.1,7.5,0,63.3,67.9,34.9,5.8,8257692.0
255,Pereira,Comercio,6.6,0.07,59.2,49,3.75,20.6,3.0,2,73.9,66.8,74.8,7.2,22237907.0
256,Bogotá,Comercio,6.7,66.98,67.1,8,3.73,26.1,5.1,0,75.4,66.1,67.9,5.2,12099734.0
257,Medellín,Manufactura,20.8,3.09,74.5,104,4.59,15.4,6.2,2,66.1,62.2,99.7,7.7,26709143.0
258,Bucaramanga,Construcción,10.7,25.29,61.8,33,3.87,26.8,10.0,2,73.1,76.1,81.9,5.8,12991070.0
259,Medellín,Comercio,13.8,20.8,60.7,17,4.17,24.7,8.5,3,61.4,69.6,82.5,8.2,10140724.0
260,Bucaramanga,Comercio,10.7,60.14,56.6,87,3.75,27.7,10.1,2,66.3,59.5,94.1,7.7,19968578.0
261,Cali,Agricultura,6.3,9.74,53.1,3,3.46,30.9,-1.0,1,54.1,55.2,60.2,6.6,5082698.0
262,Otras,Construcción,5.2,11.62,55.8,34,3.97,29.7,10.1,2,67.7,45.8,21.4,5.6,11860063.0
263,Bogotá,Agricultura,12.9,49.57,56.5,26,3.94,19.8,1.1,3,61.1,65.1,67.4,6.3,11099906.0
264,Manizales,Información,10.0,14.73,77.9,15,4.15,10.7,-0.1,0,56.3,63.5,65.0,6.1,9352041.0
265,Bogotá,Agricultura,18.8,68.72,52.9,17,2.27,8.1,9.8,2,74.3,70.4,28.4,6.8,9003014.0
266,Bogotá,Comercio,17.2,68.88,72.0,23,4.04,16.9,4.6,4,74.4,80.6,25.5,7.4,13422848.0
267,Bogotá,Comercio,14.1,3.07,51.6,49,3.55,24.5,4.3,0,66.2,58.8,66.1,5.6,15589846.0
268,Medellín,Comercio,18.2,75.16,54.0,14,4.12,23.4,7.5,2,55.1,59.9,48.5,6.8,8694846.0
269,Medellín,Comercio,10.1,32.04,50.1,8,3.3,23.6,7.3,0,67.4,74.9,32.5,5.7,7295605.0
270,Medellín,Manufactura,9.1,65.54,70.3,9,3.77,18.4,11.2,0,61.9,67.2,44.0,6.0,8519312.0
271,Bucaramanga,Salud,21.8,74.36,60.2,22,3.81,11.8,5.1,0,75.7,71.5,3.9,5.9,10610320.0
272,Cali,Profesionales,12.2,68.07,63.4,113,4.56,17.4,14.2,0,74.1,58.4,8.0,4.8,28219405.0
273,Medellín,Profesionales,5.7,26.83,64.7,9,4.99,2.7,-0.7,1,71.6,66.8,32.4,6.8,9299825.0
274,Cali,Comercio,10.7,38.49,49.5,7,3.4,22.0,8.8,3,55.1,55.6,61.9,7.4,6934166.0
275,Bogotá,Manufactura,17.1,6.68,55.0,30,3.97,15.3,5.9,2,62.9,71.7,37.3,5.3,11401108.0
276,Medellín,Comercio,10.1,71.61,48.6,8,3.74,28.0,13.3,0,69.5,54.4,92.6,6.1,6735981.0
277,Bogotá,Agricultura,11.5,15.66,40.3,1,3.35,25.3,1.5,0,60.6,63.0,73.1,5.7,4738476.0
278,Cartagena,Información,12.0,3.59,57.3,10,4.18,6.3,5.5,1,67.4,58.0,70.4,7.6,8554000.0
279,Bogotá,Manufactura,6.7,19.62,63.0,15,3.67,14.1,17.8,2,61.3,58.4,4.4,6.1,9452920.0
280,Cartagena,Financiero,7.0,7.69,78.8,19,5.43,5.8,1.0,3,74.7,65.9,45.9,8.4,13422202.0
281,Medellín,Profesionales,36.7,61.6,61.8,16,3.81,13.7,6.7,0,76.9,72.6,99.4,5.7,10481849.0
282,Bogotá,Comercio,10.3,14.37,56.8,34,4.07,26.4,2.3,2,64.2,67.2,29.3,6.7,12109385.0
283,Cali,Manufactura,6.0,34.95,73.4,7,5.14,18.1,15.7,0,72.7,62.9,42.9,6.1,9294306.0
284,Medellín,Salud,3.3,6.82,78.5,14,4.69,16.1,15.8,1,76.9,71.7,42.9,6.6,11629372.0
285,Otras,Construcción,20.9,35.13,47.0,30,3.13,20.0,6.8,2,66.8,54.2,80.4,6.1,10585683.0
286,Bogotá,Comercio,4.0,46.26,60.7,3,4.38,29.2,10.5,1,62.6,71.7,41.6,5.6,8733548.0
287,Medellín,Comercio,4.0,57.56,56.2,234,3.57,30.4,3.4,5,63.9,56.2,15.1,7.7,40323784.0
288,Bogotá,Información,3.3,15.62,68.0,17,4.74,9.8,13.1,3,60.5,83.1,8.3,6.4,11661250.0
289,Cali,Financiero,14.9,61.96,69.9,14,5.34,2.5,7.0,1,67.6,71.7,35.5,6.7,11190395.0
290,Bogotá,Manufactura,3.2,39.38,54.6,8,4.52,20.2,12.5,2,61.9,64.0,58.5,5.3,7856956.0
291,Bogotá,Información,8.6,13.75,73.5,6,4.37,17.5,-2.8,0,57.4,78.3,67.9,6.9,7655983.0
292,Medellín,Hoteles,8.4,69.06,54.6,23,3.69,24.6,-1.4,1,54.9,63.8,31.0,7.6,12636519.0
293,Pereira,Hoteles,60.0,74.17,46.5,9,3.44,26.3,0.3,2,92.4,45.5,12.8,6.4,8024330.0
294,Pereira,Comercio,7.2,79.28,50.1,7,2.9,19.5,12.1,1,55.7,48.7,75.6,6.3,6144580.0
295,Medellín,Comercio,13.8,70.13,57.1,28,4.18,27.3,11.1,0,69.8,72.8,99.4,6.8,11428686.0
296,Cartagena,Información,11.8,4.09,81.1,50,4.54,12.2,-7.0,0,77.8,66.6,62.7,5.1,17471882.0
297,Bogotá,Comercio,26.7,71.38,57.8,140,4.23,19.0,-9.3,3,81.8,67.5,49.8,6.9,30298819.0
298,Cali,Profesionales,8.5,27.02,68.9,7,5.05,15.2,15.7,0,73.7,67.7,0.6,6.8,9244903.0
299,Barranquilla,Manufactura,7.6,78.78,55.1,61,4.34,21.8,8.5,1,50.1,59.3,83.9,6.7,15742742.0
300,Bogotá,Comercio,5.7,63.89,55.8,7,3.39,26.9,9.6,1,52.4,68.6,7.6,6.1,6926221.0
301,Cali,Comercio,6.2,17.89,42.4,15,3.1,24.3,0.7,0,58.5,48.7,37.4,6.6,6286483.0
302,Barranquilla,Comercio,7.2,37.43,65.7,11,3.74,31.0,1.4,0,73.3,68.2,89.2,5.9,8875566.0
303,Manizales,Construcción,3.7,11.51,62.1,16,3.12,21.1,13.5,1,61.6,69.2,42.0,5.9,8641117.0
304,Bucaramanga,Agricultura,3.4,15.15,46.5,11,3.54,23.3,10.6,1,53.1,60.1,97.8,6.7,6677618.0
305,Bogotá,Comercio,15.3,64.68,58.2,14,3.43,24.9,11.8,2,70.1,71.6,92.6,6.9,9643778.0
306,Pereira,Construcción,7.8,22.79,47.5,5,2.91,20.6,-0.6,0,64.9,46.1,83.1,5.7,5324960.0
307,Barranquilla,Salud,16.2,34.27,53.8,7,4.43,28.0,13.5,2,59.0,59.4,91.1,6.9,7949739.0
308,Barranquilla,Transporte,6.7,34.48,58.1,38,3.61,28.2,17.5,3,69.0,56.5,53.6,6.5,12746188.0
309,Barranquilla,Agricultura,11.8,10.13,55.5,8,3.21,20.4,4.5,0,58.9,55.4,17.6,4.2,5996286.0
310,Bogotá,Información,7.7,77.91,57.8,21,4.54,13.7,8.8,0,58.5,76.2,47.4,6.3,9663661.0
311,Pereira,Hoteles,27.6,27.52,52.0,24,3.05,24.1,10.5,2,70.8,70.2,36.2,7.7,10932178.0
312,Cali,Construcción,9.6,49.62,47.6,30,2.96,30.6,14.6,0,64.2,62.3,28.1,5.8,9234050.0
313,Bogotá,Hoteles,18.9,6.52,59.2,8,3.7,26.1,5.0,1,76.6,71.4,27.6,6.1,8241557.0
314,Cali,Manufactura,6.1,71.46,57.0,12,3.9,16.6,7.8,2,66.9,67.9,57.3,6.7,8855570.0
315,Bogotá,Información,15.6,57.17,79.1,8,4.96,15.4,3.7,0,89.1,72.7,69.4,6.6,11486695.0
316,Bogotá,Minas,23.7,28.31,71.8,8,5.97,6.8,7.4,1,75.6,67.3,28.3,6.2,10434138.0
317,Cali,Información,8.1,66.08,62.5,3,4.48,11.4,10.8,2,62.9,53.3,67.6,7.0,7547877.0
318,Bogotá,Agricultura,14.2,11.27,49.4,13,3.55,21.4,7.4,3,60.3,61.1,79.4,7.4,8364604.0
319,Bogotá,Comercio,17.7,5.37,58.3,3,3.8,23.9,17.9,1,66.0,62.6,68.7,5.8,8230631.0
320,Cali,Comercio,4.9,76.94,63.5,15,3.82,29.5,9.7,0,55.7,71.3,47.2,6.8,8350304.0
321,Pereira,Salud,2.3,23.59,60.1,7,3.58,18.3,2.3,0,60.8,68.2,3.3,6.3,7049647.0
322,Medellín,Salud,17.6,26.18,54.3,8,4.18,24.2,8.9,1,61.2,62.1,47.1,6.1,7120476.0
323,Bogotá,Profesionales,9.1,21.33,76.1,6,5.4,15.6,1.5,2,77.0,79.1,34.6,6.5,10547773.0
324,Bogotá,Comercio,12.4,66.26,57.7,19,3.82,28.6,-1.4,0,59.1,63.1,50.2,6.4,8146953.0
325,Barranquilla,Comercio,4.3,9.07,52.4,10,3.97,29.9,5.6,2,64.9,59.8,87.5,7.2,7869975.0
326,Medellín,Salud,7.9,24.07,69.0,84,5.67,15.6,-4.2,1,75.4,65.0,93.4,7.2,26377486.0
327,Bucaramanga,Construcción,8.7,9.72,60.6,13,3.18,25.0,9.3,1,61.0,56.0,62.7,6.8,7765926.0
328,Cali,Manufactura,2.7,0.78,64.1,18,3.64,17.6,11.4,1,61.7,58.8,74.1,5.8,14969054.0
329,Barranquilla,Financiero,15.7,38.52,73.1,9,4.33,14.9,5.8,2,71.6,72.1,55.8,7.1,10152172.0
330,Medellín,Profesionales,12.2,78.09,70.0,16,4.77,15.9,4.5,0,69.8,69.6,45.9,5.4,10180749.0
331,Barranquilla,Minas,11.7,21.81,60.5,15,4.1,13.5,5.9,1,70.7,61.3,37.8,5.1,9802441.0
332,Pereira,Transporte,21.1,75.21,47.3,17,3.37,16.9,2.7,1,62.7,56.6,46.2,5.8,7836491.0
333,Cali,Información,8.9,24.87,72.4,21,5.07,9.1,-3.1,1,72.9,67.7,20.0,5.8,12286429.0
334,Manizales,Información,7.1,38.8,65.2,5,5.19,13.2,2.4,2,65.4,62.1,77.3,5.8,8098971.0
335,Medellín,Comercio,15.1,67.69,56.7,35,3.68,19.5,5.0,3,64.1,65.6,15.7,7.0,12148351.0
336,Bucaramanga,Comercio,21.4,2.57,54.2,4,3.15,27.7,-1.1,0,62.7,67.3,65.3,5.8,6302377.0
337,Bogotá,Salud,14.9,25.3,72.0,87,4.79,15.1,7.8,0,70.3,75.2,96.8,5.5,24418594.0
338,Otras,Información,3.8,16.71,62.0,18,4.24,13.6,11.3,0,58.2,58.6,52.4,4.9,8972365.0
339,Bogotá,Salud,7.4,21.97,80.3,13,4.53,4.7,12.9,0,71.0,74.3,43.3,5.4,10886611.0
340,Bogotá,Comercio,10.4,54.31,63.4,3,3.16,33.5,-0.4,1,78.8,69.8,52.7,5.6,7556089.0
341,Bogotá,Minas,2.1,8.15,72.3,1,5.27,12.8,12.2,0,61.3,74.6,34.0,6.3,7616721.0
342,Cali,Comercio,6.4,56.25,65.0,37,3.18,28.2,-3.0,2,65.4,70.0,98.6,6.8,11482003.0
343,Barranquilla,Información,5.0,20.64,63.6,2,4.15,19.9,16.6,0,71.0,66.3,3.2,5.2,7635636.0
344,Cartagena,Financiero,10.0,78.7,61.9,18,4.23,5.7,2.5,2,63.7,54.6,71.7,7.5,9618886.0
345,Cali,Construcción,12.3,40.44,45.0,29,4.36,28.3,0.8,1,55.1,53.6,66.6,6.9,9332396.0
346,Medellín,Manufactura,14.7,78.6,58.8,17,5.0,14.6,7.1,1,69.3,64.5,4.1,4.8,10642399.0
347,Bogotá,Financiero,7.0,35.03,78.7,19,5.65,4.7,21.6,2,81.6,84.3,27.0,6.6,14992993.0
348,Bogotá,Comercio,12.9,54.89,67.1,53,3.13,31.7,4.9,2,71.4,63.1,95.7,6.8,14190787.0
349,Manizales,Profesionales,4.6,52.76,81.4,7,4.55,9.1,1.5,1,76.5,66.7,18.0,6.3,10309179.0
350,Medellín,Manufactura,19.6,64.72,75.7,3,3.6,10.3,1.2,4,80.4,66.7,80.7,7.7,10414891.0
351,Bogotá,Comercio,13.8,3.95,52.2,38,3.91,33.4,6.3,1,65.9,63.8,91.2,6.0,12050297.0
352,Bogotá,Transporte,7.6,16.24,48.6,2,3.92,19.6,13.6,1,56.0,61.7,68.8,6.2,6281372.0
353,Medellín,Hoteles,40.9,66.68,56.2,1,2.0,27.1,8.0,1,73.7,69.8,26.0,6.0,7359861.0
354,Medellín,Comercio,10.3,69.87,51.6,24,4.12,18.0,20.6,2,56.0,60.3,89.1,7.5,10352692.0
355,Cali,Manufactura,25.1,77.01,42.8,14,2.84,12.5,0.9,0,67.6,56.4,77.3,5.7,6679553.0
356,Cali,Construcción,16.4,71.39,62.3,33,4.21,15.2,8.1,1,75.7,65.6,42.9,5.8,14153179.0
357,Medellín,Minas,4.1,65.08,65.3,3,3.05,10.7,11.6,4,56.0,66.4,80.9,7.6,8148609.0
358,Barranquilla,Agricultura,20.5,54.13,38.1,23,2.39,13.9,2.9,0,56.7,44.6,85.8,4.6,6316780.0
359,Medellín,Agricultura,21.8,23.43,40.2,35,2.24,24.4,2.9,3,53.2,69.0,23.6,7.1,12490271.0
360,Pereira,Agricultura,4.8,48.88,49.9,11,2.65,27.3,7.6,3,55.0,54.6,14.0,5.6,6730920.0
361,Bogotá,Manufactura,13.6,12.6,58.0,8,4.59,15.0,12.6,2,64.5,69.1,51.9,7.4,9039831.0
362,Medellín,Construcción,16.7,66.79,49.2,38,3.67,22.2,-0.7,0,65.8,59.7,10.4,5.5,10393547.0
363,Bogotá,Transporte,25.5,33.8,55.9,2,4.36,15.3,10.9,0,71.2,62.4,93.1,5.8,7325483.0
364,Medellín,Transporte,14.8,18.28,53.8,43,3.55,9.3,17.0,2,56.8,64.3,94.2,6.6,12693080.0
365,Medellín,Construcción,8.0,77.86,61.3,9,3.59,18.9,3.1,1,61.8,69.5,10.3,5.9,7667287.0
366,Medellín,Profesionales,2.8,78.91,79.3,4,4.49,20.5,2.0,0,65.5,75.9,24.0,5.6,8457384.0
367,Bogotá,Información,3.8,71.04,74.4,18,5.11,20.3,15.5,1,68.0,79.2,10.5,5.5,12116247.0
368,Medellín,Comercio,12.4,5.87,64.2,39,3.69,30.6,2.4,2,61.6,58.4,33.0,6.0,12556643.0
369,Medellín,Comercio,20.5,0.26,52.9,109,2.97,17.7,12.2,5,65.8,62.0,22.7,6.6,21530309.0
370,Manizales,Financiero,4.4,78.84,50.2,26,4.06,9.8,12.9,1,55.3,56.1,73.6,5.5,9734791.0
371,Pereira,Construcción,7.3,20.61,51.2,19,3.0,30.6,6.2,1,64.7,56.2,62.0,6.4,8131418.0
372,Cali,Financiero,7.2,12.39,56.0,16,4.69,15.7,8.2,0,63.5,68.8,36.1,6.2,9256379.0
373,Bogotá,Transporte,14.8,6.04,67.8,48,5.45,18.9,-2.9,3,65.2,63.1,45.5,7.3,17403992.0
374,Cali,Profesionales,14.6,0.88,76.3,26,4.58,7.9,9.4,1,67.4,69.2,15.5,6.1,13248662.0
375,Bogotá,Comercio,25.9,61.48,66.8,34,3.54,23.5,6.0,4,62.7,65.4,64.5,6.4,12522199.0
376,Cartagena,Transporte,17.8,58.63,61.7,7,4.36,16.2,10.9,0,64.7,56.9,81.9,7.2,8378078.0
377,Bogotá,Comercio,2.7,63.44,56.2,15,4.17,29.3,5.5,2,53.5,66.4,67.1,5.4,8446304.0
378,Pereira,Información,21.5,9.97,62.1,58,4.31,7.3,6.4,1,67.1,64.5,25.2,6.1,17673349.0
379,Medellín,Comercio,11.6,78.38,39.5,192,3.06,38.7,4.6,8,45.9,66.2,58.1,9.5,30625910.0
380,Bogotá,Energía,4.0,77.6,81.1,5,5.75,9.8,-4.8,2,64.2,78.6,66.7,7.5,9102890.0
381,Medellín,Construcción,5.0,34.68,58.2,10,3.19,14.2,10.5,1,57.1,69.1,32.0,5.5,7476098.0
382,Otras,Manufactura,5.6,2.96,55.8,7,4.0,18.4,1.9,1,60.8,52.5,34.2,5.6,6794000.0
383,Bucaramanga,Salud,10.5,12.76,78.9,12,4.1,11.2,3.9,0,81.5,75.7,83.9,6.9,11141832.0
384,Pereira,Manufactura,6.1,29.86,53.6,44,2.7,12.7,8.9,0,67.1,55.1,76.5,5.4,10508916.0
385,Medellín,Información,10.0,68.57,88.0,27,5.65,6.1,10.5,0,75.0,68.3,81.1,6.8,15420033.0
386,Bogotá,Información,9.7,70.81,64.0,8,4.92,2.0,3.4,0,72.7,67.5,55.2,6.7,8575134.0
387,Bogotá,Minas,17.2,71.52,83.2,4,5.5,9.8,2.4,0,78.5,74.6,13.7,6.4,10019527.0
388,Bucaramanga,Profesionales,3.3,53.38,66.2,30,4.48,13.8,1.7,0,68.5,57.1,4.6,6.7,12567698.0
389,Otras,Comercio,4.7,43.27,41.3,5,3.01,31.7,7.4,1,48.1,51.6,99.9,6.1,4442202.0
390,Barranquilla,Comercio,60.0,54.11,62.3,66,3.94,18.9,11.4,0,83.7,56.2,75.4,5.6,19556426.0
391,Pereira,Manufactura,17.8,52.28,63.1,38,3.84,13.9,-7.0,1,69.8,73.0,19.7,5.7,12694997.0
392,Cali,Comercio,4.4,78.16,47.2,5,3.64,17.4,4.4,0,60.4,56.2,89.2,5.3,5393905.0
393,Bogotá,Comercio,24.7,9.98,66.6,15,4.36,29.0,3.8,0,74.9,70.4,79.3,6.0,9388928.0
394,Cali,Hoteles,23.5,18.46,69.5,4,3.6,27.3,3.0,2,70.8,72.4,28.0,5.9,8632905.0
395,Cali,Financiero,2.9,56.18,80.9,6,5.19,7.4,1.8,1,64.6,72.6,34.5,6.1,9485692.0
396,Bogotá,Profesionales,7.8,21.86,77.1,22,4.03,25.7,6.7,0,70.8,73.5,58.0,6.2,11015528.0
397,Medellín,Agricultura,9.4,48.56,41.0,6,2.7,22.5,1.1,2,54.8,66.1,64.3,7.3,5733381.0
398,Bogotá,Profesionales,12.0,75.29,61.1,5,4.49,18.4,13.7,0,77.7,72.7,33.2,5.7,8849652.0
399,Manizales,Agricultura,15.1,60.03,36.4,7,1.75,14.9,3.2,2,53.9,53.2,51.8,6.8,5392265.0
400,Cartagena,Comercio,11.3,20.55,55.5,22,4.01,26.9,15.3,0,62.9,60.1,6.8,5.1,9403175.0
401,Otras,Profesionales,5.1,33.32,67.3,47,3.87,8.2,7.1,1,62.9,60.6,48.0,5.7,14041870.0
402,Cali,Profesionales,31.3,12.31,70.2,12,5.35,7.7,3.9,0,70.2,76.9,8.5,3.9,10739624.0
403,Bucaramanga,Información,5.6,0.36,60.8,76,4.42,12.3,4.6,0,61.6,63.6,18.2,6.8,19780576.0
404,Cartagena,Salud,6.3,58.01,61.9,1,3.88,17.3,2.8,0,54.6,62.5,27.8,6.0,5871854.0
405,Cali,Transporte,23.8,16.05,67.6,35,4.28,24.8,4.8,1,78.5,61.3,92.9,6.7,13985054.0
406,Bogotá,Comercio,19.5,31.71,63.1,8,3.04,17.6,6.9,1,68.9,65.6,80.5,5.0,8262325.0
407,Bogotá,Manufactura,12.2,53.61,64.0,46,4.12,21.9,6.2,5,59.9,66.3,53.6,7.6,15959598.0
408,Bogotá,Manufactura,32.9,54.76,55.5,17,4.34,14.0,7.3,0,74.9,75.1,87.4,6.8,10246599.0
409,Bogotá,Hoteles,8.2,46.41,62.8,31,3.55,29.5,10.9,2,65.5,76.2,77.1,5.6,11727770.0
410,Bucaramanga,Manufactura,5.4,55.7,57.0,41,3.66,22.4,14.5,1,67.9,77.1,25.0,5.7,13612272.0
411,Pereira,Comercio,10.1,0.26,55.4,22,3.86,28.5,6.2,0,55.2,62.3,8.0,6.8,9015404.0
412,Cali,Transporte,33.4,61.33,69.4,28,3.48,13.4,13.4,3,83.5,61.5,95.7,8.0,14215600.0
413,Bogotá,Manufactura,5.9,69.81,54.1,21,4.73,10.0,3.1,3,56.1,70.1,75.2,7.6,10579311.0
414,Bucaramanga,Profesionales,8.1,61.99,62.2,1,4.54,16.0,7.0,1,65.0,65.7,49.1,6.5,7309569.0
415,Cali,Transporte,13.9,48.21,53.6,26,3.61,23.3,-1.9,0,69.9,71.8,62.1,6.6,9404919.0
416,Cali,Manufactura,19.8,30.73,72.6,43,3.84,17.2,10.7,1,83.6,63.0,96.2,6.1,15923145.0
417,Bogotá,Hoteles,13.4,64.22,54.1,18,3.75,25.4,7.9,1,71.5,64.1,73.6,5.5,9477857.0
418,Cartagena,Comercio,2.4,64.53,49.8,22,3.71,27.4,-1.0,2,60.9,58.2,20.9,6.8,8857402.0
419,Otras,Comercio,5.5,35.49,56.2,132,3.63,30.6,15.2,1,67.3,59.7,18.0,6.1,26086606.0
420,Bogotá,Manufactura,34.0,4.78,53.9,29,3.97,15.5,20.5,2,76.8,79.1,20.3,7.3,14291056.0
421,Bogotá,Transporte,6.6,45.45,59.9,10,4.51,28.7,7.1,1,66.7,77.7,40.8,6.6,8458612.0
422,Medellín,Comercio,7.6,67.21,69.3,17,3.58,21.8,7.8,2,76.6,64.1,89.4,6.7,11287576.0
423,Bucaramanga,Manufactura,18.2,77.92,70.8,13,3.92,7.0,10.5,1,75.1,60.2,20.1,6.6,10414364.0
424,Otras,Manufactura,23.3,49.83,56.4,17,3.25,14.9,11.1,0,67.0,53.9,13.3,6.5,9164886.0
425,Bogotá,Hoteles,9.8,0.67,51.5,65,3.49,29.2,0.8,2,69.6,68.5,67.3,7.4,15725998.0
426,Bogotá,Comercio,7.0,35.52,61.4,14,3.4,24.8,15.2,3,70.5,67.8,1.3,6.7,10001023.0
427,Bogotá,Minas,3.1,9.85,75.9,28,4.69,10.8,0.6,0,71.4,73.3,38.7,6.1,12791268.0
428,Medellín,Construcción,2.1,48.62,62.2,39,4.04,30.3,12.1,1,67.8,65.4,46.4,6.7,12975400.0
429,Bogotá,Comercio,12.4,68.93,55.1,31,3.56,27.6,3.5,1,62.8,68.3,16.8,7.1,10026241.0
430,Medellín,Comercio,21.0,59.14,43.8,8,2.79,17.4,-4.3,1,53.6,69.9,79.1,7.5,5180925.0
431,Barranquilla,Financiero,1.1,33.86,74.2,5,4.62,7.9,6.1,0,76.7,76.5,8.1,7.3,9346669.0
432,Cali,Comercio,5.5,63.18,48.5,3,3.81,27.1,3.1,0,57.9,59.6,64.1,6.1,5166910.0
433,Bogotá,Información,7.1,26.8,58.2,52,5.71,12.1,6.8,2,53.0,60.8,80.0,6.6,18542228.0
434,Bogotá,Transporte,8.8,26.79,57.8,48,4.09,15.4,4.7,0,77.4,80.1,14.9,5.9,15165666.0
435,Cali,Manufactura,14.5,14.51,70.4,24,3.78,23.3,4.8,0,65.5,71.5,54.1,6.3,10744889.0
436,Barranquilla,Manufactura,45.6,8.97,62.4,58,4.28,10.4,6.3,3,66.5,58.3,36.4,5.8,18198284.0
437,Bogotá,Construcción,60.0,1.54,57.0,18,4.23,13.6,16.7,0,76.3,68.6,26.6,6.5,12450671.0
438,Bucaramanga,Transporte,13.1,17.04,69.1,30,4.29,19.7,3.5,3,79.4,59.1,14.6,5.9,13695542.0
439,Cali,Información,22.3,24.1,59.6,7,4.9,9.8,0.3,4,60.3,62.8,41.5,7.4,8451899.0
440,Medellín,Comercio,6.2,77.91,61.4,60,3.62,30.1,1.1,2,64.1,65.7,5.0,6.2,15243426.0
441,Bucaramanga,Construcción,18.8,48.19,60.9,6,3.62,23.8,17.5,0,68.4,63.1,88.1,4.2,8080596.0
442,Cali,Profesionales,12.6,46.33,57.7,30,3.6,16.8,23.1,0,61.4,58.8,36.4,6.2,10577239.0
443,Cartagena,Profesionales,18.1,78.84,73.8,24,4.91,10.7,6.4,3,84.8,65.8,39.4,7.1,14491679.0
444,Cali,Manufactura,4.8,43.27,52.3,7,4.5,27.2,14.8,0,60.5,77.0,53.1,4.7,7119066.0
445,Bogotá,Comercio,11.8,0.64,64.4,6,3.11,20.8,-7.7,0,77.2,67.0,23.5,7.6,7268201.0
446,Bogotá,Información,2.3,68.06,78.2,28,4.89,10.8,-4.0,2,68.5,85.6,54.9,7.4,14059959.0
447,Bogotá,Comercio,3.1,47.79,77.1,25,4.1,22.9,-10.8,0,74.8,71.8,52.9,5.1,11425555.0
448,Otras,Manufactura,18.7,54.94,56.9,19,3.1,15.2,8.0,0,68.8,50.1,93.5,6.8,8898457.0
449,Pereira,Agricultura,31.0,47.39,35.1,23,2.96,18.4,-3.8,0,60.7,42.9,19.7,6.7,6374898.0
450,Otras,Información,5.3,22.82,61.9,5,4.44,9.6,7.9,2,67.1,60.6,6.2,6.7,8114418.0
451,Bogotá,Comercio,5.7,63.75,50.6,8,3.67,35.7,8.4,1,59.8,64.1,33.9,5.9,6486999.0
452,Cali,Comercio,17.3,6.51,55.1,17,4.27,32.9,19.0,1,80.4,60.6,48.9,5.7,10739149.0
453,Barranquilla,Información,17.6,14.64,62.3,20,4.9,3.6,3.8,1,73.3,70.5,34.9,5.4,11138807.0
454,Bucaramanga,Comercio,14.0,58.43,46.4,38,4.33,25.2,-1.5,3,66.0,48.0,35.6,8.6,12502821.0
455,Medellín,Manufactura,6.9,78.51,73.7,6,3.19,27.6,-0.6,0,68.6,83.9,99.1,6.0,8155819.0
456,Bogotá,Manufactura,5.8,65.37,72.9,22,3.79,17.9,3.1,4,62.8,74.0,56.2,7.9,11874033.0
457,Medellín,Información,12.7,38.69,77.3,26,5.0,12.4,1.0,2,72.3,72.5,6.8,6.2,14710537.0
458,Cali,Financiero,9.3,61.83,66.1,1,4.15,15.6,4.0,1,72.8,64.2,31.5,6.4,7903488.0
459,Otras,Agricultura,12.7,59.72,45.5,15,2.21,21.6,6.6,0,54.2,47.4,27.6,6.5,6243185.0
460,Bucaramanga,Comercio,11.3,79.71,54.5,6,2.81,31.0,8.1,3,61.8,67.4,74.2,7.7,7338273.0
461,Medellín,Información,8.2,65.18,63.6,12,6.04,17.9,-2.4,1,62.6,67.9,34.1,5.9,9919199.0
462,Pereira,Información,9.2,61.91,69.7,11,4.52,6.6,5.3,2,62.4,69.5,74.8,5.3,9252333.0
463,Cali,Transporte,35.2,1.37,75.9,20,4.29,27.8,-4.3,1,77.7,70.0,98.0,6.5,11156047.0
464,Bogotá,Comercio,4.3,73.87,58.8,21,3.05,36.2,16.5,0,63.0,64.6,86.2,4.5,8604430.0
465,Bogotá,Profesionales,7.2,2.96,61.9,2,5.39,14.7,5.0,2,58.6,78.3,77.0,6.8,7342503.0
466,Bogotá,Transporte,3.0,64.46,63.8,56,3.64,14.7,12.1,1,66.5,69.7,12.8,6.5,15249047.0
467,Medellín,Profesionales,12.0,72.44,69.3,8,5.38,7.7,16.0,0,62.3,71.5,61.1,6.3,9242451.0
468,Medellín,Salud,6.1,20.44,65.8,15,4.09,7.9,4.0,0,63.6,69.1,13.8,7.3,9260549.0
469,Bogotá,Manufactura,12.9,3.16,69.1,8,4.15,13.8,10.6,1,73.5,76.7,76.2,5.8,9712348.0
470,Bogotá,Salud,10.5,19.85,72.7,15,4.05,16.7,-1.8,3,70.9,74.7,28.4,7.5,11034495.0
471,Medellín,Financiero,2.1,68.88,80.1,10,5.44,11.3,11.8,1,65.1,81.6,73.8,6.5,10636240.0
472,Bogotá,Comercio,9.6,12.24,52.6,3,3.94,28.3,17.1,2,61.4,57.6,72.8,6.6,7039188.0
473,Bucaramanga,Información,2.5,42.27,58.1,20,4.87,11.2,9.7,0,59.1,67.4,74.7,6.9,10010671.0
474,Bogotá,Financiero,11.4,62.04,73.8,3,6.0,2.7,6.9,3,68.5,72.3,36.9,5.8,9452474.0
475,Cali,Hoteles,5.6,48.04,52.2,9,3.07,31.9,-2.4,0,62.1,54.0,86.4,6.1,6200894.0
476,Cartagena,Información,10.5,40.33,73.6,17,5.03,21.5,3.3,0,77.8,70.2,36.7,6.1,11422330.0
477,Cali,Comercio,8.6,53.07,40.8,36,4.31,22.4,-2.3,1,59.3,63.5,30.6,7.2,10956954.0
478,Manizales,Transporte,18.8,24.41,51.5,10,2.64,29.5,14.7,1,67.2,54.2,22.7,6.5,7544356.0
479,Cartagena,Salud,9.6,58.93,72.4,5,3.91,22.9,-8.1,3,71.6,50.3,79.4,7.0,8387132.0
480,Bogotá,Comercio,4.7,66.05,60.9,7,3.85,23.7,8.7,1,65.5,74.5,87.5,5.6,8140333.0
481,Bogotá,Hoteles,9.4,31.66,62.0,4,4.12,30.5,5.2,1,65.2,71.8,71.8,7.3,7391542.0
482,Cali,Transporte,16.4,21.42,51.5,3,3.14,27.1,4.5,0,62.9,56.6,28.4,5.6,5779149.0
483,Medellín,Manufactura,7.1,2.52,79.6,5,4.87,22.8,1.8,2,62.7,73.6,59.9,7.8,8973320.0
484,Bogotá,Profesionales,9.2,34.69,70.7,9,4.71,5.0,0.6,1,60.3,67.2,53.9,7.2,8733997.0
485,Bogotá,Agricultura,18.4,62.89,52.0,32,3.35,7.3,13.5,2,72.8,57.3,48.5,6.4,11617479.0
486,Bogotá,Financiero,8.8,27.13,66.4,19,5.0,14.8,10.9,0,65.4,65.9,18.0,6.1,10827460.0
487,Barranquilla,Energía,10.4,18.38,70.5,5,4.42,11.3,4.8,1,79.6,68.9,50.5,6.0,9363957.0
488,Medellín,Salud,13.7,5.01,68.8,14,4.59,24.7,18.1,0,74.3,72.3,96.8,5.9,11206790.0
489,Bucaramanga,Construcción,11.2,72.98,59.7,48,3.8,19.9,10.7,1,61.4,62.6,54.5,5.9,13469329.0
490,Bucaramanga,Transporte,1.8,73.94,58.7,31,3.77,26.0,6.7,0,57.3,49.8,25.4,7.1,14086058.0
491,Otras,Profesionales,16.6,22.5,45.9,11,3.57,7.8,-0.7,0,54.3,56.7,76.2,5.8,5976103.0
492,Medellín,Manufactura,8.6,78.19,61.4,93,3.73,20.4,8.0,2,66.8,62.5,89.7,8.2,20653342.0
493,Medellín,Comercio,4.5,7.67,71.2,4,3.25,27.9,4.2,0,63.4,72.3,35.3,5.9,6961647.0
494,Barranquilla,Comercio,5.8,16.96,67.0,57,3.5,25.9,5.1,0,71.2,69.1,73.4,6.1,14918984.0
495,Medellín,Minas,9.6,10.58,64.1,46,5.21,5.7,5.2,0,73.6,68.3,34.5,6.8,17209626.0
496,Cali,Comercio,21.3,33.03,63.4,6,4.32,31.3,-1.8,0,67.7,61.4,62.6,4.8,7055502.0
497,Otras,Agricultura,5.0,58.12,29.7,92,2.49,18.3,1.8,3,40.6,48.2,86.9,7.6,12787164.0
498,Bogotá,Comercio,22.4,11.24,58.3,2,3.67,22.9,1.9,0,73.5,62.4,52.5,6.7,7028846.0
499,Bogotá,Información,23.3,12.69,75.0,15,5.69,3.1,4.0,1,75.1,62.0,57.2,6.4,12747275.0
500,Otras,Construcción,32.6,40.48,52.6,45,2.83,27.4,8.1,4,69.3,57.6,9.2,8.2,13121453.0
501,Bucaramanga,Comercio,9.6,22.89,47.8,6,3.44,23.1,10.1,1,56.0,58.7,95.7,6.5,6154374.0
502,Barranquilla,Construcción,11.3,79.12,52.0,15,3.44,29.6,11.2,1,57.7,62.2,86.1,6.7,8297482.0
503,Barranquilla,Información,3.7,41.21,66.8,32,3.05,12.9,10.0,1,48.8,64.4,57.4,5.5,10744627.0
504,Barranquilla,Manufactura,4.3,49.96,61.8,8,5.31,26.9,13.2,1,65.9,65.0,52.1,6.6,8208677.0
505,Cartagena,Información,11.2,25.19,56.3,4,4.47,15.0,14.4,1,72.1,58.2,32.3,6.2,7846840.0
506,Bogotá,Transporte,6.4,76.58,50.4,45,2.98,21.6,4.5,1,55.2,68.5,82.6,5.6,11058484.0
507,Medellín,Comercio,17.4,65.7,51.2,7,4.11,19.7,-0.8,0,69.1,67.7,15.1,5.4,6683603.0
508,Bogotá,Comercio,10.2,7.7,49.1,16,2.59,24.3,6.5,2,58.5,72.4,34.3,7.4,8122398.0
509,Cali,Profesionales,15.1,36.35,64.8,10,3.99,11.9,13.8,1,66.8,71.1,13.0,5.9,9620351.0
510,Cali,Profesionales,7.8,76.48,56.5,15,4.93,16.1,16.0,0,62.1,59.7,90.2,4.5,9147579.0
511,Manizales,Comercio,9.0,37.73,61.1,21,3.26,15.4,9.4,0,59.1,59.9,39.2,6.6,9167090.0
512,Bucaramanga,Comercio,47.6,73.21,70.4,4,3.58,22.2,12.3,0,73.5,68.9,76.4,4.6,9821500.0
513,Bogotá,Información,38.1,66.85,66.6,42,4.94,4.9,11.5,1,68.2,70.4,60.5,6.0,17067627.0
514,Bogotá,Manufactura,3.4,46.94,68.6,9,4.4,17.8,7.3,1,72.1,65.9,99.0,6.7,8806117.0
515,Medellín,Comercio,9.3,0.73,50.2,7,3.15,28.7,-1.3,2,58.6,75.0,70.2,6.6,6762441.0
516,Otras,Transporte,12.8,78.71,47.6,23,3.43,20.5,11.5,1,65.8,44.3,28.3,5.7,9147725.0
517,Bogotá,Comercio,12.0,71.94,53.9,13,4.02,20.7,1.7,2,65.0,70.3,20.8,8.1,8774642.0
518,Medellín,Comercio,22.8,76.86,67.8,1,4.38,23.7,14.8,1,77.5,71.6,61.0,6.0,8913671.0
519,Manizales,Profesionales,6.0,63.81,68.0,10,4.49,17.3,6.5,1,58.5,66.8,27.7,7.2,8580285.0
520,Cali,Profesionales,1.9,28.82,62.0,70,4.79,10.0,9.3,4,54.6,63.7,13.0,7.6,30861232.0
521,Cartagena,Energía,3.8,67.09,70.5,8,4.23,9.8,17.9,0,71.7,57.5,32.6,6.7,9321642.0
522,Medellín,Comercio,37.7,45.55,63.6,26,4.15,20.8,7.1,2,77.3,71.2,71.5,7.0,13022442.0
523,Cartagena,Hoteles,13.9,23.27,63.8,2,3.69,25.3,4.6,1,75.8,61.5,58.0,7.1,7708532.0
524,Bogotá,Financiero,6.4,17.7,75.9,37,5.1,12.2,3.4,3,71.1,68.5,49.2,7.3,16559833.0
525,Bogotá,Salud,43.3,63.93,64.1,7,4.91,8.2,-4.1,0,81.8,69.7,60.0,4.5,8311072.0
526,Bucaramanga,Comercio,7.3,48.17,44.2,8,3.23,17.7,2.4,0,63.8,57.7,44.8,7.1,6331665.0
527,Cali,Comercio,11.3,7.72,47.4,44,3.68,27.7,-1.0,4,50.6,60.2,39.3,6.6,12009083.0
528,Medellín,Hoteles,2.4,24.17,58.3,8,2.38,22.9,4.8,0,56.8,74.6,45.9,6.1,6372350.0
529,Barranquilla,Comercio,5.9,0.89,51.5,15,4.02,30.6,6.6,1,60.7,56.0,27.3,6.3,7944456.0
530,Cali,Manufactura,14.9,41.08,58.3,13,3.57,16.6,6.6,3,56.7,68.6,41.4,6.0,9638734.0
531,Medellín,Transporte,11.9,30.53,56.0,23,3.67,21.1,0.9,3,64.7,72.4,28.8,7.1,10623542.0
532,Bogotá,Manufactura,14.5,40.4,61.8,33,4.15,24.2,-2.8,0,79.7,65.0,74.1,6.2,12068295.0
533,Bogotá,Comercio,3.3,52.29,54.6,5,3.16,32.7,0.6,2,68.0,61.0,41.9,6.7,7269866.0
534,Medellín,Transporte,13.3,17.7,63.8,48,3.62,25.4,14.8,1,68.8,59.6,13.7,5.8,14848053.0
535,Medellín,Construcción,11.7,77.53,56.0,3,4.14,14.4,14.6,2,60.5,65.0,24.4,6.8,7474600.0
536,Bogotá,Transporte,9.5,3.45,73.3,34,4.73,20.3,-7.9,4,65.4,60.0,85.4,7.4,14434213.0
537,Cali,Financiero,11.6,52.49,74.6,26,5.12,10.1,10.6,1,72.2,64.0,67.1,6.7,13611503.0
538,Barranquilla,Salud,8.6,39.79,58.3,41,4.29,20.2,4.7,0,55.5,57.8,53.6,6.4,12372542.0
539,Bucaramanga,Manufactura,11.0,15.66,65.6,14,4.25,21.7,7.8,2,64.5,72.7,55.4,5.2,10069574.0
540,Cali,Salud,10.9,12.58,61.6,2,4.9,16.4,9.8,1,67.8,58.6,62.8,6.5,7452032.0
541,Pereira,Transporte,4.9,3.29,59.0,8,3.64,26.5,22.7,0,68.2,36.6,35.8,6.5,7396779.0
542,Medellín,Profesionales,3.7,60.96,71.0,7,5.14,10.9,1.4,5,68.4,60.4,57.0,7.0,10158720.0
543,Cartagena,Agricultura,1.1,77.29,41.1,3,3.27,26.5,13.5,1,56.2,58.8,27.9,7.6,5284585.0
544,Cali,Comercio,5.5,48.22,63.4,36,3.25,18.7,-1.1,1,58.3,65.7,35.0,5.4,10915478.0
545,Bogotá,Comercio,32.5,33.07,56.8,14,3.47,23.7,3.1,1,56.8,71.3,8.1,7.5,13071232.0
546,Otras,Comercio,9.4,30.44,57.7,6,3.45,26.8,13.3,0,70.0,56.9,1.7,4.9,7189170.0
547,Cali,Información,5.5,64.2,65.8,2,5.09,11.9,12.1,2,65.2,71.4,55.0,6.7,8220024.0
548,Bogotá,Construcción,9.9,79.69,52.9,17,4.39,26.8,10.6,0,66.8,68.2,52.4,7.1,9289338.0
549,Bogotá,Energía,4.1,48.26,85.5,31,5.52,11.4,3.5,1,79.5,74.1,99.0,6.2,15847970.0
550,Barranquilla,Construcción,2.4,40.9,49.9,26,3.47,29.8,6.7,2,48.7,50.8,69.3,7.1,8749346.0
551,Bogotá,Comercio,5.1,34.21,67.5,9,4.23,16.1,-3.7,0,68.3,70.5,62.1,4.4,8212313.0
552,Medellín,Información,10.6,79.01,65.5,7,4.19,14.6,8.4,1,63.4,64.2,33.4,6.0,8049587.0
553,Barranquilla,Profesionales,3.2,37.89,77.1,11,3.71,8.1,3.6,2,77.1,65.9,24.2,6.8,10295856.0
554,Cartagena,Manufactura,9.3,63.09,50.8,19,3.67,8.0,10.8,1,60.4,58.9,97.8,5.7,8790820.0
555,Barranquilla,Transporte,21.0,10.16,49.1,13,4.47,23.8,0.2,1,60.6,58.8,56.4,6.1,10731451.0
556,Bucaramanga,Financiero,20.0,29.99,67.6,38,4.42,11.6,2.1,0,66.6,75.3,97.8,6.6,13478715.0
557,Otras,Construcción,5.1,24.81,53.9,3,3.23,33.7,19.3,0,66.2,54.6,44.7,6.0,6287580.0
558,Bogotá,Transporte,6.4,0.52,62.6,14,4.52,28.6,0.9,1,62.7,75.9,32.4,8.2,9209815.0
559,Cali,Manufactura,4.3,66.34,58.3,18,3.18,17.0,12.8,0,65.5,52.4,28.1,6.6,8648715.0
560,Barranquilla,Comercio,6.4,36.93,42.4,16,3.53,31.7,4.6,1,45.6,42.4,61.5,5.9,6059369.0
561,Bogotá,Manufactura,1.0,48.81,52.5,2,3.81,28.5,13.0,3,50.3,60.6,20.6,5.9,6470793.0
562,Otras,Manufactura,39.3,9.34,60.9,10,4.47,14.1,-0.1,0,80.9,44.1,78.0,6.0,8570137.0
563,Cali,Transporte,9.5,27.3,53.9,5,4.01,19.9,3.4,1,52.5,55.9,48.8,6.4,6144970.0
564,Pereira,Salud,27.8,27.12,69.7,10,4.63,13.2,8.2,1,73.4,60.8,13.7,6.4,10238440.0
565,Bogotá,Manufactura,6.8,52.44,71.5,8,4.37,19.8,6.3,1,75.4,72.2,15.5,6.5,9522072.0
566,Cali,Comercio,10.5,44.6,65.8,7,3.72,32.5,8.7,2,70.6,53.1,86.5,6.4,8593560.0
567,Cali,Construcción,55.4,58.76,52.2,30,4.39,18.0,8.8,1,69.9,57.4,19.1,6.9,12499036.0
568,Cartagena,Información,13.0,13.22,76.7,3,4.62,6.6,10.7,0,73.7,65.0,95.5,5.9,9080753.0
569,Cali,Profesionales,10.9,76.93,70.3,12,3.91,13.0,10.6,1,58.1,66.5,32.5,6.2,9070535.0
570,Bogotá,Transporte,17.5,76.94,55.0,4,3.96,18.8,5.1,0,61.2,51.4,3.2,6.6,6306739.0
571,Cali,Comercio,7.1,3.37,44.8,21,3.37,29.2,4.0,0,61.9,57.1,38.0,6.4,7670764.0
572,Bogotá,Profesionales,7.4,44.09,75.9,5,4.87,10.4,12.1,2,72.0,65.9,61.7,7.5,9752869.0
573,Barranquilla,Construcción,6.3,74.14,56.2,21,4.41,21.9,14.2,1,57.1,49.8,66.9,5.7,9722671.0
574,Bucaramanga,Manufactura,5.7,25.28,64.5,22,3.56,14.3,0.8,0,70.3,64.9,2.9,6.3,10241801.0
575,Medellín,Salud,6.0,6.28,69.7,9,3.8,25.0,2.4,1,76.7,63.5,17.7,6.1,8512344.0
576,Medellín,Financiero,11.8,61.22,81.3,23,5.49,4.4,6.3,1,81.4,77.7,38.5,7.1,15079080.0
577,Medellín,Transporte,17.9,32.86,59.2,4,3.88,17.3,-3.5,1,58.7,65.7,55.8,7.1,6389363.0
578,Medellín,Profesionales,8.3,66.17,57.9,3,4.84,20.6,10.4,1,55.2,68.8,100.0,6.1,6952890.0
579,Bogotá,Comercio,5.3,7.11,48.2,1,2.69,20.3,5.4,1,66.1,65.6,17.1,5.7,6023155.0
580,Medellín,Manufactura,11.3,6.8,60.5,54,4.57,18.1,9.8,0,66.3,75.3,18.9,6.9,16244216.0
581,Bogotá,Construcción,13.9,33.03,50.4,8,4.15,32.2,13.5,0,59.1,70.3,6.7,5.5,7209377.0
582,Medellín,Comercio,6.4,50.42,53.1,12,3.86,32.4,6.6,3,67.8,75.3,24.7,6.5,9216095.0
583,Bucaramanga,Información,8.4,53.47,76.1,29,4.51,12.9,12.1,0,72.8,74.9,38.5,5.6,13600021.0
584,Bogotá,Financiero,14.1,71.13,70.4,8,5.12,4.3,9.4,1,65.0,85.9,39.5,5.5,10175807.0
585,Bucaramanga,Agricultura,10.1,46.05,52.0,2,2.83,22.8,1.6,1,67.2,67.1,57.7,6.3,6271711.0
586,Medellín,Minas,9.9,32.11,66.6,54,5.07,11.2,10.6,2,69.5,67.7,14.4,6.4,18876564.0
587,Bogotá,Comercio,21.4,24.68,45.8,20,3.59,27.2,7.5,0,70.6,51.4,98.6,6.6,8140454.0
588,Pereira,Comercio,9.7,20.84,56.4,20,3.48,19.0,13.6,1,58.5,59.2,45.7,6.7,8908685.0
589,Cali,Comercio,9.2,12.43,59.6,6,3.97,16.8,5.7,0,60.8,65.0,36.8,6.1,7130763.0
590,Barranquilla,Transporte,8.7,51.97,63.7,19,4.71,17.6,14.2,0,69.6,66.2,98.9,8.3,13264325.0
591,Medellín,Profesionales,30.7,34.48,67.4,1,4.55,7.2,-2.2,2,69.9,76.9,66.4,7.3,10231717.0
592,Bogotá,Comercio,28.5,20.92,62.5,16,4.39,26.9,3.2,0,62.1,73.2,57.6,5.9,8905613.0
593,Medellín,Agricultura,12.9,2.34,62.7,10,3.63,35.1,9.6,2,61.8,65.6,81.7,5.6,8426300.0
594,Bogotá,Información,8.2,40.53,49.2,5,5.09,12.5,4.3,1,62.4,68.1,61.9,5.9,8959633.0
595,Pereira,Comercio,15.8,5.42,47.1,6,3.32,28.4,7.8,2,49.2,49.1,38.4,5.8,5940983.0
596,Cali,Hoteles,2.8,62.71,40.7,22,2.82,30.0,7.5,2,46.8,61.5,68.3,6.6,7273289.0
597,Bogotá,Profesionales,8.1,74.8,74.6,6,4.91,17.3,4.7,1,62.9,75.3,25.3,5.3,8414203.0
598,Pereira,Transporte,19.1,61.96,60.1,9,3.18,21.3,9.3,1,62.4,70.7,15.6,5.2,8261957.0
599,Medellín,Financiero,19.2,28.83,57.7,16,4.54,1.2,5.9,2,56.5,67.0,84.8,6.8,10146874.0
600,Manizales,Minas,4.7,69.63,72.3,4,4.53,3.4,12.6,0,73.7,68.9,93.3,5.8,9022779.0
601,Medellín,Transporte,4.5,58.98,61.5,5,4.34,21.9,7.7,0,58.9,70.8,7.6,7.4,7207598.0
602,Cartagena,Comercio,20.1,10.15,46.2,130,3.64,34.5,10.4,3,65.6,61.8,2.6,6.3,25601952.0
603,Bogotá,Manufactura,5.6,10.98,53.8,16,4.38,20.2,2.3,2,62.4,58.5,88.9,6.1,9066195.0
604,Bogotá,Construcción,8.5,16.89,49.0,12,4.15,20.8,12.8,2,64.3,63.4,23.3,7.5,8736755.0
605,Medellín,Información,7.3,4.97,72.9,9,4.58,18.5,5.3,1,67.4,70.0,82.4,6.8,9383535.0
606,Pereira,Profesionales,3.8,69.83,57.8,9,3.3,15.8,13.2,2,60.1,62.7,1.6,5.8,7863019.0
607,Bogotá,Manufactura,10.9,78.06,62.1,59,4.37,24.3,2.3,4,69.9,68.1,81.3,6.8,18265583.0
608,Medellín,Comercio,12.3,45.08,57.5,13,3.67,29.4,8.2,1,72.7,74.3,94.9,5.9,8768219.0
609,Bogotá,Hoteles,5.0,35.45,50.4,6,3.27,30.8,20.7,0,51.2,64.3,95.3,7.4,6075079.0
610,Bogotá,Hoteles,37.5,10.21,46.5,2,2.92,24.3,16.8,1,67.4,55.5,34.6,6.1,7557537.0
611,Bogotá,Comercio,15.3,39.16,49.4,3,3.09,19.2,-1.8,2,66.5,70.8,55.7,7.2,6509176.0
612,Bogotá,Comercio,15.6,56.16,51.7,28,4.18,23.0,14.0,4,70.6,80.0,42.9,6.8,12879646.0
613,Bogotá,Salud,8.7,17.14,70.5,5,5.01,20.8,1.6,0,76.5,67.4,72.0,6.2,8505188.0
614,Cali,Financiero,7.5,67.16,64.7,9,4.26,10.9,4.7,2,66.1,67.5,98.4,6.1,9051611.0
615,Cali,Transporte,7.4,67.49,40.7,26,3.02,26.3,-0.9,1,54.9,59.1,20.1,5.9,7263819.0
616,Bucaramanga,Minas,12.5,79.38,61.1,9,5.12,4.5,-10.5,1,69.8,57.5,38.9,6.7,8212725.0
617,Bogotá,Comercio,5.9,32.38,62.7,39,3.79,22.2,15.2,2,58.3,70.4,72.2,7.2,12657300.0
618,Bucaramanga,Construcción,6.3,57.78,52.5,53,3.37,29.5,12.3,2,66.7,62.2,68.9,5.1,13603093.0
619,Bogotá,Financiero,8.7,38.62,89.6,34,5.54,10.6,22.9,2,66.5,91.3,20.9,6.8,18206123.0
620,Barranquilla,Comercio,8.7,21.67,61.6,19,3.73,23.4,14.2,1,63.3,58.7,6.8,6.4,9963903.0
621,Otras,Financiero,15.7,64.42,67.4,4,4.23,8.1,-6.5,1,71.5,60.8,51.2,6.3,7682079.0
622,Bucaramanga,Construcción,6.9,16.77,54.8,13,3.62,17.6,4.5,1,56.5,62.2,83.3,6.2,7403687.0
623,Medellín,Manufactura,60.0,51.13,58.6,35,3.88,4.8,-0.4,2,79.3,73.4,19.3,6.4,12992430.0
624,Medellín,Transporte,9.5,65.99,47.2,18,3.5,22.5,-0.4,0,58.4,56.5,50.8,6.8,7392520.0
625,Cali,Comercio,19.8,14.14,56.6,16,3.8,28.0,6.4,0,56.6,55.4,94.5,6.7,7431182.0
626,Medellín,Transporte,10.3,16.85,56.1,24,4.19,16.6,8.1,0,65.7,64.7,32.5,6.7,10253403.0
627,Pereira,Energía,52.8,38.05,68.7,56,4.7,0.0,10.0,1,72.5,62.5,88.8,7.2,19701944.0
628,Manizales,Hoteles,19.8,25.1,44.5,10,3.11,28.8,4.0,0,61.7,61.7,46.6,5.9,6179453.0
629,Cali,Construcción,4.2,1.58,59.0,17,3.89,22.9,5.7,2,62.4,62.0,78.0,5.8,13462938.0
630,Pereira,Información,26.0,23.92,43.8,14,3.85,11.2,7.8,3,68.9,57.5,45.6,6.9,8776385.0
631,Bogotá,Hoteles,7.9,48.77,58.1,8,2.83,28.7,9.7,1,60.9,74.4,98.3,5.7,7245529.0
632,Bogotá,Salud,6.2,57.44,65.7,36,4.99,13.6,7.4,1,70.2,73.6,87.8,5.7,14430784.0
633,Bogotá,Comercio,1.8,53.89,69.6,36,4.95,29.4,4.0,1,73.5,80.9,14.9,7.1,15006082.0
634,Medellín,Comercio,8.5,61.22,69.3,10,3.25,34.4,7.3,1,79.4,74.0,35.4,5.2,9651219.0
635,Medellín,Transporte,13.5,0.8,54.2,8,3.5,20.2,2.1,1,59.1,67.6,80.8,7.3,7160764.0
636,Cali,Hoteles,21.1,25.15,42.3,1,2.77,23.1,0.7,3,50.6,42.7,84.1,7.4,4884926.0
637,Medellín,Manufactura,5.7,35.5,61.3,48,4.83,19.8,3.2,1,56.2,75.0,12.8,6.9,15250689.0
638,Pereira,Manufactura,9.6,63.49,67.9,33,4.01,8.5,8.8,0,63.5,53.0,62.2,6.4,12013874.0
639,Bogotá,Transporte,2.5,52.09,46.0,49,4.52,31.4,6.4,2,48.2,62.3,6.4,8.6,13542734.0
640,Cartagena,Manufactura,3.1,44.05,75.8,17,3.92,24.0,-0.1,0,72.9,73.7,42.5,6.0,10556033.0
641,Medellín,Transporte,21.6,46.63,50.3,22,4.43,29.8,13.4,2,72.2,52.6,17.1,7.1,11325272.0
642,Bogotá,Hoteles,26.0,66.69,53.6,56,3.5,36.2,19.3,4,65.0,62.1,99.6,6.8,15681091.0
643,Bucaramanga,Comercio,16.7,64.23,45.9,1,3.36,25.8,4.4,0,55.6,55.1,98.3,5.9,4635758.0
644,Medellín,Construcción,6.5,69.1,47.2,26,3.87,15.5,12.8,0,58.8,72.2,13.6,5.7,9643720.0
645,Barranquilla,Transporte,25.9,62.33,58.8,19,4.04,8.7,5.0,1,66.2,67.3,87.6,6.2,10293723.0
646,Medellín,Información,4.5,32.04,69.1,8,5.08,5.8,20.1,0,61.1,68.3,27.0,6.4,8785481.0
647,Bucaramanga,Hoteles,4.3,4.58,42.9,115,3.28,27.9,-3.8,1,60.9,51.5,80.7,6.6,18865667.0
648,Medellín,Minas,20.8,52.37,90.6,84,6.33,12.0,7.8,4,82.0,82.2,76.0,7.5,33452177.0
649,Cali,Comercio,14.1,43.83,52.1,4,3.13,20.9,8.6,0,57.4,60.1,4.4,5.9,5760546.0
650,Medellín,Transporte,10.0,73.91,66.4,15,3.82,21.1,3.6,0,79.0,70.8,44.0,6.2,9939512.0
651,Medellín,Comercio,2.7,21.71,55.1,6,3.81,32.1,3.2,1,63.7,63.9,82.1,5.5,6938877.0
652,Manizales,Comercio,27.9,32.22,52.4,12,3.37,21.1,12.4,1,69.1,52.4,17.1,4.9,8488010.0
653,Manizales,Comercio,26.1,13.23,51.0,9,4.07,31.6,6.8,1,64.0,57.0,89.4,6.9,7191424.0
654,Cartagena,Construcción,5.3,35.21,52.1,12,2.64,24.0,10.9,2,57.1,59.5,53.9,6.9,7341400.0
655,Medellín,Salud,12.5,18.6,50.0,29,4.16,21.0,2.2,2,58.9,61.3,92.9,6.6,10189779.0
656,Barranquilla,Financiero,7.0,8.2,61.0,14,4.02,2.1,-1.2,0,69.4,60.3,98.0,6.1,8935202.0
657,Medellín,Hoteles,8.9,17.92,61.1,12,3.12,32.3,5.0,2,66.2,63.2,53.3,5.6,7871808.0
658,Bogotá,Comercio,30.3,56.92,62.7,9,3.62,19.8,9.6,1,72.4,76.5,71.7,6.2,9519660.0
659,Medellín,Información,3.8,51.13,73.0,1,5.9,25.0,12.8,2,71.4,76.5,13.6,6.7,9144519.0
660,Bogotá,Hoteles,34.1,6.71,59.4,5,3.1,31.7,4.1,2,77.8,64.1,49.2,6.4,8494633.0
661,Cali,Información,11.9,15.09,80.3,5,5.04,16.5,9.0,0,60.4,76.4,2.3,5.5,8993071.0
662,Manizales,Manufactura,13.1,79.68,62.7,35,3.28,22.9,12.1,0,61.7,58.4,92.8,6.4,11098326.0
663,Otras,Energía,2.0,36.13,67.7,3,4.19,13.1,10.9,1,61.5,61.0,57.0,6.1,7575896.0
664,Bogotá,Hoteles,7.6,17.99,50.4,7,3.28,27.7,5.3,0,61.2,64.2,63.6,6.6,6124639.0
665,Barranquilla,Construcción,3.9,66.94,40.3,26,3.47,33.5,10.2,3,52.2,53.1,33.4,6.0,8411257.0
666,Bogotá,Manufactura,11.3,12.23,72.0,48,4.36,17.8,7.4,0,75.6,72.2,61.2,6.0,16601896.0
667,Bogotá,Comercio,6.7,64.82,59.5,22,4.05,22.9,7.1,0,55.7,63.7,38.0,5.1,9328730.0
668,Otras,Comercio,14.3,75.35,50.8,13,3.05,33.3,7.5,1,63.4,55.2,23.8,6.8,7426355.0
669,Bogotá,Comercio,3.4,21.31,49.9,1,3.45,24.8,11.3,0,52.5,69.8,51.9,6.8,5421134.0
670,Bogotá,Construcción,6.9,34.5,59.6,12,3.79,18.8,12.5,2,55.3,62.2,18.5,5.8,8415130.0
671,Cali,Agricultura,17.6,23.46,43.8,7,2.88,23.4,13.8,1,59.1,55.0,95.4,6.5,6578826.0
672,Bogotá,Agricultura,5.8,35.7,52.6,17,3.15,27.5,-1.2,2,61.3,64.4,4.6,6.6,7816768.0
673,Manizales,Manufactura,13.2,8.13,60.6,29,3.37,22.0,0.5,2,72.2,59.2,23.8,7.1,11130264.0
674,Cali,Comercio,5.0,45.59,55.1,8,3.18,33.0,3.3,1,63.4,48.6,35.3,6.6,6381446.0
675,Medellín,Manufactura,16.3,65.48,65.6,43,4.35,13.8,0.7,4,78.8,64.3,27.7,7.4,16185330.0
676,Medellín,Hoteles,20.1,32.5,48.0,6,3.08,19.0,4.3,0,61.0,51.8,14.9,6.9,5482966.0
677,Cali,Transporte,13.3,19.93,60.0,14,3.77,20.2,-0.8,3,80.3,72.0,21.7,7.1,10438085.0
678,Cali,Comercio,11.6,26.89,58.4,4,3.12,21.5,4.4,3,65.0,58.0,59.4,6.7,7748426.0
679,Medellín,Manufactura,13.3,30.57,58.2,11,2.96,11.5,4.5,2,67.8,65.5,41.1,7.6,8625286.0
680,Cartagena,Comercio,17.3,12.39,52.4,1,2.06,32.0,9.0,0,71.7,61.8,87.6,5.4,5837535.0
681,Bogotá,Financiero,19.2,68.17,71.9,20,5.09,6.5,8.2,1,79.5,75.3,85.0,6.0,12985282.0
682,Medellín,Agricultura,11.6,68.9,50.4,1,2.97,14.4,-4.7,2,59.0,68.4,83.2,6.1,5862038.0
683,Bogotá,Agricultura,5.3,21.94,64.2,3,2.86,35.5,1.9,2,68.8,70.4,75.0,6.6,7767944.0
684,Bogotá,Hoteles,17.7,65.15,52.0,7,3.27,20.7,13.9,0,65.8,61.4,93.5,7.2,7511923.0
685,Medellín,Hoteles,11.6,10.85,59.0,1,4.22,37.3,-1.0,0,52.9,69.8,69.2,5.7,5258173.0
686,Medellín,Manufactura,38.3,23.1,76.0,14,3.92,10.0,10.2,1,78.5,69.8,3.6,6.1,12340987.0
687,Bogotá,Información,2.9,10.79,67.0,6,5.43,10.2,6.5,1,55.4,74.1,50.2,5.4,8142073.0
688,Medellín,Comercio,16.9,61.23,47.0,8,3.74,19.9,17.0,0,63.1,62.2,21.3,6.5,7536442.0
689,Bogotá,Transporte,4.6,46.3,71.2,25,4.14,16.6,0.2,1,71.6,77.6,11.8,7.6,12064279.0
690,Medellín,Profesionales,14.1,49.23,56.1,11,3.91,17.1,6.5,0,70.8,51.8,34.0,6.5,8191333.0
691,Bogotá,Financiero,3.4,6.24,71.7,16,4.52,8.5,13.4,0,60.6,68.1,68.0,6.4,10116393.0
692,Cali,Comercio,23.6,2.51,50.6,37,3.75,21.0,1.3,1,58.2,60.8,23.8,6.3,11060086.0
693,Medellín,Transporte,1.3,38.59,71.8,3,4.54,23.6,-9.1,0,67.3,65.1,85.3,6.2,7444853.0
694,Bogotá,Manufactura,7.8,43.31,57.7,2,3.85,19.8,-1.7,0,54.0,65.5,97.4,5.9,5642676.0
695,Barranquilla,Manufactura,4.3,8.53,57.3,54,3.93,9.8,12.0,3,60.0,63.8,79.6,7.3,15273906.0
696,Bogotá,Transporte,6.7,58.36,43.3,19,3.72,29.1,6.2,1,48.6,58.3,62.3,6.7,7635669.0
697,Bogotá,Comercio,18.8,57.1,55.2,5,3.74,37.0,1.3,0,71.3,62.3,4.6,5.0,6672866.0
698,Bogotá,Agricultura,6.1,38.74,45.9,6,3.53,28.3,7.6,0,53.8,50.7,33.3,7.0,5354636.0
699,Bogotá,Salud,4.0,59.24,63.9,80,4.57,15.8,9.7,6,65.7,69.9,88.7,7.1,23787738.0
700,Bogotá,Manufactura,10.6,65.94,44.8,13,4.01,24.0,11.0,0,61.5,65.0,52.6,6.0,7733137.0
701,Bogotá,Transporte,14.1,66.89,75.0,45,3.28,28.8,7.1,0,76.9,75.1,78.1,5.2,13465811.0
702,Bucaramanga,Transporte,13.4,16.69,50.9,5,4.49,29.3,13.5,3,53.2,52.5,76.9,6.4,6550899.0
703,Bogotá,Hoteles,5.6,1.7,60.3,9,3.91,37.9,-2.4,1,69.0,70.1,95.0,5.3,7911764.0
704,Otras,Transporte,23.8,25.37,62.0,14,4.06,19.9,13.2,0,73.0,54.8,73.8,6.0,9997917.0
705,Medellín,Manufactura,26.8,41.11,75.9,10,5.44,2.1,0.7,2,83.6,67.6,33.1,5.8,11320577.0
706,Medellín,Agricultura,14.2,15.93,54.4,25,2.11,14.5,13.9,2,54.0,70.7,74.4,5.9,9045157.0
707,Manizales,Comercio,20.7,58.87,42.8,8,3.87,22.9,16.8,1,55.9,55.0,84.1,7.4,7010348.0
708,Bogotá,Comercio,11.8,25.67,28.5,16,3.58,28.4,3.5,0,49.6,64.1,87.4,6.3,5662009.0
709,Cali,Comercio,2.1,71.31,47.0,14,3.59,28.4,9.6,1,50.4,60.3,69.3,5.3,6482471.0
710,Cali,Comercio,7.9,28.17,59.5,3,4.22,22.0,5.5,4,67.1,49.6,81.2,7.2,7452231.0
711,Bucaramanga,Construcción,28.0,36.74,51.1,27,3.76,24.0,3.6,3,69.9,61.2,85.3,7.1,11199520.0
712,Bogotá,Comercio,31.9,76.2,55.8,22,3.06,20.9,4.7,2,72.4,69.3,5.1,7.2,10214447.0
713,Cartagena,Información,26.1,36.99,64.7,18,4.35,20.1,10.6,0,70.8,55.7,17.9,6.5,10863363.0
714,Bogotá,Profesionales,9.2,14.64,58.7,19,3.85,12.1,-4.6,2,61.3,71.6,1.2,6.4,9210516.0
715,Bogotá,Transporte,22.1,29.18,70.1,2,4.54,21.6,6.0,0,72.6,79.0,98.1,5.2,7924394.0
716,Cali,Manufactura,6.4,76.34,59.8,39,4.53,24.5,7.1,2,78.8,62.0,11.7,6.1,14398411.0
717,Medellín,Manufactura,12.3,62.26,51.2,23,4.36,18.8,4.0,0,52.8,73.5,4.7,7.1,9608458.0
718,Medellín,Construcción,31.5,49.16,59.6,37,3.39,22.7,11.9,3,68.0,71.0,22.5,6.0,13665927.0
719,Bogotá,Comercio,7.1,56.46,50.1,9,4.13,28.4,3.6,0,49.7,60.6,3.2,5.1,5909510.0
720,Cali,Comercio,13.5,34.9,61.3,44,3.61,33.1,11.5,2,70.6,71.0,59.5,6.0,13632812.0
721,Medellín,Construcción,7.5,16.6,61.4,42,3.62,26.2,9.4,2,72.5,74.3,12.2,5.5,13959619.0
722,Bucaramanga,Manufactura,60.0,65.46,52.5,137,3.78,21.1,3.2,2,78.2,65.5,45.9,7.0,28172529.0
723,Cali,Comercio,31.5,33.73,50.6,7,2.98,19.9,4.2,2,61.7,65.6,24.8,7.3,7239382.0
724,Bucaramanga,Manufactura,30.6,30.16,57.9,39,3.85,21.9,10.9,0,66.0,56.9,27.4,7.6,13314701.0
725,Medellín,Profesionales,5.6,52.26,74.7,4,4.14,16.1,2.1,1,72.0,64.9,49.7,7.2,8625556.0
726,Medellín,Transporte,16.2,53.62,51.6,14,3.91,16.7,9.1,1,61.9,71.4,95.4,5.0,8705786.0
727,Medellín,Hoteles,31.8,63.18,55.6,1,4.21,26.0,7.4,1,70.7,69.7,3.5,5.5,7683393.0
728,Pereira,Profesionales,9.6,41.85,55.9,71,4.07,11.7,4.6,2,61.4,56.5,6.5,6.5,17268155.0
729,Manizales,Profesionales,8.1,10.75,71.5,15,4.25,23.6,-0.4,1,68.2,62.1,55.6,5.3,9768743.0
730,Barranquilla,Hoteles,2.6,35.49,52.7,18,2.69,26.8,6.9,0,53.2,61.9,63.6,5.6,6903272.0
731,Bogotá,Salud,13.9,12.97,72.3,16,4.62,12.7,6.7,0,67.9,80.8,50.7,6.0,10553531.0
732,Bogotá,Hoteles,39.5,73.11,50.4,29,3.43,25.4,4.8,1,72.2,59.9,11.0,6.3,10773021.0
733,Cali,Agricultura,8.3,58.71,44.5,20,3.06,24.6,-6.3,0,57.0,58.1,98.0,5.1,6722247.0
734,Bucaramanga,Salud,5.1,46.58,71.0,21,4.79,9.4,8.4,3,62.2,69.6,22.6,8.2,12349387.0
735,Cali,Comercio,22.3,40.85,70.9,24,3.66,20.7,0.2,2,66.9,76.6,54.5,7.3,11628415.0
736,Cali,Financiero,26.2,15.41,71.9,28,4.97,0.0,10.6,1,68.6,64.4,30.6,6.7,14344348.0
737,Medellín,Comercio,24.9,31.38,68.5,38,3.93,19.9,4.5,1,67.9,78.4,85.9,7.6,14072396.0
738,Cali,Comercio,11.3,36.57,45.1,10,3.69,26.5,1.5,2,64.8,51.1,16.5,8.1,6925883.0
739,Cali,Agricultura,3.6,44.16,41.9,80,2.28,21.3,12.1,1,56.1,54.6,64.8,7.9,11325394.0
740,Bogotá,Transporte,25.0,36.58,70.7,14,3.1,18.4,1.4,0,67.7,70.9,54.6,6.8,9002384.0
741,Medellín,Construcción,5.0,60.28,59.1,11,3.61,24.4,10.9,1,47.7,59.7,27.2,6.0,7348173.0
742,Bucaramanga,Construcción,11.8,33.9,52.9,10,3.45,30.7,-2.2,2,58.9,64.0,31.4,7.3,7060549.0
743,Manizales,Información,11.7,52.88,60.5,37,4.68,18.6,9.6,1,60.8,61.3,40.1,5.6,13191130.0
744,Cartagena,Hoteles,10.7,50.31,58.0,5,4.33,25.7,3.8,0,59.0,55.7,95.1,5.6,6132674.0
745,Medellín,Energía,7.3,16.12,77.7,25,5.75,11.8,10.4,1,78.1,69.2,90.5,7.0,14821879.0
746,Medellín,Manufactura,5.2,69.6,60.4,32,4.05,20.7,-4.3,2,66.8,63.3,15.1,7.6,11750915.0
747,Bogotá,Salud,8.3,1.89,63.3,6,4.84,18.2,1.2,1,68.8,65.8,62.0,5.8,8252638.0
748,Manizales,Comercio,5.3,52.73,58.5,20,3.91,22.4,5.3,1,64.1,54.8,86.9,6.2,9287224.0
749,Manizales,Manufactura,11.8,61.16,60.8,12,4.03,30.3,12.0,1,57.3,55.8,14.3,5.4,8377450.0
750,Bogotá,Manufactura,11.7,48.62,68.6,99,4.15,12.5,18.6,0,58.5,70.1,40.6,4.9,23567411.0
751,Bogotá,Profesionales,15.7,62.65,72.7,6,4.67,21.9,3.9,1,77.6,87.5,75.9,6.8,10014058.0
752,Bogotá,Salud,6.5,32.96,59.4,22,4.22,27.2,-1.1,0,59.9,60.0,12.5,6.1,9029468.0
753,Medellín,Comercio,15.3,51.03,55.8,11,3.31,31.2,7.7,2,67.3,70.6,99.8,5.7,8948050.0
754,Otras,Manufactura,17.3,40.01,50.7,8,3.8,25.3,-0.5,0,58.9,35.5,70.4,5.5,5736970.0
755,Bogotá,Transporte,12.6,50.4,53.1,40,4.19,24.8,6.3,5,54.8,71.5,74.0,8.0,14528892.0
756,Cartagena,Información,3.7,13.46,72.6,74,4.72,18.8,0.3,3,67.8,65.9,30.2,6.2,21813616.0
757,Manizales,Salud,6.3,29.23,61.2,2,3.87,19.7,-6.6,0,66.5,67.2,84.0,6.2,6334081.0
758,Bogotá,Construcción,5.9,5.27,60.3,28,4.59,24.4,7.9,1,73.7,70.5,89.8,6.2,12442396.0
759,Otras,Salud,2.9,28.92,69.3,5,3.37,13.4,0.8,0,81.2,48.5,5.9,6.8,8436670.0
760,Cali,Manufactura,12.1,1.67,69.3,16,4.1,21.6,7.1,2,69.9,62.4,93.6,6.0,10217442.0
761,Medellín,Salud,16.5,33.53,80.7,9,4.88,10.5,5.7,1,85.8,72.0,47.9,4.9,11817415.0
762,Cali,Transporte,6.0,16.35,51.5,2,3.29,22.3,5.8,1,61.2,60.9,15.3,6.1,6058942.0
763,Bucaramanga,Información,43.0,53.47,63.8,15,4.11,11.3,7.6,0,78.3,64.2,86.0,5.5,10443126.0
764,Cartagena,Construcción,7.8,18.03,43.6,16,3.73,24.2,7.8,2,56.8,49.2,3.9,6.9,7833278.0
765,Barranquilla,Agricultura,20.1,7.26,47.2,5,3.01,12.8,9.9,0,69.7,55.9,23.6,6.0,6816245.0
766,Bogotá,Agricultura,4.7,20.58,60.9,25,3.22,25.0,-9.5,2,69.8,63.1,9.5,6.3,9506945.0
767,Cali,Agricultura,4.9,65.63,49.7,6,3.36,20.8,1.5,2,59.0,53.9,36.7,6.9,6340153.0
768,Bogotá,Comercio,5.1,2.49,55.3,9,3.41,34.2,16.8,1,63.2,65.9,90.1,7.5,7549636.0
769,Cali,Energía,8.9,78.35,70.6,12,4.88,0.0,11.1,1,80.0,70.9,50.2,5.3,11175523.0
770,Bogotá,Manufactura,15.7,40.27,54.4,84,4.49,18.5,9.6,3,59.5,69.2,57.4,7.0,22308520.0
771,Medellín,Información,40.4,43.57,80.0,41,5.48,12.7,9.9,1,85.1,75.9,2.5,6.7,19306198.0
772,Barranquilla,Manufactura,10.1,3.92,76.9,10,4.28,28.1,-2.1,0,81.2,76.0,8.6,7.2,9376138.0
773,Bogotá,Construcción,6.4,54.99,54.1,22,3.48,31.9,11.0,0,60.1,75.3,67.2,6.0,8609400.0
774,Bogotá,Construcción,14.4,39.82,60.1,18,3.49,26.8,8.6,0,58.1,54.7,34.0,6.2,8719701.0
775,Bucaramanga,Comercio,10.4,62.75,57.4,97,3.21,22.0,3.0,1,69.2,54.7,8.3,7.3,18635178.0
776,Bucaramanga,Transporte,14.1,47.42,53.5,2,3.6,18.5,-2.1,0,59.3,55.1,13.0,6.9,5044696.0
777,Medellín,Comercio,6.9,19.85,58.3,20,3.97,31.5,3.1,3,62.4,72.0,41.6,6.7,10096830.0
778,Cali,Manufactura,5.5,73.58,64.9,62,4.58,29.5,8.3,3,61.6,71.5,93.6,6.9,19276900.0
779,Medellín,Comercio,7.9,42.8,62.3,21,3.01,20.5,5.6,4,75.8,66.8,31.4,8.3,11333356.0
780,Bucaramanga,Manufactura,57.4,27.49,59.0,19,4.1,13.6,13.2,1,82.2,65.3,45.8,7.1,12923379.0
781,Cali,Comercio,8.5,36.94,63.4,2,3.41,28.4,11.6,1,66.7,64.5,45.3,6.7,7285879.0
782,Cali,Transporte,43.3,52.07,56.3,5,3.72,17.6,10.2,1,69.9,67.2,69.0,6.3,8394902.0
783,Manizales,Construcción,8.3,15.97,52.1,74,3.55,24.2,3.6,6,69.4,57.6,96.2,8.3,18208286.0
784,Bogotá,Comercio,1.8,66.06,68.9,7,2.97,24.6,5.7,0,57.0,75.4,90.5,6.3,8814507.0
785,Pereira,Financiero,12.4,2.54,55.4,20,3.46,19.6,4.7,1,61.9,62.2,83.8,4.6,8986274.0
786,Bogotá,Agricultura,17.6,28.55,65.3,4,4.05,31.8,1.4,1,63.2,76.1,58.3,6.5,7166995.0
787,Bogotá,Hoteles,14.2,60.55,67.6,9,3.16,26.7,5.3,2,66.4,66.2,23.0,7.0,8665639.0
788,Bogotá,Profesionales,16.1,6.94,69.5,14,5.33,17.5,9.4,1,65.3,71.4,92.0,6.7,10912228.0
789,Bogotá,Comercio,9.1,27.78,73.1,4,3.47,28.9,10.0,0,71.7,69.9,93.9,5.8,8319460.0
790,Bogotá,Profesionales,25.1,40.46,79.5,9,4.29,17.0,3.1,1,72.1,79.4,67.2,6.5,10191383.0
791,Medellín,Hoteles,10.0,65.71,59.3,24,3.57,27.5,9.0,1,64.0,66.8,40.8,4.4,9530234.0
792,Bucaramanga,Comercio,6.8,25.32,48.6,8,3.37,24.0,1.4,2,65.9,65.1,76.2,6.5,6912746.0
793,Barranquilla,Construcción,8.5,43.68,58.8,10,3.48,29.3,14.5,1,65.2,61.0,50.1,6.0,7810076.0
794,Bucaramanga,Comercio,5.0,25.81,64.4,16,3.2,26.2,9.6,1,59.5,56.7,75.5,7.1,8453792.0
795,Cali,Información,10.1,4.41,64.8,7,4.56,13.0,7.8,0,63.5,58.0,8.6,4.6,10978783.0
796,Cali,Comercio,1.0,53.99,50.2,14,3.58,24.3,10.1,0,53.4,58.6,91.1,6.6,6931343.0
797,Bucaramanga,Comercio,14.2,71.91,47.9,83,3.02,34.5,-3.3,0,60.7,53.9,63.2,6.8,14091156.0
798,Barranquilla,Comercio,9.3,65.53,54.1,9,2.48,27.6,19.9,0,61.7,64.8,0.9,5.6,7127026.0
799,Cali,Financiero,34.2,37.12,63.2,16,4.31,0.9,3.9,1,73.4,59.2,30.0,5.9,11255423.0
800,Barranquilla,Manufactura,9.2,63.6,68.5,9,4.19,6.5,2.3,1,63.6,72.3,40.0,7.4,8917978.0
801,Cali,Salud,5.2,48.52,69.0,24,4.33,23.2,10.5,3,73.8,62.4,56.3,7.0,12640736.0
802,Medellín,Hoteles,9.6,61.91,45.2,2,3.46,33.6,14.3,0,53.6,55.7,28.7,5.2,4743550.0
803,Barranquilla,Comercio,12.3,72.7,39.4,11,2.69,30.2,3.7,4,63.5,47.7,13.6,7.6,6838964.0
804,Cali,Transporte,3.6,54.94,47.7,49,3.9,27.9,10.6,0,51.0,58.2,70.2,6.1,12187329.0
805,Medellín,Comercio,4.3,29.06,59.6,4,3.58,26.9,9.7,0,62.6,61.5,63.3,5.2,6713930.0
806,Medellín,Profesionales,19.4,3.73,76.6,104,5.32,16.4,7.8,0,77.9,75.1,31.7,5.9,30677627.0
807,Cali,Agricultura,13.8,64.97,43.3,19,2.64,22.6,0.5,3,56.7,53.4,76.7,7.2,6732637.0
808,Cartagena,Comercio,29.2,34.8,49.7,17,2.2,17.9,3.0,2,67.3,41.7,46.6,5.8,7960266.0
809,Barranquilla,Transporte,5.5,65.31,55.5,21,3.84,26.7,7.2,1,64.8,60.2,17.0,5.8,9601641.0
810,Cali,Comercio,16.6,58.28,48.2,31,3.91,24.0,12.6,1,62.6,57.6,75.3,6.1,10467470.0
811,Barranquilla,Profesionales,10.8,26.48,59.1,24,4.44,16.9,16.5,1,65.3,64.7,85.9,7.0,12119048.0
812,Barranquilla,Comercio,9.5,55.8,48.3,12,2.34,32.1,5.8,1,59.1,56.9,85.6,6.4,6204862.0
813,Bogotá,Comercio,9.9,29.12,59.8,5,3.31,21.6,6.8,0,59.3,72.1,84.8,6.4,6653723.0
814,Bogotá,Energía,6.3,48.91,88.5,4,6.01,11.1,10.8,0,81.7,82.3,82.3,7.1,17058571.0
815,Barranquilla,Información,22.5,43.88,65.9,22,4.41,16.5,5.0,0,60.0,62.8,88.5,5.1,10502264.0
816,Bogotá,Agricultura,5.3,55.96,60.7,112,3.26,18.6,3.3,3,56.4,67.6,73.9,7.8,21354419.0
817,Bogotá,Manufactura,16.8,10.91,63.3,38,4.58,19.9,4.5,1,65.1,77.4,42.6,6.3,13994662.0
818,Cartagena,Minas,30.3,53.65,76.4,12,5.03,0.6,-7.8,0,86.4,52.9,62.7,5.5,10238770.0
819,Cali,Comercio,4.5,39.23,48.9,11,2.82,21.9,10.9,1,48.5,60.7,69.2,4.9,6027512.0
820,Medellín,Agricultura,7.4,62.22,52.2,3,3.5,24.0,13.3,5,68.3,65.7,22.5,7.0,8484047.0
821,Bogotá,Agricultura,3.9,67.01,49.7,25,3.66,23.2,3.8,3,52.8,71.3,90.2,6.5,9496668.0
822,Bogotá,Información,9.8,19.68,67.8,73,5.29,14.8,4.8,2,68.6,76.0,72.3,6.5,23792486.0
823,Bogotá,Información,26.3,58.52,75.6,21,4.55,17.3,-12.5,1,85.8,77.4,74.9,6.5,11497225.0
824,Otras,Salud,7.8,36.29,57.1,22,4.08,13.9,0.2,2,54.9,49.0,65.4,7.0,9412216.0
825,Cartagena,Construcción,8.3,1.25,55.6,1,3.06,28.1,2.7,0,57.7,52.8,48.2,5.3,4829686.0
826,Cali,Hoteles,24.2,11.09,56.8,4,3.24,25.7,15.5,0,54.5,70.0,62.3,5.5,7066999.0
827,Medellín,Manufactura,7.8,72.94,67.4,21,4.03,10.0,-2.2,3,70.0,71.0,44.6,7.1,11545056.0
828,Bogotá,Información,23.5,13.59,81.3,10,4.96,11.2,9.4,1,84.0,69.8,3.3,6.5,12194709.0
829,Medellín,Información,6.6,14.42,69.3,41,4.05,11.9,4.4,4,64.7,83.0,61.9,8.0,15364226.0
830,Barranquilla,Comercio,7.6,23.3,41.9,4,3.18,35.2,-1.4,0,62.1,58.7,39.9,5.9,4811011.0
831,Bogotá,Comercio,19.9,8.43,58.9,18,2.86,21.0,14.7,2,69.2,69.0,51.8,6.8,10272549.0
832,Bogotá,Construcción,60.0,30.06,60.4,21,4.48,15.0,8.4,3,71.2,62.7,84.5,7.7,12851623.0
833,Cali,Comercio,6.6,29.05,55.9,6,3.74,28.6,9.0,1,64.2,60.7,51.6,6.1,6941629.0
834,Cali,Comercio,27.7,52.43,53.7,63,4.16,28.2,9.6,4,65.6,66.1,47.1,5.8,18390772.0
835,Pereira,Energía,6.7,51.06,72.7,5,4.82,0.0,13.9,1,64.2,58.5,64.0,6.1,8530104.0
836,Bogotá,Comercio,6.6,26.13,84.6,5,4.59,27.2,4.1,0,80.3,85.2,3.5,5.9,10301412.0
837,Otras,Energía,24.1,65.58,62.6,30,4.78,23.3,9.9,3,71.5,47.6,92.4,6.2,13428228.0
838,Cali,Transporte,13.0,75.37,65.5,21,4.02,21.0,1.0,2,74.2,65.3,31.4,6.8,11275011.0
839,Medellín,Minas,5.8,75.75,56.3,19,5.64,13.8,7.9,2,55.2,67.9,47.0,5.3,10740861.0
840,Bogotá,Comercio,7.2,45.6,60.5,47,3.45,18.4,17.5,0,62.5,70.5,38.1,4.6,13596349.0
841,Bogotá,Agricultura,10.2,79.89,52.8,6,2.44,24.3,8.8,1,65.7,54.2,54.0,6.1,6671234.0
842,Cali,Manufactura,8.0,64.54,62.6,22,3.26,8.0,4.7,0,59.1,69.3,19.9,6.1,9192830.0
843,Pereira,Agricultura,18.3,12.55,30.4,56,3.14,17.5,1.5,0,51.4,42.1,78.8,5.5,10700366.0
844,Medellín,Comercio,8.7,66.34,61.5,5,4.04,25.8,4.3,1,56.2,69.7,50.6,7.3,7268893.0
845,Cali,Información,8.8,77.29,73.7,29,4.15,11.9,20.7,1,64.1,76.2,28.0,7.1,12916500.0
846,Medellín,Construcción,4.1,16.91,65.6,16,4.47,23.0,4.2,0,63.6,77.1,69.3,7.0,9652771.0
847,Medellín,Comercio,9.4,3.52,54.0,9,3.0,16.8,2.8,1,56.8,68.2,6.5,6.3,6360814.0
848,Manizales,Información,13.7,75.26,61.2,10,4.45,6.9,-2.4,0,53.5,65.6,18.9,6.3,7075777.0
849,Bogotá,Agricultura,6.0,7.13,47.2,24,3.02,15.5,2.4,1,53.7,66.1,99.8,5.6,8071065.0
850,Medellín,Agricultura,11.1,8.18,53.7,2,2.3,30.3,2.4,3,56.6,60.5,60.5,6.6,6089772.0
851,Medellín,Hoteles,7.9,59.79,50.5,24,3.39,27.4,8.6,0,60.8,58.7,78.5,6.0,8851371.0
852,Otras,Comercio,6.7,51.12,32.7,6,2.7,30.5,7.2,1,53.0,46.5,39.7,6.3,4498212.0
853,Manizales,Profesionales,9.4,24.72,54.8,8,3.73,24.2,17.3,2,78.6,60.8,79.5,5.8,8656970.0
854,Medellín,Comercio,25.7,39.2,61.3,66,3.87,18.3,0.5,1,78.4,66.7,39.7,7.7,17716886.0
855,Bogotá,Información,8.2,22.41,77.2,20,4.78,12.4,15.7,2,88.3,71.5,29.7,6.3,14279568.0
856,Bogotá,Comercio,8.9,8.13,62.1,11,2.88,21.3,1.7,2,55.6,66.9,48.9,5.7,7764052.0
857,Bogotá,Comercio,8.7,49.85,55.9,8,4.01,29.8,-0.5,1,48.8,84.0,91.6,5.5,6356128.0
858,Bogotá,Información,5.3,43.77,70.8,12,5.24,13.2,11.1,1,58.6,75.4,84.6,5.1,9854717.0
859,Medellín,Construcción,13.5,23.91,63.2,26,3.61,24.0,3.5,2,58.0,69.9,91.0,6.4,10947281.0
860,Bogotá,Agricultura,6.4,10.2,46.9,14,2.68,25.5,4.2,2,62.2,67.9,64.3,6.8,7168999.0
861,Barranquilla,Comercio,21.9,59.69,70.3,15,3.1,30.2,4.6,2,71.3,62.4,38.1,7.0,9537200.0
862,Bogotá,Hoteles,5.9,7.88,70.7,14,2.61,23.9,10.8,0,63.6,75.6,83.1,5.9,8353960.0
863,Barranquilla,Información,9.8,72.38,66.7,3,4.79,8.3,7.4,0,74.0,57.7,8.5,5.7,7832518.0
864,Barranquilla,Comercio,7.2,61.12,44.6,1,2.82,20.3,14.1,1,58.0,59.4,67.6,5.7,5720586.0
865,Bogotá,Financiero,29.0,62.75,74.8,9,5.08,2.4,9.3,1,79.8,79.7,75.9,6.8,11315619.0
866,Barranquilla,Transporte,14.0,1.71,52.2,46,3.21,21.9,1.2,1,61.4,59.5,72.5,6.2,11461366.0
867,Medellín,Manufactura,4.7,56.26,64.6,23,4.09,7.6,4.0,2,72.7,74.8,45.3,6.7,11667700.0
868,Otras,Salud,24.3,4.31,65.0,37,3.5,15.7,11.2,3,66.8,55.5,25.9,6.8,13397290.0
869,Bogotá,Información,36.5,10.81,67.6,41,5.8,6.9,10.5,2,77.1,75.1,96.0,5.9,18669875.0
870,Medellín,Comercio,19.6,2.55,64.0,27,3.38,22.8,7.0,1,58.8,64.9,98.9,5.5,10834317.0
871,Medellín,Comercio,7.4,50.79,60.8,1,4.27,29.2,-1.5,0,55.2,55.3,77.7,6.8,5331649.0
872,Cali,Manufactura,4.4,67.34,69.0,25,4.0,24.8,10.4,1,76.5,63.7,42.8,5.9,12116785.0
873,Manizales,Transporte,11.9,33.27,31.9,12,4.16,24.3,17.3,1,55.6,42.6,27.3,6.9,6655665.0
874,Bogotá,Construcción,36.5,11.27,56.8,14,3.96,13.0,-4.8,1,76.6,68.4,27.1,6.2,8412625.0
875,Bogotá,Transporte,9.0,23.89,60.8,6,3.98,31.0,14.6,3,57.9,78.1,57.7,6.6,8740965.0
876,Cali,Comercio,11.6,47.27,46.2,45,2.95,29.3,11.8,0,59.4,49.4,8.3,6.4,10596839.0
877,Barranquilla,Construcción,8.6,0.02,53.4,6,3.0,26.1,15.3,1,58.3,56.2,39.4,7.7,6648500.0
878,Cali,Energía,23.2,35.62,79.6,24,4.9,8.1,9.5,3,79.9,77.9,80.2,6.9,15342426.0
879,Barranquilla,Financiero,6.0,28.02,66.5,101,5.34,8.0,9.2,2,64.8,77.1,46.0,6.5,29352200.0
880,Bogotá,Transporte,14.6,36.06,53.9,11,4.08,20.5,-0.4,0,68.0,68.6,15.2,5.3,7315586.0
881,Medellín,Construcción,5.2,66.06,60.3,10,4.82,35.2,3.5,1,66.5,58.3,76.9,5.7,8244363.0
882,Bogotá,Comercio,12.7,34.5,41.8,7,3.59,23.0,10.3,1,59.4,53.1,22.3,7.0,5957538.0
883,Cali,Comercio,5.8,4.57,52.9,9,4.11,21.0,12.6,0,58.3,61.4,30.6,5.4,6977217.0
884,Otras,Profesionales,10.9,7.2,70.1,35,5.33,18.6,7.4,2,77.5,53.2,37.3,8.0,15653105.0
885,Bogotá,Construcción,23.1,42.06,63.2,3,4.21,16.4,4.9,1,67.4,56.5,64.4,5.7,7718212.0
886,Bogotá,Transporte,19.7,62.03,64.5,13,4.72,13.4,7.7,1,67.0,67.9,3.9,6.2,10146165.0
887,Bogotá,Hoteles,6.7,34.84,55.4,7,3.32,34.7,7.5,0,62.7,64.6,28.2,6.8,6453046.0
888,Bogotá,Información,2.8,53.32,61.3,23,5.68,13.2,11.6,3,59.1,63.8,67.6,7.3,12342482.0
889,Pereira,Transporte,3.5,36.27,41.7,4,3.07,25.3,0.7,0,55.5,48.3,2.7,6.9,4266162.0
890,Pereira,Comercio,8.6,62.9,46.9,9,2.86,32.1,11.9,2,53.2,56.9,39.1,6.6,6138274.0
891,Bogotá,Comercio,13.3,31.82,56.6,15,2.91,24.4,11.9,0,61.2,64.3,7.9,6.5,7487387.0
892,Medellín,Manufactura,4.2,21.46,53.4,11,3.54,15.9,5.3,0,52.0,49.7,20.9,5.9,6918102.0
893,Barranquilla,Salud,29.9,48.27,69.5,10,4.29,8.4,8.2,1,90.1,61.8,88.4,6.1,11137452.0
894,Barranquilla,Construcción,23.9,54.37,59.5,18,3.69,20.5,5.9,2,61.9,59.5,84.3,5.3,9795380.0
895,Otras,Agricultura,2.9,1.21,49.1,53,3.68,29.4,16.6,2,65.1,46.5,8.0,6.5,13224262.0
896,Cali,Profesionales,60.0,1.81,79.2,31,4.39,4.5,4.6,1,99.8,71.1,57.0,6.8,16553999.0
897,Cali,Minas,22.7,44.72,66.9,26,5.21,4.4,4.9,0,69.4,67.2,85.2,5.9,12785149.0
898,Medellín,Hoteles,4.1,48.54,59.2,5,3.08,25.0,9.6,2,67.7,71.4,69.2,6.3,7616283.0
899,Medellín,Información,3.0,68.73,72.8,48,4.89,22.8,10.7,2,75.9,64.2,92.9,6.2,17496997.0
900,Manizales,Hoteles,12.4,47.81,57.7,6,3.17,27.8,1.0,0,64.9,58.8,83.4,6.7,6611241.0
901,Bogotá,Comercio,5.2,11.17,57.1,16,3.71,35.7,2.4,0,63.9,65.2,24.2,5.4,7797333.0
902,Bogotá,Hoteles,18.4,20.73,59.2,26,3.17,30.4,24.0,1,62.8,74.4,35.3,6.3,16035855.0
903,Bogotá,Comercio,9.9,72.67,63.0,13,2.97,17.8,10.7,4,72.9,81.5,64.6,6.4,10394390.0
904,Bogotá,Comercio,9.1,56.32,54.2,5,4.72,28.8,12.8,2,59.8,69.0,58.8,6.9,7488850.0
905,Bucaramanga,Hoteles,7.2,22.91,29.7,14,3.7,21.8,-1.5,0,50.2,46.3,42.3,5.9,5167459.0
906,Bogotá,Profesionales,15.4,61.28,79.4,4,4.89,7.1,2.9,0,71.7,70.0,98.3,4.9,9189751.0
907,Pereira,Transporte,4.4,8.0,57.0,7,3.53,26.9,16.2,1,55.6,63.3,2.1,6.7,6870198.0
908,Medellín,Energía,6.1,6.8,71.7,16,5.51,17.2,11.4,1,66.0,64.6,94.1,7.0,16412952.0
909,Otras,Comercio,16.2,70.86,45.5,11,3.26,22.8,0.4,1,62.0,54.5,63.1,6.9,6152099.0
910,Barranquilla,Comercio,18.6,27.96,57.2,1,2.55,20.8,-3.8,2,56.6,63.6,56.3,6.7,5630152.0
911,Barranquilla,Profesionales,10.0,10.36,66.4,23,4.38,9.4,9.9,1,81.4,64.0,7.5,6.6,12311458.0
912,Medellín,Construcción,5.2,5.15,52.6,2,4.03,26.5,7.6,2,54.0,65.6,4.6,6.6,6160778.0
913,Barranquilla,Información,36.6,58.69,64.0,30,5.41,3.1,8.9,1,70.0,48.7,47.9,5.9,14770595.0
914,Bogotá,Financiero,5.2,64.93,58.7,6,5.18,15.5,16.9,2,70.9,66.9,37.2,5.6,8814607.0
915,Bucaramanga,Manufactura,4.1,6.52,51.3,17,3.87,18.7,-0.3,5,50.2,71.0,17.3,7.1,9234829.0
916,Otras,Profesionales,6.6,62.55,68.1,2,4.15,17.8,8.3,1,67.5,56.4,47.8,5.2,7555952.0
917,Medellín,Profesionales,4.7,40.4,65.6,37,4.75,6.4,8.5,1,65.1,72.8,67.8,5.8,14364599.0
918,Cali,Energía,19.0,60.95,76.0,14,5.34,10.6,8.8,3,70.9,63.3,29.4,6.6,12225887.0
919,Bucaramanga,Comercio,5.0,44.74,55.5,11,3.48,25.0,10.8,2,61.5,59.5,66.4,7.6,7415378.0
920,Bogotá,Transporte,4.7,26.4,56.6,37,4.6,25.0,1.0,3,58.0,67.8,29.5,6.0,13080179.0
921,Barranquilla,Información,18.2,65.29,47.5,29,4.78,11.1,4.1,1,60.9,44.8,52.9,5.9,11367572.0
922,Pereira,Comercio,17.1,36.72,44.8,13,2.6,29.0,11.2,2,58.5,50.3,62.6,6.7,7026570.0
923,Bogotá,Manufactura,33.1,75.27,70.5,22,4.93,9.9,4.7,0,77.5,76.9,100.0,6.2,12565938.0
924,Cali,Información,6.5,39.13,70.7,30,4.36,16.1,-1.1,1,71.3,61.9,64.3,7.5,15443583.0
925,Bucaramanga,Comercio,1.7,77.59,59.2,3,3.44,20.0,13.0,0,66.7,67.4,47.6,5.7,7073810.0
926,Bogotá,Financiero,13.1,53.37,76.6,2,6.06,13.9,15.7,1,73.3,68.0,16.0,6.3,9557011.0
927,Pereira,Transporte,17.1,12.77,66.9,38,3.29,28.1,13.6,1,73.6,66.4,9.7,6.6,13348585.0
928,Pereira,Construcción,17.0,50.31,41.8,10,3.53,18.7,12.1,2,58.1,60.5,51.1,6.8,7110629.0
929,Bogotá,Salud,27.7,33.15,63.9,18,4.34,8.6,0.7,1,69.0,65.3,2.3,5.8,10636731.0
930,Medellín,Construcción,26.3,8.63,50.8,21,3.79,18.6,1.3,0,58.6,63.2,83.2,5.6,8684300.0
931,Bucaramanga,Transporte,21.5,59.59,37.1,2,2.99,15.8,9.4,2,51.7,65.8,16.1,7.2,5821280.0
932,Medellín,Hoteles,19.8,7.51,46.7,51,2.8,26.5,-2.7,2,75.8,68.9,89.5,6.2,12206320.0
933,Pereira,Transporte,21.0,77.6,45.9,12,3.89,15.3,2.8,1,68.6,53.9,13.9,6.5,7578637.0
934,Bogotá,Manufactura,25.2,32.89,76.4,44,4.03,19.3,6.5,2,62.2,80.1,46.2,7.1,19857639.0
935,Pereira,Comercio,4.9,59.48,47.2,3,3.36,31.7,1.7,0,55.3,48.6,8.7,6.1,4587875.0
936,Bogotá,Manufactura,9.9,11.42,48.9,9,3.41,14.4,12.6,1,52.4,57.9,67.7,6.0,6815564.0
937,Medellín,Salud,12.8,76.72,70.6,15,4.88,19.1,5.6,0,80.8,67.0,63.9,7.4,10969471.0
938,Barranquilla,Comercio,38.9,63.51,58.1,5,3.48,20.2,12.9,0,70.2,60.3,45.1,6.2,8617109.0
939,Bogotá,Comercio,7.3,70.37,63.9,4,3.36,36.8,10.7,0,70.7,71.9,37.9,5.1,7665197.0
940,Cali,Profesionales,7.3,47.41,77.8,9,5.57,8.6,1.3,1,67.7,58.7,16.2,6.2,10218431.0
941,Bogotá,Información,3.9,40.81,77.3,26,5.63,5.0,0.6,3,67.3,72.3,7.2,6.6,14723279.0
942,Bogotá,Manufactura,4.6,0.27,66.2,23,5.29,22.0,8.8,2,67.0,64.4,77.6,6.8,12674632.0
943,Bucaramanga,Comercio,8.9,13.77,60.3,5,3.23,22.9,-0.0,3,70.6,52.7,51.9,7.1,7688884.0
944,Otras,Información,22.9,14.12,63.0,18,3.89,15.5,2.1,1,64.7,46.9,66.5,5.9,9734037.0
945,Medellín,Manufactura,12.1,50.81,59.4,104,4.01,12.2,7.7,2,60.3,61.7,100.0,5.9,23500252.0
946,Bogotá,Manufactura,1.8,40.55,73.6,29,4.88,14.9,2.3,0,63.2,79.9,78.0,7.0,13384575.0
947,Medellín,Manufactura,15.8,20.62,61.7,23,4.19,21.2,0.1,7,70.6,61.2,73.4,8.8,12860488.0
948,Otras,Comercio,8.1,17.93,64.5,113,3.54,28.1,7.1,2,73.7,57.7,45.8,5.9,23515737.0
949,Manizales,Agricultura,8.0,37.36,28.4,2,2.84,13.7,0.4,2,54.6,50.2,81.7,8.5,4304457.0
950,Barranquilla,Construcción,5.8,19.41,60.5,8,3.6,32.1,0.5,1,58.0,67.1,11.2,6.3,6898386.0
951,Cartagena,Profesionales,18.0,54.32,56.6,27,4.21,25.4,3.1,0,64.4,58.5,93.4,7.5,9945857.0
952,Cali,Información,23.7,22.13,68.8,52,4.2,10.4,14.0,1,76.9,69.6,50.2,7.6,18025659.0
953,Bogotá,Comercio,14.6,59.66,70.7,14,3.87,27.0,10.2,1,74.0,70.0,43.5,6.3,10536407.0
954,Manizales,Comercio,5.1,60.81,52.6,32,3.22,29.0,18.0,1,61.8,64.2,20.2,6.6,10059690.0
955,Bogotá,Agricultura,16.4,17.89,42.3,23,3.65,23.2,-2.1,3,61.2,55.9,96.7,7.4,8785961.0
956,Bogotá,Comercio,15.5,16.02,68.9,38,4.36,26.4,8.8,0,75.8,84.3,59.1,5.2,15011156.0
957,Medellín,Manufactura,4.2,29.72,72.0,3,4.26,16.9,-4.2,1,68.3,65.6,29.0,6.0,7854852.0
958,Pereira,Información,8.0,18.64,75.5,19,5.11,10.9,3.1,1,76.8,74.1,72.8,6.6,12171480.0
959,Bogotá,Comercio,19.8,56.3,61.5,15,3.96,27.3,-2.1,0,57.2,74.8,16.7,5.7,7915750.0
960,Bogotá,Construcción,8.4,2.08,45.7,7,4.29,25.0,9.1,2,65.7,56.6,49.7,6.9,6792683.0
961,Bogotá,Profesionales,20.2,36.48,85.4,11,5.04,6.7,18.9,3,88.1,74.4,55.4,6.8,14763529.0
962,Medellín,Manufactura,18.8,70.97,57.9,59,4.15,22.3,8.5,3,66.9,64.6,9.4,7.5,17441010.0
963,Bucaramanga,Minas,25.6,46.95,68.5,35,4.51,9.5,7.2,2,77.5,66.6,51.8,5.0,15247801.0
964,Cali,Manufactura,15.0,27.61,61.1,56,2.93,18.2,5.1,1,61.0,55.8,22.2,5.0,12614748.0
965,Bogotá,Comercio,16.9,32.42,51.4,11,4.18,16.6,-0.3,1,78.8,69.5,99.6,6.8,8089993.0
966,Bogotá,Financiero,11.8,45.98,84.0,22,5.36,14.9,9.6,2,75.8,77.2,4.3,6.3,15092815.0
967,Medellín,Agricultura,1.9,47.27,48.1,6,3.27,27.2,-7.2,2,62.6,56.3,82.9,6.7,6321356.0
968,Barranquilla,Profesionales,6.5,36.13,71.3,5,4.1,12.2,1.6,1,82.2,64.0,90.4,4.8,9065587.0
969,Cartagena,Construcción,10.2,16.24,45.1,5,3.51,21.9,11.2,0,59.0,63.1,9.3,6.1,5672996.0
970,Cali,Comercio,6.7,24.11,51.2,6,3.41,29.3,-1.7,1,55.8,57.6,48.3,6.1,5720839.0
971,Medellín,Comercio,16.7,38.38,65.2,7,4.08,25.8,9.1,0,79.7,56.2,86.9,6.2,8311987.0
972,Otras,Transporte,9.8,50.02,54.5,19,4.06,22.2,9.2,1,63.9,56.9,46.7,6.2,9209880.0
973,Bogotá,Comercio,7.6,19.45,58.8,10,3.57,27.4,-1.1,0,59.4,66.5,47.5,6.2,7698501.0
974,Manizales,Agricultura,11.1,3.12,44.8,7,2.96,19.9,4.8,2,61.8,59.8,68.1,6.4,6475828.0
975,Medellín,Construcción,6.5,22.54,53.8,35,4.64,20.7,4.1,1,65.6,61.2,30.5,5.1,12527998.0
976,Cartagena,Transporte,12.4,68.14,54.8,27,3.83,15.2,16.0,0,57.5,54.5,66.6,6.9,9774723.0
977,Bogotá,Profesionales,3.3,37.6,86.5,151,4.41,15.8,8.1,2,78.3,75.5,85.3,6.9,36420494.0
978,Medellín,Comercio,1.1,14.07,68.6,8,3.22,25.4,10.8,1,63.2,79.7,23.0,6.4,8295849.0
979,Bogotá,Minas,3.4,55.42,85.1,115,6.06,18.9,-3.6,3,77.9,73.9,46.7,8.6,37348552.0
980,Manizales,Comercio,26.1,76.73,52.6,9,2.78,25.4,12.5,1,69.1,55.7,51.4,5.2,7886534.0
981,Bogotá,Profesionales,3.5,41.95,79.8,11,5.23,21.9,13.3,2,78.2,68.1,32.8,5.4,13903862.0
982,Cali,Manufactura,7.0,64.68,78.1,15,4.46,19.0,-2.4,2,76.4,71.2,53.6,7.3,11500985.0
983,Bogotá,Comercio,14.5,4.2,55.2,24,3.73,22.6,4.7,1,68.5,60.2,20.1,6.6,10135933.0
984,Otras,Manufactura,1.9,43.12,67.5,5,3.72,17.4,5.0,1,68.3,54.6,28.4,6.9,7622446.0
985,Cali,Salud,8.9,52.78,69.0,11,4.41,17.5,5.4,1,65.3,63.9,68.7,6.0,8899924.0
986,Medellín,Financiero,43.0,49.4,80.3,23,5.26,8.7,1.3,1,84.7,76.4,10.0,6.5,14079543.0
987,Bogotá,Información,4.9,31.18,65.7,5,4.68,12.2,4.1,1,69.2,76.5,30.0,5.3,8469138.0
988,Bogotá,Información,45.4,44.59,76.0,6,4.59,8.2,10.3,1,78.4,74.3,23.4,6.1,11035449.0
989,Cali,Transporte,8.3,19.17,52.1,3,3.94,23.5,3.9,1,55.7,51.7,81.5,4.8,5661816.0
990,Medellín,Comercio,10.9,55.11,53.0,42,4.26,29.4,10.1,1,73.9,69.5,51.3,5.9,13793306.0
991,Barranquilla,Comercio,9.6,10.45,57.5,13,3.84,22.9,6.2,0,69.6,66.8,29.2,5.8,8669849.0
992,Cali,Profesionales,9.1,31.27,62.3,5,3.94,12.8,20.3,1,60.2,54.2,58.6,5.3,7886244.0
993,Bogotá,Manufactura,13.3,20.02,74.2,15,4.93,10.4,14.6,1,70.8,75.3,25.8,7.2,11920628.0
994,Bogotá,Comercio,8.8,65.6,69.3,6,4.27,30.4,-1.7,1,66.7,78.3,31.7,5.9,8129982.0
995,Bogotá,Comercio,25.1,13.2,48.5,33,3.03,25.7,3.6,2,65.3,68.7,98.8,6.2,9836905.0
996,Cali,Comercio,9.4,77.31,48.2,12,2.77,23.1,6.2,3,54.6,56.0,34.7,7.2,7189224.0
997,Bogotá,Construcción,5.1,24.27,60.6,6,4.3,16.9,2.1,1,57.1,68.8,83.5,6.5,7195468.0
998,Medellín,Construcción,10.2,12.2,59.6,18,3.23,26.0,3.1,0,70.1,66.7,57.6,7.1,8705540.0
999,Barranquilla,Manufactura,15.2,14.09,53.3,1,3.36,18.7,2.5,1,55.8,56.7,7.9,6.6,5695909.0
1000,Medellín,Agricultura,16.1,56.23,53.3,59,2.34,17.8,5.7,0,68.9,62.5,75.4,7.3,11694398.0
1001,Bogotá,Comercio,9.2,2.09,54.3,1,3.62,21.6,3.2,4,67.8,69.3,54.4,8.1,7782719.0
1002,Medellín,Comercio,1.4,71.37,57.5,5,3.05,23.3,5.7,1,61.0,68.7,92.9,5.7,6951246.0
1003,Cali,Comercio,11.8,22.18,44.4,4,4.03,28.5,4.6,2,54.1,56.9,40.1,7.0,6249836.0
1004,Otras,Agricultura,7.4,28.71,40.1,28,2.19,17.0,7.3,2,64.1,37.1,40.9,6.0,7287909.0
1005,Cartagena,Manufactura,32.9,35.04,66.7,9,3.81,25.4,6.1,2,71.2,63.4,6.5,7.0,9444214.0
1006,Bucaramanga,Comercio,14.4,26.67,43.5,12,3.5,29.8,11.3,0,59.1,58.2,99.1,5.8,6086550.0
1007,Bucaramanga,Agricultura,9.6,48.57,37.5,38,2.4,14.9,12.4,1,50.4,59.8,49.3,6.7,8561649.0
1008,Cali,Comercio,42.0,69.9,57.9,55,4.3,20.3,4.1,5,81.5,66.2,80.3,5.7,18106486.0
1009,Bogotá,Minas,6.6,59.49,76.8,5,5.84,12.1,-1.8,1,71.2,75.7,72.9,5.5,9256916.0
1010,Bogotá,Comercio,11.3,38.12,66.9,25,3.63,24.8,8.0,1,75.1,67.2,92.8,5.4,11779661.0
1011,Cali,Información,9.9,7.37,86.9,44,6.26,15.0,5.4,3,76.3,68.6,9.3,7.4,21101528.0
1012,Medellín,Comercio,4.0,52.98,47.9,16,3.79,31.4,1.0,1,49.0,58.9,45.7,5.9,6828053.0
1013,Medellín,Minas,9.7,8.53,66.3,9,5.68,0.0,10.9,1,68.8,64.1,28.5,6.3,9549310.0
1014,Cali,Comercio,7.8,51.94,50.7,8,3.52,40.7,-0.9,1,59.7,65.0,47.3,8.1,8513856.0
1015,Bogotá,Profesionales,13.3,6.18,85.1,14,5.23,16.0,5.3,0,86.2,80.8,34.3,6.2,13158317.0
1016,Bogotá,Transporte,18.6,14.69,75.0,14,4.62,20.1,2.6,1,74.2,70.1,69.3,6.8,11069846.0
1017,Bogotá,Manufactura,22.2,51.38,65.5,44,4.44,17.2,4.2,2,68.8,67.8,25.3,8.2,15186473.0
1018,Bogotá,Construcción,7.5,13.49,57.1,26,5.13,19.7,-9.4,0,55.2,66.4,35.6,5.8,10123205.0
1019,Cartagena,Información,3.9,9.76,53.4,15,4.87,16.9,11.8,3,48.8,63.7,63.8,8.7,9028977.0
1020,Barranquilla,Profesionales,1.5,68.1,68.9,7,4.76,10.6,-0.9,0,65.5,61.4,13.4,6.4,7767112.0
1021,Medellín,Comercio,7.3,21.77,45.3,12,3.18,28.2,11.3,3,55.8,56.5,87.5,6.5,7548534.0
1022,Manizales,Comercio,12.6,19.32,55.2,2,3.1,20.1,-2.3,2,57.4,51.7,57.1,7.2,5727487.0
1023,Bogotá,Manufactura,7.5,61.9,64.8,13,4.11,17.6,9.1,2,62.0,68.3,60.1,6.4,8976635.0
1024,Barranquilla,Hoteles,1.6,56.1,58.5,41,2.95,23.0,2.9,1,65.4,63.2,42.4,5.7,11346400.0
1025,Bucaramanga,Información,23.1,57.28,60.3,61,3.88,8.7,2.5,1,65.1,55.2,63.2,6.4,16243115.0
1026,Medellín,Transporte,27.4,14.72,53.5,5,3.84,19.4,-1.9,2,66.9,62.3,4.5,6.3,7217582.0
1027,Bogotá,Minas,14.8,71.69,87.5,10,6.24,15.8,5.6,3,75.6,84.1,35.9,6.9,12917795.0
1028,Medellín,Información,8.0,41.5,62.2,16,4.73,13.5,4.9,1,66.0,75.2,48.5,7.2,10489129.0
1029,Medellín,Comercio,13.1,26.42,60.1,6,3.27,22.8,8.0,2,60.9,63.4,59.7,5.6,7845864.0
1030,Bogotá,Hoteles,13.9,71.34,55.9,3,3.98,30.5,-9.3,1,56.9,77.1,57.5,6.0,5602851.0
1031,Medellín,Comercio,24.9,12.8,50.5,12,3.39,21.2,12.0,0,64.5,60.5,59.8,5.6,8337505.0
1032,Cartagena,Comercio,11.6,33.3,43.9,14,3.84,20.5,4.3,2,55.9,61.4,98.5,7.4,6820620.0
1033,Cali,Información,3.6,40.02,73.9,18,5.17,13.5,5.7,2,61.3,70.2,12.3,6.1,11589257.0
1034,Barranquilla,Salud,17.8,44.12,64.3,2,3.8,17.9,13.9,0,74.9,65.2,63.6,4.5,8401723.0
1035,Medellín,Energía,7.8,25.28,77.8,5,5.94,11.9,2.3,1,84.0,75.4,10.1,6.5,10562447.0
1036,Otras,Profesionales,2.9,29.6,52.3,2,4.19,22.2,22.2,0,55.1,47.2,14.5,6.1,5882540.0
1037,Bucaramanga,Manufactura,4.8,24.13,63.3,15,4.5,2.8,12.1,0,52.8,59.8,97.2,5.3,12458113.0
1038,Cali,Comercio,16.7,6.32,47.3,3,3.83,32.0,10.1,0,67.4,51.2,43.9,5.5,5980105.0
1039,Medellín,Manufactura,3.1,36.53,70.4,21,4.0,18.3,8.9,1,62.2,67.6,26.8,6.8,10331057.0
1040,Medellín,Manufactura,7.3,17.6,56.5,5,4.17,14.1,4.5,1,61.8,77.5,7.3,6.6,7191362.0
1041,Medellín,Manufactura,8.2,59.94,52.5,19,3.89,11.4,3.9,1,61.2,47.8,98.7,7.9,8311273.0
1042,Otras,Financiero,7.6,37.85,70.6,9,4.54,4.0,8.6,2,72.8,52.5,99.0,6.7,9430196.0
1043,Otras,Manufactura,10.6,44.92,64.4,21,3.47,21.3,18.4,2,72.9,50.3,62.4,7.4,10497623.0
1044,Bucaramanga,Construcción,9.9,52.07,60.0,7,3.68,26.9,16.6,1,66.3,51.8,63.0,7.5,7916112.0
1045,Manizales,Comercio,24.1,42.51,48.4,17,2.99,35.1,-2.5,3,56.5,57.5,97.9,6.9,7488554.0
1046,Cartagena,Profesionales,8.5,52.89,64.3,3,3.81,16.1,6.4,0,67.5,66.7,74.0,5.7,7754209.0
1047,Manizales,Comercio,8.0,71.78,47.9,23,3.14,20.8,-4.0,1,65.9,59.8,27.9,5.6,8249702.0
1048,Bogotá,Manufactura,18.5,16.62,64.8,35,3.76,13.5,9.8,0,85.7,61.2,57.9,7.1,13571712.0
1049,Cali,Profesionales,10.8,58.29,74.0,15,4.21,18.3,3.1,0,73.3,77.4,4.4,5.6,10401186.0
1050,Cali,Profesionales,23.5,13.21,58.9,17,3.97,11.6,-3.8,2,58.6,63.4,29.6,6.9,8882843.0
1051,Bogotá,Comercio,60.0,79.55,60.8,69,3.35,27.0,13.3,3,77.7,73.8,86.6,6.4,19437158.0
1052,Cali,Construcción,19.8,46.56,74.0,28,3.73,23.8,10.0,1,67.8,75.3,9.9,6.0,12623897.0
1053,Medellín,Hoteles,2.5,68.26,52.2,3,2.33,26.1,8.8,1,63.3,60.4,86.7,5.9,6104008.0
1054,Barranquilla,Hoteles,17.9,75.33,51.1,17,3.04,26.2,2.4,2,63.4,40.2,26.3,6.7,7908242.0
1055,Medellín,Transporte,6.8,12.2,47.5,13,4.42,16.8,-4.2,1,61.0,59.2,57.9,5.9,9272471.0
1056,Cali,Hoteles,9.0,59.7,49.1,38,2.29,23.9,7.7,1,62.6,49.7,56.4,6.3,9069574.0
1057,Bucaramanga,Manufactura,2.3,79.73,61.2,63,4.01,14.3,8.8,1,64.6,64.7,13.2,6.7,16165975.0
1058,Bogotá,Manufactura,22.0,79.43,57.1,10,3.41,13.3,0.8,4,66.9,66.4,50.7,7.3,8985359.0
1059,Barranquilla,Comercio,11.7,38.8,48.0,4,1.84,30.9,1.6,0,59.6,59.3,74.0,5.9,5071671.0
1060,Bogotá,Información,14.2,24.72,77.4,18,4.54,9.2,2.0,0,65.1,68.5,45.3,6.6,11111530.0
1061,Medellín,Salud,8.0,1.95,83.4,2,4.82,26.2,13.8,0,72.1,71.5,29.4,5.7,9066320.0
1062,Barranquilla,Comercio,6.7,62.92,38.0,2,3.08,25.8,9.7,2,57.1,50.6,53.6,8.5,4965021.0
1063,Barranquilla,Construcción,27.7,18.85,67.4,13,3.75,26.8,1.0,2,65.7,62.7,32.5,6.0,9096530.0
1064,Bogotá,Construcción,1.4,25.84,62.9,24,3.24,24.6,1.9,0,60.4,76.2,99.0,4.1,9353929.0
1065,Bogotá,Manufactura,37.8,36.04,65.8,13,4.69,9.5,-4.1,1,62.6,83.9,87.3,6.5,9304940.0
1066,Bogotá,Construcción,18.1,19.22,61.7,17,4.63,11.2,13.4,2,74.1,67.8,54.7,5.5,11717629.0
1067,Cartagena,Transporte,22.2,28.27,42.2,54,2.97,22.4,5.6,1,64.3,49.7,76.1,5.5,11577334.0
1068,Barranquilla,Comercio,60.0,78.99,53.4,60,3.82,30.7,11.8,0,59.1,56.3,50.2,5.1,15987319.0
1069,Barranquilla,Profesionales,9.8,45.66,89.9,1,5.08,8.9,5.8,0,74.6,80.7,19.5,5.1,9640318.0
1070,Otras,Comercio,10.6,25.89,46.8,1,3.3,27.7,-3.1,0,52.7,52.7,92.0,5.7,4325902.0
1071,Cartagena,Información,10.3,73.83,64.8,44,4.28,12.7,6.1,4,73.0,51.2,39.0,7.9,15792827.0
1072,Pereira,Comercio,16.9,0.03,53.5,24,3.49,33.7,3.6,3,68.2,57.2,98.5,6.6,9642401.0
1073,Medellín,Minas,24.0,54.26,73.9,57,5.31,20.1,5.7,2,83.4,73.9,56.1,7.0,21283612.0
1074,Medellín,Información,20.1,18.92,75.2,24,4.49,14.7,-6.8,1,79.6,68.1,91.4,7.2,12787148.0
1075,Bogotá,Agricultura,8.5,64.11,51.5,4,3.31,23.5,11.6,2,57.8,73.8,38.1,7.2,6983582.0
1076,Bucaramanga,Transporte,7.5,44.63,51.0,4,3.83,18.6,15.0,2,60.8,55.1,83.0,5.7,6585958.0
1077,Medellín,Hoteles,8.1,67.47,55.7,3,3.12,27.4,5.7,3,68.5,54.9,41.2,7.1,6784419.0
1078,Medellín,Hoteles,10.6,5.85,43.1,7,2.61,27.2,15.7,3,55.6,61.2,42.1,7.3,6642494.0
1079,Otras,Comercio,23.0,4.79,34.8,11,4.05,23.9,0.3,1,62.5,47.6,9.5,6.9,5989738.0
1080,Medellín,Salud,2.9,24.26,63.4,15,4.31,17.0,4.4,4,47.9,73.1,64.5,8.0,9827814.0
1081,Otras,Construcción,2.5,5.86,53.5,1,3.5,24.9,5.9,1,62.0,44.8,78.0,5.9,5672539.0
1082,Bogotá,Profesionales,16.8,18.89,72.0,10,4.5,17.4,2.1,1,73.2,75.8,5.0,6.3,10076209.0
1083,Pereira,Profesionales,7.0,25.4,60.8,2,4.12,16.2,10.1,1,64.6,57.6,51.2,5.9,7026815.0
1084,Bogotá,Comercio,9.4,65.89,67.0,7,4.39,25.1,5.8,3,68.7,66.0,30.0,7.4,9375996.0
1085,Pereira,Salud,18.6,23.52,62.5,17,4.17,11.4,6.5,0,70.2,61.6,5.1,6.4,9746237.0
1086,Cali,Construcción,2.9,53.17,70.6,29,4.21,25.9,4.2,0,70.9,67.6,66.6,6.0,11735912.0
1087,Bogotá,Transporte,22.1,7.7,55.1,58,3.89,28.8,10.7,4,68.1,64.1,37.5,8.2,17011210.0
1088,Bogotá,Manufactura,1.8,61.47,60.9,31,3.98,17.8,1.4,0,62.1,81.5,7.1,6.4,13673479.0
1089,Medellín,Financiero,11.9,25.32,73.3,25,4.88,7.5,11.8,2,61.6,72.4,21.8,6.3,13351308.0
1090,Bucaramanga,Información,7.7,12.98,67.3,16,5.17,11.5,-7.7,4,60.1,71.9,98.2,7.1,10886025.0
1091,Medellín,Información,12.9,7.37,78.3,61,4.76,9.9,-2.6,1,68.8,68.5,91.8,5.9,19182514.0
1092,Pereira,Profesionales,6.8,1.39,58.9,58,3.36,12.8,-2.0,1,55.4,57.5,51.0,6.8,14171886.0
1093,Bucaramanga,Comercio,3.6,10.84,46.8,2,2.75,25.9,7.4,1,54.4,52.7,82.2,5.4,5215661.0
1094,Bogotá,Construcción,20.9,51.99,60.2,14,3.62,25.5,6.8,2,71.3,65.1,1.0,6.9,9132511.0
1095,Otras,Comercio,7.2,23.82,45.6,6,3.76,23.4,0.0,1,56.9,52.9,95.2,6.5,5499922.0
1096,Cali,Hoteles,13.0,70.11,54.2,13,2.58,21.6,10.1,2,64.9,70.8,77.0,6.7,8944724.0
1097,Cali,Hoteles,14.8,13.25,63.4,13,3.32,19.9,-0.3,0,85.1,63.1,35.4,6.5,9490289.0
1098,Cali,Manufactura,11.7,39.96,53.0,36,4.17,24.7,3.1,3,47.8,58.4,29.9,5.7,12452449.0
1099,Cali,Construcción,6.6,16.73,56.3,2,3.68,16.5,11.5,1,57.5,60.1,66.2,6.3,6579473.0
1100,Bogotá,Comercio,14.6,61.98,57.6,22,4.48,16.6,16.1,1,68.8,63.7,67.8,7.5,10913948.0
1101,Bogotá,Salud,31.9,36.02,64.2,14,5.27,14.0,0.9,1,67.4,74.3,23.5,6.4,10249721.0
1102,Bogotá,Salud,11.2,15.43,62.5,21,5.85,17.6,5.1,2,73.8,75.4,57.8,6.8,12942119.0
1103,Bogotá,Construcción,28.1,13.51,52.4,25,3.66,22.0,7.3,0,61.2,72.0,89.7,5.5,9632453.0
1104,Bucaramanga,Comercio,15.8,48.51,65.8,7,4.4,20.1,6.5,0,70.0,71.8,38.8,5.0,8938959.0
1105,Bogotá,Profesionales,1.8,22.11,74.5,5,4.34,19.5,2.5,2,70.6,77.2,66.1,7.2,9199304.0
1106,Cali,Construcción,10.7,26.6,47.1,20,4.14,26.8,2.6,1,63.7,62.6,94.8,7.2,8896392.0
1107,Medellín,Financiero,22.3,3.17,75.5,11,4.82,11.1,-2.2,5,73.8,58.0,58.0,7.3,11425073.0
1108,Bucaramanga,Comercio,11.4,12.8,63.2,10,3.87,26.9,-7.7,0,67.3,56.0,52.6,5.4,7268360.0
1109,Bogotá,Construcción,3.8,61.17,67.5,23,4.9,27.1,-2.7,0,77.2,76.1,66.5,6.2,11816750.0
1110,Barranquilla,Salud,17.5,0.49,42.1,8,3.38,11.3,4.4,0,65.2,62.4,72.3,5.7,6552606.0
1111,Pereira,Comercio,25.0,63.39,52.8,2,3.58,24.5,10.2,2,67.0,64.8,35.0,7.0,7238330.0
1112,Otras,Construcción,9.2,43.39,61.5,2,2.96,25.8,6.3,2,56.2,59.6,24.3,6.5,8723347.0
1113,Cali,Construcción,5.1,68.86,65.0,103,4.32,31.0,9.2,3,80.0,67.2,55.6,6.5,26197164.0
1114,Barranquilla,Comercio,11.1,62.24,53.2,4,2.61,31.3,10.5,0,52.4,59.2,53.4,7.2,5786520.0
1115,Bogotá,Comercio,6.4,56.0,50.4,14,3.77,34.2,1.0,2,58.4,66.9,91.0,6.8,7535800.0
1116,Bogotá,Manufactura,3.1,19.29,74.4,13,4.92,27.2,2.9,1,65.4,64.1,39.0,6.4,9660537.0
1117,Medellín,Manufactura,8.6,30.83,71.0,16,3.52,15.9,7.7,0,61.8,59.2,36.2,4.6,8890430.0
1118,Cartagena,Comercio,5.0,34.44,50.9,37,3.39,27.0,7.3,1,62.1,56.9,86.5,5.3,10749670.0
1119,Bucaramanga,Salud,2.4,77.67,71.0,7,4.49,15.7,2.3,1,78.5,69.3,21.9,5.1,9935149.0
1120,Cali,Comercio,5.9,25.93,70.3,4,4.06,27.1,4.4,1,72.4,67.7,81.5,5.9,7741500.0
1121,Bogotá,Profesionales,22.4,9.69,66.5,5,4.91,14.6,3.1,1,70.5,74.3,37.7,6.2,8613600.0
1122,Cali,Hoteles,5.5,55.59,30.4,16,3.51,22.8,12.8,1,64.1,46.0,32.0,8.2,6678434.0
1123,Bogotá,Financiero,16.3,47.07,79.2,5,5.18,8.0,10.4,1,74.2,80.4,63.2,6.2,10143160.0
1124,Cali,Comercio,7.6,59.25,59.6,2,4.02,20.7,8.3,2,58.4,67.9,47.0,6.5,7214742.0
1125,Bogotá,Comercio,27.4,36.78,61.2,19,3.12,31.4,9.6,0,75.3,70.8,22.1,5.4,10024603.0
1126,Cartagena,Construcción,31.9,44.29,54.4,25,3.13,18.6,-0.7,3,63.0,66.9,0.1,7.4,9651272.0
1127,Bogotá,Comercio,17.3,79.12,70.7,17,2.94,21.9,8.1,1,76.3,76.5,32.8,6.0,10561131.0
1128,Cali,Manufactura,31.5,30.47,42.2,38,3.11,12.4,9.0,1,61.4,49.9,31.4,6.3,10374462.0
1129,Manizales,Construcción,14.6,67.24,63.7,1,4.14,25.8,11.5,0,86.7,68.3,82.8,6.8,8368715.0
1130,Cali,Información,13.8,16.24,81.8,33,5.48,6.9,10.3,1,70.6,64.9,15.3,5.3,16106899.0
1131,Barranquilla,Información,17.9,74.82,58.4,6,3.57,13.4,10.9,0,73.1,58.5,83.1,6.4,7591138.0
1132,Bucaramanga,Información,12.8,31.93,53.2,13,4.19,17.0,-1.2,1,56.8,68.2,71.6,6.6,7925803.0
1133,Manizales,Agricultura,12.0,33.94,50.9,34,2.39,21.4,6.0,1,66.2,58.2,58.7,6.0,9837300.0
1134,Cali,Comercio,14.1,51.32,54.2,29,3.23,17.6,7.3,2,61.6,60.6,99.9,6.5,10457329.0
1135,Pereira,Manufactura,14.3,25.3,61.0,21,3.96,13.4,9.2,0,67.1,57.0,38.3,6.4,9934902.0
1136,Barranquilla,Agricultura,4.2,4.32,30.4,20,2.7,27.7,7.0,0,49.8,44.9,73.9,7.2,5738883.0
1137,Bogotá,Hoteles,20.9,44.1,51.3,2,2.95,18.3,3.8,0,57.7,62.8,70.5,5.2,5770810.0
1138,Bogotá,Hoteles,29.6,37.09,54.0,41,3.39,12.8,13.1,1,70.9,65.7,30.4,5.7,13178481.0
1139,Manizales,Energía,26.6,49.84,78.8,17,5.21,4.0,5.2,1,76.7,76.5,72.6,6.4,13289148.0
1140,Cartagena,Financiero,15.3,18.06,85.2,4,5.8,6.3,-1.4,1,83.1,67.1,37.6,6.4,10333450.0
1141,Bogotá,Manufactura,26.9,39.8,66.3,21,4.85,14.6,-1.7,1,83.1,81.7,71.7,5.8,12057595.0
1142,Bogotá,Agricultura,11.8,67.15,56.7,15,3.08,21.2,8.5,2,64.3,68.1,43.0,7.6,8413198.0
1143,Bogotá,Comercio,33.3,79.77,67.9,17,3.25,17.7,-1.2,1,80.5,71.4,18.7,5.0,10017126.0
1144,Barranquilla,Información,14.1,7.09,64.4,35,4.73,3.9,12.2,1,76.3,59.2,23.0,5.6,14915981.0
1145,Cali,Agricultura,19.5,33.75,43.8,4,2.39,22.3,10.2,0,52.9,56.0,2.8,6.0,5415164.0
1146,Bogotá,Transporte,19.3,3.25,52.8,13,3.39,23.2,5.2,2,63.6,59.3,85.2,6.4,8241278.0
1147,Cali,Comercio,16.0,60.71,60.9,8,3.5,33.5,10.1,1,69.1,57.7,94.2,7.3,8252774.0
1148,Cali,Información,19.9,59.95,76.1,27,5.06,6.6,7.7,1,85.0,82.4,51.1,6.0,15135924.0
1149,Bogotá,Comercio,5.3,25.09,72.0,11,4.08,30.1,-2.8,0,78.7,75.0,95.7,5.2,9014272.0
1150,Pereira,Comercio,45.8,20.5,50.0,13,3.07,23.2,16.6,1,76.5,57.9,34.2,6.5,9475336.0
1151,Cali,Información,5.0,55.79,66.4,14,5.44,13.0,5.4,0,47.3,66.2,85.0,5.2,8547866.0
1152,Medellín,Profesionales,7.6,79.78,74.6,3,5.22,15.9,1.9,1,67.7,70.6,9.4,6.2,8426168.0
1153,Cartagena,Comercio,18.6,50.06,49.7,9,3.78,34.1,18.2,0,65.7,55.2,66.4,5.7,7596588.0
1154,Pereira,Hoteles,6.0,28.36,47.6,5,2.76,29.1,3.9,2,54.6,61.6,9.0,6.0,5564079.0
1155,Bogotá,Manufactura,10.0,19.68,64.4,28,4.79,13.6,4.0,0,64.0,70.9,67.0,5.8,12294691.0
1156,Medellín,Manufactura,6.7,45.47,59.4,39,3.94,21.3,8.2,3,61.7,76.9,77.5,6.6,13795888.0
1157,Cali,Agricultura,11.7,76.94,56.4,20,2.52,20.9,8.7,1,65.7,58.9,41.9,5.8,8352696.0
1158,Manizales,Manufactura,8.6,30.52,48.6,3,4.46,22.8,4.5,3,45.8,57.8,34.1,6.9,8836718.0
1159,Medellín,Manufactura,6.7,12.59,74.0,11,4.77,18.3,9.7,0,62.4,72.9,11.4,5.9,9351318.0
1160,Medellín,Energía,5.2,30.72,85.8,7,5.72,3.9,8.4,2,72.5,80.6,85.4,6.4,11758181.0
1161,Bogotá,Comercio,38.7,29.44,68.3,14,4.2,20.0,2.4,2,74.4,73.3,59.2,6.5,10685621.0
1162,Medellín,Profesionales,6.8,1.72,75.9,14,4.71,11.5,-5.2,2,76.4,71.7,8.0,6.3,11583849.0
1163,Bogotá,Construcción,19.2,26.12,64.5,51,4.15,27.8,-5.1,1,68.0,67.2,95.6,5.1,14988144.0
1164,Bogotá,Información,21.6,43.93,78.9,8,4.51,13.7,11.0,2,79.0,78.0,77.2,7.4,11912420.0
1165,Cali,Comercio,11.9,71.02,57.5,22,2.99,30.2,14.3,2,70.4,63.2,88.8,7.8,9844754.0
1166,Medellín,Comercio,15.1,61.38,57.6,11,4.21,26.2,-2.5,0,60.8,75.6,38.7,6.0,7278484.0
1167,Medellín,Profesionales,6.8,14.46,75.3,14,4.65,17.2,12.6,2,59.5,69.6,99.1,4.5,10274343.0
1168,Cali,Construcción,23.2,44.91,46.3,7,4.32,21.1,-7.8,1,64.6,71.6,42.3,6.6,6026228.0
1169,Medellín,Información,27.3,5.32,61.4,3,5.41,8.2,10.3,1,73.8,69.7,98.6,5.9,9195550.0
1170,Otras,Construcción,7.7,74.62,71.2,14,4.02,21.1,16.4,0,76.0,58.0,51.1,5.3,10075619.0
1171,Otras,Manufactura,5.5,0.13,55.9,41,3.72,23.6,8.7,5,67.6,49.6,42.7,7.6,13132570.0
1172,Otras,Transporte,18.4,6.28,52.1,25,3.91,15.3,9.8,1,67.3,59.7,81.0,7.1,10607666.0
1173,Medellín,Profesionales,16.6,10.44,66.6,16,5.27,16.3,8.1,2,62.6,82.1,58.0,6.2,11205926.0
1174,Medellín,Salud,11.8,70.45,57.8,12,4.32,27.0,14.7,0,53.9,84.6,42.4,5.2,7833461.0
1175,Bogotá,Manufactura,2.4,26.15,73.7,6,4.3,25.1,19.0,2,64.7,68.7,53.6,7.9,9320039.0
1176,Medellín,Agricultura,10.7,5.45,48.5,7,1.95,20.3,3.8,3,65.9,64.5,4.9,6.6,6997877.0
1177,Bogotá,Agricultura,3.9,13.23,39.1,4,2.99,26.9,10.7,0,50.6,60.7,82.0,6.3,3964992.0
1178,Cali,Energía,14.2,0.26,79.1,21,5.92,6.0,2.6,0,65.6,72.6,47.0,5.8,12740532.0
1179,Bucaramanga,Profesionales,18.5,31.14,52.9,50,4.65,16.0,13.6,1,65.2,59.3,26.9,6.9,15902951.0
1180,Medellín,Comercio,6.5,3.8,46.7,9,3.06,22.3,6.3,1,56.0,54.0,92.4,6.0,5862480.0
1181,Cali,Transporte,21.3,5.47,69.7,18,3.59,18.4,0.2,1,61.0,69.6,95.5,6.2,9684139.0
1182,Bogotá,Agricultura,12.9,65.59,49.7,12,3.08,21.8,9.1,4,59.3,68.7,76.9,7.0,11284773.0
1183,Bogotá,Financiero,7.5,77.5,66.3,32,5.76,11.0,3.0,0,59.5,71.6,34.0,5.4,14540895.0
1184,Medellín,Información,13.1,28.39,81.8,49,4.7,6.8,3.3,2,75.6,75.7,2.3,6.6,18979417.0
1185,Bogotá,Transporte,18.0,64.7,61.9,92,4.24,28.2,6.5,0,69.5,70.6,64.6,6.7,35252608.0
1186,Cali,Profesionales,5.9,37.46,68.9,68,4.41,26.4,8.7,2,75.6,64.6,13.3,5.8,20130750.0
1187,Medellín,Transporte,11.6,4.71,63.0,4,3.64,14.0,12.4,1,66.9,71.4,98.2,6.5,8072478.0
1188,Cali,Construcción,3.5,20.6,49.1,21,3.05,29.0,0.3,0,60.4,63.8,33.0,5.3,7639647.0
1189,Bogotá,Agricultura,3.8,54.04,65.0,20,2.79,20.7,4.4,1,64.8,75.6,6.6,6.4,9474120.0
1190,Otras,Manufactura,4.2,54.56,60.2,5,2.84,12.0,7.6,0,68.9,58.6,43.7,5.3,6845527.0
1191,Bogotá,Manufactura,9.8,48.95,66.4,39,4.89,19.5,-1.2,3,64.9,67.1,53.8,6.6,15313316.0
1192,Bucaramanga,Manufactura,10.4,47.25,60.3,18,3.88,25.1,0.9,3,65.8,58.1,18.0,6.5,9666258.0
1193,Bogotá,Comercio,10.2,29.26,48.6,23,3.51,30.6,9.0,1,63.8,63.1,45.2,5.3,9342022.0
1194,Bogotá,Financiero,3.7,48.82,60.3,9,4.88,4.9,15.3,1,65.6,69.8,36.0,7.5,9221120.0
1195,Bucaramanga,Información,12.7,32.2,77.5,53,4.72,19.4,0.3,2,71.9,68.7,84.1,6.6,18291010.0
1196,Pereira,Manufactura,11.6,47.96,71.6,13,3.79,10.3,10.9,1,70.4,75.7,3.3,5.9,10377036.0
1197,Bogotá,Información,10.8,41.2,75.4,5,5.08,15.3,-8.8,1,67.7,74.9,24.8,7.6,8462879.0
1198,Barranquilla,Manufactura,14.3,10.35,59.8,12,4.55,18.5,5.4,1,63.0,65.4,89.2,6.3,9055592.0
1199,Bogotá,Construcción,3.8,65.51,73.1,19,4.64,19.8,7.7,4,73.7,73.0,36.0,8.3,12673312.0
1200,Medellín,Manufactura,4.4,57.74,60.8,7,3.48,20.9,4.9,2,69.0,50.9,55.4,6.6,7517470.0
1201,Bogotá,Hoteles,10.8,27.92,57.3,17,3.65,36.5,9.7,1,61.4,59.2,0.7,5.6,8348816.0
1202,Barranquilla,Información,40.0,22.23,65.3,27,4.21,8.6,11.2,1,80.0,64.2,41.7,5.7,13712961.0
1203,Medellín,Profesionales,6.1,49.31,68.8,24,5.09,23.1,15.5,0,65.3,79.7,99.3,7.4,12286704.0
1204,Bogotá,Financiero,15.5,47.17,82.6,12,5.91,7.9,6.5,1,76.3,78.9,24.6,6.8,12244239.0
1205,Bogotá,Profesionales,5.8,33.39,73.2,11,4.41,11.5,-8.2,0,78.2,70.9,15.1,6.4,10090460.0
1206,Cali,Construcción,11.7,53.48,59.7,13,3.24,18.9,1.7,2,72.7,62.4,93.9,6.4,8788201.0
1207,Medellín,Información,17.1,62.91,73.3,39,5.48,11.3,3.8,2,68.9,66.8,35.7,6.9,27453756.0
1208,Bucaramanga,Manufactura,40.2,71.8,73.9,7,4.52,12.3,0.9,0,84.1,70.0,23.8,6.6,9881675.0
1209,Barranquilla,Hoteles,30.1,28.26,56.0,62,2.41,39.8,11.7,2,78.8,57.8,12.6,6.4,13687682.0
1210,Bogotá,Manufactura,7.4,3.86,70.5,49,3.88,17.3,14.6,2,81.7,58.7,23.9,6.7,16873649.0
1211,Cartagena,Hoteles,11.7,76.29,40.8,46,3.66,25.2,2.5,0,59.8,65.1,47.1,6.4,11740386.0
1212,Barranquilla,Transporte,5.1,15.31,62.1,44,3.81,22.1,8.2,1,67.6,65.4,92.3,7.5,14066567.0
1213,Bogotá,Financiero,6.1,37.86,71.1,20,5.85,8.1,2.3,2,76.1,76.4,74.5,5.2,13466982.0
1214,Bogotá,Manufactura,9.5,79.27,62.2,14,3.96,25.4,12.4,2,71.8,64.3,11.4,7.1,10118507.0
1215,Medellín,Financiero,7.7,42.0,75.1,6,5.17,12.0,1.6,1,74.9,79.6,79.0,6.8,10013254.0
1216,Barranquilla,Hoteles,7.6,14.52,49.3,4,2.56,27.1,14.5,2,56.9,64.7,16.1,6.0,6219675.0
1217,Otras,Información,10.1,11.48,57.7,14,5.32,11.0,4.6,3,62.1,50.3,66.7,7.8,9594607.0
1218,Barranquilla,Financiero,9.8,66.87,64.6,10,4.82,9.0,3.6,0,64.2,59.4,23.1,6.5,8731591.0
1219,Otras,Manufactura,11.1,72.97,60.8,3,3.39,32.1,3.2,2,64.4,65.6,93.6,7.8,7438692.0
1220,Bucaramanga,Manufactura,16.5,2.52,62.7,29,3.98,10.9,2.2,2,70.2,63.7,34.1,6.5,17660839.0
1221,Bogotá,Profesionales,9.2,42.73,67.0,5,5.72,15.2,-4.7,0,52.9,73.8,81.7,5.8,7219154.0
1222,Bogotá,Manufactura,2.6,24.28,72.1,2,5.57,12.2,4.7,4,68.7,64.6,3.5,7.1,9202417.0
1223,Cali,Profesionales,16.5,49.94,66.5,22,4.95,13.1,5.3,1,60.9,73.5,34.8,6.6,11797608.0
1224,Otras,Financiero,3.1,18.82,61.0,20,4.58,7.2,2.3,3,59.0,66.8,83.4,7.4,10781190.0
1225,Bogotá,Hoteles,2.9,36.05,48.8,29,3.57,30.0,16.4,2,60.7,65.1,73.9,6.6,10353241.0
1226,Barranquilla,Comercio,10.4,55.43,41.0,11,3.83,20.7,12.3,1,62.0,60.0,35.7,6.2,7360112.0
1227,Medellín,Información,16.2,4.12,70.5,21,5.48,13.5,6.7,4,71.4,76.4,60.2,8.0,13846366.0
1228,Medellín,Transporte,11.7,70.65,66.4,10,4.24,17.5,15.4,0,61.8,58.3,67.4,5.3,8514801.0
1229,Medellín,Energía,11.9,34.01,76.6,22,5.6,13.2,7.1,5,78.9,78.0,79.4,7.2,15333446.0
1230,Cali,Comercio,13.2,78.98,44.5,2,3.24,22.6,11.4,0,58.8,58.0,62.4,4.4,5608464.0
1231,Cartagena,Profesionales,17.5,76.14,65.4,9,4.99,19.5,9.3,1,71.2,73.7,25.4,7.3,9963775.0
1232,Pereira,Transporte,6.9,69.82,54.8,21,3.58,21.4,5.0,0,46.8,66.2,35.5,6.6,7783965.0
1233,Pereira,Profesionales,9.4,66.14,52.7,2,4.79,11.1,2.1,1,59.8,61.5,39.2,6.8,5875022.0
1234,Bucaramanga,Construcción,9.0,14.45,63.3,5,3.04,29.3,6.5,1,67.8,62.8,2.8,6.3,7383789.0
1235,Bogotá,Comercio,11.3,34.8,62.3,4,3.4,24.1,1.3,1,62.4,75.2,72.3,6.2,7080087.0
1236,Cali,Manufactura,8.0,58.11,77.5,6,4.64,20.7,0.1,2,72.3,79.0,98.7,6.5,9470501.0
1237,Medellín,Comercio,12.8,39.14,56.9,19,2.59,15.4,10.0,2,68.7,67.5,14.7,7.8,9255922.0
1238,Barranquilla,Comercio,24.3,30.29,45.7,18,3.86,10.5,-5.1,0,60.8,55.6,3.0,7.0,7390316.0
1239,Bogotá,Construcción,6.0,73.89,73.8,16,5.5,22.5,4.2,2,67.9,78.5,72.1,7.6,11940903.0
1240,Otras,Minas,26.1,31.7,60.0,32,4.62,5.1,1.3,2,70.8,60.7,14.4,6.4,12897859.0
1241,Medellín,Hoteles,15.1,49.29,37.1,3,2.68,28.1,5.6,1,62.4,65.4,66.9,7.6,5015522.0
1242,Bogotá,Financiero,7.1,23.42,82.7,8,5.19,12.6,13.1,1,71.0,83.9,76.1,6.0,10845305.0
1243,Bogotá,Financiero,3.9,24.93,71.2,9,5.77,9.7,-2.0,3,68.1,80.4,31.9,6.5,10680948.0
1244,Pereira,Profesionales,16.0,66.17,64.5,16,3.58,10.8,9.1,1,73.4,58.1,20.9,7.2,10050482.0
1245,Cali,Financiero,7.6,21.1,75.8,16,5.2,21.0,8.9,1,70.4,75.7,96.7,6.0,11383711.0
1246,Barranquilla,Información,3.7,27.5,44.8,58,4.14,6.9,-1.9,3,54.5,53.0,25.6,7.4,15264179.0
1247,Otras,Comercio,14.2,23.33,59.6,12,4.59,26.0,13.5,4,75.6,57.3,26.3,8.5,10592931.0
1248,Barranquilla,Financiero,8.3,54.74,68.1,40,4.35,6.8,-2.6,4,75.4,68.1,85.3,6.9,15512052.0
1249,Bogotá,Hoteles,3.1,28.52,53.4,19,3.88,20.7,-3.0,0,58.4,69.7,71.6,5.5,8424907.0
1250,Cali,Comercio,5.3,53.39,59.3,4,3.99,18.4,15.7,1,52.5,54.1,4.8,6.4,6406412.0
1251,Bogotá,Comercio,12.9,43.81,80.2,3,4.26,30.5,12.3,2,77.6,87.3,12.5,6.8,10491639.0
1252,Pereira,Financiero,10.1,60.12,69.9,58,4.31,10.4,12.6,4,69.6,69.3,3.7,6.7,19301724.0
1253,Cali,Manufactura,4.7,2.79,59.4,23,3.98,25.7,0.4,0,51.8,69.9,88.4,6.4,8695610.0
1254,Barranquilla,Transporte,2.3,1.69,49.8,10,4.19,20.3,4.0,2,62.2,53.7,77.0,8.0,7294860.0
1255,Cali,Comercio,33.5,54.97,51.6,37,3.64,27.4,3.5,1,67.8,59.1,49.5,6.3,11753302.0
1256,Bucaramanga,Transporte,3.9,15.96,61.0,14,3.76,23.4,1.7,0,60.8,72.0,75.4,4.8,8271761.0
1257,Otras,Agricultura,2.3,53.4,48.3,12,2.69,30.8,3.4,2,53.4,51.6,22.0,6.5,6237118.0
1258,Bogotá,Hoteles,9.9,24.41,57.2,3,2.83,30.6,11.5,0,59.8,63.0,34.0,6.4,6066868.0
1259,Cartagena,Manufactura,7.3,76.67,66.1,11,3.4,26.1,7.3,0,72.0,62.8,76.7,6.0,13772425.0
1260,Medellín,Manufactura,13.5,43.02,55.1,28,4.2,19.8,1.0,2,74.8,63.6,72.0,5.6,11817948.0
1261,Cali,Salud,11.5,37.41,70.8,11,4.72,19.2,-5.4,0,66.1,70.2,90.4,6.7,8710807.0
1262,Manizales,Hoteles,7.4,19.77,54.9,3,3.39,28.8,2.0,0,60.8,47.9,75.5,7.0,5793337.0
1263,Bogotá,Manufactura,3.6,11.42,57.6,10,3.32,20.7,6.9,1,69.7,74.8,91.4,6.1,7886628.0
1264,Cali,Comercio,9.2,13.55,46.3,6,3.51,20.6,7.5,2,51.3,51.6,49.4,6.7,6314580.0
1265,Barranquilla,Transporte,15.3,69.35,63.4,21,3.26,34.7,6.2,1,66.9,64.4,51.4,6.1,9811113.0
1266,Bogotá,Transporte,7.3,79.52,58.2,2,4.67,32.7,6.6,0,64.0,64.5,11.4,6.3,6061956.0
1267,Bogotá,Profesionales,34.5,45.03,62.7,237,4.29,8.3,6.6,3,71.5,66.9,79.5,6.9,49349126.0
1268,Barranquilla,Información,10.8,46.32,67.2,14,3.97,23.5,-1.9,3,77.3,68.1,1.1,6.1,10583384.0
1269,Bogotá,Profesionales,8.1,39.5,63.5,8,5.2,20.2,7.6,3,73.2,75.1,86.4,8.6,10107296.0
1270,Medellín,Comercio,11.4,19.92,71.4,32,3.68,22.3,8.7,0,75.3,74.0,30.5,6.1,12668523.0
1271,Bogotá,Profesionales,8.3,58.09,66.5,8,5.07,11.3,10.8,1,66.2,85.9,68.8,6.2,9458664.0
1272,Medellín,Profesionales,19.1,29.04,62.8,7,4.35,13.8,-1.4,0,72.5,72.1,87.8,5.7,8303012.0
1273,Cali,Financiero,7.5,26.7,66.7,9,5.19,0.1,-1.2,1,80.1,65.1,92.7,5.8,10089621.0
1274,Cali,Comercio,8.9,26.83,53.6,29,3.48,29.5,6.8,1,62.2,64.8,37.5,6.2,9826027.0
1275,Pereira,Información,3.3,77.39,59.0,17,4.17,8.9,3.7,0,53.1,62.3,37.8,5.3,8659919.0
1276,Medellín,Comercio,4.4,69.09,54.3,11,3.16,26.1,16.4,1,59.0,63.5,61.3,6.2,7313294.0
1277,Medellín,Comercio,5.7,74.37,27.3,3,3.44,19.1,6.9,0,52.1,58.4,36.8,5.5,3487602.0
1278,Medellín,Comercio,11.1,32.41,49.5,10,4.14,25.7,10.4,1,70.2,61.6,18.4,6.2,7948402.0
1279,Bogotá,Transporte,20.7,76.3,52.2,39,3.6,19.1,8.0,0,69.2,53.5,13.1,5.7,17765869.0
1280,Bogotá,Salud,18.0,13.95,68.4,7,5.15,16.2,-5.4,1,71.5,79.6,11.1,5.3,13735914.0
1281,Medellín,Hoteles,3.6,52.19,42.4,3,2.69,28.1,-2.9,3,57.4,60.5,35.6,7.1,5553277.0
1282,Barranquilla,Comercio,12.5,25.96,55.6,14,3.24,32.3,7.8,2,76.4,53.6,5.2,6.3,8893886.0
1283,Cartagena,Manufactura,8.0,11.09,69.4,21,3.99,15.5,5.1,0,70.0,59.5,88.3,5.8,10282880.0
1284,Cali,Comercio,24.4,79.1,57.2,23,4.37,27.8,-0.9,1,77.1,64.0,50.4,6.0,10705138.0
1285,Medellín,Manufactura,26.2,64.56,68.1,8,3.93,18.4,-0.5,1,82.1,64.0,97.2,5.2,8833230.0
1286,Medellín,Comercio,3.2,61.07,61.4,9,3.41,31.8,-1.0,1,61.4,64.2,28.0,7.4,7237154.0
1287,Bogotá,Hoteles,6.8,28.77,50.8,2,2.99,26.2,8.4,1,67.4,69.7,90.6,5.6,6312503.0
1288,Otras,Manufactura,3.6,63.92,57.9,7,3.53,28.6,12.5,0,68.2,54.9,99.6,6.4,7369565.0
1289,Medellín,Agricultura,7.5,8.29,45.1,33,3.23,29.7,12.2,1,59.2,61.8,16.8,7.3,9734512.0
1290,Medellín,Comercio,7.0,52.61,57.9,13,3.64,23.5,4.1,1,64.3,72.0,10.7,6.3,8764613.0
1291,Cali,Información,8.2,8.78,64.2,13,4.66,15.2,14.7,2,72.8,73.8,55.0,5.9,10502879.0
1292,Medellín,Profesionales,54.7,12.79,71.2,5,4.4,4.9,11.5,3,78.8,79.5,10.1,7.5,12065717.0
1293,Otras,Comercio,4.3,16.85,74.4,3,3.43,32.0,2.9,2,76.0,65.8,15.6,7.2,8891268.0
1294,Bogotá,Manufactura,7.1,51.85,55.3,53,4.69,14.5,11.1,2,55.7,64.3,30.3,6.0,16435705.0
1295,Cartagena,Salud,19.2,77.44,59.9,13,3.88,11.5,21.6,3,77.8,65.6,92.2,7.6,11200205.0
1296,Bogotá,Comercio,35.0,50.35,48.4,10,3.59,26.2,8.1,1,58.6,59.6,43.7,6.2,7906544.0
1297,Barranquilla,Transporte,9.6,8.14,52.1,20,3.47,18.7,2.7,0,50.8,52.5,29.9,5.9,7021351.0
1298,Bogotá,Manufactura,21.0,3.28,59.7,5,4.28,16.9,9.0,2,68.3,70.1,5.8,5.2,8668019.0
1299,Bogotá,Construcción,7.9,50.99,66.7,7,4.61,23.9,4.7,3,67.6,63.7,16.3,8.1,9298522.0
1300,Bogotá,Comercio,5.5,19.25,62.2,5,4.41,23.4,3.1,0,71.6,67.4,8.4,5.9,7897208.0
1301,Bucaramanga,Comercio,8.5,38.33,62.5,60,2.9,32.4,-1.0,3,53.1,61.6,45.7,5.7,13000421.0
1302,Cali,Salud,16.6,34.25,50.2,22,4.07,7.9,11.0,5,62.7,55.4,4.6,8.0,11527334.0
1303,Bogotá,Profesionales,2.6,62.86,69.0,3,5.54,13.6,6.4,1,66.0,72.5,73.7,6.1,8480710.0
1304,Bogotá,Comercio,4.9,19.84,71.9,27,4.99,23.0,9.0,2,69.1,80.3,56.2,6.9,13882778.0
1305,Medellín,Minas,13.0,20.92,77.2,24,4.73,7.0,-2.1,0,73.5,67.8,97.3,6.2,12518961.0
1306,Medellín,Construcción,3.8,73.68,45.4,5,3.33,30.0,10.6,1,57.6,67.9,38.6,5.3,5989508.0
1307,Cali,Comercio,5.1,3.13,56.9,3,3.87,19.0,7.7,1,49.4,55.4,48.3,6.7,6009121.0
1308,Bogotá,Profesionales,15.1,69.67,80.5,9,5.12,18.7,5.0,1,86.9,82.2,19.6,7.1,11301476.0
1309,Bucaramanga,Transporte,60.0,4.94,51.2,30,2.75,15.2,18.1,0,84.1,68.1,89.8,5.2,12956344.0
1310,Medellín,Profesionales,11.4,62.99,67.1,5,4.7,16.1,6.5,0,70.6,63.1,7.4,5.3,8186628.0
1311,Pereira,Transporte,7.0,36.51,58.2,21,2.45,15.7,9.2,1,66.3,62.4,81.4,5.8,8743813.0
1312,Bogotá,Comercio,4.1,36.34,63.7,12,4.22,28.7,10.6,1,62.9,70.0,7.6,6.6,8238276.0
1313,Medellín,Hoteles,5.3,13.34,55.6,11,3.45,33.0,-1.8,0,56.7,62.9,9.7,5.7,6677085.0
1314,Medellín,Construcción,2.0,74.0,52.7,21,3.56,19.7,13.9,0,65.6,65.7,86.6,5.9,8773844.0
1315,Medellín,Minas,7.4,33.6,69.5,12,4.32,20.4,12.5,0,71.7,72.2,5.4,5.6,9821654.0
1316,Cali,Comercio,36.2,35.46,63.4,8,3.59,27.4,-8.3,3,65.4,55.0,57.6,6.8,7095416.0
1317,Bogotá,Financiero,16.4,19.18,76.5,20,5.36,11.7,4.7,1,78.2,82.8,45.8,6.0,13118050.0
1318,Bogotá,Agricultura,6.8,16.23,56.7,3,2.83,27.9,-1.5,4,61.7,67.8,80.6,7.4,6924628.0
1319,Otras,Hoteles,6.3,57.96,38.4,17,3.17,30.1,4.1,3,58.2,42.9,74.3,7.3,6825132.0
1320,Bogotá,Hoteles,8.8,21.94,64.2,13,3.73,23.1,4.5,4,67.4,60.6,17.5,7.0,9864458.0
1321,Barranquilla,Comercio,10.2,58.06,59.5,18,3.8,27.5,3.0,2,52.3,57.7,16.6,6.0,8493596.0
1322,Cali,Construcción,7.0,49.94,34.3,45,3.03,24.8,11.7,2,47.1,59.6,74.5,6.9,9447790.0
1323,Barranquilla,Comercio,5.1,67.6,46.2,10,2.67,30.9,-0.1,2,62.1,59.4,15.5,6.6,6500892.0
1324,Bogotá,Manufactura,1.4,50.5,69.1,7,4.36,22.6,1.8,2,60.2,72.9,68.6,5.7,8227225.0
1325,Bogotá,Comercio,2.4,14.43,44.3,1,3.06,24.8,6.1,2,61.9,63.7,77.8,7.2,5427554.0
1326,Bogotá,Salud,29.3,33.11,59.1,13,3.81,15.9,2.0,0,72.6,81.6,27.6,6.6,8626436.0
1327,Medellín,Comercio,2.7,37.06,62.5,5,3.43,28.4,9.5,0,70.4,60.6,38.9,5.5,7308446.0
1328,Otras,Financiero,3.9,4.67,62.4,2,4.61,15.1,9.9,3,73.3,58.0,62.4,7.1,8478611.0
1329,Bogotá,Manufactura,5.5,52.46,76.7,7,4.76,21.8,11.6,1,73.8,75.6,33.9,5.5,9763889.0
1330,Cali,Manufactura,2.0,76.79,74.6,6,4.43,22.8,-1.6,0,66.2,93.9,12.9,6.1,8180910.0
1331,Bogotá,Construcción,24.5,20.25,52.0,11,4.63,20.4,9.9,1,64.2,73.3,59.3,6.5,8381824.0
1332,Medellín,Hoteles,13.5,29.68,62.1,6,3.56,32.7,-4.3,2,57.4,66.6,15.7,5.4,7240284.0
1333,Medellín,Profesionales,12.5,0.31,73.9,21,5.03,17.7,6.8,2,77.3,78.8,79.9,6.7,13420874.0
1334,Medellín,Información,22.1,38.54,68.4,10,4.31,17.8,7.6,1,67.1,65.7,59.5,6.1,9556456.0
1335,Barranquilla,Manufactura,11.0,9.66,64.3,9,4.39,22.0,15.1,1,77.8,70.5,42.4,7.0,10300646.0
1336,Bogotá,Comercio,4.9,1.54,63.3,21,4.04,28.6,2.5,2,63.7,72.6,10.4,6.1,10389226.0
1337,Bogotá,Manufactura,8.7,35.39,55.9,18,3.93,18.1,-5.1,0,58.8,67.5,90.2,5.5,8251639.0
1338,Medellín,Financiero,7.9,21.03,69.6,14,4.93,15.4,8.8,3,76.7,80.4,58.6,7.4,12430648.0
1339,Cartagena,Profesionales,7.8,33.41,59.4,34,4.54,10.7,0.0,2,68.9,68.5,50.2,5.7,13481085.0
1340,Cali,Agricultura,15.1,72.97,29.0,2,2.21,24.7,6.8,0,50.9,48.4,62.6,6.1,3277921.0
1341,Pereira,Manufactura,3.9,73.54,44.6,3,3.13,24.3,6.7,1,57.7,52.0,4.6,4.7,5013592.0
1342,Bogotá,Manufactura,6.2,48.78,75.5,31,2.89,21.1,5.9,2,83.6,84.0,35.9,7.1,13466803.0
1343,Cali,Información,20.3,32.94,80.0,16,5.18,7.0,-2.5,0,74.0,69.8,30.6,6.0,11236410.0
1344,Bogotá,Información,1.8,55.23,78.0,6,5.11,18.8,0.1,1,78.9,80.7,27.5,6.0,10001809.0
1345,Otras,Transporte,3.9,60.99,41.5,5,3.03,14.8,8.8,0,56.8,52.0,20.8,5.0,5294325.0
1346,Medellín,Información,20.9,34.44,69.0,15,5.55,9.4,7.2,2,78.5,70.2,66.7,6.5,12244679.0
1347,Otras,Transporte,6.9,37.8,52.9,7,2.45,20.2,9.9,1,64.8,59.6,55.8,6.6,6701119.0
1348,Barranquilla,Manufactura,15.4,37.44,49.9,49,4.54,20.2,4.3,2,55.5,54.4,48.6,6.3,14131737.0
1349,Cartagena,Construcción,35.1,10.62,66.7,133,4.37,25.7,1.5,5,81.8,57.2,38.1,7.7,32868147.0
1350,Medellín,Financiero,7.1,43.98,63.5,10,5.12,10.2,-6.3,1,73.8,77.6,89.8,6.4,9746603.0
1351,Barranquilla,Hoteles,7.6,31.3,50.7,5,2.65,34.1,3.8,2,62.8,69.0,44.8,6.4,6828176.0
1352,Bogotá,Manufactura,14.8,39.44,69.4,19,4.37,8.3,7.2,3,70.8,72.4,31.5,6.2,12700329.0
1353,Bogotá,Construcción,4.5,77.23,63.3,14,4.11,29.1,9.6,1,50.8,74.4,80.4,6.3,8514529.0
1354,Bogotá,Información,8.5,73.56,70.7,12,4.83,10.4,14.0,1,69.3,70.8,14.1,6.6,10420100.0
1355,Bogotá,Energía,26.6,36.89,73.6,7,5.79,2.1,1.3,1,69.1,68.3,40.3,7.1,9624769.0
1356,Otras,Comercio,39.7,49.43,56.1,19,3.25,24.5,11.0,2,73.4,54.2,36.4,7.5,9515429.0
1357,Medellín,Comercio,6.4,44.03,52.3,2,3.92,20.5,19.6,0,72.0,65.9,79.4,4.4,7168926.0
1358,Medellín,Hoteles,13.5,21.05,49.4,7,3.1,23.6,0.8,2,62.3,70.0,21.4,6.8,6825644.0
1359,Bogotá,Transporte,13.9,18.36,64.6,17,3.65,20.0,2.0,1,68.4,73.8,26.0,5.6,9691091.0
1360,Barranquilla,Energía,18.8,66.08,67.9,11,3.73,4.8,4.3,2,71.0,69.6,86.9,6.7,9877642.0
1361,Medellín,Comercio,6.8,5.4,47.1,15,2.48,21.7,1.6,1,66.3,62.3,33.8,5.9,10568620.0
1362,Medellín,Comercio,14.3,74.38,58.8,13,4.06,28.2,-2.3,0,72.7,63.8,64.1,7.6,7974672.0
1363,Bogotá,Comercio,7.5,49.82,67.1,6,3.79,37.3,18.1,0,64.3,71.8,60.5,6.4,7585581.0
1364,Pereira,Comercio,18.1,52.47,59.2,28,3.8,24.3,2.3,2,77.7,54.1,27.5,5.7,11141217.0
1365,Medellín,Comercio,18.1,0.77,37.4,5,3.29,33.0,0.1,0,55.6,54.2,46.8,6.3,4275738.0
1366,Bogotá,Manufactura,12.5,68.49,72.0,10,4.19,19.2,2.5,2,71.9,81.0,15.7,7.9,10154168.0
1367,Bogotá,Profesionales,8.6,47.27,68.5,3,5.29,17.4,5.2,2,80.4,72.3,2.5,6.9,9500535.0
1368,Bogotá,Información,1.7,6.56,83.9,85,5.66,22.1,6.7,1,70.1,82.7,84.9,6.0,27842026.0
1369,Bogotá,Manufactura,4.0,70.83,68.4,3,4.33,20.8,1.7,0,66.4,70.1,33.3,6.5,7349858.0
1370,Bogotá,Manufactura,4.6,23.06,66.2,33,4.81,17.4,-1.4,2,59.0,74.2,94.3,6.2,13237584.0
1371,Medellín,Profesionales,32.0,44.24,77.5,4,5.26,6.4,7.6,0,79.0,76.5,85.3,6.2,9813201.0
1372,Bogotá,Manufactura,7.2,22.65,72.4,47,3.83,20.1,6.1,2,55.2,71.8,71.1,4.6,14431068.0
1373,Bogotá,Energía,6.4,55.07,72.0,3,5.23,14.0,8.3,0,70.5,89.4,29.6,7.0,8546389.0
1374,Barranquilla,Construcción,10.7,69.84,51.8,11,3.29,30.8,9.0,1,64.6,63.2,99.8,7.8,7277678.0
1375,Bogotá,Hoteles,6.2,63.95,52.8,3,3.04,38.8,0.8,1,67.6,63.9,71.7,5.5,5922967.0
1376,Bogotá,Manufactura,3.1,18.88,74.5,12,5.01,23.6,10.4,2,64.2,78.8,43.2,7.2,10154151.0
1377,Medellín,Manufactura,4.3,28.29,79.1,26,3.73,18.7,-2.5,1,73.8,72.1,43.9,6.5,12292758.0
1378,Cali,Comercio,6.1,14.15,52.0,4,3.59,23.5,7.4,5,62.9,67.4,48.2,7.7,12591572.0
1379,Pereira,Información,9.3,75.64,77.8,8,4.25,18.2,16.2,0,74.6,69.8,24.9,6.0,10122450.0
1380,Medellín,Comercio,5.4,4.81,50.7,6,4.58,36.2,15.4,0,55.0,59.4,79.4,6.6,6192098.0
1381,Bogotá,Agricultura,6.0,76.51,54.5,3,3.2,21.1,-1.7,3,67.6,55.0,99.1,7.3,7109363.0
1382,Pereira,Salud,22.9,47.65,59.6,50,3.5,16.0,-0.2,2,76.5,62.6,42.5,5.4,20333154.0
1383,Medellín,Información,14.5,15.82,60.5,6,4.07,11.4,6.8,1,71.4,79.1,89.6,7.5,8906981.0
1384,Bogotá,Manufactura,37.2,6.0,64.4,23,4.61,11.9,2.1,2,77.7,66.3,75.4,5.7,12910539.0
1385,Cali,Transporte,3.7,66.23,52.3,41,3.49,18.9,9.8,2,68.4,54.9,4.5,6.9,12287636.0
1386,Cali,Transporte,12.3,18.27,65.4,12,3.57,21.0,8.7,1,71.1,73.9,72.2,5.8,9446826.0
1387,Manizales,Agricultura,6.9,2.42,57.6,3,2.83,33.9,7.1,4,66.0,63.4,38.3,8.0,7809583.0
1388,Medellín,Financiero,9.1,55.36,68.5,6,6.07,3.3,13.0,1,75.3,61.4,5.7,6.9,9805431.0
1389,Cali,Comercio,38.6,16.43,58.4,17,3.28,21.1,3.6,1,74.2,68.0,0.8,7.3,9737594.0
1390,Bogotá,Transporte,4.8,5.31,70.6,43,4.34,14.1,3.0,1,67.7,77.4,39.3,6.7,15195921.0
1391,Bogotá,Información,6.2,25.2,53.8,18,4.77,16.5,10.9,0,59.0,64.8,36.4,5.8,9617052.0
1392,Cali,Hoteles,37.6,25.14,58.3,8,4.03,14.3,1.2,2,80.7,64.6,60.4,6.2,9159780.0
1393,Bucaramanga,Salud,4.8,53.81,65.8,1,3.47,23.4,5.0,0,72.7,60.9,4.1,7.5,6743313.0
1394,Otras,Agricultura,14.0,15.37,56.9,8,2.2,14.7,1.2,1,71.7,42.7,75.4,6.3,7166628.0
1395,Bucaramanga,Profesionales,12.6,52.0,61.4,7,3.86,17.5,-4.2,1,68.4,60.4,48.5,5.9,7531777.0
1396,Medellín,Comercio,5.1,69.66,52.1,5,3.45,31.7,3.9,0,68.0,64.9,77.5,6.3,5818208.0
1397,Barranquilla,Hoteles,15.5,61.61,55.7,5,3.11,23.7,7.2,0,69.0,52.6,93.7,6.9,6702101.0
1398,Medellín,Profesionales,20.6,25.47,67.5,12,4.3,16.6,5.3,0,66.8,75.2,64.9,6.6,9096705.0
1399,Bogotá,Construcción,8.9,72.06,70.3,31,4.14,23.8,7.8,1,67.3,68.8,35.9,7.9,12960425.0
1400,Bogotá,Comercio,10.7,62.55,66.6,22,4.19,33.5,-0.5,0,71.7,65.0,36.5,5.3,10182169.0
1401,Barranquilla,Transporte,16.4,26.28,47.7,13,3.25,23.1,4.0,1,63.2,53.4,59.2,6.6,7567220.0
1402,Bogotá,Agricultura,11.2,10.78,45.4,90,2.99,24.5,5.0,3,55.8,63.3,49.3,7.5,15965982.0
1403,Cali,Comercio,13.7,15.55,55.9,77,4.57,23.7,8.0,0,61.6,60.5,41.4,5.6,20432477.0
1404,Medellín,Agricultura,1.4,32.06,51.0,3,2.83,21.0,-0.3,0,48.9,71.6,52.4,6.1,5112425.0
1405,Bogotá,Comercio,3.2,51.45,60.9,14,3.47,22.3,14.2,2,61.1,75.9,91.0,7.3,8985050.0
1406,Bogotá,Financiero,19.4,12.45,90.9,14,5.55,9.1,10.6,2,82.5,70.4,92.2,6.6,14436387.0
1407,Bogotá,Manufactura,4.1,40.84,65.1,5,4.48,15.3,3.4,1,57.4,68.1,21.6,6.9,7647746.0
1408,Bogotá,Comercio,7.6,25.5,67.1,4,4.04,32.7,-6.0,0,63.9,69.6,59.5,6.2,6894217.0
1409,Cartagena,Comercio,10.6,48.06,54.0,4,4.69,21.4,13.4,1,69.3,62.4,83.0,7.6,7352319.0
1410,Bogotá,Información,24.1,6.91,70.7,47,5.11,15.6,4.7,1,77.8,75.1,76.2,6.3,18268493.0
1411,Cali,Comercio,12.5,44.63,60.2,9,2.56,24.7,9.1,0,69.7,68.6,59.4,6.1,8089389.0
1412,Bogotá,Agricultura,4.2,4.97,48.8,2,3.62,26.0,13.3,4,53.3,64.1,18.2,7.7,6600569.0
1413,Barranquilla,Financiero,13.5,0.68,78.9,3,4.52,11.5,5.3,0,76.6,67.1,7.2,5.8,8497825.0
1414,Bucaramanga,Hoteles,6.3,44.32,42.9,2,3.37,27.4,0.4,0,58.3,58.9,72.2,5.6,4702315.0
1415,Barranquilla,Comercio,3.2,69.95,49.7,2,3.54,34.7,14.6,1,53.2,39.1,65.2,6.3,5056902.0
1416,Bogotá,Transporte,6.1,1.83,64.7,3,4.5,22.5,-1.4,1,62.7,74.2,15.4,5.8,7771974.0
1417,Medellín,Hoteles,27.3,23.65,47.9,13,3.47,24.5,10.3,0,64.4,62.4,81.6,7.0,7976118.0
1418,Medellín,Salud,13.0,3.36,67.1,63,4.55,8.4,6.8,1,67.8,71.8,29.7,7.5,18839876.0
1419,Medellín,Construcción,28.9,22.51,64.5,136,4.43,14.7,-1.8,1,73.1,76.0,92.8,7.4,31606852.0
1420,Pereira,Financiero,10.1,14.63,58.8,5,4.43,10.2,3.4,1,57.6,63.0,3.3,5.9,7065822.0
1421,Bogotá,Minas,6.7,31.07,75.5,11,6.15,6.9,10.5,1,77.4,69.2,97.8,7.2,11688759.0
1422,Bogotá,Profesionales,48.9,23.89,69.2,10,4.53,9.6,2.9,1,79.3,66.9,62.6,6.3,10231220.0
1423,Otras,Comercio,4.1,33.08,32.7,12,2.23,25.8,6.6,0,50.0,57.4,67.1,7.4,4684721.0
1424,Manizales,Comercio,5.5,56.28,54.0,2,3.13,30.1,11.1,1,65.0,65.1,71.8,6.3,6418336.0
1425,Cartagena,Manufactura,10.2,6.68,53.2,29,4.56,13.7,19.9,1,55.8,54.5,52.4,7.0,11656608.0
1426,Otras,Salud,35.7,10.26,50.0,14,3.4,12.1,10.4,2,61.2,43.8,9.9,6.3,8692857.0
1427,Bogotá,Comercio,3.9,27.57,78.9,9,4.5,17.6,14.1,2,68.8,71.6,18.2,7.0,13437318.0
1428,Medellín,Profesionales,13.0,38.03,70.6,28,4.76,11.7,13.5,0,70.9,84.2,53.2,6.4,13335139.0
1429,Bogotá,Comercio,4.9,66.85,61.6,23,3.38,21.4,8.7,1,69.2,70.5,83.7,6.9,10298741.0
1430,Bogotá,Construcción,38.6,71.28,62.4,100,3.84,13.7,4.7,3,83.9,66.8,86.4,7.7,24511372.0
1431,Medellín,Energía,10.2,78.51,68.1,47,4.74,9.3,7.2,3,73.8,82.4,27.0,6.3,17468675.0
1432,Bogotá,Agricultura,9.3,39.61,64.2,31,3.35,22.6,-1.7,1,68.3,76.7,83.4,7.1,10897553.0
1433,Bogotá,Manufactura,1.9,60.7,76.2,13,4.52,27.4,5.9,1,68.4,81.6,43.6,6.6,10459236.0
1434,Bogotá,Transporte,15.8,23.45,66.7,12,4.45,26.6,3.5,1,63.7,78.2,9.8,8.3,8992378.0
1435,Medellín,Manufactura,3.1,31.93,64.0,32,4.74,14.3,0.0,1,63.5,64.6,56.2,6.0,12579438.0
1436,Bogotá,Profesionales,10.7,5.5,65.9,20,4.26,12.5,13.4,1,66.2,67.6,65.3,6.2,11201482.0
1437,Otras,Transporte,37.0,33.77,58.1,13,2.84,13.1,8.1,0,66.2,49.8,98.5,6.2,8392398.0
1438,Medellín,Información,7.4,27.87,76.1,46,5.0,3.9,11.0,1,79.9,68.0,84.3,5.8,18481514.0
1439,Bucaramanga,Transporte,33.9,24.5,53.4,18,2.89,18.4,8.2,0,64.7,54.2,19.0,5.6,8326198.0
1440,Otras,Información,47.4,32.95,59.7,3,5.24,18.1,14.8,0,80.5,57.7,64.2,5.4,9159446.0
1441,Bogotá,Comercio,11.3,0.05,76.3,4,3.48,27.8,0.7,0,66.1,71.2,16.2,5.5,7890808.0
1442,Pereira,Transporte,6.5,4.92,49.8,19,3.52,19.9,8.6,1,51.0,50.8,53.3,8.4,7370739.0
1443,Cartagena,Construcción,22.4,46.37,55.3,4,3.91,27.8,2.7,2,70.3,61.3,66.5,6.4,7455112.0
1444,Pereira,Construcción,16.2,62.81,59.5,15,3.01,30.9,13.8,3,70.0,55.0,1.4,7.6,9223449.0
1445,Bogotá,Minas,9.6,70.44,69.6,14,5.07,12.3,1.8,1,72.7,70.4,79.2,6.5,10745389.0
1446,Cali,Manufactura,12.1,17.64,71.8,30,4.75,18.7,11.4,4,64.3,73.7,38.5,6.5,14691039.0
1447,Cartagena,Manufactura,22.9,78.04,64.5,11,4.51,22.3,8.1,5,62.4,67.5,92.9,7.7,10334024.0
1448,Manizales,Profesionales,7.1,25.47,60.6,7,3.63,11.3,5.3,1,63.5,58.9,79.5,5.7,7626198.0
1449,Barranquilla,Construcción,17.8,48.33,40.1,5,3.49,28.3,8.9,2,58.2,56.2,39.2,6.3,6047729.0
1450,Pereira,Transporte,6.8,29.22,52.5,19,3.26,32.8,5.3,0,55.4,48.5,65.9,5.9,7149625.0
1451,Bogotá,Profesionales,5.6,23.79,57.1,22,4.7,14.0,5.5,2,74.9,64.5,59.4,6.6,11700772.0
1452,Medellín,Transporte,36.4,22.69,62.3,3,3.87,15.0,-4.5,2,77.6,63.3,85.7,7.0,7601499.0
1453,Bogotá,Transporte,8.5,42.58,49.7,20,4.29,30.6,10.0,3,59.8,54.8,39.9,8.6,9313066.0
1454,Medellín,Comercio,5.3,40.42,77.7,3,3.44,26.7,3.0,0,72.8,73.6,75.6,6.6,8217875.0
1455,Bogotá,Profesionales,28.1,77.53,61.8,47,5.01,11.2,7.7,0,80.4,51.7,63.9,4.9,17443559.0
1456,Cali,Profesionales,35.9,57.39,59.5,16,5.0,9.6,8.8,2,69.0,55.5,97.4,5.7,11159028.0
1457,Cartagena,Financiero,5.1,9.03,75.1,2,4.17,7.2,-2.2,1,71.0,65.1,18.4,6.5,8168058.0
1458,Cali,Profesionales,6.3,19.31,54.8,1,4.26,15.6,2.2,1,71.4,61.1,77.1,6.7,6558208.0
1459,Cali,Transporte,11.4,16.94,47.7,4,4.61,19.1,16.3,1,61.6,60.4,83.7,5.3,6842319.0
1460,Bogotá,Comercio,2.7,79.44,49.0,16,3.64,36.5,8.3,1,57.4,60.0,92.9,6.3,7358701.0
1461,Bucaramanga,Hoteles,22.1,17.67,49.9,15,3.21,23.9,9.0,0,70.2,61.2,42.2,7.5,7944304.0
1462,Cartagena,Comercio,5.3,64.77,43.1,9,3.49,19.8,1.6,2,59.0,49.7,63.9,6.6,6148153.0
1463,Bogotá,Hoteles,6.0,29.67,52.0,10,3.77,29.4,-0.4,2,73.7,63.7,73.7,6.6,8021537.0
1464,Bogotá,Comercio,46.7,6.54,73.1,8,3.63,17.5,-0.3,0,74.3,67.0,84.7,6.0,8412378.0
1465,Barranquilla,Comercio,11.4,20.49,67.6,33,3.66,26.3,2.1,0,66.4,66.0,22.0,5.6,11654330.0
1466,Barranquilla,Construcción,5.2,7.11,41.5,77,3.52,22.2,1.3,2,58.3,50.7,84.2,7.8,16059056.0
1467,Cali,Construcción,17.9,58.11,45.4,6,3.58,29.1,10.1,1,55.3,48.4,87.4,7.7,6053632.0
1468,Cali,Comercio,6.8,72.98,44.9,50,4.29,22.1,-11.1,3,58.3,57.4,29.2,7.3,13987843.0
1469,Medellín,Comercio,11.3,47.53,71.7,17,3.38,30.2,11.7,0,70.2,66.4,43.2,6.5,9924978.0
1470,Otras,Agricultura,34.6,13.96,52.4,6,1.73,14.9,7.5,1,66.8,53.9,51.9,5.0,7314583.0
1471,Barranquilla,Comercio,60.0,11.78,67.5,76,3.99,13.5,13.1,4,85.0,64.5,11.5,7.6,23763825.0
1472,Otras,Hoteles,6.9,24.88,47.6,2,2.15,27.5,13.6,0,56.9,46.8,31.9,6.3,4890439.0
1473,Bogotá,Comercio,8.0,75.5,66.4,13,3.9,31.6,9.7,0,70.7,64.8,83.9,5.2,8909080.0
1474,Bogotá,Manufactura,11.5,57.11,47.6,33,4.43,14.2,2.6,3,57.6,60.0,38.3,6.7,11269195.0
1475,Bogotá,Información,8.5,40.87,64.8,2,4.7,11.6,0.7,0,71.7,80.0,14.1,5.1,7846301.0
1476,Bogotá,Salud,27.3,71.09,63.2,22,4.68,14.8,12.3,1,78.8,79.7,80.0,5.9,13141549.0
1477,Pereira,Información,11.7,5.62,71.8,7,4.76,6.9,11.8,0,70.3,61.8,15.7,5.1,9466065.0
1478,Cali,Energía,10.0,70.52,70.7,15,4.48,13.8,12.9,0,71.6,68.8,51.6,6.1,10257029.0
1479,Bogotá,Construcción,5.9,77.72,67.0,17,3.17,24.2,21.6,3,59.9,74.8,9.2,7.1,10624030.0
1480,Bogotá,Comercio,5.5,21.54,59.8,25,4.08,22.3,10.0,2,62.8,59.1,15.5,6.0,10551988.0
1481,Otras,Información,4.1,51.66,62.0,9,4.16,18.1,12.3,2,68.7,54.3,68.4,6.6,8638934.0
1482,Otras,Salud,4.4,5.38,60.5,16,3.61,19.3,7.2,0,64.2,47.4,72.1,6.8,7978009.0
1483,Pereira,Profesionales,18.9,79.91,72.8,29,4.21,14.3,3.2,3,72.1,67.4,19.9,6.3,13586122.0
1484,Bogotá,Comercio,3.6,17.18,68.7,29,4.52,31.4,9.4,0,66.3,74.1,19.3,5.7,12031747.0
1485,Otras,Comercio,9.9,24.63,42.6,10,2.73,31.4,7.3,0,56.5,41.3,21.2,5.7,7529406.0
1486,Cali,Comercio,29.1,70.99,46.0,15,3.45,23.4,11.8,0,76.7,54.4,79.6,5.7,9198383.0
1487,Pereira,Minas,4.8,4.19,61.5,4,5.12,11.4,9.6,1,68.2,65.7,85.1,5.1,8179644.0
1488,Otras,Manufactura,8.8,12.52,56.1,18,2.99,20.7,15.1,0,62.8,57.1,86.1,5.8,8122556.0
1489,Cartagena,Manufactura,23.7,23.8,68.8,41,4.4,15.9,8.8,1,67.2,63.4,33.0,6.3,15124076.0
1490,Pereira,Comercio,16.1,27.42,48.6,14,3.5,23.4,2.0,2,59.5,49.9,97.8,5.1,7221583.0
1491,Medellín,Manufactura,16.9,18.89,57.2,79,4.35,25.1,5.6,2,65.4,67.2,66.2,5.9,20154106.0
1492,Bogotá,Comercio,8.5,53.97,61.0,6,3.21,29.4,7.6,2,66.1,66.5,38.3,7.1,7785027.0
1493,Medellín,Agricultura,4.1,37.92,54.1,8,3.91,25.1,11.7,1,67.9,60.9,81.1,6.1,7855977.0
1494,Barranquilla,Financiero,19.4,9.1,68.4,9,4.73,15.9,5.4,0,77.4,58.1,13.8,6.4,9233262.0
1495,Pereira,Financiero,3.9,31.97,79.0,4,5.09,12.4,13.0,1,80.5,72.3,51.1,5.8,10702707.0
1496,Bogotá,Manufactura,12.2,20.25,52.2,4,4.51,20.2,-1.9,0,57.6,76.8,39.6,5.9,5844500.0
1497,Barranquilla,Salud,5.5,75.65,68.1,46,4.12,9.1,1.9,0,72.3,70.4,13.3,6.7,14633956.0
1498,Bucaramanga,Hoteles,13.0,79.18,36.7,13,2.6,25.6,3.4,0,55.3,68.2,53.1,8.0,5779999.0
1499,Medellín,Financiero,3.6,40.46,71.5,31,5.55,11.2,6.8,1,62.9,71.8,72.6,5.5,14510200.0
1500,Medellín,Salud,19.1,14.89,57.0,21,4.21,6.7,2.6,1,66.7,63.0,1.0,7.0,10116437.0
1501,Medellín,Transporte,7.0,72.84,59.7,9,3.78,26.4,8.9,0,68.8,62.8,65.7,6.2,8234698.0
1502,Bogotá,Financiero,28.3,35.64,69.0,5,5.81,17.9,9.7,0,71.3,77.0,52.5,6.4,9188893.0
1503,Cartagena,Transporte,12.9,35.73,62.3,18,3.65,22.3,7.9,2,71.2,63.9,12.2,7.4,10631256.0
1504,Bogotá,Información,4.2,65.57,75.2,3,4.84,14.8,2.4,2,65.9,71.6,80.8,6.9,8817862.0
1505,Bucaramanga,Comercio,8.6,19.17,58.5,8,3.91,23.4,3.3,2,58.1,73.3,46.5,6.9,7857338.0
1506,Cartagena,Manufactura,17.9,34.72,55.6,6,3.11,23.6,1.7,0,65.5,59.1,22.9,5.1,6757264.0
1507,Bogotá,Comercio,12.4,38.34,51.5,9,3.6,23.5,9.0,3,57.2,62.3,76.7,6.0,7807242.0
1508,Bogotá,Comercio,4.8,9.59,60.9,69,3.48,22.2,11.5,1,73.1,81.2,95.1,6.0,17077237.0
1509,Barranquilla,Manufactura,2.1,41.74,55.4,11,3.91,22.4,8.1,0,63.9,49.4,46.5,6.1,7433652.0
1510,Bogotá,Transporte,1.5,26.18,59.7,6,4.1,22.7,-3.1,1,57.9,80.1,42.4,6.1,7425208.0
1511,Barranquilla,Energía,11.0,16.98,67.8,34,4.55,1.9,14.2,1,78.0,54.9,44.7,6.0,14569901.0
1512,Cali,Comercio,3.0,56.98,52.6,18,1.83,33.6,7.8,1,54.9,66.5,99.4,4.9,6226979.0
1513,Bogotá,Agricultura,24.5,35.76,48.0,7,3.4,14.4,12.6,2,52.0,70.7,21.7,6.1,7342814.0
1514,Cali,Construcción,5.2,16.76,66.2,11,4.33,26.2,13.5,2,63.2,67.2,18.7,6.6,8896752.0
1515,Bogotá,Profesionales,2.8,73.85,64.9,5,5.04,24.8,5.1,0,70.9,76.6,21.2,5.6,8219408.0
1516,Bucaramanga,Manufactura,18.9,2.29,78.0,23,4.34,18.8,1.0,2,79.8,74.8,18.9,6.7,13058257.0
1517,Otras,Información,12.9,28.26,66.4,7,4.75,7.9,-0.9,3,56.3,57.8,38.9,6.9,8465260.0
1518,Medellín,Manufactura,23.7,20.55,75.4,32,4.72,14.8,8.5,0,76.9,71.6,32.4,6.2,14704499.0
1519,Pereira,Comercio,6.6,62.54,49.0,7,3.71,30.3,20.8,0,68.2,56.3,52.2,5.5,7332489.0
1520,Medellín,Comercio,14.9,3.83,66.6,14,4.87,20.4,2.0,0,81.0,82.7,64.6,5.8,11052632.0
1521,Barranquilla,Hoteles,8.0,12.16,48.7,2,2.42,27.7,2.2,0,49.7,56.3,32.2,5.9,4843681.0
1522,Otras,Transporte,8.9,57.72,44.7,27,2.85,20.8,5.5,1,56.4,39.1,98.2,6.0,7297959.0
1523,Manizales,Construcción,10.6,54.54,49.3,28,4.03,29.5,15.9,0,65.2,57.5,96.4,5.3,10581643.0
1524,Cali,Transporte,5.1,10.4,50.5,19,3.74,22.2,3.7,4,58.9,48.0,61.1,8.0,9271431.0
1525,Bogotá,Profesionales,9.5,18.49,76.7,13,5.38,6.8,9.5,3,74.6,76.0,4.4,7.2,12287554.0
1526,Medellín,Comercio,6.2,46.25,58.8,9,4.21,30.6,-8.3,3,59.2,60.1,15.9,6.8,7602604.0
1527,Bogotá,Manufactura,4.7,52.85,50.3,6,3.81,14.6,18.1,0,55.8,69.9,95.8,5.6,6210249.0
1528,Cali,Comercio,11.7,72.22,61.6,15,3.32,31.7,11.4,2,65.2,61.2,71.8,6.4,9395667.0
1529,Bogotá,Profesionales,2.1,34.02,58.1,7,4.53,13.6,1.1,2,56.1,76.2,56.5,6.0,8004736.0
1530,Bogotá,Comercio,5.2,69.43,49.0,24,3.82,32.5,-1.1,0,58.6,65.1,63.5,6.1,8635025.0
1531,Otras,Construcción,23.4,30.94,55.0,59,3.57,30.2,6.4,0,70.7,51.1,82.3,6.0,14575516.0
1532,Pereira,Construcción,2.4,13.5,52.1,8,4.51,27.3,2.0,1,59.4,56.1,99.3,6.9,6397589.0
1533,Cali,Agricultura,13.9,72.02,56.6,52,2.27,18.8,9.4,0,62.1,67.0,0.3,5.4,11369326.0
1534,Bogotá,Manufactura,2.1,30.71,63.0,35,4.59,21.7,5.2,1,65.5,72.2,25.7,6.6,13319299.0
1535,Medellín,Financiero,3.3,47.95,60.2,13,5.48,7.1,9.8,2,66.4,74.6,68.7,6.7,10279954.0
1536,Bogotá,Comercio,13.5,11.67,67.9,8,3.27,30.8,9.1,1,72.2,64.2,94.6,5.4,8760416.0
1537,Cali,Profesionales,9.7,63.64,59.7,21,4.12,5.9,2.3,2,64.3,71.0,76.3,6.7,10387666.0
1538,Medellín,Comercio,8.7,69.11,49.3,13,3.27,21.4,13.3,1,53.1,55.5,95.1,5.3,6921177.0
1539,Bucaramanga,Salud,15.7,31.68,68.6,15,3.83,25.4,-4.2,1,60.4,75.9,62.2,5.6,8997541.0
1540,Bogotá,Financiero,2.8,29.15,59.7,17,5.63,13.9,9.3,1,57.6,63.5,24.9,6.0,10120576.0
1541,Medellín,Minas,5.1,6.87,68.9,26,4.82,12.1,-3.1,1,71.7,72.1,14.1,6.6,12300899.0
1542,Otras,Comercio,10.9,36.68,44.5,22,2.72,29.3,6.3,2,77.0,50.6,64.0,6.1,8709209.0
1543,Otras,Construcción,7.0,42.38,45.8,3,3.07,23.9,3.1,1,55.2,48.5,59.3,5.5,5201068.0
1544,Cali,Comercio,6.4,42.91,55.4,9,2.18,19.5,14.1,1,62.2,68.8,48.5,6.8,7191809.0
1545,Medellín,Financiero,3.7,14.99,59.5,29,5.34,15.1,-0.8,1,68.8,60.6,95.6,7.0,12519598.0
1546,Cali,Información,9.6,0.57,62.4,2,4.38,14.7,10.6,0,70.8,71.7,23.3,6.8,7791794.0
1547,Cali,Comercio,6.2,8.51,60.6,19,3.81,34.6,3.5,1,64.7,67.3,78.7,5.8,9597723.0
1548,Barranquilla,Construcción,7.5,66.45,63.7,17,3.63,32.0,9.8,2,68.2,60.1,71.9,6.6,9426836.0
1549,Cali,Construcción,18.4,56.72,51.9,35,4.15,32.7,1.7,1,67.9,50.3,22.3,6.8,11995333.0
1550,Bogotá,Información,6.1,59.8,75.6,25,5.94,14.9,0.5,1,70.8,72.1,37.8,5.8,14051275.0
1551,Cartagena,Profesionales,7.3,44.99,75.8,7,4.48,12.7,0.5,1,66.4,63.0,41.0,6.8,9142024.0
1552,Cali,Construcción,12.9,77.32,52.0,32,4.22,27.0,12.3,3,56.7,53.1,23.8,8.3,12298662.0
1553,Bogotá,Comercio,12.6,26.96,69.1,16,3.77,21.6,-0.8,2,68.4,73.5,94.7,5.6,10515672.0
1554,Bogotá,Transporte,8.3,54.4,72.1,27,3.86,22.8,12.5,3,68.4,63.7,89.2,6.9,12787501.0
1555,Bogotá,Comercio,18.9,52.64,73.4,5,3.14,30.0,9.4,1,73.2,71.3,71.3,6.7,9347205.0
1556,Barranquilla,Comercio,18.8,74.66,50.1,35,4.05,22.4,6.7,0,61.4,53.2,50.6,6.8,11045377.0
1557,Bogotá,Información,7.4,4.92,75.8,16,4.89,15.8,-2.4,4,75.1,76.0,3.1,7.4,12444769.0
1558,Bogotá,Profesionales,22.5,78.49,80.6,23,5.56,14.8,13.5,3,76.0,81.7,48.5,7.2,16041701.0
1559,Cartagena,Transporte,11.2,13.52,59.3,2,2.55,17.9,5.2,1,64.7,61.5,86.9,6.9,6456528.0
1560,Cali,Transporte,4.9,42.44,49.7,2,3.66,20.1,10.7,1,63.9,55.5,42.3,5.7,6057824.0
1561,Manizales,Profesionales,13.1,59.01,75.1,5,3.83,15.3,-3.7,2,63.0,63.1,58.1,7.7,8130746.0
1562,Cali,Hoteles,7.1,52.43,62.6,6,2.98,29.4,1.3,0,58.1,66.6,1.3,5.7,6315799.0
1563,Otras,Salud,23.9,77.27,55.2,20,4.06,17.7,-3.2,0,69.5,43.6,13.7,5.2,8538945.0
1564,Medellín,Profesionales,6.4,64.21,78.0,15,4.68,13.6,1.9,1,75.7,76.3,95.0,6.8,11826502.0
1565,Bogotá,Información,2.1,47.28,85.9,21,4.82,12.3,11.7,1,74.3,78.2,37.0,7.1,13866233.0
1566,Bogotá,Agricultura,3.0,60.68,48.0,9,2.93,21.7,1.5,0,56.7,62.9,91.7,5.8,5928803.0
1567,Medellín,Información,4.5,42.45,65.9,46,5.13,9.4,2.8,2,70.3,74.0,56.9,7.1,17623583.0
1568,Bogotá,Financiero,8.1,26.28,79.9,33,5.15,2.9,-1.7,1,72.2,63.3,82.9,6.9,15507022.0
1569,Medellín,Comercio,5.5,30.51,74.4,1,3.2,26.7,2.8,1,73.6,59.2,58.0,5.5,8188817.0
1570,Pereira,Manufactura,4.0,10.78,75.3,53,4.8,19.4,13.0,1,69.1,69.5,56.3,6.5,18430434.0
1571,Bogotá,Construcción,14.4,1.85,54.1,1,3.76,23.5,6.8,2,65.7,75.9,64.9,6.9,7162715.0
1572,Medellín,Financiero,8.1,55.42,71.0,18,4.87,6.7,7.6,1,67.7,75.4,61.5,7.4,11486317.0
1573,Bogotá,Manufactura,23.6,14.2,64.5,15,3.83,11.1,5.2,0,71.9,67.7,2.2,5.4,8926291.0
1574,Barranquilla,Hoteles,17.3,26.01,51.6,6,3.26,27.8,0.4,1,60.8,61.9,26.1,7.1,6394968.0
1575,Bogotá,Agricultura,2.9,47.24,46.4,13,2.83,24.0,7.3,1,61.0,66.9,30.6,6.3,6904951.0
1576,Bogotá,Hoteles,20.3,43.69,59.9,28,4.18,25.2,2.5,1,61.0,68.3,99.2,5.9,10830411.0
1577,Barranquilla,Agricultura,11.4,28.66,42.0,14,3.05,24.4,6.9,0,63.8,57.5,91.9,7.0,6967736.0
1578,Bogotá,Construcción,10.9,30.61,62.0,11,4.52,22.1,-1.0,1,75.4,74.7,69.0,6.4,9014963.0
1579,Pereira,Profesionales,10.3,19.42,53.9,27,4.45,21.9,7.3,3,57.8,60.9,94.1,6.6,11820490.0
1580,Manizales,Construcción,3.5,34.42,48.3,39,3.63,24.4,10.1,1,57.6,57.7,99.0,5.9,11119411.0
1581,Medellín,Hoteles,4.5,20.76,47.9,16,3.7,22.7,12.7,1,63.2,65.5,61.9,7.0,8341469.0
1582,Cali,Financiero,6.8,77.5,70.2,19,4.8,8.4,7.3,0,67.1,59.5,36.3,5.9,10373332.0
1583,Medellín,Información,24.7,9.23,68.4,161,5.49,14.3,13.3,4,68.3,72.1,80.9,6.9,44126813.0
1584,Medellín,Comercio,16.8,65.09,49.0,13,3.14,22.1,4.6,3,47.3,66.6,71.3,6.9,7240104.0
1585,Bucaramanga,Construcción,11.5,79.05,53.4,33,4.43,20.1,5.2,4,66.4,60.6,7.7,6.6,12982767.0
1586,Medellín,Construcción,14.5,28.03,72.5,26,4.43,16.2,1.9,2,66.6,67.5,76.6,7.1,12570192.0
1587,Bogotá,Comercio,2.7,39.55,51.8,4,3.39,28.2,1.9,1,70.0,66.9,10.7,6.6,6310647.0
1588,Medellín,Hoteles,23.4,16.55,71.0,4,2.63,26.3,16.8,1,70.7,72.2,85.2,6.1,9443354.0
1589,Cartagena,Información,13.1,31.47,62.5,7,4.61,19.0,5.1,3,68.5,55.2,63.5,6.8,8826988.0
1590,Pereira,Manufactura,8.0,41.91,65.8,11,3.55,27.5,16.1,1,68.3,66.3,2.1,5.8,9398475.0
1591,Bogotá,Comercio,24.2,4.46,55.4,5,4.85,23.8,3.8,0,57.1,60.7,38.4,6.3,6540883.0
1592,Bogotá,Información,11.1,76.53,55.1,27,4.96,12.4,7.6,2,61.4,69.4,45.1,6.0,11980854.0
1593,Barranquilla,Construcción,25.0,13.65,50.4,53,2.98,25.0,5.5,0,61.3,63.8,98.2,5.9,11777303.0
1594,Otras,Construcción,7.1,77.74,58.3,32,2.84,31.5,-4.8,0,61.3,46.3,19.2,5.5,8928421.0
1595,Bogotá,Comercio,18.0,73.11,45.1,25,2.2,16.3,10.5,2,56.5,57.5,65.7,6.7,7749415.0
1596,Bucaramanga,Profesionales,4.1,65.89,73.1,2,3.86,19.6,10.6,1,66.5,73.5,9.4,6.1,7969640.0
1597,Cali,Hoteles,23.4,63.4,45.1,27,2.54,25.8,0.7,1,68.9,55.7,50.9,7.4,8118819.0
1598,Pereira,Transporte,27.5,14.94,48.9,20,3.9,20.6,2.2,2,66.0,63.8,19.0,7.1,9213562.0
1599,Bucaramanga,Construcción,7.2,18.19,62.1,22,3.59,22.0,0.2,0,70.1,59.0,26.1,5.9,9605672.0
1600,Bogotá,Comercio,37.0,59.02,49.3,37,3.58,29.8,6.0,2,71.8,66.4,71.7,6.7,12060190.0
1601,Pereira,Transporte,10.1,42.17,56.1,18,4.17,28.2,-5.0,0,71.2,59.0,33.0,7.5,8850123.0
1602,Bogotá,Información,8.8,23.81,81.2,8,5.87,13.7,13.8,1,75.0,78.4,69.5,5.8,11192042.0
1603,Cartagena,Comercio,5.9,48.04,53.8,9,3.4,23.0,9.9,0,57.4,55.5,30.8,7.3,6826301.0
1604,Bogotá,Comercio,23.1,69.94,66.9,3,3.6,25.0,11.9,2,69.9,67.9,5.5,6.6,8774800.0
1605,Bogotá,Profesionales,26.2,0.46,79.0,4,4.51,17.2,5.7,1,84.7,75.5,22.7,7.2,10342874.0
1606,Bogotá,Comercio,7.8,71.41,53.6,6,4.21,26.9,2.9,0,52.5,65.7,7.1,6.6,6005861.0
1607,Cali,Construcción,24.2,32.74,46.4,16,3.68,28.8,4.0,1,66.3,65.6,20.4,6.9,8229984.0
1608,Medellín,Transporte,5.5,25.12,57.8,6,4.4,27.8,-5.9,1,59.7,69.3,53.5,6.3,6695991.0
1609,Bogotá,Financiero,8.1,5.64,88.6,7,5.46,16.2,13.9,3,81.4,87.8,61.9,7.3,12966682.0
1610,Pereira,Comercio,5.5,54.53,56.2,1,2.64,33.1,4.3,2,62.2,52.1,14.7,7.1,6217282.0
1611,Medellín,Manufactura,5.1,35.8,60.3,9,4.26,20.4,5.1,0,64.7,61.5,4.5,7.6,7743901.0
1612,Bogotá,Comercio,2.0,21.8,65.8,11,4.82,36.9,10.5,2,66.7,67.8,72.5,7.8,9570464.0
1613,Bogotá,Comercio,3.4,56.64,56.6,28,3.72,27.2,6.3,1,66.1,71.1,43.5,7.3,11121295.0
1614,Medellín,Comercio,27.2,36.01,55.4,97,3.08,28.3,6.9,3,74.4,67.7,2.7,7.3,19842301.0
1615,Medellín,Comercio,10.1,0.97,58.5,14,3.67,25.7,7.8,0,60.6,63.1,49.7,7.4,8056569.0
1616,Bogotá,Comercio,5.2,64.31,55.0,1,3.3,29.8,7.5,1,63.0,65.9,83.9,5.7,5801232.0
1617,Bucaramanga,Transporte,12.4,60.51,55.6,2,4.21,24.7,10.9,2,73.5,54.3,79.9,7.2,7484393.0
1618,Medellín,Comercio,11.5,26.51,55.8,6,3.34,23.2,-5.8,1,58.3,59.2,13.3,5.4,6333031.0
1619,Otras,Información,3.6,53.54,65.2,4,4.12,20.7,11.6,1,71.7,51.8,54.3,4.7,11739077.0
1620,Medellín,Comercio,8.5,16.97,50.0,14,3.29,30.6,10.7,1,54.7,72.3,62.4,5.3,7730553.0
1621,Medellín,Salud,14.3,52.24,67.6,5,4.6,25.3,3.2,2,75.7,67.7,29.9,5.7,9174232.0
1622,Cali,Hoteles,6.7,28.52,52.2,8,2.62,21.6,6.6,0,56.4,56.0,68.1,6.0,5872616.0
1623,Bogotá,Transporte,2.7,68.59,55.6,24,4.51,20.5,6.9,1,63.8,66.6,60.8,5.4,16282215.0
1624,Bogotá,Profesionales,9.2,66.46,75.7,31,5.26,14.3,17.2,3,66.5,78.0,91.8,7.3,16206553.0
1625,Bogotá,Hoteles,4.2,72.5,55.2,1,2.8,24.7,8.1,1,56.4,78.2,90.9,6.6,5858637.0
1626,Cali,Financiero,4.1,54.04,76.0,22,4.71,4.3,10.4,0,82.7,68.0,48.4,6.5,20866056.0
1627,Cali,Transporte,12.6,31.78,62.1,10,4.57,19.7,-1.9,2,72.3,59.0,83.6,7.0,9075127.0
1628,Medellín,Comercio,10.5,68.98,55.8,9,3.59,32.1,7.2,1,64.4,64.4,94.3,5.5,7873882.0
1629,Bogotá,Salud,6.2,77.51,83.9,9,4.95,13.7,9.6,1,78.0,74.0,98.2,5.7,11491676.0
1630,Bogotá,Transporte,21.9,15.25,52.7,6,3.45,21.3,3.3,1,69.6,51.7,53.3,5.1,7133556.0
1631,Bogotá,Financiero,20.7,61.16,76.5,75,5.42,14.3,10.5,0,70.6,77.8,52.5,5.5,24718119.0
1632,Bogotá,Construcción,18.8,30.65,51.8,48,4.32,23.1,1.2,0,56.9,60.3,28.4,5.9,13548364.0
1633,Otras,Transporte,7.0,21.88,64.1,55,4.02,16.3,-1.9,2,61.0,54.7,19.7,7.3,15384154.0
1634,Bogotá,Manufactura,2.6,28.79,74.5,24,4.61,18.1,7.7,1,63.5,66.8,75.7,7.1,12260136.0
1635,Manizales,Manufactura,33.8,79.05,73.6,47,3.98,19.6,6.1,2,80.7,65.9,66.6,6.3,16604598.0
1636,Cali,Comercio,22.6,8.68,55.7,15,4.17,24.3,12.6,1,67.5,58.0,18.3,5.2,9375357.0
1637,Medellín,Manufactura,6.0,1.81,63.6,19,4.36,14.0,8.4,2,77.5,70.4,99.0,4.7,11682320.0
1638,Otras,Manufactura,5.9,77.47,54.3,5,2.95,10.4,17.7,0,58.8,49.8,7.8,5.7,6346816.0
1639,Barranquilla,Salud,6.4,17.32,62.6,30,3.98,12.1,8.3,1,61.5,56.3,91.7,5.3,11460214.0
1640,Bogotá,Comercio,10.4,74.19,62.0,14,3.48,26.2,8.6,2,63.2,70.3,32.3,7.2,9213965.0
1641,Bogotá,Información,13.7,40.34,76.8,18,5.59,14.5,6.5,3,61.7,79.4,36.9,8.1,13262661.0
1642,Bogotá,Comercio,8.6,36.49,46.8,6,3.92,24.2,3.2,0,60.4,59.5,75.7,6.5,6000113.0
1643,Bogotá,Profesionales,3.5,56.6,79.0,34,5.68,10.9,1.4,3,65.4,74.0,81.0,7.1,16933497.0
1644,Bogotá,Hoteles,4.6,79.29,60.2,2,3.62,30.8,1.1,0,69.2,70.9,72.3,5.2,6332057.0
1645,Medellín,Manufactura,4.2,34.45,66.0,24,3.83,23.3,4.0,5,59.4,60.5,35.7,7.3,11564111.0
1646,Cali,Manufactura,27.6,61.12,58.3,39,4.09,9.7,6.4,0,76.6,60.3,59.7,5.6,14167511.0
1647,Pereira,Manufactura,29.5,34.26,71.1,18,4.54,15.7,9.8,2,62.8,67.7,81.0,6.1,11825398.0
1648,Cali,Información,15.5,2.67,71.1,30,4.42,7.5,7.6,3,62.9,63.3,7.2,7.3,13547262.0
1649,Bucaramanga,Manufactura,18.7,49.45,62.8,16,4.86,23.4,2.2,1,72.1,62.0,57.9,6.3,10042262.0
1650,Bogotá,Comercio,9.6,41.79,57.2,43,3.9,24.9,14.5,2,59.7,51.2,80.3,7.0,13359278.0
1651,Barranquilla,Profesionales,7.5,60.42,57.8,8,4.08,17.2,7.9,5,71.1,51.8,93.2,7.0,9385479.0
1652,Bogotá,Manufactura,7.0,55.01,73.1,58,3.6,23.3,8.4,4,58.3,73.3,73.9,7.8,16915357.0
1653,Bogotá,Comercio,11.3,29.09,66.7,6,4.45,29.2,12.2,2,72.8,84.1,56.6,5.8,9515222.0
1654,Bogotá,Información,4.2,1.16,53.2,93,4.26,19.1,19.5,3,58.7,66.1,96.3,6.6,22778076.0
1655,Cali,Profesionales,4.1,13.34,59.5,6,4.16,21.5,-4.7,2,63.2,61.2,43.0,6.6,7324182.0
1656,Medellín,Profesionales,5.2,48.24,74.3,1,5.3,15.6,2.0,0,77.4,78.1,43.2,6.2,8322746.0
1657,Bucaramanga,Información,12.0,65.68,48.4,11,4.51,18.8,11.3,1,62.9,58.4,10.0,6.0,7945717.0
1658,Bogotá,Transporte,5.1,79.91,62.2,27,3.72,30.6,4.9,2,60.8,66.3,46.8,6.7,10795968.0
1659,Cali,Transporte,2.8,61.8,57.6,12,4.45,27.1,2.2,2,64.1,62.8,90.9,6.5,8629533.0
1660,Bogotá,Salud,16.4,61.32,49.5,46,3.91,8.1,12.7,1,52.2,68.6,45.0,7.3,13697021.0
1661,Bogotá,Información,2.9,20.46,82.8,14,4.95,18.6,5.5,2,72.5,68.7,51.4,7.5,11564770.0
1662,Medellín,Profesionales,14.7,28.37,73.0,10,4.87,5.7,6.6,0,67.1,78.4,33.3,6.1,9788952.0
1663,Bogotá,Construcción,5.4,43.9,69.4,27,4.13,18.0,-3.3,0,70.0,68.6,51.3,6.1,11647625.0
1664,Bucaramanga,Comercio,4.1,48.98,50.2,5,3.36,32.8,7.5,2,56.5,67.2,34.0,4.6,6629593.0
1665,Cartagena,Comercio,7.1,46.47,51.3,7,2.84,28.0,12.3,1,62.6,56.7,33.9,7.2,7150829.0
1666,Manizales,Comercio,12.7,17.55,54.6,7,3.1,24.6,-2.3,0,51.8,66.9,32.2,6.2,5583443.0
1667,Medellín,Transporte,15.3,79.46,55.6,3,4.55,21.7,-6.2,0,63.6,65.9,59.7,5.5,6140996.0
1668,Bogotá,Comercio,16.0,29.6,52.4,48,4.14,25.0,2.7,2,60.3,71.9,49.0,6.5,14205902.0
1669,Bogotá,Agricultura,9.7,77.12,44.6,5,3.41,15.9,2.0,1,64.4,66.9,82.2,6.6,6372993.0
1670,Bogotá,Comercio,3.2,79.53,62.5,11,3.54,29.9,0.1,3,59.2,65.8,63.5,7.5,8277437.0
1671,Bogotá,Comercio,6.7,26.8,51.2,32,3.38,21.1,3.8,0,68.2,65.4,72.6,5.9,9742742.0
1672,Pereira,Agricultura,11.9,11.86,47.3,10,2.98,18.3,13.5,0,54.3,61.0,29.9,6.1,6932869.0
1673,Medellín,Profesionales,4.4,42.64,72.0,4,4.36,11.7,12.8,0,65.6,67.8,92.7,4.1,8254149.0
1674,Cartagena,Comercio,1.7,22.87,51.8,21,2.83,24.2,9.3,1,59.1,67.1,60.4,6.4,7815394.0
1675,Cali,Construcción,14.4,71.07,68.3,66,3.94,16.6,1.2,1,64.6,63.9,6.0,6.0,17681485.0
1676,Medellín,Comercio,10.4,17.67,42.2,45,3.29,15.8,8.3,1,58.4,67.9,44.0,6.1,11367880.0
1677,Medellín,Transporte,1.9,5.04,61.5,8,3.92,16.7,-1.0,0,56.5,71.0,85.0,5.1,6997518.0
1678,Barranquilla,Comercio,6.9,67.73,59.3,9,2.67,32.4,-2.0,0,52.3,54.2,25.5,5.8,5768760.0
1679,Medellín,Manufactura,10.6,51.83,57.4,31,2.8,13.7,2.2,1,53.1,52.5,78.3,5.5,8924377.0
1680,Medellín,Comercio,16.2,5.04,61.3,14,3.3,28.7,5.8,1,54.3,66.4,25.2,6.3,8510530.0
1681,Cali,Manufactura,6.1,41.11,57.3,8,5.42,26.3,5.4,2,64.4,48.3,81.7,6.6,8179081.0
1682,Bogotá,Profesionales,13.1,47.26,71.5,4,4.84,10.6,14.0,1,72.9,72.1,65.5,5.7,9439667.0
1683,Barranquilla,Comercio,4.9,62.17,41.4,9,2.81,28.4,20.8,0,55.1,48.7,34.2,7.5,5678387.0
1684,Medellín,Salud,6.6,24.11,70.2,74,4.55,11.5,10.0,0,69.0,77.9,7.8,6.5,20681095.0
1685,Barranquilla,Comercio,2.0,36.95,52.8,6,3.02,26.4,12.4,1,64.7,51.5,13.5,7.5,10060180.0
1686,Bogotá,Manufactura,16.8,44.28,67.3,46,4.62,13.9,-0.4,0,69.0,65.7,16.7,6.5,15388547.0
1687,Barranquilla,Manufactura,5.7,26.8,83.2,33,3.78,21.5,6.1,2,70.2,67.2,85.8,7.1,13930871.0
1688,Cali,Agricultura,7.0,21.39,57.7,2,2.02,31.6,0.7,1,59.7,69.7,94.6,7.2,6383480.0
1689,Bogotá,Manufactura,9.2,27.56,68.8,8,4.47,21.0,11.9,4,67.5,65.5,70.7,6.9,10032038.0
1690,Medellín,Manufactura,3.0,47.81,52.5,8,3.83,15.3,14.5,4,50.5,62.3,73.6,7.8,7989654.0
1691,Bucaramanga,Comercio,12.6,29.16,49.6,14,3.61,25.7,7.8,1,58.7,59.1,90.0,6.9,8006986.0
1692,Cartagena,Información,19.9,50.34,58.8,17,5.16,16.7,6.3,2,73.7,62.6,85.5,6.1,11065819.0
1693,Bucaramanga,Agricultura,14.2,51.79,47.5,12,3.71,29.2,6.0,1,64.5,58.4,63.5,7.3,6899472.0
1694,Medellín,Comercio,7.6,59.77,55.9,24,3.45,19.1,8.1,0,61.8,52.9,97.6,5.6,9020120.0
1695,Cali,Salud,5.0,36.82,75.3,7,4.03,21.7,-4.1,3,66.2,74.5,99.6,6.5,9273791.0
1696,Cali,Comercio,28.4,62.25,55.9,11,3.34,28.5,6.5,0,65.3,71.6,91.5,5.6,7746370.0
1697,Medellín,Comercio,5.5,42.72,65.4,19,4.22,21.8,6.8,0,71.2,58.0,41.9,7.5,10120305.0
1698,Bogotá,Comercio,13.1,47.51,50.2,3,3.35,22.2,10.9,1,63.3,64.8,25.5,6.3,6464312.0
1699,Cali,Comercio,6.4,33.09,48.1,5,3.8,28.8,13.3,1,49.4,60.2,23.4,7.7,6000704.0
1700,Otras,Información,4.6,24.78,69.5,15,3.48,18.3,6.3,0,67.7,56.5,44.0,6.1,9458107.0
1701,Bogotá,Construcción,6.2,33.43,63.1,25,3.72,24.6,6.2,0,66.9,72.0,50.0,6.2,10367186.0
1702,Bogotá,Agricultura,13.7,64.32,54.6,5,2.61,26.1,-9.3,1,56.3,57.2,14.3,6.7,5524844.0
1703,Bogotá,Manufactura,20.6,73.65,70.9,38,4.48,18.0,2.4,3,84.5,78.7,50.2,6.6,16269392.0
1704,Bucaramanga,Manufactura,6.2,16.4,62.1,36,4.5,18.9,0.8,2,67.7,60.5,57.0,6.4,13787075.0
1705,Cali,Agricultura,8.4,73.92,45.5,15,2.07,19.8,10.5,1,61.5,53.5,69.5,6.3,6693411.0
1706,Cali,Profesionales,18.7,37.03,59.8,5,5.3,12.2,-1.7,0,67.9,55.0,90.7,5.5,7023612.0
1707,Medellín,Comercio,11.3,30.94,66.0,12,3.32,36.6,5.2,1,73.9,64.5,57.8,5.4,8810096.0
1708,Manizales,Información,9.3,62.01,64.5,73,3.8,19.5,4.5,1,60.5,67.9,90.2,5.8,17931889.0
1709,Bogotá,Profesionales,4.8,59.12,67.5,4,5.22,19.1,7.8,0,58.7,75.9,77.6,6.8,7063722.0
1710,Bogotá,Profesionales,16.0,0.16,79.6,2,5.45,18.9,4.1,1,72.7,75.2,79.0,5.9,9307084.0
1711,Manizales,Hoteles,31.6,77.64,58.5,49,3.16,24.8,11.9,1,79.6,50.7,25.5,5.9,13993990.0
1712,Manizales,Comercio,10.9,14.92,46.7,15,3.2,14.8,19.5,1,55.1,50.6,7.7,6.0,7482706.0
1713,Barranquilla,Agricultura,14.2,70.43,44.4,51,2.09,29.4,10.5,1,60.7,58.1,71.8,5.4,9587143.0
1714,Cali,Financiero,8.8,15.81,59.3,14,5.65,4.4,-7.2,0,62.4,74.2,7.6,6.2,9278602.0
1715,Bogotá,Construcción,10.2,29.74,56.5,15,3.49,28.7,1.6,1,52.7,66.5,74.7,7.0,7457186.0
1716,Barranquilla,Financiero,8.4,56.6,76.3,9,4.93,10.6,-4.3,1,68.8,82.4,87.6,5.4,10219609.0
1717,Bogotá,Manufactura,8.9,17.96,64.7,15,4.26,19.3,4.4,1,70.5,62.5,11.4,5.2,10123870.0
1718,Bogotá,Agricultura,3.0,29.2,42.0,9,3.62,19.9,14.4,1,50.0,60.8,26.1,6.8,5873787.0
1719,Bogotá,Transporte,12.3,30.85,49.9,22,3.62,27.1,9.3,4,55.5,58.2,45.4,7.6,9279534.0
1720,Otras,Agricultura,4.2,11.58,34.6,8,3.15,19.4,5.8,2,44.4,38.2,5.5,6.5,5015481.0
1721,Bogotá,Financiero,17.0,46.71,70.9,118,5.94,0.0,5.1,4,72.3,76.2,32.3,6.8,37584800.0
1722,Otras,Agricultura,5.0,10.75,50.5,4,1.88,17.6,0.3,0,60.0,47.4,5.4,5.8,5418477.0
1723,Cali,Comercio,7.4,58.03,69.2,5,3.47,24.9,6.2,0,64.7,58.4,62.7,6.4,7291752.0
1724,Barranquilla,Profesionales,12.1,51.46,57.9,16,4.0,15.4,7.9,2,76.9,52.4,40.9,5.7,10296030.0
1725,Bogotá,Comercio,15.6,37.8,51.0,25,3.22,21.1,4.9,1,64.3,66.9,35.6,6.6,9360206.0
1726,Cartagena,Agricultura,8.7,45.6,41.7,2,2.84,23.2,2.1,3,49.7,58.6,62.3,5.6,5403921.0
1727,Medellín,Agricultura,14.1,49.38,41.3,65,2.96,21.5,3.0,4,67.5,49.7,19.1,7.6,14060894.0
1728,Pereira,Comercio,6.9,7.23,49.0,6,3.34,24.5,-11.8,3,53.1,58.6,97.6,7.1,6435148.0
1729,Medellín,Financiero,39.1,77.52,74.9,11,5.65,5.2,17.5,0,92.7,68.5,80.7,7.1,13836563.0
1730,Bogotá,Manufactura,6.4,37.07,53.4,27,4.64,25.9,-3.9,3,56.1,72.7,4.2,7.0,10861787.0
1731,Bucaramanga,Comercio,20.5,28.05,66.3,12,3.23,24.9,-2.3,1,65.3,72.2,15.4,7.1,8018061.0
1732,Cali,Profesionales,11.4,79.64,45.6,14,4.42,13.5,0.2,3,67.9,50.0,34.2,7.5,8841590.0
1733,Pereira,Profesionales,6.4,19.53,67.1,61,4.42,12.5,-3.1,1,53.5,57.9,19.0,5.0,16850588.0
1734,Barranquilla,Profesionales,14.2,55.89,62.3,42,5.12,17.7,0.2,0,83.2,61.8,65.2,6.3,16036521.0
1735,Bogotá,Transporte,7.3,37.25,51.6,2,4.54,19.5,6.5,1,63.7,69.0,8.6,7.0,6560253.0
1736,Bogotá,Energía,53.7,32.83,71.6,24,5.36,0.0,-8.4,1,89.1,67.1,18.6,5.5,12519473.0
1737,Bogotá,Construcción,25.9,72.31,59.1,8,3.5,20.3,4.7,3,68.1,59.6,28.7,7.5,8659356.0
1738,Cali,Comercio,21.9,37.05,55.7,38,2.35,30.5,2.7,4,68.1,59.2,23.6,8.5,10268681.0
1739,Bucaramanga,Comercio,11.6,34.32,58.1,18,3.34,17.4,13.1,0,53.1,54.0,64.1,5.7,8487193.0
1740,Pereira,Manufactura,7.4,4.89,59.5,28,3.67,16.8,15.0,1,60.4,62.1,89.3,6.6,10862266.0
1741,Bogotá,Manufactura,4.2,20.77,67.2,23,3.93,21.9,5.2,1,75.8,67.9,38.7,5.4,11642516.0
1742,Bogotá,Profesionales,7.5,53.86,71.1,26,4.47,14.2,-0.6,2,61.1,71.9,31.6,7.0,11973605.0
1743,Bogotá,Comercio,34.3,22.1,72.9,61,4.13,19.5,1.8,2,87.1,69.9,9.7,6.8,19260162.0
1744,Otras,Transporte,15.5,62.3,69.1,39,3.65,16.2,5.0,2,68.3,60.8,30.2,6.7,13042934.0
1745,Cali,Manufactura,14.0,17.22,44.0,23,4.31,14.3,7.1,2,51.8,56.1,56.7,6.2,9322525.0
1746,Medellín,Agricultura,5.3,64.82,54.2,20,3.55,18.0,15.3,2,55.6,61.5,72.4,7.1,8667641.0
1747,Barranquilla,Comercio,28.6,30.96,56.4,5,2.15,27.4,-0.7,0,64.3,58.3,85.4,5.7,6312924.0
1748,Bogotá,Hoteles,20.4,70.61,68.0,1,3.98,25.1,3.1,1,76.9,74.2,91.1,7.2,8153830.0
1749,Barranquilla,Comercio,7.9,36.14,56.8,89,4.48,14.1,5.4,2,54.7,61.9,31.1,6.6,22450392.0
1750,Bogotá,Comercio,21.0,19.02,67.1,20,3.55,20.3,10.2,0,77.2,72.9,73.3,6.6,11341357.0
1751,Cali,Manufactura,2.8,51.04,58.2,6,3.35,22.2,8.5,0,75.4,62.6,87.8,5.7,7391319.0
1752,Bogotá,Manufactura,21.3,63.09,65.8,84,4.93,20.8,5.2,4,76.2,70.0,77.5,7.0,25195363.0
1753,Bogotá,Financiero,3.4,64.87,66.0,11,4.75,12.0,2.4,0,69.5,69.3,18.3,6.1,9036820.0
1754,Medellín,Hoteles,9.8,43.82,54.6,2,3.28,22.3,7.9,1,75.7,71.8,30.4,8.0,7259413.0
1755,Manizales,Comercio,4.8,42.43,46.8,7,2.94,28.5,8.1,1,56.7,49.9,56.7,6.7,5637614.0
1756,Bogotá,Transporte,9.2,37.41,78.9,21,5.04,13.8,3.5,3,73.6,85.6,94.0,6.4,13449265.0
1757,Bogotá,Energía,16.6,0.98,66.5,15,5.21,5.8,-3.7,1,78.0,70.3,89.6,6.1,11376623.0
1758,Cali,Comercio,4.0,59.88,63.5,29,3.94,31.1,-3.9,2,56.5,57.2,36.6,6.4,10617968.0
1759,Medellín,Transporte,12.9,28.74,53.4,17,3.26,22.8,6.4,1,75.0,67.5,74.1,5.8,9366871.0
1760,Medellín,Construcción,7.1,38.49,55.9,13,4.94,25.3,13.5,1,59.5,65.7,12.5,6.1,9217361.0
1761,Bogotá,Transporte,12.3,66.9,58.7,8,3.72,16.6,-4.0,3,64.6,57.1,37.9,7.5,8050974.0
1762,Medellín,Manufactura,15.6,39.14,65.1,10,3.6,21.9,3.1,0,68.4,68.1,82.3,7.2,8266385.0
1763,Medellín,Financiero,6.7,65.86,91.3,4,4.88,4.5,1.2,1,86.9,81.3,46.8,6.9,11565534.0
1764,Cali,Profesionales,9.4,64.24,60.4,2,4.65,12.3,15.9,0,49.6,65.0,69.4,6.3,6325731.0
1765,Bogotá,Agricultura,6.4,67.06,45.1,18,2.12,21.9,14.5,0,60.2,64.2,4.0,7.2,6503064.0
1766,Bogotá,Financiero,32.5,50.76,64.6,31,4.44,10.7,12.3,2,79.1,52.6,66.2,7.1,14678536.0
1767,Medellín,Construcción,9.0,11.17,54.7,31,3.57,22.9,18.5,1,68.1,65.5,85.4,5.5,11583856.0
1768,Medellín,Manufactura,22.1,59.22,73.9,14,4.66,19.0,4.3,1,88.1,77.5,57.3,6.5,15141093.0
1769,Bogotá,Hoteles,17.1,39.0,63.2,9,4.03,25.8,2.7,2,72.5,54.5,59.6,6.8,8422375.0
1770,Bogotá,Construcción,12.5,56.43,60.4,24,4.52,19.0,6.9,0,60.5,72.1,23.9,7.5,10113236.0
1771,Pereira,Transporte,18.6,39.51,47.8,7,2.99,19.1,6.4,0,66.7,61.9,24.0,6.4,6196812.0
1772,Cali,Hoteles,7.0,9.21,54.0,21,2.74,31.1,13.0,0,67.3,52.1,80.6,5.5,8382434.0
1773,Pereira,Comercio,5.8,72.7,45.1,10,3.09,24.6,7.0,2,54.3,60.7,70.9,6.7,6194066.0
1774,Bucaramanga,Comercio,10.6,44.8,40.6,17,4.22,25.7,5.8,0,62.9,57.8,25.2,5.9,7120472.0
1775,Otras,Comercio,53.6,63.61,39.6,38,3.42,18.9,-0.9,3,69.1,49.8,77.5,7.7,10726983.0
1776,Barranquilla,Información,18.5,6.01,67.5,29,4.64,12.1,1.9,2,62.6,59.5,89.8,8.2,12704221.0
1777,Bogotá,Comercio,20.6,41.81,81.3,3,4.29,30.4,-5.4,1,73.8,76.5,95.7,7.3,8443037.0
1778,Bogotá,Minas,6.1,59.19,79.5,59,6.63,10.7,8.5,2,72.3,88.0,45.2,6.1,24917692.0
1779,Cali,Manufactura,32.5,60.09,48.0,19,3.6,15.8,7.5,1,68.0,53.0,72.2,5.3,8844281.0
1780,Bucaramanga,Energía,7.2,26.01,71.0,168,5.16,9.6,4.9,4,67.7,76.1,91.5,7.9,43647705.0
1781,Pereira,Información,2.8,2.41,79.1,6,5.41,14.1,-2.0,0,76.0,87.7,69.1,5.9,9664211.0
1782,Bogotá,Transporte,25.2,37.98,65.4,4,4.31,18.9,5.7,1,77.1,70.1,3.5,5.9,8370271.0
1783,Cali,Agricultura,6.8,28.51,37.2,6,2.93,22.7,10.5,0,43.8,58.1,71.9,6.1,4540996.0
1784,Bogotá,Manufactura,10.4,46.97,54.8,11,4.32,19.7,14.5,1,55.8,70.1,88.4,6.6,8174218.0
1785,Cali,Comercio,1.7,47.7,35.2,1,3.46,39.0,-5.0,1,53.5,50.2,99.0,6.3,3848279.0
1786,Medellín,Minas,4.0,62.5,72.9,2,5.09,3.6,4.2,1,65.6,64.4,54.5,7.0,8036683.0
1787,Medellín,Comercio,34.3,57.57,64.4,7,4.0,23.1,-7.1,3,74.5,77.4,21.9,6.7,8462883.0
1788,Bogotá,Información,13.2,43.65,72.1,18,6.01,20.1,17.1,2,66.1,63.6,57.3,5.9,13088740.0
1789,Bucaramanga,Transporte,8.9,4.87,59.5,21,4.23,25.3,5.1,0,64.1,62.3,57.8,6.1,9459465.0
1790,Cali,Construcción,14.3,73.38,54.6,9,3.72,21.0,-6.3,1,68.4,66.8,43.1,5.2,7084815.0
1791,Medellín,Profesionales,20.1,12.89,72.4,12,4.69,2.7,14.0,0,82.0,72.2,6.5,5.7,11988388.0
1792,Bogotá,Profesionales,3.3,68.43,79.9,17,4.35,15.7,-8.3,1,72.1,81.1,67.0,6.0,14281857.0
1793,Manizales,Salud,8.5,59.5,81.4,27,3.52,23.0,-5.2,3,78.6,74.0,33.1,8.4,13144732.0
1794,Medellín,Comercio,5.5,26.95,42.3,29,4.03,18.5,-2.2,5,52.0,54.5,72.7,8.2,10001105.0
1795,Medellín,Minas,18.7,67.78,63.1,43,4.4,11.3,6.7,0,59.9,61.8,25.5,6.2,14258841.0
1796,Cali,Comercio,11.2,46.51,55.1,18,3.89,39.9,-6.7,3,64.8,72.1,90.5,7.3,9342766.0
1797,Cali,Profesionales,6.3,59.96,79.0,34,4.16,11.3,14.1,1,68.8,69.1,60.0,6.4,14435283.0
1798,Medellín,Energía,15.1,28.03,91.2,29,5.82,2.3,8.7,1,76.5,77.8,26.7,5.7,17058340.0
1799,Bogotá,Minas,11.3,54.54,74.8,5,4.99,16.9,-2.0,0,71.5,67.6,89.5,5.6,8237363.0
1800,Cali,Hoteles,2.4,10.31,59.9,20,3.57,30.9,13.6,3,61.2,54.8,4.8,7.6,10207824.0
1801,Cali,Hoteles,10.9,55.54,51.8,20,2.7,27.3,3.7,2,59.5,67.1,6.8,7.5,8344053.0
1802,Cartagena,Comercio,7.0,62.21,47.7,8,3.53,20.3,-0.0,0,62.2,49.3,34.4,6.2,5885467.0
1803,Barranquilla,Comercio,6.8,76.37,48.7,8,2.82,29.2,10.9,1,64.6,60.1,85.6,7.1,6598569.0
1804,Bogotá,Comercio,7.5,44.26,57.1,6,3.75,29.9,8.3,1,75.1,65.1,8.1,6.7,7842555.0
1805,Bogotá,Hoteles,57.8,76.29,57.7,57,3.76,17.1,8.5,4,76.5,63.0,63.4,8.1,17833030.0
1806,Pereira,Comercio,23.5,37.19,56.7,50,3.41,28.1,11.5,1,66.3,61.0,71.5,6.2,13540313.0
1807,Medellín,Comercio,7.6,50.85,54.3,38,2.81,27.1,20.4,1,59.1,61.0,20.8,6.8,10330223.0
1808,Cali,Salud,6.8,61.07,46.5,37,4.3,5.2,1.7,0,69.0,47.6,78.4,6.5,12070571.0
1809,Barranquilla,Manufactura,22.8,30.87,48.7,143,4.03,20.4,16.0,1,69.9,62.0,9.5,7.9,29875397.0
1810,Bogotá,Agricultura,7.3,78.33,60.1,11,3.58,19.5,8.2,1,63.5,54.8,84.3,6.3,8106459.0
1811,Medellín,Comercio,47.4,37.52,72.6,72,4.45,27.9,2.2,3,84.9,70.4,71.5,6.8,22253174.0
1812,Barranquilla,Transporte,20.6,66.44,54.2,13,3.94,24.5,4.0,1,70.3,53.0,16.5,7.2,7850502.0
1813,Otras,Comercio,8.2,16.96,51.0,13,2.13,28.8,7.3,1,61.0,60.7,78.6,6.8,6821665.0
1814,Bogotá,Agricultura,38.4,39.93,61.4,12,3.23,13.7,8.1,1,80.7,81.7,4.1,6.3,10139184.0
1815,Bogotá,Agricultura,8.3,23.8,51.7,15,2.73,26.8,3.1,3,60.5,65.4,5.3,7.5,8122918.0
1816,Otras,Comercio,6.7,50.62,47.6,16,2.69,27.4,12.8,1,61.9,43.8,54.1,7.3,7365187.0
1817,Bucaramanga,Comercio,8.7,52.71,52.5,31,2.12,24.5,13.7,0,60.2,56.6,24.1,6.0,8017431.0
1818,Bucaramanga,Información,15.1,52.47,79.5,32,4.58,18.7,-8.5,1,61.9,73.1,32.6,5.6,13031518.0
1819,Bogotá,Salud,4.9,71.61,91.4,48,4.08,21.0,18.8,0,71.5,72.8,24.0,5.8,17012526.0
1820,Manizales,Transporte,26.1,62.46,44.9,30,3.46,21.8,5.3,0,70.5,48.8,52.8,7.3,9759414.0
1821,Otras,Manufactura,3.2,22.6,61.1,20,3.42,13.0,10.2,0,56.4,44.3,46.0,6.3,8658549.0
1822,Bogotá,Construcción,6.1,38.5,51.9,17,3.63,34.7,13.9,1,62.7,61.6,84.6,6.5,8327677.0
1823,Barranquilla,Salud,10.5,0.74,59.2,8,3.96,15.8,14.3,0,65.8,59.3,28.2,6.7,8164928.0
1824,Bucaramanga,Minas,33.1,17.7,74.0,41,5.31,3.3,0.4,0,79.2,63.6,43.4,6.4,16712390.0
1825,Bogotá,Manufactura,17.1,21.71,62.3,59,3.96,18.9,0.4,2,76.0,72.4,42.5,6.2,16965815.0
1826,Pereira,Profesionales,7.6,40.86,60.9,27,4.26,19.5,15.6,1,69.6,63.3,95.9,6.4,11217345.0
1827,Otras,Construcción,7.6,64.16,60.7,53,3.27,33.9,8.6,0,60.7,45.6,52.4,5.3,12063046.0
1828,Bogotá,Manufactura,11.9,74.8,78.8,26,3.83,14.8,13.5,0,65.2,83.9,93.2,6.0,11937137.0
1829,Bucaramanga,Manufactura,7.7,23.59,50.7,62,3.3,15.3,-3.3,2,58.7,56.1,39.2,6.5,13536402.0
1830,Barranquilla,Manufactura,7.7,61.02,58.3,18,4.23,15.8,6.0,0,56.5,64.0,59.4,5.8,8404329.0
1831,Otras,Comercio,4.3,71.11,47.9,15,2.85,24.6,7.1,0,47.6,43.6,36.1,6.0,6042544.0
1832,Bogotá,Comercio,10.0,62.59,49.8,8,4.09,27.8,4.4,2,62.1,70.8,21.4,7.6,7416612.0
1833,Medellín,Transporte,31.7,71.22,70.6,43,3.5,13.4,14.5,0,75.9,81.4,23.7,6.6,15764598.0
1834,Barranquilla,Agricultura,37.5,72.77,30.4,5,1.84,22.4,12.1,2,68.9,55.4,55.4,8.0,6603215.0
1835,Barranquilla,Salud,13.9,14.63,58.4,20,4.22,18.8,11.1,1,71.0,57.8,95.7,6.0,10440382.0
1836,Bogotá,Comercio,14.3,12.41,68.9,20,3.73,25.0,8.2,1,71.1,66.4,44.9,5.9,10794584.0
1837,Pereira,Transporte,7.5,70.85,49.9,13,3.94,27.9,14.0,1,67.5,65.4,80.4,6.8,8570214.0
1838,Bucaramanga,Información,8.1,35.56,57.7,9,4.06,10.7,5.6,0,59.5,63.8,98.6,7.0,7533463.0
1839,Bogotá,Financiero,3.7,55.54,68.1,22,5.3,17.1,5.5,1,59.2,73.4,82.5,6.0,11625393.0
1840,Bogotá,Comercio,7.5,40.06,81.6,9,3.65,38.4,1.6,4,80.6,74.6,87.2,7.4,11731054.0
1841,Otras,Comercio,8.6,51.13,57.4,1,3.55,25.3,4.6,2,70.8,52.2,64.2,6.0,6496359.0
1842,Bogotá,Construcción,14.4,47.23,51.9,13,4.61,18.5,22.6,0,67.1,60.1,35.4,5.8,8911888.0
1843,Barranquilla,Información,8.8,17.41,67.1,17,4.36,20.0,-0.4,0,60.1,50.9,62.1,5.9,8539861.0
1844,Medellín,Construcción,9.6,34.9,61.0,21,3.89,18.6,17.7,0,64.4,62.0,25.0,5.8,10106851.0
1845,Bogotá,Construcción,5.8,17.33,57.2,11,3.59,21.8,8.2,2,58.0,59.9,33.9,6.8,8242350.0
1846,Medellín,Financiero,7.9,44.91,82.6,1,4.67,12.5,10.1,0,66.9,78.3,54.0,6.4,10492233.0
1847,Otras,Transporte,9.3,40.43,58.6,14,2.59,16.0,5.2,2,68.3,46.4,94.2,6.8,8445047.0
1848,Medellín,Información,12.3,13.45,74.3,11,5.2,12.1,5.4,2,68.7,70.0,18.5,6.7,10928284.0
1849,Medellín,Comercio,12.6,21.57,66.8,2,3.54,29.3,2.8,0,71.4,75.6,44.2,5.2,7580248.0
1850,Medellín,Construcción,13.8,15.55,56.4,15,4.47,17.8,15.3,1,63.9,68.1,0.6,7.2,9995333.0
1851,Cali,Minas,3.8,79.89,77.0,115,5.1,16.5,-2.8,1,80.7,68.9,93.3,5.8,32132964.0
1852,Medellín,Comercio,4.6,77.69,57.1,6,3.12,38.5,11.3,0,56.5,61.4,3.6,5.8,6479329.0
1853,Barranquilla,Comercio,26.6,64.83,46.4,50,2.52,22.7,8.1,3,63.0,57.3,38.0,7.6,11352829.0
1854,Bogotá,Transporte,10.8,74.12,69.3,56,4.77,26.4,8.0,1,68.6,74.4,21.7,6.9,18285220.0
1855,Cali,Minas,10.8,78.22,85.9,7,5.7,16.1,7.2,0,81.9,71.9,76.1,6.3,11268866.0
1856,Bogotá,Comercio,18.7,78.34,50.7,38,4.85,21.1,9.6,2,61.7,69.7,61.5,6.6,14030803.0
1857,Medellín,Construcción,15.6,8.13,64.1,2,4.34,24.7,4.9,1,65.5,66.9,61.7,6.8,7192095.0
1858,Bogotá,Agricultura,3.5,72.84,55.9,21,2.94,25.2,1.1,0,66.3,64.6,19.0,6.2,8370658.0
1859,Medellín,Profesionales,2.8,33.55,58.2,9,4.86,15.0,7.6,1,73.5,65.5,92.7,6.5,9258853.0
1860,Medellín,Construcción,23.0,54.49,41.3,5,4.12,15.3,6.8,1,54.7,55.3,9.2,5.0,5917894.0
1861,Cartagena,Profesionales,6.4,75.0,55.6,5,4.2,6.3,17.8,0,54.6,55.2,4.3,6.5,7204115.0
1862,Barranquilla,Transporte,1.7,32.48,52.2,8,3.32,22.9,9.6,1,56.7,56.7,21.6,5.9,6523959.0
1863,Pereira,Construcción,20.9,24.25,58.9,50,4.67,27.3,-2.4,1,72.1,55.8,58.2,6.3,15626504.0
1864,Otras,Comercio,18.0,27.48,50.1,6,3.01,31.3,9.2,0,65.2,55.5,92.5,6.3,6248075.0
1865,Bucaramanga,Comercio,47.6,30.09,48.6,50,2.73,14.5,7.9,1,63.8,58.3,68.4,7.2,12225579.0
1866,Bogotá,Transporte,4.8,56.73,63.5,3,4.56,25.1,12.0,1,67.2,70.1,8.2,6.0,7993992.0
1867,Cali,Comercio,11.1,73.17,38.3,10,4.02,24.7,-0.4,1,49.6,57.7,32.5,6.1,5665831.0
1868,Barranquilla,Construcción,2.8,36.43,38.0,19,3.01,21.1,4.6,1,61.4,60.6,7.3,6.0,7063430.0
1869,Cali,Salud,9.2,60.35,63.3,23,4.95,23.6,6.3,4,66.3,63.5,53.0,7.0,12336781.0
1870,Bogotá,Manufactura,7.1,34.45,53.2,144,4.77,16.9,-2.2,2,64.8,63.0,70.2,7.6,33335282.0
1871,Barranquilla,Información,30.7,70.66,65.8,23,4.87,14.1,4.5,0,70.5,60.3,64.5,6.8,11862012.0
1872,Medellín,Comercio,8.3,39.06,54.5,29,3.24,38.5,-0.3,4,55.3,68.1,57.0,7.3,10154605.0
1873,Bogotá,Financiero,6.8,48.43,72.8,7,5.07,7.0,10.5,3,72.3,79.0,74.3,6.2,10861264.0
1874,Medellín,Manufactura,20.8,37.21,60.3,41,4.53,21.9,1.3,1,63.0,72.1,67.1,4.8,14011392.0
1875,Bogotá,Manufactura,15.0,37.14,77.3,20,4.64,3.0,10.8,1,68.9,60.2,23.0,6.7,12174517.0
1876,Medellín,Comercio,8.0,58.82,66.2,31,4.58,24.3,9.8,1,70.9,68.2,68.3,7.4,13185989.0
1877,Bogotá,Comercio,12.5,2.05,65.6,27,3.86,18.7,-3.8,0,77.6,77.2,30.4,6.2,11505503.0
1878,Cali,Comercio,26.8,62.57,68.6,16,3.26,23.5,8.5,1,81.6,57.6,46.9,5.8,15253568.0
1879,Pereira,Comercio,7.4,14.78,50.2,2,2.71,24.6,12.0,0,48.2,44.4,59.3,6.5,5055671.0
1880,Cali,Agricultura,9.1,12.74,56.2,10,2.66,31.8,3.5,0,66.6,64.5,53.9,6.5,7183927.0
1881,Bogotá,Transporte,4.9,22.49,62.2,10,3.56,25.7,5.8,5,61.3,74.4,29.6,6.7,9242045.0
1882,Bogotá,Manufactura,14.1,9.37,63.0,9,4.04,9.3,8.7,2,64.5,71.2,84.6,5.4,9176035.0
1883,Bogotá,Comercio,11.2,49.12,63.4,15,2.69,27.4,9.0,2,66.4,70.4,79.1,6.8,9102078.0
1884,Barranquilla,Profesionales,5.3,53.11,70.8,1,4.01,15.8,3.1,1,61.2,65.4,74.5,5.9,7117798.0
1885,Medellín,Manufactura,5.3,46.16,64.3,19,5.04,3.8,6.9,0,73.1,65.9,70.8,5.6,11314739.0
1886,Bucaramanga,Transporte,6.4,27.89,55.1,10,2.85,18.6,3.2,1,69.1,62.9,8.6,6.5,7644307.0
1887,Bogotá,Construcción,16.6,47.93,59.1,42,4.62,20.6,9.2,0,63.3,73.2,45.6,4.9,14760466.0
1888,Cartagena,Minas,10.7,11.68,69.3,17,5.47,8.4,7.8,4,66.6,68.9,75.9,7.8,12633942.0
1889,Medellín,Manufactura,7.7,76.61,59.8,2,3.4,17.2,9.1,1,64.7,57.5,88.7,6.4,7065237.0
1890,Barranquilla,Financiero,7.2,46.14,80.7,8,4.97,2.9,0.8,3,75.4,68.2,3.6,6.7,14176713.0
1891,Bucaramanga,Información,6.8,60.88,72.9,4,4.7,9.5,-3.6,0,72.9,64.0,76.6,5.8,8432139.0
1892,Cali,Comercio,25.8,35.24,60.4,48,3.25,31.3,3.0,0,69.5,67.8,77.2,5.6,12948302.0
1893,Medellín,Construcción,9.0,8.04,68.4,8,3.98,21.8,-5.9,0,79.8,84.3,8.1,5.8,8939102.0
1894,Bogotá,Comercio,7.4,60.21,50.1,24,3.78,36.0,4.8,1,68.9,68.3,35.1,5.9,9541645.0
1895,Medellín,Manufactura,10.5,40.6,60.0,21,4.23,17.6,14.6,0,57.2,67.0,14.6,6.5,10043182.0
1896,Cali,Transporte,24.1,20.47,51.8,14,3.33,19.5,5.8,1,69.9,55.1,17.0,5.2,8333892.0
1897,Pereira,Manufactura,12.4,43.36,61.6,49,4.15,18.8,13.4,3,63.6,44.8,19.2,8.0,15766695.0
1898,Bogotá,Comercio,4.4,43.34,67.2,6,4.15,31.1,1.2,1,68.5,74.2,81.8,6.2,8129171.0
1899,Pereira,Manufactura,14.3,58.95,55.7,50,4.67,23.9,7.8,1,78.2,51.4,95.3,6.0,16476995.0
1900,Barranquilla,Financiero,8.4,43.16,63.1,5,4.89,0.0,14.4,1,73.1,55.9,8.5,7.3,9385535.0
1901,Cartagena,Construcción,14.4,27.43,44.3,7,3.88,29.6,11.0,2,60.1,52.8,44.2,6.9,6904073.0
1902,Bogotá,Comercio,20.1,30.92,60.9,4,3.8,25.4,22.3,1,69.5,67.4,50.4,7.2,8544108.0
1903,Cali,Construcción,36.0,21.02,72.5,7,3.87,17.7,6.0,2,84.6,68.4,58.3,7.1,10604882.0
1904,Bogotá,Agricultura,15.0,57.63,60.1,3,3.81,20.9,17.7,1,71.0,76.1,75.8,6.4,8179566.0
1905,Cartagena,Salud,16.3,34.8,61.8,8,3.53,17.2,6.1,1,61.3,69.2,3.3,6.0,7667915.0
1906,Cali,Manufactura,15.2,72.68,61.8,89,4.74,15.8,13.9,6,55.6,68.1,44.2,8.5,25902511.0
1907,Medellín,Comercio,5.6,38.14,62.3,36,4.09,27.7,-1.9,0,77.0,78.1,14.4,5.5,12837375.0
1908,Bogotá,Construcción,19.3,25.72,53.5,20,3.63,17.3,8.5,1,68.9,68.5,37.5,5.6,9939793.0
1909,Bogotá,Agricultura,7.0,79.46,48.3,73,3.3,21.8,-0.6,1,64.2,57.7,79.5,5.5,14723374.0
1910,Medellín,Salud,54.8,31.66,54.9,25,4.28,12.7,2.8,3,77.3,66.9,4.5,7.4,12536094.0
1911,Bogotá,Información,26.2,55.62,64.8,3,4.34,18.6,17.8,0,70.5,74.5,30.2,6.0,8946825.0
1912,Cali,Energía,13.3,17.67,62.8,50,5.81,8.1,7.1,0,64.3,69.7,90.5,6.6,18754486.0
1913,Bucaramanga,Construcción,4.4,35.08,57.4,5,3.6,27.4,8.7,0,65.2,59.4,98.9,6.5,6347024.0
1914,Cali,Información,14.3,31.13,68.3,93,4.55,15.6,8.4,2,83.6,70.0,12.7,6.3,26314620.0
1915,Medellín,Financiero,4.9,33.37,61.4,6,4.87,16.8,12.6,0,72.8,78.4,69.9,7.0,8272516.0
1916,Manizales,Salud,9.3,25.11,71.2,28,4.01,15.3,-1.1,2,64.7,67.5,69.2,6.9,11845785.0
1917,Cali,Comercio,3.6,30.89,52.6,2,3.23,35.7,7.6,1,69.5,65.6,57.5,8.0,6246099.0
1918,Bogotá,Comercio,3.1,22.63,43.3,3,3.7,25.9,18.1,1,60.1,70.6,6.0,5.6,5584223.0
1919,Bogotá,Manufactura,26.6,40.9,72.0,45,5.31,12.5,5.5,2,77.2,78.7,28.6,5.9,18398801.0
1920,Bogotá,Manufactura,3.5,45.34,70.7,12,4.72,13.2,5.9,0,72.8,88.5,12.2,5.9,10216360.0
1921,Bogotá,Manufactura,15.9,21.08,77.4,133,5.2,15.7,1.8,2,78.1,65.3,45.2,5.5,36711338.0
1922,Bogotá,Comercio,3.9,50.47,47.2,6,4.14,18.8,-2.7,0,55.9,67.5,34.5,5.5,5565773.0
1923,Bogotá,Información,14.0,32.77,67.9,51,5.76,17.9,1.6,3,74.8,76.0,62.8,8.3,20020279.0
1924,Bogotá,Agricultura,6.1,38.64,53.6,83,3.72,27.6,-1.3,3,61.2,66.6,31.4,7.3,18828829.0
1925,Bogotá,Minas,5.3,4.02,68.2,24,4.99,12.1,7.0,0,69.0,65.3,68.5,5.5,12018748.0
1926,Otras,Financiero,5.6,47.31,53.2,6,4.22,11.6,4.4,1,58.3,55.3,1.8,7.1,6791196.0
1927,Barranquilla,Comercio,22.1,34.68,59.4,3,3.25,21.5,4.5,1,70.4,67.8,91.8,5.8,7271975.0
1928,Cali,Manufactura,6.7,66.62,75.5,18,4.01,16.3,-4.7,1,80.0,67.6,41.9,6.6,11188017.0
1929,Cali,Salud,5.4,48.1,58.5,19,4.79,10.5,3.7,0,65.9,62.9,10.3,6.1,9965153.0
1930,Cali,Salud,4.7,10.46,71.8,12,3.8,16.0,7.4,2,71.1,69.2,96.3,7.2,10062872.0
1931,Barranquilla,Comercio,6.9,69.57,53.3,5,3.1,29.1,13.0,0,60.9,53.7,95.2,6.8,6230646.0
1932,Manizales,Manufactura,2.5,17.3,53.9,40,3.37,24.8,11.2,0,53.7,59.3,66.2,6.2,10862865.0
1933,Medellín,Agricultura,12.2,24.44,56.2,7,3.21,27.6,-6.3,1,64.6,62.0,78.7,7.8,6583769.0
1934,Bogotá,Hoteles,8.4,70.98,60.0,5,4.12,43.5,0.1,2,55.8,62.1,65.2,7.2,6532427.0
1935,Medellín,Salud,21.0,72.06,68.9,37,4.79,6.6,1.8,2,67.9,78.5,65.2,7.1,14988922.0
1936,Bogotá,Agricultura,4.9,61.63,53.0,7,3.4,24.9,4.2,2,66.5,67.2,49.8,6.0,7261922.0
1937,Cali,Comercio,5.0,62.91,47.1,9,3.69,26.2,6.2,1,63.5,57.7,94.6,7.0,6327814.0
1938,Barranquilla,Profesionales,16.2,45.12,63.6,8,4.53,10.8,-4.9,0,79.7,65.3,42.3,6.6,8649206.0
1939,Pereira,Transporte,2.4,22.63,52.0,4,4.2,22.1,9.9,2,57.6,65.0,31.7,6.0,6734682.0
1940,Pereira,Comercio,16.1,16.72,54.6,7,3.58,27.8,3.4,1,58.4,48.7,96.0,7.4,6787677.0
1941,Bogotá,Manufactura,5.7,50.64,72.5,15,4.48,18.9,16.8,1,69.0,80.5,14.4,7.2,10967370.0
1942,Bogotá,Comercio,9.1,16.07,56.4,5,2.9,30.0,7.0,2,68.2,67.5,16.0,5.7,6980289.0
1943,Bucaramanga,Transporte,9.5,72.57,67.8,8,2.63,11.6,6.7,0,63.1,75.0,58.8,5.0,7977520.0
1944,Bogotá,Salud,19.1,62.3,65.7,5,4.5,12.5,-0.2,0,69.9,72.5,76.4,5.5,7626521.0
1945,Cali,Comercio,47.5,10.36,70.6,4,3.29,25.8,2.6,0,86.1,70.1,18.1,6.9,8707066.0
1946,Cartagena,Financiero,4.7,19.16,65.9,8,4.82,2.2,-5.5,2,74.9,61.8,90.5,7.1,9387194.0
1947,Medellín,Manufactura,6.3,36.27,85.3,1,4.61,6.0,-7.4,2,72.6,80.3,47.5,6.4,9170223.0
1948,Bogotá,Comercio,60.0,53.39,51.6,5,3.95,9.5,8.2,1,88.9,80.4,75.3,7.4,9873218.0
1949,Cali,Comercio,23.3,24.23,61.7,53,3.13,23.1,1.6,2,68.9,63.1,76.9,6.7,13706028.0
1950,Barranquilla,Hoteles,5.4,22.91,39.3,8,3.42,30.6,9.8,0,57.4,47.4,52.4,6.7,5582583.0
1951,Bucaramanga,Financiero,20.5,9.98,61.7,21,4.45,15.5,7.3,5,66.2,64.2,89.8,8.7,12529317.0
1952,Pereira,Profesionales,10.7,51.94,78.8,19,3.82,12.7,5.8,0,69.7,59.3,6.6,5.2,10799537.0
1953,Bogotá,Comercio,15.5,37.63,63.6,19,3.53,25.6,5.8,1,67.4,63.8,15.3,7.0,9915918.0
1954,Otras,Agricultura,12.6,0.97,47.2,47,2.05,24.2,9.7,0,49.2,61.4,70.7,6.7,8974822.0
1955,Medellín,Manufactura,17.0,44.52,66.7,13,4.28,19.4,-3.1,3,64.3,75.7,15.4,9.0,9529256.0
1956,Bogotá,Comercio,13.0,63.36,66.9,27,3.6,16.5,7.5,0,71.5,69.9,93.1,5.7,10938654.0
1957,Pereira,Comercio,14.6,78.74,56.2,1,3.11,26.0,9.7,0,59.9,62.1,77.7,5.9,6143732.0
1958,Cartagena,Construcción,2.1,60.84,70.5,8,4.47,24.2,15.7,1,65.9,64.3,17.6,5.5,8732309.0
1959,Manizales,Comercio,7.5,61.62,44.0,4,3.56,31.4,13.1,1,65.7,51.2,46.3,6.0,5928697.0
1960,Cali,Transporte,7.4,62.94,54.0,14,2.64,16.3,-0.6,0,58.4,57.8,68.8,4.9,6599726.0
1961,Manizales,Profesionales,6.4,72.9,68.9,9,3.74,14.5,9.2,1,66.9,67.8,50.3,6.2,8711888.0
1962,Medellín,Profesionales,5.8,22.48,62.6,16,4.78,16.1,1.5,0,63.8,60.8,31.9,6.9,8940742.0
1963,Bucaramanga,Comercio,13.2,25.83,57.9,18,2.58,29.9,11.4,1,73.1,66.5,67.6,5.5,9435257.0
1964,Otras,Comercio,33.7,10.53,62.9,88,3.28,26.5,1.2,1,69.4,62.1,42.7,6.9,17695748.0
1965,Pereira,Energía,39.8,16.62,53.5,7,4.6,9.6,4.8,2,78.2,54.8,11.9,7.2,8934227.0
1966,Bogotá,Comercio,2.1,37.55,54.2,25,3.41,32.1,5.4,2,51.9,70.6,31.7,6.7,9189625.0
1967,Bogotá,Construcción,3.9,21.38,52.0,5,3.77,26.2,5.0,3,62.4,73.8,20.2,7.6,7368310.0
1968,Bucaramanga,Comercio,17.1,78.72,40.7,5,3.59,21.0,8.3,2,51.6,59.5,97.1,6.5,5916106.0
1969,Bogotá,Manufactura,22.9,77.22,66.5,26,3.9,17.2,6.0,0,77.2,79.7,43.4,6.3,12022597.0
1970,Cali,Comercio,26.2,34.09,59.7,13,3.45,29.2,0.2,1,65.2,71.7,6.3,7.3,8242864.0
1971,Medellín,Comercio,3.6,43.85,44.0,15,3.04,25.0,15.2,0,53.2,56.6,34.2,5.3,6494650.0
1972,Otras,Construcción,23.3,19.14,57.6,5,3.13,19.9,13.0,0,64.2,55.5,73.7,5.6,7242352.0
1973,Bogotá,Profesionales,15.3,13.38,64.9,115,4.81,7.5,6.2,2,74.9,72.6,76.1,5.8,30423739.0
1974,Bogotá,Profesionales,7.3,30.01,74.7,91,5.72,19.8,6.2,1,71.5,73.6,96.2,5.6,29101499.0
1975,Bogotá,Comercio,4.2,57.44,75.8,24,4.81,37.4,-3.6,4,65.7,82.1,81.7,7.3,13480452.0
1976,Cali,Salud,6.0,48.56,69.1,30,3.9,18.5,3.6,1,68.3,68.2,16.3,5.7,12531058.0
1977,Bogotá,Financiero,11.8,76.08,70.9,6,5.42,0.2,0.4,0,66.8,76.2,42.8,5.6,8845434.0
1978,Bogotá,Información,26.6,2.52,67.2,29,5.73,10.8,-4.7,1,69.3,66.7,64.6,6.7,13339920.0
1979,Bogotá,Construcción,6.4,34.98,62.8,2,3.17,24.7,11.1,1,65.7,75.6,45.4,5.9,7268057.0
1980,Medellín,Minas,21.8,14.33,61.5,15,5.46,14.4,14.6,5,64.0,72.2,90.5,8.9,12172336.0
1981,Otras,Manufactura,7.9,46.49,66.1,23,3.63,20.9,7.5,2,70.9,55.8,19.4,6.4,10999375.0
1982,Cartagena,Profesionales,12.4,32.59,63.2,3,4.54,16.0,13.9,1,76.5,63.2,83.5,6.6,8515415.0
1983,Bogotá,Profesionales,9.4,78.96,78.8,8,5.8,5.3,5.9,1,67.8,65.0,3.3,6.0,10377977.0
1984,Cali,Comercio,19.1,61.61,58.9,43,4.58,26.4,8.8,1,65.8,67.6,32.8,6.5,15197591.0
1985,Cali,Transporte,3.0,5.46,46.7,3,2.84,13.2,4.9,3,66.7,51.8,76.4,7.7,6671959.0
1986,Medellín,Financiero,17.6,50.82,67.4,31,5.37,9.7,1.0,1,72.0,68.8,40.4,5.4,14078000.0
1987,Bucaramanga,Comercio,6.1,58.54,52.4,11,2.9,32.4,1.1,1,62.0,61.1,72.8,6.3,9076030.0
1988,Cali,Comercio,9.3,75.93,59.7,3,3.56,19.1,8.4,3,68.9,61.8,57.6,6.4,8203612.0
1989,Bogotá,Información,17.3,30.58,72.0,26,5.16,12.8,11.1,1,75.7,80.6,89.8,6.1,14276071.0
1990,Bogotá,Manufactura,12.9,57.05,74.2,56,4.46,25.5,7.0,3,75.0,75.9,25.4,6.1,19431130.0
1991,Cali,Comercio,14.3,76.93,48.9,4,3.21,20.2,14.4,2,57.6,57.8,94.6,7.2,6750752.0
1992,Cali,Agricultura,18.5,63.2,55.8,8,3.28,23.3,15.3,1,54.4,64.2,95.7,7.5,9821756.0
1993,Medellín,Comercio,10.4,43.21,57.4,4,3.38,27.9,5.9,4,62.6,60.5,80.2,7.9,7896207.0
1994,Medellín,Comercio,12.0,47.37,54.7,20,3.72,31.5,12.5,1,61.1,70.7,0.2,7.0,9280890.0
1995,Medellín,Comercio,13.2,45.88,54.3,21,2.93,28.8,6.6,2,54.7,72.7,60.2,6.4,8693086.0
1996,Medellín,Comercio,4.7,44.71,47.4,18,3.88,23.2,1.0,2,48.2,58.3,41.0,7.6,7426685.0
1997,Manizales,Comercio,12.0,54.16,61.2,22,3.29,28.0,5.8,4,71.8,59.4,38.3,6.8,10588613.0
1998,Medellín,Comercio,34.8,47.01,51.8,4,3.99,26.4,-2.0,2,67.6,59.8,1.4,5.6,6389033.0
1999,Medellín,Financiero,5.4,24.0,55.7,9,5.57,10.4,3.8,3,68.3,54.3,13.3,6.9,9209399.0
2000,Cartagena,Construcción,10.4,1.83,48.8,3,2.44,24.5,2.0,2,61.8,61.6,13.2,7.6,6266590.0
2001,Cali,Profesionales,12.6,36.46,68.9,6,4.76,20.1,4.5,5,65.2,74.6,38.2,8.7,10034642.0
2002,Bogotá,Transporte,14.3,24.79,62.8,7,4.14,26.9,6.6,1,53.3,70.0,2.2,7.5,7556492.0
2003,Medellín,Hoteles,18.0,68.18,63.9,6,3.11,21.4,0.7,0,64.9,64.3,24.8,5.3,7000721.0
2004,Bogotá,Comercio,12.6,66.63,75.1,4,3.52,24.7,8.7,1,68.5,65.0,85.0,6.4,8842532.0
2005,Bogotá,Comercio,3.3,5.46,57.6,20,4.41,26.2,6.1,1,66.5,60.9,96.8,6.7,9853161.0
2006,Otras,Comercio,12.5,17.91,49.0,107,3.63,26.6,2.9,2,60.8,45.6,51.5,6.6,20916321.0
2007,Bogotá,Comercio,3.5,58.63,67.6,10,4.02,27.9,6.4,0,62.0,67.9,14.6,4.9,8322312.0
2008,Bogotá,Comercio,5.0,11.98,51.3,3,4.29,25.6,9.8,1,49.2,65.7,16.7,5.7,5550692.0
2009,Pereira,Comercio,18.5,72.77,47.2,1,3.31,22.5,-13.1,1,63.3,49.7,71.5,6.6,4408702.0
2010,Barranquilla,Comercio,7.7,76.07,44.3,4,3.15,33.4,7.5,1,57.7,64.8,63.9,6.7,5651797.0
2011,Bogotá,Transporte,13.4,57.56,60.5,10,3.31,24.9,2.7,4,71.3,70.8,86.2,8.6,9701563.0
2012,Manizales,Hoteles,23.2,41.73,61.3,58,3.95,24.6,12.8,1,62.6,56.9,78.2,6.1,16171147.0
2013,Manizales,Comercio,20.4,28.13,53.4,6,2.52,33.2,0.5,1,71.4,53.1,86.5,6.9,6905839.0
2014,Bogotá,Manufactura,15.5,19.24,66.1,36,5.27,25.0,16.5,1,72.6,65.4,88.7,6.8,15090708.0
2015,Bogotá,Profesionales,7.4,51.74,74.2,11,4.19,17.1,8.7,1,67.8,78.1,82.5,6.3,10323728.0
2016,Medellín,Comercio,5.3,6.27,45.8,2,2.87,28.3,10.0,1,66.2,51.5,36.0,5.5,5825106.0
2017,Medellín,Minas,26.9,56.88,70.9,6,5.37,12.8,3.2,0,81.9,77.1,67.6,6.6,9985791.0
2018,Bucaramanga,Comercio,7.2,6.78,44.6,24,3.39,25.0,4.6,3,49.0,55.1,36.5,6.8,8511272.0
2019,Otras,Transporte,9.4,71.42,55.9,9,2.78,11.8,10.4,2,66.2,60.4,95.3,7.2,7964720.0
2020,Bucaramanga,Comercio,19.2,37.03,46.3,18,3.63,23.6,11.5,1,66.6,61.4,78.7,6.7,8923630.0
2021,Medellín,Hoteles,4.5,27.34,64.5,16,3.95,32.0,0.6,3,76.1,72.6,93.0,7.0,10575254.0
2022,Medellín,Financiero,3.7,74.53,66.2,19,3.95,10.5,6.1,1,64.8,73.5,13.9,6.5,10597954.0
2023,Pereira,Salud,9.3,60.76,67.4,4,3.74,18.2,-1.4,1,73.7,56.4,28.7,5.4,11843540.0
2024,Medellín,Información,9.6,35.53,80.8,13,4.38,10.6,3.9,1,78.6,68.8,25.7,5.2,11572969.0
2025,Cali,Comercio,8.1,11.51,46.4,10,3.35,37.0,8.0,1,56.0,60.9,7.0,5.9,6218845.0
2026,Bucaramanga,Agricultura,11.9,40.68,33.6,1,2.96,30.7,4.8,2,66.2,49.0,44.3,6.6,4871703.0
2027,Medellín,Comercio,10.6,50.8,62.9,6,3.19,22.4,16.0,0,64.2,63.3,25.0,5.2,7783456.0
2028,Bogotá,Financiero,8.8,36.25,71.5,25,5.01,8.9,2.1,1,71.0,76.6,54.3,5.0,12812430.0
2029,Bogotá,Comercio,3.6,3.22,56.8,4,3.66,30.1,4.6,1,49.6,80.2,0.5,6.2,6086673.0
2030,Barranquilla,Manufactura,19.0,51.34,52.6,7,4.61,22.2,0.3,1,68.2,66.1,97.6,5.4,7347936.0
2031,Bogotá,Construcción,9.5,67.24,49.0,18,4.34,28.4,8.7,1,62.9,67.3,59.2,6.0,8841040.0
2032,Bogotá,Manufactura,14.9,54.16,51.2,31,4.66,27.2,2.7,2,57.5,66.6,51.9,7.0,11318717.0
2033,Pereira,Transporte,6.6,23.51,32.5,17,3.95,22.5,3.4,2,42.5,52.0,91.3,6.1,5961600.0
2034,Bogotá,Comercio,8.3,10.33,66.6,8,3.72,31.7,4.3,0,76.8,65.5,82.6,6.1,8296274.0
2035,Cali,Manufactura,12.3,60.09,66.0,16,4.21,14.2,0.0,0,71.2,76.8,90.6,6.3,9984218.0
2036,Cali,Hoteles,9.0,79.37,58.4,7,3.82,33.8,8.8,0,72.1,57.0,11.5,6.0,6999166.0
2037,Cali,Información,26.0,28.21,79.3,33,4.4,19.7,5.5,1,99.0,78.0,3.0,5.7,16832784.0
2038,Cali,Transporte,33.2,37.89,53.8,25,4.12,20.9,6.8,0,68.2,64.1,46.4,5.2,10936319.0
2039,Bucaramanga,Información,10.4,41.17,55.0,9,5.31,16.3,3.8,1,60.4,55.8,72.7,6.3,7285379.0
2040,Manizales,Comercio,30.2,18.32,51.1,37,3.46,18.7,2.5,0,75.4,55.2,7.9,5.4,11151388.0
2041,Medellín,Manufactura,7.3,34.11,70.1,40,5.29,21.9,9.8,0,68.7,78.6,45.7,5.4,16132623.0
2042,Barranquilla,Construcción,11.2,19.42,56.9,35,3.65,30.7,3.6,1,55.4,72.3,73.1,7.1,10867607.0
2043,Cali,Profesionales,10.5,11.06,85.1,11,5.86,23.0,4.2,1,79.5,76.1,78.9,7.5,12175794.0
2044,Bogotá,Profesionales,7.3,29.61,77.4,3,5.27,18.7,7.9,0,67.2,79.8,30.9,6.9,8604859.0
2045,Bucaramanga,Agricultura,8.9,79.88,51.6,12,2.12,23.0,11.1,3,62.6,59.8,51.4,6.8,8088306.0
2046,Medellín,Salud,2.1,63.63,64.6,137,3.65,24.3,-0.8,1,56.6,68.2,57.6,6.6,25796162.0
2047,Cali,Información,17.6,41.8,72.7,39,3.74,10.9,9.5,1,67.9,67.5,16.9,7.5,14170391.0
2048,Medellín,Agricultura,8.5,18.91,49.8,8,2.56,23.3,6.7,1,69.6,47.3,65.9,6.1,6659810.0
2049,Bogotá,Comercio,16.9,0.1,63.2,4,3.9,26.9,7.9,0,64.9,68.4,79.6,5.4,7543747.0
2050,Bucaramanga,Manufactura,6.3,52.65,67.4,17,3.7,21.6,5.7,0,64.3,73.4,5.1,6.5,9047572.0
2051,Manizales,Comercio,2.2,39.49,66.0,5,3.47,26.6,3.8,2,57.5,61.4,97.9,6.7,7378214.0
2052,Bogotá,Agricultura,13.8,6.05,56.5,12,3.4,27.9,14.0,0,67.0,61.1,41.7,6.4,8282292.0
2053,Otras,Comercio,13.1,40.08,58.1,3,4.02,17.4,8.9,3,69.9,58.2,74.6,7.4,11050421.0
2054,Medellín,Comercio,6.9,49.74,46.7,9,3.02,23.1,1.2,1,54.8,61.0,67.9,6.0,6066871.0
2055,Cartagena,Información,9.8,30.06,68.4,207,4.78,16.3,13.5,3,80.9,70.8,13.6,6.6,48772912.0
2056,Bogotá,Financiero,4.6,29.15,69.2,25,4.82,0.0,9.5,1,73.9,72.0,25.7,5.9,12948949.0
2057,Otras,Comercio,4.2,9.69,51.3,5,2.83,20.5,2.1,1,62.4,46.6,63.2,6.5,6140777.0
2058,Pereira,Construcción,15.9,71.44,53.1,3,2.9,35.1,0.4,3,67.4,70.6,45.4,6.5,6979876.0
2059,Otras,Comercio,6.3,7.18,52.6,5,2.95,31.1,3.1,0,59.5,58.5,53.6,6.5,5305712.0
2060,Pereira,Profesionales,15.7,8.53,54.2,12,3.6,19.5,7.0,1,65.7,57.3,45.3,7.6,7878635.0
2061,Bogotá,Energía,8.3,63.86,86.5,75,4.87,10.4,13.7,1,72.1,77.5,11.0,6.7,24444029.0
2062,Cali,Hoteles,9.1,52.74,63.6,28,4.29,26.5,14.7,1,72.7,72.1,73.9,6.5,11894127.0
2063,Cartagena,Información,3.4,50.27,68.5,3,4.12,9.1,11.5,0,72.3,61.0,80.5,7.0,8314335.0
2064,Bogotá,Agricultura,1.5,57.49,58.5,2,3.21,26.2,-1.0,2,62.7,68.1,25.2,6.7,6443087.0
2065,Bogotá,Comercio,10.1,54.79,70.9,35,3.98,19.2,3.9,2,71.3,70.2,1.0,7.4,14145954.0
2066,Bogotá,Agricultura,13.1,28.28,55.0,8,2.73,23.2,0.5,3,60.7,62.4,85.7,6.3,7020431.0
2067,Barranquilla,Información,6.9,74.41,69.9,6,5.86,16.2,4.5,1,75.9,70.4,27.6,6.0,9409550.0
2068,Medellín,Manufactura,24.5,62.08,65.1,9,4.84,14.2,-0.5,0,76.7,79.8,76.9,4.4,9197958.0
2069,Medellín,Información,5.1,49.61,77.5,14,4.88,12.5,0.0,1,72.4,68.3,43.6,6.6,10803170.0
2070,Bogotá,Manufactura,11.8,17.88,66.1,25,3.18,11.2,12.9,1,69.0,72.1,8.1,6.9,11443031.0
2071,Bucaramanga,Comercio,4.6,56.87,48.9,28,3.38,28.2,6.0,0,63.3,61.3,61.3,7.0,8998754.0
2072,Bogotá,Comercio,1.1,29.54,67.8,15,3.77,23.6,1.1,0,63.8,69.7,65.3,6.0,8527427.0
2073,Barranquilla,Información,6.1,24.99,70.9,19,5.1,20.1,1.3,2,73.0,55.2,66.2,8.1,11674048.0
2074,Cali,Energía,3.9,62.99,76.4,7,5.0,8.3,8.0,1,79.2,78.7,55.2,6.9,10718616.0
2075,Pereira,Comercio,11.2,20.15,47.7,39,3.68,26.3,1.1,3,61.2,54.6,49.3,7.1,11457656.0
2076,Bogotá,Construcción,3.1,77.8,60.1,62,3.94,34.3,5.6,1,69.7,72.4,95.5,6.3,16216150.0
2077,Bogotá,Manufactura,21.0,33.03,67.9,6,3.68,13.1,5.7,2,69.2,81.3,91.1,7.6,8995490.0
2078,Bogotá,Información,6.6,29.99,77.4,10,5.94,13.4,4.8,2,72.6,78.5,91.6,6.5,11415114.0
2079,Otras,Transporte,6.2,0.66,56.3,12,4.02,23.9,3.3,0,63.8,62.4,41.5,5.4,7294579.0
2080,Medellín,Información,9.9,9.6,67.8,9,5.28,4.9,3.0,1,73.4,73.6,13.2,7.0,9808845.0
2081,Barranquilla,Construcción,11.0,32.26,56.5,3,4.44,23.5,12.5,1,65.5,67.5,1.6,4.9,7570458.0
2082,Bucaramanga,Manufactura,11.5,34.35,73.9,6,4.29,17.2,6.6,1,68.1,71.3,90.1,6.7,8730009.0
2083,Cartagena,Agricultura,14.9,38.62,38.2,34,3.25,10.4,3.7,0,57.1,56.4,57.8,6.6,8529781.0
2084,Barranquilla,Comercio,2.3,73.4,63.2,11,3.25,25.8,-3.0,0,61.5,54.2,70.7,7.1,7991414.0
2085,Medellín,Transporte,25.8,8.98,57.3,20,3.38,24.5,10.4,5,56.2,58.0,95.9,6.7,10525259.0
2086,Bogotá,Construcción,14.0,45.49,52.6,17,3.76,24.3,-10.0,1,54.7,66.6,4.1,6.6,7301576.0
2087,Bucaramanga,Comercio,5.5,42.95,64.7,58,3.17,21.6,15.1,5,69.1,55.8,95.1,8.6,19746273.0
2088,Medellín,Comercio,23.0,28.16,44.5,6,3.92,22.1,1.9,0,60.5,60.0,65.6,5.8,5425849.0
2089,Cali,Transporte,26.0,37.59,48.2,17,3.39,13.0,-3.3,0,59.2,55.5,49.4,4.6,6802518.0
2090,Medellín,Transporte,8.7,5.88,60.4,19,3.94,28.2,3.8,2,68.9,78.5,85.3,7.6,10103483.0
2091,Bucaramanga,Información,28.9,26.32,67.2,15,4.74,17.5,2.2,0,79.7,75.3,80.6,5.7,10518859.0
2092,Bogotá,Manufactura,11.3,69.45,67.0,9,4.39,25.7,11.6,3,72.0,61.9,98.2,6.6,9717351.0
2093,Bogotá,Hoteles,14.4,53.8,56.0,3,3.12,17.8,3.7,1,67.5,71.6,3.8,6.0,7022323.0
2094,Bucaramanga,Agricultura,4.8,72.53,41.8,31,2.47,24.8,15.2,1,49.6,51.0,37.9,7.6,7454809.0
2095,Medellín,Comercio,10.8,37.41,61.2,4,4.04,36.5,8.8,1,65.6,68.8,85.9,7.0,7527154.0
2096,Medellín,Manufactura,12.8,7.41,62.8,4,4.72,16.0,1.3,2,67.3,68.6,33.0,6.8,8313795.0
2097,Medellín,Comercio,14.2,45.49,59.3,10,2.94,27.5,9.0,0,63.7,58.8,16.7,5.8,7362665.0
2098,Cali,Construcción,29.7,36.74,59.1,5,4.58,23.8,11.4,3,76.4,62.0,98.7,7.7,9401758.0
2099,Cali,Comercio,3.0,59.19,47.6,38,3.72,18.8,-2.7,1,53.1,55.1,3.6,5.7,10366914.0
2100,Cali,Financiero,3.9,33.93,72.3,48,5.56,7.6,-4.0,5,60.2,69.0,86.3,8.0,19153938.0
2101,Bucaramanga,Manufactura,16.2,32.95,60.7,22,4.05,22.6,-5.4,1,53.8,63.6,42.2,7.2,8821649.0
2102,Medellín,Profesionales,12.8,6.34,68.5,9,4.67,12.1,10.0,3,69.9,76.9,59.0,7.9,10557599.0
2103,Bogotá,Agricultura,10.7,43.47,66.1,7,2.72,20.4,-1.7,2,67.8,74.6,50.3,5.7,10438536.0
2104,Bogotá,Agricultura,6.0,73.11,40.9,23,2.64,28.7,7.0,1,61.0,71.5,6.4,6.5,8059453.0
2105,Cali,Transporte,9.4,52.87,65.4,16,3.0,21.0,-0.6,2,65.7,67.8,57.1,6.8,8572954.0
2106,Cali,Manufactura,21.2,60.47,51.9,23,4.35,11.9,0.2,1,76.8,64.8,60.8,5.9,10568903.0
2107,Manizales,Comercio,10.7,2.04,53.1,11,3.37,19.3,13.2,0,54.0,65.1,31.4,7.4,7113425.0
2108,Pereira,Financiero,40.5,8.79,71.3,52,4.27,0.6,-5.2,1,75.5,64.6,3.4,5.8,16407906.0
2109,Medellín,Agricultura,8.9,75.89,59.3,6,3.3,35.8,0.8,1,69.7,67.7,89.5,6.6,7067279.0
2110,Bogotá,Comercio,15.3,47.39,68.7,2,4.42,29.3,20.2,0,71.1,81.9,4.2,7.0,8422521.0
2111,Medellín,Comercio,4.4,12.75,59.4,11,2.8,30.6,9.6,0,67.4,56.5,95.8,5.4,7274370.0
2112,Manizales,Hoteles,6.7,30.69,67.6,1,3.31,21.0,16.8,0,63.1,68.9,69.7,6.5,7369290.0
2113,Bogotá,Transporte,30.5,36.95,62.3,15,3.91,24.5,4.7,0,76.3,70.2,37.8,6.1,9406561.0
2114,Medellín,Transporte,5.8,5.41,55.9,14,4.1,30.6,10.7,0,56.7,82.2,72.8,6.3,8226843.0
2115,Bucaramanga,Hoteles,34.4,48.61,44.2,5,2.65,13.1,7.8,0,77.5,58.3,74.3,4.5,6923444.0
2116,Medellín,Comercio,13.1,37.25,47.7,15,3.15,26.7,-2.9,0,59.8,62.3,1.1,6.6,6684523.0
2117,Cartagena,Comercio,5.9,20.79,67.4,77,3.42,36.4,10.3,2,69.7,67.4,82.3,6.9,17468542.0
2118,Manizales,Comercio,9.0,69.6,57.5,6,3.76,25.1,3.2,0,61.1,71.2,38.3,6.0,6489257.0
2119,Otras,Manufactura,5.2,34.52,69.9,23,3.45,13.3,-2.8,4,66.8,63.0,54.4,6.9,11328947.0
2120,Barranquilla,Salud,12.3,59.36,55.3,4,4.03,15.4,2.6,0,69.5,57.0,42.9,6.0,7284913.0
2121,Bogotá,Transporte,2.6,27.02,47.0,3,3.27,32.4,-5.7,0,55.2,66.5,35.5,6.6,4855039.0
2122,Bogotá,Comercio,14.9,43.31,64.3,7,4.24,20.4,1.7,2,73.6,71.4,81.6,6.5,9106190.0
2123,Bogotá,Manufactura,5.6,25.96,60.1,13,4.58,21.6,-3.0,2,76.1,69.7,9.3,5.7,9278413.0
2124,Cali,Manufactura,30.4,26.92,63.3,16,4.58,17.2,7.2,2,72.7,54.1,26.0,6.9,10660523.0
2125,Manizales,Hoteles,6.3,79.49,47.0,81,2.94,36.8,5.5,0,55.0,58.5,60.5,5.8,13668524.0
2126,Manizales,Información,6.1,6.23,64.0,26,4.61,21.0,6.9,0,68.4,56.6,39.4,6.2,11404154.0
2127,Medellín,Salud,11.8,17.13,74.4,7,4.76,10.2,5.2,4,77.2,67.8,45.4,7.3,11384411.0
2128,Otras,Información,11.6,47.98,68.5,28,3.85,11.5,0.1,1,74.7,59.5,85.6,7.4,12140519.0
2129,Cali,Información,35.0,62.13,73.2,29,5.45,9.2,11.2,4,73.5,69.4,57.9,7.8,16119644.0
2130,Manizales,Manufactura,15.6,3.44,63.1,29,4.0,17.4,-2.4,2,60.6,63.0,12.3,6.7,11380170.0
2131,Bogotá,Minas,3.2,22.93,77.6,1,5.37,4.2,-3.9,2,66.1,76.3,43.0,5.9,8568514.0
2132,Medellín,Transporte,4.3,30.21,54.2,45,3.73,19.7,1.1,2,65.1,71.8,93.3,6.7,13399935.0
2133,Medellín,Transporte,10.8,29.05,55.2,5,4.86,18.0,11.1,0,70.4,66.5,24.4,5.3,7456135.0
2134,Barranquilla,Salud,12.4,3.7,45.9,12,3.69,22.0,13.0,0,54.1,61.8,88.7,5.8,6815778.0
2135,Barranquilla,Construcción,2.1,20.73,62.7,6,3.28,23.5,9.5,4,58.4,63.5,20.9,7.0,8045516.0
2136,Otras,Profesionales,30.1,20.68,56.4,16,4.12,12.5,18.6,1,72.2,62.3,85.3,6.3,11244634.0
2137,Bogotá,Construcción,9.8,70.54,54.0,15,4.43,31.5,4.2,1,67.2,66.1,22.1,6.6,8340800.0
2138,Bogotá,Financiero,13.3,79.24,55.9,4,4.16,4.6,15.4,1,59.9,68.0,19.2,6.1,7679535.0
2139,Bucaramanga,Información,5.7,11.95,69.7,13,3.9,11.6,3.1,4,65.2,62.7,34.3,7.5,10058732.0
2140,Medellín,Comercio,3.3,65.23,51.8,8,3.2,28.4,6.2,1,53.3,68.4,74.4,6.1,6398571.0
2141,Cali,Construcción,36.1,35.0,48.0,21,4.64,18.6,8.3,2,67.1,70.4,40.3,6.3,11618577.0
2142,Bogotá,Comercio,19.9,41.4,62.7,24,3.28,18.9,4.0,0,61.8,71.0,65.4,5.2,9357784.0
2143,Bogotá,Salud,3.3,34.3,72.6,11,4.63,14.3,11.9,3,67.8,72.0,21.8,6.4,10781157.0
2144,Bogotá,Manufactura,6.2,49.4,66.2,66,4.07,25.0,15.4,3,69.2,81.0,75.8,5.5,18889818.0
2145,Bogotá,Comercio,7.3,22.69,49.9,5,4.4,25.0,8.8,2,63.4,65.7,86.7,6.8,7008198.0
2146,Bogotá,Información,6.7,35.15,74.2,42,5.03,15.1,7.1,4,64.9,69.3,39.9,6.0,17047609.0
2147,Cali,Comercio,4.2,78.63,56.1,2,3.69,26.8,5.3,2,57.8,53.1,36.3,7.1,6326208.0
2148,Bogotá,Energía,7.9,70.72,77.7,14,6.24,12.2,3.9,1,73.0,76.9,23.2,6.1,12246871.0
2149,Bogotá,Comercio,5.2,39.72,55.3,24,4.26,25.0,11.0,1,58.2,67.9,4.2,7.7,10452442.0
2150,Barranquilla,Profesionales,8.3,77.51,51.3,6,4.49,17.4,12.8,3,55.3,63.8,87.4,8.9,7565392.0
2151,Manizales,Hoteles,15.9,75.52,62.6,3,2.5,24.4,9.1,1,63.9,65.2,79.4,4.9,7030650.0
2152,Bogotá,Comercio,3.3,71.05,59.6,24,3.49,30.7,0.0,1,63.7,71.2,80.0,7.0,9731924.0
2153,Bogotá,Comercio,6.5,61.22,64.1,13,3.77,23.9,4.3,3,66.2,60.1,4.9,6.3,8945154.0
2154,Bogotá,Comercio,12.9,38.1,64.6,31,3.17,20.5,14.3,1,64.3,72.0,70.8,7.5,11843808.0
2155,Medellín,Manufactura,28.1,62.45,68.2,21,4.21,20.9,1.5,1,70.9,67.4,37.6,7.0,10956612.0
2156,Cartagena,Transporte,3.7,35.6,49.6,36,3.75,20.3,6.5,3,46.4,49.9,31.1,6.8,10883983.0
2157,Bogotá,Comercio,11.2,18.47,67.2,6,3.75,26.1,6.0,2,61.4,74.0,10.6,7.5,8396478.0
2158,Cali,Construcción,12.4,26.94,56.1,4,4.98,21.3,0.5,3,76.6,62.6,42.6,6.5,8129634.0
2159,Cali,Comercio,6.5,44.25,40.2,16,4.95,26.3,18.2,0,56.8,52.4,82.2,6.9,7766688.0
2160,Medellín,Financiero,4.6,29.87,68.5,15,3.93,19.2,8.6,2,67.0,73.6,28.9,7.4,9949916.0
2161,Medellín,Comercio,14.8,22.52,41.3,5,3.52,31.4,2.3,0,58.5,56.1,52.7,6.3,4945081.0
2162,Cali,Profesionales,5.5,66.42,56.9,44,4.62,14.3,7.7,3,56.0,63.4,26.4,7.4,14882233.0
2163,Cartagena,Comercio,5.3,2.91,55.0,3,3.41,26.0,7.0,0,59.5,51.9,19.7,5.5,5902394.0
2164,Bogotá,Comercio,2.0,37.4,65.2,15,2.83,21.7,11.6,4,59.3,71.6,64.2,8.4,9482380.0
2165,Cali,Hoteles,19.1,6.09,43.6,15,3.76,21.7,-0.0,0,54.2,55.6,32.7,7.1,6836167.0
2166,Medellín,Información,14.8,75.92,65.6,22,5.04,15.5,-0.9,1,69.5,64.8,40.3,7.1,11812436.0
2167,Bogotá,Comercio,12.5,24.95,58.8,15,3.01,31.5,4.8,0,73.7,67.5,94.1,6.0,8321991.0
2168,Cali,Comercio,6.5,33.84,43.9,35,4.11,25.9,7.7,0,62.4,60.3,64.8,5.9,10463172.0
2169,Bogotá,Comercio,5.8,28.67,77.2,14,3.41,33.6,-3.1,0,69.6,69.6,88.3,5.9,9341122.0
2170,Bogotá,Comercio,3.9,32.23,60.2,29,4.47,36.1,7.8,0,64.3,66.4,58.4,5.4,10997631.0
2171,Medellín,Manufactura,14.9,18.92,54.5,80,4.36,28.0,-3.2,1,73.1,72.4,2.7,6.3,20055556.0
2172,Otras,Salud,4.2,57.5,67.5,36,4.17,15.1,6.4,4,72.6,51.7,23.1,7.3,14301173.0
2173,Otras,Comercio,3.4,10.67,56.7,10,3.32,19.2,6.3,2,71.7,46.6,97.3,7.0,7654367.0
2174,Bogotá,Comercio,4.7,23.0,50.4,23,3.58,25.2,8.4,1,53.7,68.2,21.8,6.4,8436990.0
2175,Pereira,Construcción,39.3,56.56,47.8,40,3.73,24.0,10.6,0,76.0,59.7,88.8,5.9,12642667.0
2176,Cartagena,Manufactura,5.5,45.89,59.8,2,4.21,16.5,7.4,1,63.6,64.8,90.0,6.2,6985152.0
2177,Barranquilla,Transporte,17.9,66.34,54.8,2,3.09,17.3,4.8,2,63.2,56.2,84.0,7.1,6454682.0
2178,Cartagena,Transporte,15.8,51.05,47.3,24,4.03,23.8,5.4,0,66.4,49.6,1.9,4.5,9442188.0
2179,Medellín,Hoteles,10.1,72.07,62.7,17,3.25,33.5,10.8,1,69.5,65.5,8.0,5.8,9226719.0
2180,Bogotá,Comercio,22.4,6.28,50.5,28,3.36,28.9,0.7,1,64.6,67.3,70.9,6.3,8952092.0
2181,Cali,Comercio,7.1,21.46,44.4,10,2.22,35.7,7.5,0,67.4,54.2,42.3,6.7,5836540.0
2182,Bogotá,Agricultura,2.6,66.09,43.7,3,2.73,21.3,5.2,1,53.4,61.1,61.1,7.0,5101924.0
2183,Bogotá,Comercio,3.7,78.15,57.6,21,4.47,31.4,12.1,2,69.7,68.1,99.3,6.5,10436520.0
2184,Medellín,Profesionales,3.5,15.42,76.0,21,4.52,15.0,14.8,0,80.8,71.3,22.8,5.2,12639129.0
2185,Bogotá,Información,8.8,29.41,72.8,13,5.23,13.3,-1.6,2,67.5,65.8,81.1,6.3,10754181.0
2186,Medellín,Comercio,5.4,64.62,64.4,14,3.42,28.3,10.1,0,65.3,92.6,64.7,5.8,8946048.0
2187,Pereira,Comercio,9.6,4.77,57.4,17,1.79,31.2,9.5,1,69.9,60.0,93.6,6.1,7805767.0
2188,Bogotá,Comercio,6.1,71.68,53.3,15,3.55,28.2,10.6,3,63.0,82.5,64.3,6.6,9485558.0
2189,Bogotá,Comercio,9.8,39.72,69.5,19,4.5,24.3,-1.4,1,71.3,71.4,86.5,5.9,11005381.0
2190,Otras,Hoteles,33.1,5.56,43.0,5,3.08,23.6,4.9,1,64.4,32.1,28.6,5.7,6295492.0
2191,Cartagena,Comercio,15.2,27.22,49.1,17,3.2,27.6,9.0,2,55.9,58.1,81.5,6.9,10957801.0
2192,Cali,Construcción,11.2,51.75,46.7,7,2.89,21.5,-7.0,2,61.9,64.0,62.0,6.0,5846060.0
2193,Cali,Manufactura,9.0,56.96,74.0,20,4.56,18.7,15.5,2,75.8,66.7,68.8,6.5,12740292.0
2194,Bucaramanga,Financiero,6.2,10.33,73.5,5,5.24,24.9,4.4,2,81.5,72.2,53.1,6.4,10045604.0
2195,Cali,Construcción,3.6,17.96,41.8,13,2.61,34.8,12.1,2,49.7,55.3,48.3,7.6,5939242.0
2196,Bogotá,Manufactura,6.3,15.71,69.3,26,4.22,17.8,10.3,0,77.0,70.3,10.4,5.6,12370870.0
2197,Cali,Comercio,4.1,5.04,63.1,22,3.75,22.7,1.5,1,58.9,69.3,28.3,5.8,9408977.0
2198,Barranquilla,Profesionales,17.3,58.5,72.6,21,5.09,11.8,-13.0,1,66.2,62.2,13.6,5.9,10602249.0
2199,Cali,Construcción,11.8,36.58,66.6,9,2.71,25.9,13.1,4,70.4,65.9,38.3,7.8,9600756.0
2200,Bogotá,Comercio,4.0,18.69,64.6,8,3.96,35.6,0.9,0,77.0,73.5,98.2,5.3,8184745.0
2201,Bogotá,Comercio,4.6,37.21,47.0,14,3.53,40.9,10.2,3,69.5,57.3,32.4,7.4,8118650.0
2202,Bogotá,Transporte,28.1,65.62,63.5,18,4.16,25.7,9.5,1,73.8,59.3,32.0,6.3,10773444.0
2203,Bogotá,Comercio,21.2,14.45,56.9,28,3.55,18.0,16.2,1,68.1,68.8,22.7,5.9,11394934.0
2204,Pereira,Transporte,11.1,66.79,61.3,14,3.75,19.4,0.3,2,61.4,65.1,2.0,7.0,8950130.0
2205,Bogotá,Agricultura,10.0,3.48,51.8,10,3.1,11.5,4.9,0,67.7,70.5,51.5,5.4,6832476.0
2206,Medellín,Comercio,23.6,73.88,45.8,47,4.33,34.9,-0.6,2,65.8,60.2,9.1,7.4,13692409.0
2207,Bogotá,Hoteles,6.8,4.68,57.4,15,3.22,26.7,5.0,2,66.0,62.8,4.9,6.8,8302950.0
2208,Bucaramanga,Construcción,6.7,1.78,53.9,34,3.69,31.5,9.8,0,61.8,70.1,48.3,6.4,10687694.0
2209,Bogotá,Profesionales,16.6,28.37,62.2,8,4.23,7.7,15.0,2,76.2,65.9,63.7,8.1,10033667.0
2210,Bogotá,Construcción,10.8,0.48,46.6,28,4.5,23.5,7.6,1,55.6,67.8,9.3,7.7,10382322.0
2211,Bogotá,Hoteles,7.4,1.98,52.9,13,3.58,29.9,1.1,1,58.2,69.6,5.6,6.4,7059883.0
2212,Bogotá,Comercio,7.0,21.76,56.6,2,2.61,27.6,12.6,1,57.0,66.9,10.5,6.2,6013468.0
2213,Cali,Hoteles,6.8,21.61,42.9,2,3.5,22.0,11.9,0,59.2,72.2,49.5,5.1,5556620.0
2214,Manizales,Comercio,60.0,47.35,57.0,12,3.93,18.1,3.7,2,81.9,55.4,57.3,6.8,9522014.0
2215,Cartagena,Agricultura,5.4,22.31,55.4,14,2.72,17.2,11.4,2,61.4,59.5,34.6,6.9,13241936.0
2216,Bogotá,Minas,10.4,78.94,85.4,60,4.74,9.5,7.1,3,76.9,90.1,82.0,6.6,21798598.0
2217,Bogotá,Salud,7.0,75.33,61.6,16,4.92,16.8,7.0,1,59.9,65.8,98.0,5.5,9759484.0
2218,Barranquilla,Comercio,6.3,30.97,62.2,6,3.79,24.9,3.3,2,72.1,62.0,100.0,7.7,7932478.0
2219,Medellín,Información,13.9,18.47,78.0,28,4.57,10.3,15.2,1,82.0,77.0,84.1,6.7,15343258.0
2220,Bogotá,Transporte,3.4,49.19,59.1,8,3.97,19.6,11.2,2,60.8,63.3,90.1,6.5,7762699.0
2221,Bogotá,Comercio,47.2,69.64,60.9,3,4.34,17.5,2.6,1,75.7,72.9,27.1,5.4,8093365.0
2222,Bogotá,Agricultura,16.1,78.05,53.0,13,3.07,23.9,5.1,0,54.9,64.9,79.7,5.4,6841682.0
2223,Manizales,Financiero,4.0,10.45,77.8,13,4.38,12.2,-1.5,2,72.8,79.0,31.3,7.1,10913646.0
2224,Pereira,Información,25.3,9.85,67.3,73,3.78,15.0,4.6,1,67.6,68.4,13.3,6.6,18811590.0
2225,Medellín,Construcción,4.6,10.86,63.2,28,4.14,35.7,10.1,1,74.4,69.4,65.3,7.1,12501773.0
2226,Bogotá,Salud,10.8,30.47,70.1,15,4.42,15.4,-4.1,3,65.7,73.2,7.9,6.4,10479052.0
2227,Bogotá,Financiero,7.6,33.44,90.9,20,5.94,10.7,-1.9,1,84.6,89.3,54.5,6.5,15569642.0
2228,Bogotá,Comercio,2.6,19.25,58.0,260,4.24,29.0,-0.4,5,44.8,75.0,9.8,7.9,50510439.0
2229,Barranquilla,Comercio,11.0,50.77,59.6,42,3.55,23.8,16.4,2,65.1,59.8,29.8,7.1,13513486.0
2230,Bogotá,Financiero,1.9,3.31,76.1,13,6.33,8.2,6.9,3,71.6,74.3,4.6,7.2,17209858.0
2231,Bogotá,Hoteles,8.9,54.35,61.5,28,3.82,30.3,-0.0,5,70.2,72.7,28.5,8.1,12617950.0
2232,Barranquilla,Transporte,9.0,32.33,43.4,30,3.42,29.3,-0.9,1,63.5,53.4,40.4,6.4,8552220.0
2233,Bogotá,Comercio,32.7,51.77,55.9,9,3.08,24.9,11.7,2,70.0,71.8,64.5,6.6,9077630.0
2234,Bucaramanga,Agricultura,54.6,35.99,48.7,8,2.69,22.5,-0.4,1,75.3,59.2,54.5,7.0,6734967.0
2235,Medellín,Profesionales,21.7,24.19,72.0,6,4.83,10.6,6.6,3,66.8,65.5,67.2,7.0,9673192.0
2236,Bogotá,Hoteles,5.9,34.53,50.5,1,2.64,32.8,15.4,2,56.8,56.0,21.6,7.0,5894547.0
2237,Bucaramanga,Comercio,21.5,36.67,56.2,7,4.24,22.0,3.4,2,62.2,50.8,8.3,6.8,7037371.0
2238,Medellín,Manufactura,10.6,72.67,69.0,5,4.09,16.5,6.9,0,81.2,65.2,68.3,4.7,8740492.0
2239,Bogotá,Manufactura,8.9,48.89,71.6,31,4.23,18.3,12.3,2,62.3,83.3,41.1,4.8,13898423.0
2240,Bogotá,Salud,2.6,35.57,83.9,4,4.14,16.4,18.9,1,73.8,70.9,75.6,6.1,9783310.0
2241,Bogotá,Información,4.6,76.29,57.3,37,5.04,7.6,-3.0,0,56.2,61.8,74.9,6.0,13369325.0
2242,Bogotá,Comercio,13.7,3.47,58.3,6,4.55,23.8,10.0,1,63.0,59.4,3.5,4.9,7496425.0
2243,Bucaramanga,Comercio,32.9,6.35,50.7,14,2.92,16.5,6.6,0,66.9,54.8,29.8,6.3,7768919.0
2244,Bogotá,Transporte,29.2,27.66,61.8,14,4.61,24.8,6.1,2,67.2,79.3,6.7,7.1,9951311.0
2245,Bogotá,Construcción,4.3,28.22,64.3,2,4.45,19.2,15.5,1,72.1,75.8,33.9,5.5,8361616.0
2246,Bogotá,Manufactura,3.3,31.77,58.2,20,4.02,17.3,9.7,1,63.0,64.4,96.5,6.3,9236613.0
2247,Bogotá,Agricultura,6.6,11.39,51.1,17,3.6,17.6,5.9,3,54.2,61.1,1.8,4.9,8607947.0
2248,Bogotá,Información,4.2,47.19,67.9,10,5.24,11.7,3.8,1,58.8,62.2,32.0,6.9,8809070.0
2249,Barranquilla,Financiero,7.5,44.0,72.3,4,4.79,12.5,15.9,0,66.8,61.3,25.6,5.5,8475183.0
2250,Bogotá,Comercio,16.3,24.72,54.6,8,3.56,21.3,2.3,1,68.5,76.1,46.0,5.7,7700735.0
2251,Cali,Manufactura,9.0,0.87,43.8,9,3.32,27.1,10.5,0,57.5,60.1,51.6,6.5,5451442.0
2252,Medellín,Comercio,22.0,30.23,66.0,4,3.86,18.9,6.8,1,72.7,78.2,36.6,7.7,8569148.0
2253,Bogotá,Transporte,1.7,31.0,65.8,2,4.52,14.4,7.2,3,59.3,80.2,81.7,6.7,8451838.0
2254,Bogotá,Profesionales,60.0,46.58,57.7,25,5.03,11.1,-10.2,1,78.9,60.6,74.9,4.9,10327142.0
2255,Bogotá,Comercio,50.4,73.99,53.0,21,3.56,28.8,9.9,1,86.4,68.9,90.2,5.9,11649919.0
2256,Cali,Comercio,9.4,23.46,50.5,20,3.38,28.0,12.3,2,52.0,68.3,89.5,6.4,8484031.0
2257,Barranquilla,Comercio,4.7,49.63,45.9,4,3.42,22.2,-6.8,1,58.4,57.9,79.0,6.4,4967965.0
2258,Cali,Manufactura,39.2,4.22,63.4,23,3.37,15.6,2.3,0,85.7,63.0,54.3,5.4,11042713.0
2259,Otras,Manufactura,13.5,60.78,64.7,63,2.99,21.4,7.2,2,70.8,64.0,54.0,6.3,19121613.0
2260,Bogotá,Transporte,13.6,40.1,74.8,9,4.61,23.6,11.1,0,74.5,87.4,84.3,6.2,10649572.0
2261,Bogotá,Comercio,22.1,67.8,68.5,6,4.91,19.9,1.6,1,64.9,78.9,30.9,7.1,8941946.0
2262,Cali,Información,12.1,18.96,70.6,15,4.49,12.3,4.4,2,63.3,77.6,52.6,7.5,10334353.0
2263,Bogotá,Salud,11.8,68.73,68.3,47,3.78,16.4,5.0,0,78.4,74.6,53.8,4.8,14725443.0
2264,Bogotá,Profesionales,9.6,9.62,69.2,5,4.41,15.1,9.4,0,73.5,76.1,73.2,5.6,8736617.0
2265,Bucaramanga,Transporte,6.1,19.11,72.8,12,3.72,30.0,16.0,1,67.7,64.4,87.1,6.8,9534032.0
2266,Bogotá,Profesionales,8.7,50.8,77.6,11,3.93,14.9,6.1,1,74.4,77.9,79.6,6.3,10402917.0
2267,Bogotá,Agricultura,27.4,50.97,56.6,6,3.56,18.1,10.2,1,68.6,71.1,46.9,6.8,8561575.0
2268,Cartagena,Comercio,17.9,16.88,50.5,7,3.36,29.6,3.6,1,62.4,54.9,37.4,5.6,6380544.0
2269,Bogotá,Comercio,11.6,18.69,52.2,4,2.79,25.1,12.5,1,60.7,67.1,43.0,6.5,6308910.0
2270,Otras,Agricultura,18.0,62.79,43.7,13,2.99,28.7,5.1,2,59.6,50.5,85.2,6.1,6778111.0
2271,Medellín,Comercio,9.3,5.29,81.0,13,3.51,25.8,12.0,1,63.3,78.1,84.6,6.6,10221078.0
2272,Bogotá,Comercio,8.1,4.21,72.5,6,3.52,30.8,-3.4,1,76.3,77.7,88.7,5.6,8783233.0
2273,Bogotá,Comercio,10.3,45.78,55.9,3,3.16,21.2,-1.7,1,60.9,67.6,4.9,7.1,6183911.0
2274,Bogotá,Financiero,4.4,32.97,82.0,47,5.7,14.3,1.3,2,64.7,76.3,88.5,7.2,18875284.0
2275,Pereira,Profesionales,38.6,8.25,79.7,51,4.56,7.2,14.5,3,90.0,64.5,91.5,6.8,21288110.0
2276,Medellín,Agricultura,4.3,20.97,49.1,3,2.76,20.6,9.9,3,64.1,62.2,77.8,6.2,6951666.0
2277,Medellín,Transporte,3.4,4.79,60.4,2,4.64,21.7,9.6,2,71.1,65.4,63.6,6.3,8208924.0
2278,Medellín,Transporte,7.7,78.96,54.4,21,4.35,23.8,9.4,1,68.1,54.7,36.0,6.1,10179243.0
2279,Bucaramanga,Comercio,9.3,15.55,62.0,11,3.55,37.5,10.0,0,68.7,54.0,72.8,5.1,7885272.0
2280,Bogotá,Información,5.1,77.97,75.8,13,5.45,16.4,13.8,2,58.3,76.8,94.2,6.9,11280677.0
2281,Bucaramanga,Comercio,12.5,10.47,71.4,15,4.5,36.6,16.8,1,80.1,66.8,20.4,5.9,11222980.0
2282,Medellín,Comercio,6.0,74.69,58.6,15,3.52,21.1,-6.2,1,72.1,62.5,19.3,5.4,8555618.0
2283,Bucaramanga,Agricultura,13.4,39.27,47.9,4,2.47,19.5,18.1,0,66.5,65.7,50.5,4.2,6633534.0
2284,Bogotá,Construcción,24.2,24.36,67.9,20,4.69,20.9,7.7,2,73.9,64.9,16.1,7.2,12094540.0
2285,Manizales,Financiero,10.2,2.1,72.6,5,4.59,14.0,14.2,0,73.0,59.9,86.2,4.9,8829277.0
2286,Barranquilla,Comercio,11.9,53.06,48.3,136,3.37,27.4,14.5,0,64.9,68.2,51.1,5.8,24718311.0
2287,Bogotá,Construcción,7.2,72.51,61.6,54,4.81,21.8,4.3,3,65.1,61.0,0.9,7.2,17101930.0
2288,Bogotá,Información,15.9,71.22,79.9,6,5.84,13.6,8.0,0,79.4,68.9,36.6,5.8,10276387.0
2289,Manizales,Agricultura,1.5,2.57,41.5,14,2.94,21.1,4.6,0,50.4,53.6,99.1,6.5,5835701.0
2290,Bogotá,Profesionales,2.7,36.48,67.6,4,5.03,14.3,1.3,0,64.7,67.8,32.6,4.8,7680538.0
2291,Medellín,Construcción,3.4,76.35,55.7,1,3.75,23.8,6.6,3,63.4,63.2,24.0,6.0,7157586.0
2292,Medellín,Manufactura,9.9,51.04,69.4,60,5.13,10.9,0.9,3,63.3,58.4,78.2,5.8,20647917.0
2293,Bogotá,Salud,18.3,63.16,59.4,4,4.82,16.6,0.7,0,66.0,71.7,38.3,6.2,7089970.0
2294,Barranquilla,Transporte,9.9,29.95,61.9,6,2.96,31.2,15.3,1,59.6,60.3,48.6,6.1,7066478.0
2295,Barranquilla,Manufactura,4.3,23.4,47.0,2,3.0,9.0,-3.8,0,64.6,58.2,72.1,6.7,5417918.0
2296,Bogotá,Comercio,9.6,1.98,45.3,5,3.47,29.1,5.6,0,50.1,69.7,10.0,6.0,5006647.0
2297,Medellín,Comercio,5.9,72.84,59.2,3,3.65,23.6,8.6,3,56.7,68.9,89.3,6.1,7533616.0
2298,Medellín,Profesionales,18.2,63.7,68.7,13,4.77,19.5,8.1,1,71.8,71.9,76.8,5.3,10273899.0
2299,Bogotá,Información,7.8,66.11,70.9,14,4.75,10.3,9.3,2,77.1,70.4,45.4,5.6,11557598.0
2300,Otras,Hoteles,9.5,13.58,47.6,18,2.75,31.5,14.0,1,77.5,37.2,20.0,7.0,7663862.0
2301,Cali,Comercio,9.5,19.07,45.5,31,3.06,26.2,13.3,1,61.6,56.1,59.2,5.9,9579659.0
2302,Medellín,Agricultura,10.2,62.83,42.3,10,2.8,22.7,23.5,1,60.2,52.8,6.0,6.5,6618984.0
2303,Pereira,Manufactura,20.6,14.25,57.4,29,4.27,13.4,3.7,1,70.3,62.9,61.1,6.6,12305852.0
2304,Bogotá,Construcción,3.9,36.74,61.3,5,3.95,27.0,-5.3,1,60.3,76.7,42.5,5.9,7154327.0
2305,Bogotá,Comercio,18.7,46.57,60.8,9,3.44,27.5,3.5,0,68.1,79.9,71.3,4.5,7966066.0
2306,Bogotá,Manufactura,25.3,77.9,52.2,40,4.61,13.9,1.3,1,72.3,70.8,94.3,5.6,14054281.0
2307,Bogotá,Transporte,13.9,75.37,56.1,33,3.81,19.1,3.3,1,65.5,66.7,85.5,6.3,11559115.0
2308,Medellín,Transporte,22.3,51.19,59.0,4,3.83,29.2,-7.1,1,81.3,69.4,32.8,6.1,7697380.0
2309,Barranquilla,Energía,26.6,37.59,61.5,6,3.27,6.1,6.7,1,68.8,56.1,99.0,6.7,8256798.0
2310,Medellín,Minas,3.7,25.95,65.8,12,5.41,14.9,9.6,0,64.6,69.2,45.7,5.9,10193531.0
2311,Bogotá,Agricultura,1.3,58.59,39.4,11,2.29,28.4,-4.4,1,43.7,67.2,98.5,6.8,4833496.0
2312,Cali,Comercio,5.3,61.74,57.3,1,3.93,28.2,2.1,4,74.3,68.0,8.2,8.6,8103612.0
2313,Bogotá,Comercio,26.2,9.76,49.2,5,4.18,29.6,-2.8,0,67.4,68.1,6.2,5.0,5847906.0
2314,Bogotá,Comercio,6.2,54.24,64.6,6,4.21,28.1,21.3,1,59.3,74.3,48.7,4.9,8309126.0
2315,Barranquilla,Manufactura,12.4,70.38,54.3,17,3.97,23.5,0.7,1,63.4,60.4,93.0,5.7,8570820.0
2316,Cali,Salud,28.6,43.08,62.1,26,5.22,8.9,-1.1,2,63.3,71.0,16.8,6.4,12525758.0
2317,Barranquilla,Manufactura,30.6,31.27,65.0,41,3.74,14.1,1.3,1,71.3,62.6,79.5,7.4,13834199.0
2318,Medellín,Comercio,38.3,40.64,65.6,49,2.91,15.9,18.5,1,82.7,68.6,44.3,6.4,15514483.0
2319,Bogotá,Información,13.5,70.83,65.3,16,5.03,8.7,-2.4,1,75.7,74.3,53.9,6.4,10304667.0
2320,Cali,Información,4.0,66.33,70.1,3,4.87,11.5,5.5,3,71.1,75.6,71.2,7.1,9408964.0
2321,Bogotá,Comercio,25.2,28.94,56.8,20,4.67,27.0,5.9,2,74.8,64.9,72.6,7.0,11321534.0
2322,Cartagena,Comercio,9.2,45.01,42.4,24,3.33,25.6,3.8,1,60.5,49.7,29.8,7.6,7767290.0
2323,Cali,Comercio,3.1,67.66,55.9,6,3.36,29.6,6.7,2,61.7,62.1,59.1,7.6,6506922.0
2324,Bogotá,Construcción,15.1,52.82,51.8,3,3.36,26.4,-1.7,0,67.3,71.6,5.3,7.1,5949537.0
2325,Pereira,Construcción,20.4,51.59,45.4,14,3.68,17.5,2.3,1,52.8,58.3,12.6,5.6,6771134.0
2326,Medellín,Manufactura,27.3,20.71,58.3,34,4.11,16.1,3.2,3,69.7,64.7,31.7,6.2,13654459.0
2327,Medellín,Manufactura,13.4,12.15,61.5,1,4.56,22.0,5.1,0,68.2,64.3,23.3,4.8,6836458.0
2328,Medellín,Información,8.8,60.02,68.1,15,4.21,17.4,10.0,2,63.8,57.3,87.8,7.0,9489397.0
2329,Bogotá,Comercio,8.2,72.82,77.0,14,3.74,24.9,4.7,1,68.5,76.2,88.2,7.0,10265358.0
2330,Bogotá,Información,12.6,25.49,84.9,88,5.34,3.4,4.7,1,69.7,75.3,14.4,6.2,28166079.0
2331,Bogotá,Comercio,7.5,29.79,76.1,60,3.81,13.0,-4.1,1,57.8,76.0,18.8,6.8,16555572.0
2332,Pereira,Transporte,4.0,68.13,41.2,10,2.66,22.2,4.0,2,57.0,45.9,98.6,7.5,6028797.0
2333,Bogotá,Salud,4.2,22.42,79.3,12,4.68,17.0,14.3,2,81.3,67.0,15.4,6.3,12267126.0
2334,Bogotá,Comercio,4.2,42.74,70.4,15,3.61,29.7,0.9,2,70.3,73.8,0.7,7.4,10191926.0
2335,Bogotá,Manufactura,16.1,12.11,54.9,28,4.34,5.5,10.5,2,70.3,73.0,92.9,7.3,12741971.0
2336,Medellín,Profesionales,5.6,5.56,84.5,9,5.6,14.4,11.0,0,71.9,64.3,63.9,6.2,11028720.0
2337,Bogotá,Profesionales,8.2,3.65,65.3,6,4.53,11.4,8.9,1,65.7,77.2,33.8,6.5,8907731.0
2338,Bucaramanga,Comercio,19.4,71.78,53.9,3,3.48,19.0,1.5,1,59.7,61.0,1.6,6.4,6032731.0
2339,Medellín,Financiero,8.0,50.09,67.1,16,5.1,13.3,5.1,1,55.4,71.8,14.5,5.2,9993271.0
2340,Cartagena,Transporte,6.1,12.0,48.1,2,4.06,22.1,12.8,1,62.6,67.7,20.5,6.4,6164116.0
2341,Cali,Manufactura,9.9,15.1,68.4,147,4.73,19.7,9.6,2,74.7,63.9,75.2,6.5,35693870.0
2342,Bogotá,Comercio,17.4,8.92,70.0,27,3.82,20.8,8.0,1,72.3,73.0,81.0,5.4,12265276.0
2343,Bogotá,Transporte,5.9,75.44,49.9,55,3.76,19.5,-4.1,3,48.8,71.9,12.4,6.6,13955657.0
2344,Barranquilla,Información,12.3,57.69,38.4,9,4.21,10.6,3.5,0,57.1,52.2,5.9,5.9,5828615.0
2345,Bucaramanga,Manufactura,4.5,69.62,72.1,26,3.42,21.6,16.9,0,69.0,63.6,89.3,6.7,10584322.0
2346,Bogotá,Comercio,4.7,42.54,48.4,8,4.42,27.4,10.0,0,50.6,61.9,11.5,6.1,6348197.0
2347,Medellín,Comercio,9.0,12.28,50.6,6,3.99,19.8,9.1,0,64.3,74.3,73.4,5.1,6845367.0
2348,Otras,Hoteles,32.2,40.51,37.9,26,2.39,27.9,8.4,3,65.3,52.8,38.5,6.5,8059144.0
2349,Medellín,Construcción,7.5,25.32,74.1,5,4.08,16.1,14.7,2,73.5,62.5,74.5,7.4,9860619.0
2350,Cartagena,Construcción,5.4,11.93,50.1,17,3.31,24.2,8.9,0,56.4,70.3,57.8,5.5,7400626.0
2351,Pereira,Comercio,10.2,75.84,47.3,53,3.26,25.5,10.9,2,61.7,74.0,57.6,8.0,12890505.0
2352,Barranquilla,Profesionales,7.6,67.15,57.5,9,4.27,15.0,10.1,1,74.1,57.3,40.4,7.4,8573456.0
2353,Bogotá,Profesionales,12.2,53.88,70.3,1,4.98,14.9,5.6,1,84.7,70.9,99.8,6.6,8918816.0
2354,Bogotá,Transporte,10.8,36.72,75.0,8,3.67,12.6,1.6,1,75.1,74.5,62.9,6.6,9566077.0
2355,Medellín,Salud,26.6,7.47,80.2,6,4.43,18.4,4.7,3,76.8,75.2,73.9,7.7,11383781.0
2356,Cali,Transporte,6.2,31.08,40.9,9,3.59,20.9,19.3,2,54.6,50.7,23.3,5.3,6760338.0
2357,Bogotá,Profesionales,19.3,24.3,74.4,2,5.07,12.3,-15.0,2,71.0,83.8,42.9,6.0,8494634.0
2358,Cali,Transporte,9.0,49.48,50.9,29,3.78,16.7,13.8,1,61.8,63.3,85.3,6.0,13095274.0
2359,Bogotá,Comercio,9.7,24.34,37.9,7,3.2,14.1,4.0,2,38.6,58.6,33.2,7.8,4788275.0
2360,Bogotá,Manufactura,10.5,37.34,58.5,12,5.14,13.8,8.3,0,64.9,63.0,70.5,5.8,9006261.0
2361,Bucaramanga,Información,6.8,34.98,84.2,16,6.1,8.5,12.8,2,75.3,73.6,3.9,7.5,13729894.0
2362,Barranquilla,Salud,2.5,48.87,60.6,13,4.23,16.6,5.7,1,74.1,58.6,20.0,6.3,9857714.0
2363,Medellín,Agricultura,11.9,74.68,49.3,8,2.8,19.1,8.7,1,67.9,52.0,14.1,6.7,6714716.0
2364,Pereira,Minas,4.0,27.75,73.5,5,5.59,15.1,1.2,0,76.3,55.3,25.5,6.0,8771920.0
2365,Bogotá,Hoteles,28.8,51.5,50.6,10,3.1,27.9,6.4,2,60.9,67.7,38.7,7.1,7700204.0
2366,Cali,Transporte,18.6,43.4,58.6,20,3.89,29.3,4.0,2,67.2,70.3,91.2,8.1,9524385.0
2367,Manizales,Salud,13.2,18.61,51.1,14,4.65,13.4,7.1,1,60.9,52.4,23.0,6.9,8236342.0
2368,Cali,Transporte,25.3,9.53,58.4,13,4.23,25.7,7.2,0,73.7,60.6,30.6,7.4,9578145.0
2369,Otras,Comercio,13.9,31.0,43.9,7,3.1,22.1,5.4,1,58.4,43.3,79.6,6.7,5635136.0
2370,Manizales,Información,25.2,17.61,71.8,6,5.69,13.2,18.6,2,72.0,65.6,91.2,7.0,11365101.0
2371,Cali,Salud,19.7,63.21,76.6,16,4.52,19.8,1.7,0,80.8,79.4,74.5,6.4,11786900.0
2372,Medellín,Transporte,18.5,36.63,53.5,46,2.77,24.5,-0.3,1,70.7,60.8,96.2,6.4,11038953.0
2373,Bogotá,Manufactura,14.5,4.59,65.2,25,4.09,15.3,14.4,2,80.0,67.9,45.7,6.7,13063829.0
2374,Medellín,Hoteles,12.9,21.56,55.0,17,3.51,34.2,2.2,3,59.8,68.7,65.3,8.1,8691792.0
2375,Bogotá,Comercio,3.1,78.12,73.7,5,3.45,28.0,1.5,2,77.5,80.4,68.1,8.1,9480997.0
2376,Bogotá,Manufactura,3.2,24.29,62.2,26,4.0,23.3,4.2,0,62.9,65.4,92.5,5.3,10511801.0
2377,Bogotá,Comercio,26.5,57.45,69.2,37,3.71,31.5,-3.6,1,74.8,74.2,98.6,6.8,13039229.0
2378,Pereira,Construcción,2.4,51.49,73.3,7,4.84,16.9,5.9,2,66.6,56.8,42.0,6.1,8870295.0
2379,Bogotá,Comercio,7.0,51.69,56.6,12,3.8,20.8,0.9,3,72.5,68.2,85.7,7.8,9299321.0
2380,Bogotá,Comercio,7.4,76.77,57.3,5,4.14,36.8,8.5,2,66.7,68.5,84.6,7.9,7420651.0
2381,Cali,Profesionales,7.2,3.78,48.9,7,4.86,17.6,11.2,2,56.4,59.2,56.0,6.8,6976806.0
2382,Cartagena,Información,3.0,18.2,65.4,191,5.6,10.2,5.1,0,68.9,56.7,38.3,5.4,49560305.0
2383,Bucaramanga,Manufactura,8.1,47.41,47.8,5,3.92,13.1,-6.7,0,65.9,61.8,96.2,6.9,5863707.0
2384,Cali,Comercio,7.2,75.79,52.5,1,4.11,26.8,11.6,1,65.5,59.9,27.0,6.9,6500743.0
2385,Cartagena,Transporte,7.0,2.64,51.2,28,3.39,17.9,6.6,3,56.4,56.2,72.3,6.3,9398351.0
2386,Otras,Transporte,7.5,65.96,52.2,23,3.37,17.6,1.0,0,63.7,59.9,51.1,4.4,8384163.0
2387,Medellín,Manufactura,30.8,48.03,48.0,71,4.63,20.1,7.7,1,66.0,57.7,50.5,5.7,19136490.0
2388,Bogotá,Manufactura,22.8,8.05,60.6,21,4.36,18.6,-0.6,1,74.7,66.6,92.0,6.4,10822157.0
2389,Cali,Manufactura,13.5,19.61,56.4,11,3.02,14.9,24.2,5,75.7,61.8,93.8,7.7,10807735.0
2390,Bogotá,Manufactura,21.6,17.43,63.3,65,3.96,19.0,8.1,2,66.4,67.7,61.1,6.5,18032877.0
2391,Cartagena,Energía,22.1,15.04,55.8,62,5.34,0.0,1.2,3,66.1,59.7,6.2,7.0,20312181.0
2392,Bogotá,Comercio,11.4,22.01,60.5,27,3.73,28.1,2.6,1,58.2,75.2,62.2,5.7,9969451.0
2393,Cartagena,Transporte,60.0,79.44,56.3,39,3.45,17.1,11.1,0,78.4,59.4,31.7,5.7,13684757.0
2394,Bogotá,Construcción,58.0,61.75,57.3,57,4.27,17.6,7.4,2,86.4,66.2,35.9,8.1,19120444.0
2395,Bogotá,Transporte,16.5,57.23,64.7,16,3.91,24.6,2.6,3,71.3,77.5,94.4,7.1,10481260.0
2396,Bogotá,Profesionales,21.1,21.13,69.8,13,4.65,13.0,1.2,1,62.0,65.1,78.2,6.1,9487561.0
2397,Manizales,Profesionales,10.1,78.86,67.6,6,4.0,14.7,5.7,0,77.1,60.6,2.5,6.9,8266504.0
2398,Medellín,Comercio,28.5,63.75,49.5,18,3.25,19.0,3.7,0,66.2,71.7,22.2,6.4,8413315.0
2399,Bogotá,Financiero,7.9,17.38,81.1,9,5.42,4.4,1.6,1,74.9,78.1,19.6,6.4,11323215.0
2400,Cali,Comercio,8.8,41.49,67.5,6,3.9,25.8,11.9,2,67.8,72.3,17.4,7.1,9216830.0
2401,Cali,Hoteles,4.8,17.67,47.6,13,2.87,28.4,10.9,2,62.9,57.8,85.4,6.9,7723853.0
2402,Bogotá,Manufactura,14.3,48.79,49.8,23,3.77,15.1,-2.1,2,70.4,66.1,36.5,6.8,10167146.0
2403,Bogotá,Comercio,25.4,40.23,52.7,9,3.94,20.8,8.9,3,67.6,52.7,98.7,6.8,9001511.0
2404,Bogotá,Comercio,12.8,70.08,60.9,4,3.77,17.6,-0.5,2,75.6,64.2,94.7,7.7,7974755.0
2405,Bucaramanga,Manufactura,22.1,3.27,67.0,5,4.28,27.7,11.3,2,71.7,71.8,91.9,7.3,9311970.0
2406,Bogotá,Profesionales,5.0,9.56,61.0,9,5.05,11.8,8.0,2,56.3,74.3,8.4,6.3,8887514.0
2407,Bogotá,Profesionales,5.5,43.99,72.4,23,4.56,16.6,5.2,2,68.3,70.7,76.3,6.8,12195318.0
2408,Bogotá,Información,16.8,57.72,62.5,22,5.48,10.1,2.6,1,68.0,70.0,95.5,6.9,11860667.0
2409,Manizales,Profesionales,10.2,12.25,65.3,23,4.85,20.2,8.1,0,68.0,64.5,23.5,6.1,11879951.0
2410,Barranquilla,Salud,14.8,32.55,52.7,4,2.68,14.0,5.6,3,60.4,55.6,28.3,6.2,7027920.0
2411,Cali,Construcción,28.2,11.6,62.9,3,3.51,21.8,-3.0,1,77.8,70.0,92.1,5.4,7737692.0
2412,Cartagena,Financiero,6.1,28.59,58.0,3,5.21,0.0,3.9,3,54.2,60.6,92.9,7.6,7501810.0
2413,Manizales,Hoteles,12.5,16.54,51.1,6,3.39,20.9,-9.8,1,63.1,61.2,66.3,6.0,6303183.0
2414,Bucaramanga,Comercio,19.4,26.88,60.8,7,4.73,26.0,11.8,0,65.2,64.5,60.5,5.7,8214766.0
2415,Cali,Transporte,4.2,30.26,63.5,15,4.33,28.6,2.3,2,71.4,50.2,44.8,7.1,9322133.0
2416,Cartagena,Información,22.1,24.27,82.1,2,5.12,18.4,1.9,2,64.2,67.1,14.8,7.5,8670102.0
2417,Cali,Financiero,17.9,4.21,78.1,18,5.44,0.4,0.6,0,73.6,62.5,23.3,4.6,12393604.0
2418,Manizales,Manufactura,7.9,21.83,44.2,6,2.72,20.1,2.2,0,56.7,57.6,19.9,6.1,5532970.0
2419,Bogotá,Comercio,5.9,50.97,62.5,6,3.69,24.8,4.4,0,62.2,70.5,65.1,7.0,7233716.0
2420,Bogotá,Construcción,5.9,30.57,54.6,13,4.44,27.3,3.0,1,68.3,60.7,83.8,8.1,8290418.0
2421,Bucaramanga,Financiero,7.7,75.64,73.1,11,4.84,15.5,4.9,2,73.9,64.8,54.1,7.6,10396651.0
2422,Cali,Profesionales,60.0,31.36,77.0,17,4.27,0.0,6.8,0,84.6,71.6,36.7,5.5,13507180.0
2423,Bogotá,Comercio,6.6,65.49,79.0,4,4.03,30.8,3.8,2,73.0,71.7,78.2,6.3,8862164.0
2424,Medellín,Profesionales,14.9,47.25,70.5,17,4.8,8.8,14.5,0,74.5,76.1,40.8,6.8,11908008.0
2425,Bogotá,Información,17.2,57.01,78.9,7,4.72,18.1,1.2,0,74.0,74.8,68.3,5.3,9497332.0
2426,Medellín,Manufactura,8.4,9.19,58.6,60,3.89,21.2,5.2,2,63.9,54.5,33.1,8.0,15533067.0
2427,Cali,Hoteles,16.9,42.75,56.1,16,2.83,25.0,3.9,2,65.1,59.0,28.0,8.3,8062315.0
2428,Barranquilla,Comercio,25.0,61.69,43.5,14,3.82,21.1,-6.1,0,65.3,51.5,47.7,6.1,8162293.0
2429,Bucaramanga,Hoteles,10.3,6.76,64.9,8,3.07,26.1,7.7,1,72.0,69.6,48.9,6.6,8438922.0
2430,Medellín,Energía,5.0,55.66,82.2,72,5.36,7.5,-1.2,2,67.8,74.0,86.9,6.1,23883252.0
2431,Medellín,Profesionales,5.4,46.36,75.9,6,4.52,7.6,16.4,2,74.9,67.5,15.1,5.6,10551761.0
2432,Cali,Comercio,5.1,72.76,50.9,3,2.51,34.8,-2.2,0,62.5,60.9,72.5,5.3,4976109.0
2433,Pereira,Comercio,16.5,13.16,54.9,14,4.17,26.8,-0.6,3,61.8,59.7,48.1,7.6,12901357.0
2434,Bogotá,Agricultura,7.2,67.67,49.7,21,3.47,17.6,0.6,1,52.3,71.3,87.9,5.6,7996210.0
2435,Cali,Profesionales,11.9,5.65,76.3,16,4.28,12.7,15.0,1,76.4,55.8,15.4,6.8,11548633.0
2436,Medellín,Financiero,10.3,48.26,76.9,8,5.3,15.5,2.3,0,69.0,72.2,41.7,7.2,9044697.0
2437,Bogotá,Minas,13.7,71.31,73.3,26,5.95,11.7,9.9,2,70.1,76.9,10.1,7.9,14946989.0
2438,Bogotá,Transporte,7.0,3.3,63.8,4,3.67,26.7,8.3,0,60.7,75.1,80.8,5.8,6704671.0
2439,Bogotá,Profesionales,24.9,7.6,74.7,3,4.82,7.9,0.5,0,74.7,72.9,66.1,6.4,8866439.0
2440,Bogotá,Agricultura,12.5,62.52,44.9,83,2.46,21.3,1.6,3,55.7,54.5,16.8,7.1,14186172.0
2441,Pereira,Comercio,25.1,2.3,70.8,10,3.95,22.8,0.9,3,73.3,66.2,61.5,7.6,9724335.0
2442,Bogotá,Manufactura,10.0,10.8,75.9,27,4.61,20.7,7.9,0,69.6,74.1,92.0,5.7,13003983.0
2443,Bogotá,Información,5.8,64.59,75.1,16,5.33,20.0,8.8,4,72.5,69.0,19.1,7.2,12586730.0
2444,Barranquilla,Manufactura,14.0,7.21,61.6,110,3.45,12.3,6.8,1,65.0,52.5,36.1,5.4,21694013.0
2445,Medellín,Agricultura,31.1,23.35,40.3,7,3.25,19.1,3.8,2,51.3,56.4,40.1,6.8,5492850.0
2446,Bogotá,Comercio,6.8,43.24,57.3,10,3.12,34.2,5.0,1,61.8,67.1,2.7,6.7,7367158.0
2447,Bogotá,Comercio,6.9,44.64,60.2,11,3.34,33.4,2.5,0,69.7,68.7,5.7,5.5,7976415.0
2448,Bucaramanga,Comercio,9.8,25.2,64.1,2,4.18,22.4,-2.9,1,63.9,63.9,83.4,6.6,7078186.0
2449,Bogotá,Manufactura,9.4,36.75,67.1,13,4.33,22.9,6.3,0,62.6,80.0,39.2,6.2,9109159.0
2450,Medellín,Profesionales,5.9,39.31,69.7,22,4.34,13.6,4.2,0,78.4,71.1,39.7,5.6,11081177.0
2451,Bogotá,Manufactura,14.5,29.52,63.1,24,3.77,13.6,11.1,2,75.1,75.0,36.5,7.2,11825764.0
2452,Medellín,Construcción,5.1,19.47,50.4,15,3.71,25.4,-1.7,2,61.6,53.3,47.2,5.4,7607134.0
2453,Bogotá,Comercio,15.4,44.15,63.2,16,3.14,27.6,-0.3,1,69.9,73.0,81.3,6.9,8590989.0
2454,Bogotá,Información,8.3,13.75,74.6,19,5.18,16.0,5.4,1,76.0,73.3,65.7,5.4,12497622.0
2455,Bogotá,Agricultura,15.3,18.74,63.3,40,2.69,17.8,2.6,1,77.1,61.7,44.7,6.7,12289228.0
2456,Bogotá,Comercio,5.4,77.52,68.1,3,4.31,23.7,-3.5,3,66.3,82.8,57.9,7.8,8661169.0
2457,Bogotá,Manufactura,19.2,79.12,63.6,14,4.87,11.7,7.1,2,75.3,74.3,38.7,6.2,10971007.0
2458,Medellín,Energía,19.3,51.46,77.0,19,5.98,9.9,12.4,2,73.2,78.9,96.9,6.9,14219283.0
2459,Bogotá,Hoteles,11.2,11.6,65.4,4,4.08,31.9,11.1,0,79.0,62.0,68.1,4.8,8328501.0
2460,Pereira,Comercio,13.7,72.86,59.5,9,2.6,24.3,4.1,0,65.9,61.4,21.3,4.3,7078141.0
2461,Cali,Construcción,3.7,14.74,59.4,9,4.03,32.6,7.1,1,66.7,74.8,7.0,7.0,8134415.0
2462,Bogotá,Hoteles,9.3,21.65,69.7,4,3.49,27.3,2.7,2,67.5,71.3,41.4,6.1,7732147.0
2463,Medellín,Transporte,6.0,75.81,65.8,11,4.18,21.9,-7.8,2,76.0,68.8,38.7,5.8,9007506.0
2464,Bogotá,Comercio,11.2,38.74,47.5,47,3.42,28.2,0.8,1,73.7,67.8,30.1,7.6,12186077.0
2465,Medellín,Construcción,43.2,55.96,49.8,96,4.02,12.6,9.6,2,76.3,53.7,59.9,5.7,23244897.0
2466,Medellín,Transporte,8.8,1.27,69.7,4,4.04,16.8,7.3,2,71.5,78.9,70.7,5.9,9011771.0
2467,Barranquilla,Manufactura,8.4,12.6,54.5,14,3.99,15.0,-2.7,0,54.5,66.8,52.1,4.0,7265284.0
2468,Medellín,Comercio,9.0,10.97,47.0,50,3.49,34.2,4.7,2,47.7,60.1,5.5,7.1,11475885.0
2469,Otras,Información,22.4,56.42,51.0,52,3.99,6.1,3.7,0,57.9,55.7,42.7,5.7,14000084.0
2470,Otras,Profesionales,14.6,9.56,52.3,8,3.21,13.9,14.8,1,71.0,55.4,75.0,6.5,7786781.0
2471,Barranquilla,Minas,19.7,20.16,74.9,11,4.73,22.8,15.3,1,71.2,69.3,63.7,5.4,10794191.0
2472,Cali,Manufactura,12.0,1.0,57.6,18,3.19,14.8,11.5,3,70.0,54.5,80.4,7.0,10173110.0
2473,Bogotá,Comercio,15.2,45.78,47.9,20,3.92,13.3,3.8,0,55.7,58.3,31.6,6.2,7997382.0
2474,Bogotá,Comercio,12.2,20.75,65.0,81,3.67,29.1,7.2,2,79.3,62.0,20.1,6.9,19319907.0
2475,Medellín,Comercio,7.0,30.46,69.1,30,3.95,18.5,9.2,0,56.1,74.4,45.9,7.5,11553864.0
2476,Bogotá,Profesionales,1.7,50.38,76.1,2,4.81,14.2,11.2,0,74.1,74.9,47.7,5.1,8766554.0
2477,Pereira,Salud,4.4,45.34,70.6,13,4.57,20.8,0.3,0,76.6,66.2,99.0,5.6,10045295.0
2478,Cali,Profesionales,32.0,34.58,85.8,22,4.65,13.5,0.8,1,87.1,80.8,25.9,6.8,14564095.0
2479,Bucaramanga,Financiero,6.1,29.12,79.0,63,5.63,7.3,3.0,1,71.8,64.4,29.8,7.5,22951020.0
2480,Bogotá,Comercio,2.6,50.73,59.5,19,3.07,27.2,-9.2,2,59.0,67.8,36.1,5.6,7981555.0
2481,Bogotá,Hoteles,8.0,24.17,51.8,18,3.34,36.7,14.4,2,57.1,53.6,8.7,7.2,8389340.0
2482,Bogotá,Salud,12.2,66.02,73.3,8,4.24,16.9,5.0,1,77.0,74.9,85.1,6.0,10324075.0
2483,Cartagena,Financiero,12.6,6.13,58.2,9,3.28,6.4,12.0,0,66.2,53.0,37.2,6.7,7717644.0
2484,Cartagena,Construcción,3.6,2.5,60.1,3,4.18,21.9,15.1,1,60.0,65.7,79.7,6.5,6378553.0
2485,Cali,Hoteles,17.4,36.11,54.9,35,3.42,27.9,16.7,3,59.9,53.6,29.1,7.2,12074356.0
2486,Medellín,Manufactura,20.7,21.95,56.0,39,4.1,19.4,5.1,1,67.4,70.8,21.1,6.1,13148947.0
2487,Bogotá,Comercio,4.9,37.69,70.1,13,3.75,30.7,19.8,2,69.0,67.4,44.7,7.1,9858017.0
2488,Bogotá,Comercio,12.1,36.67,51.6,8,3.54,23.3,-1.4,0,55.2,61.0,48.3,5.5,5791306.0
2489,Bogotá,Minas,3.1,1.92,84.9,11,5.41,10.4,6.9,1,85.6,81.0,86.4,6.7,12589371.0
2490,Bogotá,Comercio,3.6,76.96,58.7,6,3.52,22.1,7.5,0,65.1,69.3,10.1,5.2,7000566.0
2491,Bogotá,Profesionales,48.1,13.03,58.0,11,4.46,6.4,8.4,0,74.7,66.9,60.2,5.4,9932496.0
2492,Cali,Comercio,3.1,72.14,68.6,13,3.81,30.3,5.3,0,69.1,61.7,1.6,5.6,8625958.0
2493,Bogotá,Comercio,3.7,58.02,49.3,10,3.8,29.7,3.5,2,62.3,71.2,33.1,6.4,7403347.0
2494,Medellín,Comercio,21.4,29.6,40.5,15,2.5,26.3,-1.9,0,54.2,54.6,39.2,6.1,5423386.0
2495,Bogotá,Información,11.8,47.94,76.3,36,5.28,15.4,6.1,1,81.2,68.8,41.2,7.1,16544971.0
2496,Medellín,Construcción,20.1,72.74,60.6,27,4.23,26.2,11.2,1,63.5,80.0,1.3,5.1,11660902.0
2497,Bucaramanga,Hoteles,16.0,1.69,32.2,8,2.58,38.8,5.4,1,62.1,43.1,24.8,6.6,4901178.0
2498,Bogotá,Profesionales,14.7,44.85,70.1,7,4.7,11.5,5.6,1,65.2,79.2,60.2,6.8,9444522.0
2499,Medellín,Manufactura,14.8,74.27,87.2,9,3.99,20.6,1.2,4,75.8,79.7,55.2,7.6,11768150.0
2500,Medellín,Información,29.8,46.98,68.2,1,4.8,11.9,7.5,1,80.5,78.3,6.7,6.5,9362133.0
2501,Cartagena,Comercio,17.2,42.53,38.7,17,3.02,28.6,8.6,0,63.6,53.2,96.1,5.4,7286351.0
2502,Medellín,Agricultura,18.0,51.06,52.5,4,2.15,17.0,8.4,1,61.1,60.5,90.6,6.0,6509749.0
2503,Manizales,Minas,33.1,68.2,76.6,27,4.88,19.8,-2.2,4,78.7,71.7,60.6,7.1,14607943.0
2504,Pereira,Comercio,9.4,4.49,52.6,21,2.9,21.3,11.7,1,65.6,61.7,54.6,6.7,8567432.0
2505,Pereira,Comercio,8.9,74.12,46.0,9,2.97,28.0,10.6,4,51.5,50.5,38.8,8.7,6709144.0
2506,Bucaramanga,Salud,30.9,76.27,48.6,7,4.0,13.1,4.4,0,67.5,66.0,63.9,6.0,7059480.0
2507,Bogotá,Comercio,12.7,64.45,74.8,40,4.21,30.3,6.9,1,82.1,62.8,82.6,6.2,15157807.0
2508,Barranquilla,Hoteles,9.4,20.74,42.4,51,3.07,23.0,-11.4,3,54.8,52.2,52.3,6.6,11383808.0
2509,Pereira,Profesionales,21.0,41.98,67.0,18,5.17,9.0,11.4,0,60.0,67.0,56.6,6.1,11206724.0
2510,Bogotá,Financiero,3.1,15.81,70.9,29,4.7,8.3,4.3,1,71.5,77.3,99.9,5.4,13246700.0
2511,Otras,Transporte,6.9,13.52,60.2,2,2.73,24.6,0.8,0,66.3,51.1,38.8,5.7,6212223.0
2512,Barranquilla,Comercio,4.7,22.56,42.5,3,4.88,24.8,5.5,1,56.4,51.6,49.7,5.7,5335480.0
2513,Cali,Información,24.5,76.51,71.2,20,5.23,3.0,13.9,0,72.4,70.5,86.5,6.1,12985358.0
2514,Bogotá,Manufactura,14.1,38.68,66.0,17,4.35,26.6,10.6,0,70.9,58.4,1.7,6.9,14465388.0
2515,Medellín,Comercio,3.2,55.34,63.8,8,3.95,22.0,0.7,1,67.2,76.5,49.6,5.4,8341099.0
2516,Barranquilla,Financiero,10.2,46.34,72.9,46,3.93,3.9,5.1,0,65.0,72.6,9.6,5.3,14609699.0
2517,Bogotá,Comercio,11.0,58.76,57.5,15,4.58,36.0,13.8,4,61.1,64.0,82.2,7.5,9692160.0
2518,Barranquilla,Hoteles,18.8,45.18,60.9,15,3.12,19.5,1.9,1,70.8,60.0,66.9,5.6,9219990.0
2519,Bogotá,Manufactura,17.6,45.45,67.4,85,3.95,19.0,-3.0,3,65.9,79.8,56.7,7.2,21115967.0
2520,Cali,Profesionales,10.6,12.68,70.0,13,4.93,10.3,3.7,2,74.8,76.0,8.8,6.3,10742349.0
2521,Cali,Hoteles,48.6,40.29,51.5,28,2.6,29.6,12.2,2,74.4,56.7,9.0,7.3,15015604.0
2522,Bogotá,Minas,3.8,53.28,66.3,8,6.13,15.3,1.5,1,74.3,63.6,42.5,6.1,9250448.0
2523,Cali,Financiero,13.2,0.47,81.9,14,6.26,17.5,-2.8,0,71.6,63.9,79.0,4.9,11388800.0
2524,Barranquilla,Manufactura,13.8,37.04,65.4,4,4.18,18.3,12.6,0,70.1,58.1,88.6,6.5,8248825.0
2525,Bucaramanga,Comercio,15.9,32.62,49.1,12,3.0,25.1,9.0,4,58.1,62.5,11.3,7.6,7881413.0
2526,Cali,Comercio,6.9,73.59,61.4,5,2.92,31.3,17.0,3,64.0,63.8,96.2,6.2,8116318.0
2527,Medellín,Transporte,4.4,76.75,53.2,34,3.61,30.9,12.7,1,56.8,70.7,89.6,5.2,11021052.0
2528,Bogotá,Construcción,42.1,77.35,64.0,11,4.95,15.4,11.6,0,70.8,76.4,36.5,6.9,10555200.0
2529,Bogotá,Transporte,9.5,6.0,59.5,2,5.18,28.2,4.7,3,65.6,71.1,62.9,5.4,7625867.0
2530,Bucaramanga,Comercio,21.9,74.3,56.8,8,2.22,29.1,7.1,1,74.5,60.9,25.5,6.5,9178810.0
2531,Cali,Comercio,9.5,52.42,64.9,24,4.1,22.0,6.1,2,73.1,59.0,68.2,5.1,10965446.0
2532,Manizales,Manufactura,31.0,76.94,69.4,20,3.99,20.9,7.1,3,69.5,64.9,19.6,8.2,12167768.0
2533,Barranquilla,Manufactura,4.5,42.15,69.3,22,4.93,22.1,-3.8,1,65.2,77.2,21.3,4.9,11417157.0
2534,Manizales,Información,13.2,2.56,59.3,17,4.44,11.0,-3.9,2,64.0,57.3,31.8,7.7,9348117.0
2535,Bucaramanga,Transporte,4.8,66.16,50.4,54,3.64,32.7,13.1,0,51.9,59.7,33.4,6.2,13027286.0
2536,Bucaramanga,Comercio,29.6,56.74,57.6,8,3.51,32.0,16.2,4,80.5,56.0,61.4,8.6,10512132.0
2537,Cali,Información,6.2,7.15,53.4,4,4.01,10.7,7.7,0,70.0,62.7,70.1,6.7,6678926.0
2538,Bogotá,Hoteles,17.3,56.23,57.2,2,3.36,17.8,4.1,1,71.6,66.8,44.8,5.9,7072970.0
2539,Pereira,Información,8.3,10.95,63.4,2,3.77,17.1,1.6,0,59.2,64.3,87.3,5.9,6166878.0
2540,Bogotá,Hoteles,17.5,14.47,56.1,40,3.56,27.5,0.2,2,65.3,70.3,16.6,5.9,11847798.0
2541,Bogotá,Profesionales,26.2,70.54,69.3,17,4.45,8.2,19.1,1,79.6,81.3,0.0,7.0,13580928.0
2542,Pereira,Información,15.0,49.96,86.9,37,5.52,14.3,2.7,3,71.9,63.4,86.4,7.8,27506471.0
2543,Cartagena,Comercio,39.6,77.39,50.7,3,3.89,26.0,7.9,1,87.0,65.2,32.7,5.9,7837870.0
2544,Bogotá,Transporte,48.0,37.43,49.1,18,3.72,13.5,0.3,1,59.0,75.0,73.5,6.4,8370161.0
2545,Bogotá,Comercio,30.5,15.65,60.0,20,3.83,22.4,4.0,1,71.6,67.1,91.5,6.5,10100762.0
2546,Medellín,Comercio,4.2,61.32,55.4,16,3.49,38.4,-1.5,0,56.1,65.2,64.4,5.7,7190515.0
2547,Medellín,Construcción,6.3,44.13,49.9,5,2.76,32.9,1.8,0,59.2,67.5,67.7,6.3,5351567.0
2548,Barranquilla,Salud,3.4,70.39,61.0,18,3.18,20.9,3.4,2,56.3,52.7,69.2,5.6,8374261.0
2549,Bogotá,Comercio,2.9,2.01,54.1,17,3.32,18.0,6.7,1,50.6,59.9,12.5,6.6,7535700.0
2550,Bogotá,Construcción,5.0,63.43,62.5,3,4.31,29.8,-5.6,1,61.9,72.1,52.1,5.4,6904136.0
2551,Barranquilla,Construcción,3.7,36.39,41.5,23,3.5,28.3,4.3,2,47.1,54.6,85.1,6.4,7813681.0
2552,Bogotá,Agricultura,10.5,4.88,45.2,18,1.92,24.8,2.4,1,61.8,69.2,83.9,7.1,6400007.0
2553,Cartagena,Hoteles,2.1,2.07,56.1,15,3.15,26.9,2.9,0,61.1,56.9,42.0,6.3,7108929.0
2554,Bucaramanga,Agricultura,12.3,78.61,47.8,25,2.65,17.7,3.1,0,59.8,65.7,91.4,6.1,7940797.0
2555,Cali,Salud,13.9,25.32,75.3,124,4.73,18.5,4.0,2,73.4,60.9,29.7,6.8,31730718.0
2556,Bucaramanga,Comercio,6.4,28.26,50.4,19,2.44,32.0,3.1,0,49.9,68.5,26.3,5.7,5986315.0
2557,Bucaramanga,Profesionales,6.2,20.32,72.6,16,4.28,16.7,-3.2,2,73.1,69.7,54.3,6.6,10593285.0
2558,Bucaramanga,Comercio,12.6,54.39,61.2,14,4.06,16.9,7.8,0,71.4,64.8,51.9,7.0,9121226.0
2559,Barranquilla,Comercio,22.6,54.73,54.8,9,3.22,30.6,10.3,1,66.6,54.6,62.4,6.7,7838152.0
2560,Bogotá,Financiero,6.9,65.75,69.7,7,5.12,11.9,-0.9,2,73.9,76.1,23.2,7.3,10064644.0
2561,Bucaramanga,Manufactura,5.3,3.41,56.4,44,4.31,16.1,9.6,0,67.5,60.4,2.3,5.3,13453673.0
2562,Otras,Minas,7.4,55.84,82.4,10,4.05,11.8,-5.7,1,64.6,52.9,57.5,6.8,9132706.0
2563,Cali,Información,10.1,1.2,79.1,52,5.06,12.7,7.8,1,80.3,74.2,87.7,6.8,19540782.0
2564,Medellín,Comercio,11.7,25.4,46.6,136,3.51,21.7,-0.4,2,64.5,64.8,61.7,4.9,24637973.0
2565,Barranquilla,Construcción,6.4,7.92,55.4,68,3.79,31.4,0.8,2,57.4,58.0,64.3,5.6,15867261.0
2566,Bucaramanga,Agricultura,21.7,58.57,52.3,24,3.02,22.1,0.5,1,70.7,61.1,61.6,5.7,8667529.0
2567,Bogotá,Comercio,6.9,31.85,51.2,6,2.83,29.1,10.6,4,56.2,73.3,95.2,7.2,7434646.0
2568,Cartagena,Comercio,16.3,53.15,58.6,12,3.75,27.4,11.0,1,70.1,58.0,90.7,6.8,9230195.0
2569,Pereira,Minas,6.9,56.33,55.3,33,4.4,11.5,6.3,2,70.5,49.2,20.1,6.0,12803082.0
2570,Bogotá,Comercio,4.3,14.43,69.4,1,4.17,29.0,16.0,0,57.1,66.7,96.0,7.9,6597256.0
2571,Bucaramanga,Construcción,7.3,12.89,52.6,1,3.09,28.1,10.9,3,53.9,65.1,97.7,6.9,6356758.0
2572,Bogotá,Hoteles,6.6,35.66,63.6,4,3.97,32.3,2.9,2,64.9,74.8,33.3,6.2,9779993.0
2573,Bogotá,Agricultura,7.2,19.19,59.2,5,2.19,22.5,12.7,0,73.5,71.6,54.9,6.6,7385264.0
2574,Cali,Transporte,4.8,13.31,39.3,48,4.33,22.2,3.1,2,56.1,68.7,31.9,6.9,13280661.0
2575,Medellín,Hoteles,14.6,23.96,46.4,16,3.34,26.9,13.9,1,57.2,54.1,55.9,5.9,7724415.0
2576,Bucaramanga,Comercio,8.9,48.84,41.3,7,3.67,26.8,4.4,2,51.7,51.5,25.9,6.1,5643671.0
2577,Bogotá,Agricultura,15.9,1.63,46.3,13,2.63,34.0,2.8,0,57.3,61.9,3.7,5.7,6023615.0
2578,Medellín,Financiero,34.9,41.54,71.3,12,5.71,0.0,10.8,1,77.6,66.8,52.1,6.0,11898213.0
2579,Medellín,Comercio,30.3,34.31,41.0,27,4.57,23.5,14.6,2,56.3,50.8,65.9,6.3,10875274.0
2580,Bogotá,Comercio,60.0,3.35,59.7,8,3.68,17.0,7.3,0,79.5,76.9,24.0,5.4,9732204.0
2581,Cartagena,Profesionales,13.2,37.53,80.3,47,3.65,10.2,-6.5,1,89.1,67.8,43.2,6.3,16184406.0
2582,Otras,Hoteles,7.6,44.61,48.4,9,3.34,25.5,-6.1,1,66.2,51.6,43.9,6.9,6267976.0
2583,Bogotá,Salud,21.9,33.69,67.7,6,4.36,11.8,4.5,1,73.9,66.8,18.3,6.8,8997161.0
2584,Bogotá,Profesionales,35.5,24.11,67.9,72,5.16,12.4,11.1,2,73.7,75.5,7.4,5.3,23940515.0
2585,Medellín,Agricultura,15.3,34.63,49.4,8,3.19,26.0,4.9,1,63.1,60.8,69.6,7.2,6296998.0
2586,Medellín,Profesionales,37.1,27.33,61.5,6,4.72,10.8,-0.2,1,69.4,61.2,25.8,5.7,7961870.0
2587,Cartagena,Información,30.5,74.79,72.9,71,3.95,11.3,-2.2,2,84.6,69.2,96.7,5.5,20611873.0
2588,Pereira,Comercio,21.9,4.12,33.8,94,2.79,27.5,-2.7,3,51.5,55.2,80.3,7.7,14851766.0
2589,Bogotá,Agricultura,8.2,59.54,44.4,10,2.7,26.3,4.1,3,61.2,54.2,35.5,7.7,6676733.0
2590,Manizales,Comercio,60.0,4.32,57.7,43,3.85,15.5,1.8,2,69.0,63.4,21.8,6.7,13967194.0
2591,Bogotá,Profesionales,12.5,56.7,58.8,8,5.82,15.2,0.3,1,62.4,72.9,84.6,6.0,8070094.0
2592,Barranquilla,Construcción,5.9,12.92,46.0,6,4.51,21.3,12.6,2,71.5,62.4,37.7,8.5,7850793.0
2593,Barranquilla,Información,2.6,30.2,59.9,21,3.28,11.3,15.0,0,53.4,61.7,58.2,5.5,8455960.0
2594,Bogotá,Manufactura,6.7,40.7,68.9,5,4.43,20.4,18.2,0,69.5,78.0,99.1,5.4,8829479.0
2595,Bogotá,Transporte,11.6,44.44,54.5,7,3.97,25.3,6.7,1,57.4,61.2,89.4,6.4,6812229.0
2596,Bogotá,Comercio,4.2,24.67,72.4,13,4.07,33.5,17.1,1,66.2,70.8,30.0,6.3,10270375.0
2597,Barranquilla,Información,10.7,52.6,72.3,5,4.19,16.0,7.2,1,69.9,54.7,18.5,6.9,8633968.0
2598,Otras,Hoteles,3.3,60.4,47.8,16,2.69,36.9,19.5,4,54.2,54.8,56.4,7.5,8025877.0
2599,Cali,Información,12.1,26.37,68.1,18,4.59,14.7,6.8,2,64.3,65.3,19.9,7.6,11197281.0
2600,Medellín,Energía,45.5,62.78,69.5,65,5.11,0.0,-6.4,1,70.3,64.1,53.7,6.3,20136270.0
2601,Pereira,Manufactura,1.8,8.64,54.4,21,3.59,19.1,5.4,1,58.6,62.7,87.4,5.8,8644124.0
2602,Bogotá,Financiero,5.2,63.92,81.7,20,4.59,0.0,4.8,2,75.6,80.1,59.8,6.5,13452864.0
2603,Bogotá,Salud,9.4,7.09,89.7,8,4.94,20.5,12.3,3,79.4,76.4,56.4,5.6,12803732.0
2604,Cali,Financiero,12.9,22.22,69.1,31,5.2,6.8,2.7,2,71.9,62.0,36.4,6.3,15031645.0
2605,Manizales,Comercio,15.9,16.59,49.6,12,2.73,29.2,6.4,1,59.6,46.6,39.8,8.2,6287443.0
2606,Bucaramanga,Comercio,15.7,41.63,51.1,34,3.64,22.0,3.1,3,53.2,53.6,23.8,6.9,9999734.0
2607,Medellín,Minas,4.9,58.31,86.7,31,5.47,19.7,9.1,2,75.2,86.3,71.3,7.0,16237213.0
2608,Manizales,Construcción,18.7,45.83,45.2,9,2.94,24.4,7.2,1,55.2,56.7,91.8,6.3,6036064.0
2609,Bogotá,Transporte,33.9,53.89,60.5,30,4.74,14.4,-2.2,0,71.9,72.9,64.8,7.1,12152528.0
2610,Cartagena,Manufactura,7.1,54.17,57.7,5,3.79,13.8,-0.7,2,63.5,68.1,61.5,7.0,7630419.0
2611,Bogotá,Comercio,14.4,78.76,51.6,12,3.57,22.1,9.8,2,56.1,70.1,33.9,7.0,7867680.0
2612,Cali,Transporte,2.2,5.07,68.5,13,4.09,20.5,-4.4,4,67.9,66.8,83.1,7.5,9608364.0
2613,Bogotá,Comercio,4.9,32.59,63.1,2,4.09,23.0,10.6,1,68.2,74.5,50.3,6.9,7317435.0
2614,Cartagena,Comercio,10.3,26.01,60.0,13,3.82,31.0,0.4,3,56.5,60.2,18.1,7.2,8539581.0
2615,Bucaramanga,Profesionales,5.6,27.06,62.2,8,4.98,11.8,0.8,0,64.4,63.1,13.5,6.2,7908014.0
2616,Cartagena,Agricultura,19.2,61.63,44.1,17,2.2,22.5,-5.6,1,55.4,45.0,84.8,4.8,5235591.0
2617,Pereira,Información,44.5,26.85,57.0,17,5.24,15.9,4.4,2,83.5,57.5,16.3,6.4,11155216.0
2618,Medellín,Comercio,10.2,14.22,54.6,14,2.54,26.2,8.0,1,55.5,61.4,90.1,6.8,7235436.0
2619,Cali,Manufactura,5.8,61.1,67.2,22,5.07,20.1,13.0,0,72.8,59.6,36.9,5.8,11871439.0
2620,Medellín,Información,15.4,9.35,61.6,15,4.65,20.1,-2.1,2,66.8,71.7,77.0,6.4,9876246.0
2621,Bogotá,Profesionales,27.0,46.27,74.2,44,4.42,12.0,10.0,5,77.5,66.8,87.2,8.3,17910021.0
2622,Medellín,Salud,33.6,17.52,66.6,23,3.69,11.9,4.2,1,66.2,66.0,66.4,7.0,10424969.0
2623,Barranquilla,Manufactura,5.5,41.15,55.3,2,4.7,20.6,-3.3,2,62.6,62.0,95.6,6.9,6509165.0
2624,Bogotá,Comercio,31.8,21.48,85.9,21,4.49,25.9,8.2,1,81.2,77.7,1.4,6.4,14052004.0
2625,Bogotá,Hoteles,2.5,7.85,57.7,16,3.61,21.1,7.9,1,48.6,81.9,9.7,5.8,8208462.0
2626,Manizales,Financiero,7.2,6.52,66.8,14,4.38,7.4,4.6,0,68.9,64.7,35.7,5.9,9649277.0
2627,Pereira,Información,4.2,17.88,59.9,89,4.29,13.2,5.3,1,57.3,65.5,7.3,5.3,21757873.0
2628,Medellín,Transporte,15.6,79.38,70.4,9,3.95,26.1,-7.2,0,68.5,75.0,88.5,4.9,8134834.0
2629,Bogotá,Comercio,30.3,21.78,63.6,38,3.56,15.1,1.5,3,73.3,67.6,92.2,7.2,13464932.0
2630,Bogotá,Hoteles,19.8,59.37,67.1,3,2.64,27.5,6.3,1,70.6,80.0,95.1,6.8,8147692.0
2631,Bogotá,Comercio,9.0,54.31,57.6,7,3.45,25.7,10.7,1,71.4,63.4,17.4,7.3,8049833.0
2632,Cali,Manufactura,3.0,50.38,69.7,17,4.48,15.9,7.7,1,61.0,57.9,29.5,6.3,10218997.0
2633,Medellín,Manufactura,15.0,77.06,64.1,30,4.14,20.6,11.0,2,74.2,61.0,20.3,7.7,12338961.0
2634,Bogotá,Comercio,8.0,19.49,51.8,20,3.09,25.7,8.5,1,63.9,62.1,33.9,6.2,8119521.0
2635,Cali,Transporte,26.9,2.16,56.6,27,3.59,24.1,0.5,1,73.4,66.3,19.9,5.3,10423086.0
2636,Medellín,Salud,32.3,11.47,62.4,16,4.45,15.2,-0.7,1,70.8,65.8,36.0,6.6,9519744.0
2637,Bogotá,Comercio,12.1,77.39,66.3,56,3.93,14.5,3.4,1,64.6,74.8,25.3,4.8,15764853.0
2638,Medellín,Profesionales,3.1,66.5,64.6,2,4.59,16.9,10.6,2,56.9,66.5,29.7,7.0,7179158.0
2639,Bogotá,Manufactura,16.2,0.24,55.3,20,3.88,13.8,-1.3,2,66.7,65.5,36.1,6.5,9743511.0
2640,Bogotá,Profesionales,16.3,49.43,64.5,8,4.67,9.1,6.9,3,66.7,74.6,43.5,7.0,9911459.0
2641,Bucaramanga,Salud,24.0,44.25,64.5,32,4.41,17.4,9.2,0,69.6,67.0,38.4,5.4,13542568.0
2642,Bogotá,Manufactura,19.4,15.2,55.8,8,4.67,20.0,4.2,0,64.1,74.2,97.7,7.0,7730820.0
2643,Pereira,Comercio,18.2,27.36,47.7,14,3.78,30.2,1.0,0,50.7,53.4,29.2,6.3,5990425.0
2644,Bogotá,Transporte,5.8,34.48,68.0,17,4.45,12.6,12.6,3,69.1,62.5,97.8,6.8,11473311.0
2645,Medellín,Comercio,16.6,22.76,53.2,31,3.71,29.6,14.4,0,63.7,68.9,39.6,6.9,10468446.0
2646,Otras,Financiero,4.8,9.0,52.7,15,4.37,9.3,4.9,2,50.2,47.2,1.1,7.0,8103977.0
2647,Bogotá,Energía,5.9,6.25,78.8,15,6.31,3.4,7.2,1,76.7,75.4,93.3,4.9,13058706.0
2648,Cartagena,Transporte,2.0,33.05,56.7,9,3.6,18.9,11.7,1,71.1,66.0,5.1,6.7,8139548.0
2649,Cali,Comercio,11.5,11.86,50.6,17,2.68,23.6,-1.8,1,72.3,57.9,37.2,7.2,7595901.0
2650,Medellín,Comercio,5.6,8.12,53.2,2,2.42,24.6,0.7,0,67.8,53.6,44.4,5.0,5519537.0
2651,Bogotá,Información,10.2,43.39,90.6,7,5.2,15.5,9.6,2,73.8,80.3,99.4,7.0,11751158.0
2652,Bucaramanga,Financiero,3.0,49.75,63.9,26,5.03,9.6,3.6,0,75.8,60.7,79.5,5.6,15527606.0
2653,Cartagena,Información,15.3,73.23,62.4,84,4.93,5.6,-3.2,2,69.9,61.3,60.0,6.1,23254238.0
2654,Cali,Profesionales,8.2,72.18,73.0,6,5.33,11.2,0.2,0,53.6,65.6,54.4,6.1,7619165.0
2655,Cali,Comercio,16.9,45.45,51.0,5,3.24,24.0,22.9,0,57.4,70.7,48.9,6.2,7306771.0
2656,Bogotá,Comercio,6.1,78.89,47.5,2,3.91,34.1,-4.7,2,59.2,57.4,51.6,6.1,5238566.0
2657,Bucaramanga,Comercio,3.9,12.27,52.1,8,2.93,25.0,1.4,1,55.7,57.5,11.3,7.1,6212820.0
2658,Barranquilla,Salud,8.3,16.72,73.6,7,4.41,19.6,7.8,1,67.6,53.6,98.4,6.4,8821587.0
2659,Bucaramanga,Construcción,17.7,55.61,46.1,11,3.67,21.1,14.4,2,64.2,62.1,61.4,7.5,8117513.0
2660,Cali,Profesionales,12.1,43.08,64.4,10,4.62,10.4,-6.7,0,65.0,69.6,83.1,7.4,7839420.0
2661,Barranquilla,Salud,11.1,76.03,57.5,2,4.62,23.0,22.8,1,64.2,59.3,47.3,6.6,7344420.0
2662,Cali,Financiero,18.0,2.79,55.9,31,4.37,1.2,9.4,1,67.0,63.6,49.4,6.7,12799894.0
2663,Medellín,Hoteles,3.1,24.03,56.2,9,2.79,30.0,-1.1,2,46.8,72.3,3.3,7.1,6370667.0
2664,Bogotá,Manufactura,35.8,70.4,75.3,85,4.0,13.5,9.2,2,83.0,75.1,14.4,7.3,23985142.0
2665,Bogotá,Comercio,8.6,30.71,65.7,10,4.31,33.0,9.8,0,76.3,69.6,95.7,7.2,9039835.0
2666,Cali,Profesionales,18.5,49.02,80.8,14,4.75,13.2,15.5,0,73.4,68.1,53.7,5.8,11575447.0
2667,Bucaramanga,Hoteles,9.3,53.32,44.3,11,2.53,31.7,3.2,1,53.8,51.2,21.8,5.9,5738237.0
2668,Otras,Transporte,37.2,54.99,49.6,12,3.3,16.8,16.3,0,68.9,61.0,18.1,5.3,9024070.0
2669,Bogotá,Profesionales,22.4,8.52,81.2,8,4.2,21.0,9.2,1,75.8,85.3,36.4,6.8,10665453.0
2670,Bogotá,Comercio,2.1,52.12,56.4,102,3.7,33.6,10.6,1,58.1,71.1,67.2,5.5,21178427.0
2671,Medellín,Manufactura,6.6,53.27,60.8,11,4.89,25.4,12.6,3,75.1,67.1,10.9,6.3,9807291.0
2672,Barranquilla,Manufactura,7.9,25.05,40.6,114,4.13,19.6,6.9,1,53.8,47.5,53.4,6.8,23593398.0
2673,Cali,Agricultura,17.7,6.01,58.9,9,2.68,21.4,11.1,0,59.1,69.8,66.1,6.1,7527745.0
2674,Bogotá,Financiero,4.2,36.51,77.6,2,5.7,13.0,0.5,1,73.0,69.8,1.9,6.0,9014004.0
2675,Barranquilla,Agricultura,8.6,44.69,31.9,5,2.53,29.1,-0.4,1,48.4,58.1,97.0,6.3,4032127.0
2676,Bogotá,Comercio,12.4,69.81,68.7,3,4.71,21.8,20.5,2,73.0,71.4,28.3,6.0,9404680.0
2677,Pereira,Transporte,19.0,61.27,57.7,11,3.38,19.8,-0.3,0,69.4,63.5,48.1,6.4,7604912.0
2678,Pereira,Construcción,10.9,63.21,43.6,6,2.99,27.8,0.5,2,51.5,52.7,90.2,6.8,5320656.0
2679,Bucaramanga,Comercio,12.3,72.28,50.9,30,3.34,22.2,9.6,0,63.4,54.5,77.6,4.6,9963803.0
2680,Bogotá,Energía,8.4,21.87,82.1,15,5.52,9.0,7.1,1,80.2,73.6,56.4,5.0,13110766.0
2681,Medellín,Manufactura,13.5,46.36,73.3,8,4.01,8.0,0.7,0,79.9,69.8,65.8,4.3,9315408.0
2682,Bogotá,Construcción,27.3,69.43,63.4,23,3.36,20.1,3.9,0,63.0,70.7,3.3,6.2,10075046.0
2683,Bucaramanga,Comercio,17.0,43.7,46.1,20,2.96,32.5,26.8,2,66.1,52.7,35.7,6.9,9713674.0
2684,Bogotá,Agricultura,30.0,47.97,42.3,16,2.09,7.7,13.6,2,62.1,67.9,68.3,6.4,8374551.0
2685,Cali,Profesionales,7.2,66.16,72.2,4,4.58,18.5,4.2,1,75.3,73.5,38.0,6.3,9084645.0
2686,Bogotá,Comercio,2.3,10.15,68.8,8,3.97,38.2,20.8,0,69.3,69.5,76.3,6.1,8487863.0
2687,Cali,Minas,17.3,42.97,71.5,4,5.29,12.6,15.1,1,71.0,71.2,33.3,6.8,9829495.0
2688,Cartagena,Información,7.0,9.01,62.6,10,4.65,4.7,14.1,1,69.1,63.0,29.3,6.4,9428880.0
2689,Cartagena,Manufactura,4.8,50.55,71.0,2,4.88,12.5,6.5,0,67.5,66.2,15.7,6.2,7581771.0
2690,Cali,Comercio,60.0,49.64,52.8,11,3.59,18.1,-1.0,2,73.4,68.4,54.3,4.4,8172478.0
2691,Bogotá,Hoteles,33.7,56.45,62.1,18,3.92,30.9,17.4,2,65.8,66.3,65.4,7.6,11518662.0
2692,Bucaramanga,Agricultura,11.2,29.11,51.6,7,2.37,13.8,13.6,1,67.2,63.7,59.5,6.8,7116576.0
2693,Bogotá,Financiero,31.6,19.57,66.3,8,5.21,6.0,-0.8,1,74.7,67.7,13.8,5.9,9229493.0
2694,Bogotá,Manufactura,35.3,29.66,61.3,67,5.34,14.4,-0.9,1,67.3,73.9,90.2,6.5,20597800.0
2695,Medellín,Comercio,25.5,45.39,53.3,11,3.04,22.8,3.2,1,66.1,61.7,61.5,7.0,7296499.0
2696,Barranquilla,Comercio,18.1,7.44,45.3,22,3.2,22.9,8.8,1,47.4,63.9,17.4,7.0,8027251.0
2697,Medellín,Transporte,60.0,32.85,61.5,22,5.05,18.1,0.3,2,81.4,83.7,15.4,7.9,17780231.0
2698,Barranquilla,Financiero,8.6,72.0,56.6,48,4.01,5.5,8.4,3,71.3,55.9,87.2,8.7,15763546.0
2699,Cali,Agricultura,2.4,53.93,32.5,14,2.88,25.4,11.8,1,55.9,47.7,96.8,5.0,5408844.0
2700,Barranquilla,Información,21.6,27.99,82.1,28,4.49,11.5,5.7,1,63.1,80.2,14.1,7.0,13694240.0
2701,Bogotá,Comercio,23.2,44.17,47.6,72,2.35,24.0,4.7,0,60.3,54.1,93.7,4.4,12004527.0
2702,Bogotá,Manufactura,1.1,57.79,77.9,97,5.14,31.7,-1.4,0,74.3,75.5,25.1,6.1,27536665.0
2703,Manizales,Comercio,13.5,31.91,42.4,33,3.09,22.0,4.0,2,57.7,52.8,20.8,6.8,8652630.0
2704,Cali,Manufactura,9.9,18.82,46.3,31,3.95,10.4,10.1,1,57.8,59.3,67.7,6.6,10364844.0
2705,Cali,Salud,13.7,31.97,68.1,11,4.74,19.6,1.2,1,70.6,65.2,13.6,5.3,9549578.0
2706,Cali,Hoteles,7.3,37.12,49.2,5,3.19,28.5,7.6,2,47.0,61.2,81.7,6.4,5979234.0
2707,Cali,Comercio,6.2,53.3,70.7,11,3.57,19.8,16.6,1,72.8,69.3,56.1,6.1,10123229.0
2708,Medellín,Hoteles,36.4,6.99,78.0,15,4.32,22.8,3.4,1,83.3,67.2,38.4,5.6,12175876.0
2709,Barranquilla,Manufactura,37.1,14.45,63.4,82,4.77,14.2,7.0,3,71.2,63.5,97.8,7.7,24220301.0
2710,Medellín,Energía,31.4,66.91,75.8,31,5.53,9.2,2.5,0,81.8,73.4,96.8,6.2,15513120.0
2711,Medellín,Profesionales,37.4,62.9,76.9,15,4.22,20.1,-1.4,1,89.8,72.6,70.1,6.3,11806647.0
2712,Otras,Información,18.7,18.25,63.4,8,4.18,25.6,6.1,1,67.7,57.3,70.2,5.5,8942212.0
2713,Bucaramanga,Transporte,6.2,30.34,49.8,8,3.32,31.3,6.3,2,69.4,56.9,43.8,6.1,7337347.0
2714,Bogotá,Profesionales,3.6,3.81,69.8,9,4.99,8.6,-3.4,1,65.2,63.7,14.0,6.1,8755283.0
2715,Bogotá,Comercio,13.1,61.36,54.6,9,3.64,19.1,10.5,0,65.6,65.7,41.5,5.8,7029481.0
2716,Pereira,Transporte,7.2,4.15,57.8,6,3.13,30.0,7.4,0,62.2,63.6,61.0,6.9,6753976.0
2717,Cali,Comercio,32.2,8.3,61.5,6,2.37,30.5,-7.4,0,79.6,68.9,65.1,6.0,11007224.0
2718,Barranquilla,Minas,20.7,41.66,76.5,4,5.53,17.9,2.3,2,74.8,73.3,47.2,6.3,10119511.0
2719,Medellín,Energía,13.2,75.18,60.9,25,5.93,4.9,-4.7,1,73.5,67.8,82.3,4.7,12858819.0
2720,Cali,Comercio,5.7,3.14,55.7,7,2.16,24.3,13.6,1,62.0,61.6,16.2,5.8,6790608.0
2721,Otras,Transporte,15.4,63.49,48.2,6,3.16,16.8,1.9,1,59.0,50.9,93.6,6.9,6205436.0
2722,Bogotá,Agricultura,11.9,57.23,56.9,17,3.07,21.8,12.7,2,51.7,73.5,80.5,6.7,10527679.0
2723,Medellín,Manufactura,5.7,34.2,77.7,14,5.05,21.3,2.3,0,74.2,81.6,64.0,5.6,11139664.0
2724,Pereira,Manufactura,9.2,54.38,51.8,88,3.8,22.9,-2.4,2,59.9,63.5,89.0,7.3,19593365.0
2725,Cali,Comercio,42.0,31.13,61.3,26,3.31,27.5,-0.1,2,75.0,53.7,35.9,6.7,15296777.0
2726,Bogotá,Transporte,9.4,45.38,50.1,22,4.1,26.5,9.8,0,62.4,62.4,36.6,6.1,8879398.0
2727,Otras,Agricultura,3.9,21.42,41.0,25,1.5,27.2,8.5,1,62.8,40.4,74.1,6.6,6572022.0
2728,Cartagena,Comercio,11.9,7.42,47.5,6,3.08,25.6,9.6,1,45.7,54.2,29.7,5.7,5370290.0
2729,Medellín,Transporte,8.6,15.98,61.5,18,4.61,23.5,3.7,1,61.6,54.5,80.6,7.7,9558589.0
2730,Bucaramanga,Manufactura,17.2,10.24,60.4,30,3.36,17.9,10.6,0,83.1,53.7,63.9,6.6,11642216.0
2731,Bogotá,Comercio,10.0,54.55,48.1,9,3.82,19.6,19.9,0,52.6,63.4,21.1,5.7,6943054.0
2732,Bucaramanga,Transporte,2.8,38.86,68.0,13,3.19,25.1,7.1,2,63.9,67.3,65.2,6.6,8849862.0
2733,Bogotá,Construcción,8.0,56.09,61.5,10,4.23,24.5,3.2,0,79.9,69.4,91.4,6.6,8695375.0
2734,Bogotá,Profesionales,6.2,7.33,79.1,63,5.51,22.0,5.8,1,78.6,88.8,1.8,5.4,23261648.0
2735,Bogotá,Comercio,3.5,10.1,67.4,6,3.74,21.3,15.9,1,62.2,72.9,11.4,6.8,8185446.0
2736,Barranquilla,Manufactura,14.9,27.04,58.2,19,3.77,24.2,15.1,1,74.4,60.1,38.5,5.9,10109058.0
2737,Medellín,Salud,13.8,61.62,58.4,14,5.21,19.1,-0.5,1,75.1,62.9,44.1,5.6,9450827.0
2738,Bogotá,Salud,2.0,30.18,74.5,8,3.91,20.0,5.3,0,69.5,71.4,72.6,6.5,8832646.0
2739,Cali,Información,36.1,74.3,45.4,50,5.04,5.0,16.5,2,58.0,67.1,6.4,8.3,17429821.0
2740,Medellín,Manufactura,5.3,8.61,69.8,39,4.33,19.7,-1.6,2,70.8,75.1,24.7,6.9,14799421.0
2741,Bogotá,Agricultura,12.2,25.65,44.3,3,3.0,14.0,6.7,0,55.8,57.6,35.2,5.9,5237703.0
2742,Medellín,Comercio,5.5,60.67,61.7,7,3.95,20.7,7.9,2,66.5,67.7,24.5,6.2,8512748.0
2743,Medellín,Transporte,10.0,1.98,46.6,10,3.41,15.9,6.0,1,60.1,75.1,24.2,5.8,6984068.0
2744,Bogotá,Agricultura,8.9,69.27,47.8,11,2.69,16.3,15.4,1,54.3,69.2,51.7,6.0,6716880.0
2745,Bogotá,Financiero,11.9,65.03,64.8,130,5.11,11.3,6.1,5,72.5,69.8,47.9,7.2,35580595.0
2746,Medellín,Información,7.0,57.99,70.2,16,5.34,7.3,8.1,1,67.6,71.0,17.8,5.5,11273844.0
2747,Bucaramanga,Salud,3.2,55.72,54.4,9,4.49,25.2,6.5,1,59.4,61.6,41.3,6.9,7153875.0
2748,Bogotá,Construcción,5.0,7.91,60.8,4,4.17,24.1,-4.2,2,68.1,73.4,84.4,7.9,7711014.0
2749,Barranquilla,Comercio,29.3,61.38,40.2,16,3.01,21.2,15.4,4,53.8,41.9,29.0,7.8,8231546.0
2750,Cali,Comercio,5.4,0.41,54.5,9,3.01,35.4,-0.7,1,67.4,53.0,80.1,5.3,6599118.0
2751,Cali,Hoteles,60.0,77.69,67.5,14,3.02,27.9,9.9,1,79.6,66.0,77.9,5.0,13926938.0
2752,Pereira,Agricultura,11.9,76.33,37.3,31,1.88,19.3,5.4,1,49.4,57.8,54.9,7.4,6470131.0
2753,Cali,Hoteles,4.0,66.84,47.4,4,3.25,31.1,-1.5,0,52.9,68.1,58.6,6.6,4855321.0
2754,Bogotá,Financiero,13.7,12.98,78.5,12,5.3,4.4,7.1,3,76.5,71.7,78.0,7.3,12458687.0
2755,Otras,Comercio,11.3,44.69,49.6,3,2.86,31.7,0.4,0,65.9,48.8,66.0,6.0,5173631.0
2756,Medellín,Profesionales,5.0,11.83,63.9,7,4.27,18.6,1.7,1,66.5,65.8,85.5,6.4,7966067.0
2757,Cali,Transporte,13.9,1.55,59.9,29,3.52,19.3,8.5,0,74.2,68.3,44.4,7.2,11321932.0
2758,Cali,Comercio,33.3,31.81,61.0,2,4.12,21.2,2.5,3,77.7,70.6,17.1,6.8,10304453.0
2759,Bogotá,Información,7.2,69.43,57.6,4,5.19,12.9,1.6,1,68.9,66.9,55.7,7.8,7139867.0
2760,Otras,Manufactura,4.4,48.41,59.7,7,3.68,19.2,9.2,0,71.1,53.0,66.5,6.2,7180096.0
2761,Medellín,Manufactura,3.8,21.42,72.8,80,4.35,29.4,-1.8,0,68.1,77.4,35.7,5.4,21052031.0
2762,Cali,Comercio,8.9,60.28,64.7,6,3.66,20.2,4.9,0,67.8,58.7,42.9,5.3,7272932.0
2763,Cali,Hoteles,11.0,21.06,51.5,2,3.37,27.4,6.6,0,66.1,60.8,54.7,7.3,6217698.0
2764,Bogotá,Información,4.6,63.58,65.6,4,5.24,19.3,7.0,1,69.0,72.6,49.4,6.5,8122465.0
2765,Cali,Agricultura,2.2,77.58,49.0,7,2.45,18.1,3.3,1,65.4,53.8,39.7,6.4,8421579.0
2766,Manizales,Comercio,8.8,44.24,50.6,16,3.08,24.5,3.7,0,49.0,55.9,62.0,4.8,6600451.0
2767,Barranquilla,Construcción,12.7,31.87,60.3,33,5.36,33.2,7.5,2,64.7,61.1,88.1,6.3,13962774.0
2768,Cali,Construcción,3.7,71.74,51.9,63,3.85,17.7,13.2,0,65.7,59.4,28.5,5.4,15539406.0
2769,Bogotá,Manufactura,58.6,47.36,71.9,36,4.66,14.4,14.9,0,84.2,76.2,55.7,6.8,17515412.0
2770,Bucaramanga,Información,11.3,32.26,60.6,14,4.37,1.3,4.2,0,56.9,63.8,8.8,5.5,8307551.0
2771,Bucaramanga,Manufactura,32.0,74.61,75.5,149,4.36,13.6,-8.5,4,71.5,65.9,83.7,7.0,34735413.0
2772,Medellín,Transporte,13.9,50.52,64.3,14,4.13,28.6,5.3,1,66.8,75.4,49.0,7.0,9341273.0
2773,Bogotá,Comercio,8.8,75.45,53.2,2,3.72,25.5,9.5,0,52.3,70.2,57.4,5.5,5659048.0
2774,Bogotá,Agricultura,15.9,51.15,65.9,17,3.46,19.9,10.0,1,70.3,78.1,70.5,6.6,10487254.0
2775,Cali,Hoteles,39.9,38.33,47.0,88,3.0,17.8,7.6,1,63.6,64.0,55.1,6.1,16701282.0
2776,Otras,Manufactura,21.8,67.65,55.6,203,2.78,18.0,0.3,3,63.0,52.6,46.8,6.6,28674646.0
2777,Cali,Agricultura,10.4,19.42,48.2,8,2.18,10.9,-4.4,1,52.9,60.6,4.3,6.3,5627967.0
2778,Bogotá,Comercio,7.7,31.51,70.6,10,4.08,18.2,3.9,1,65.0,70.5,79.2,6.9,9178883.0
2779,Cali,Salud,24.9,6.14,56.5,26,3.38,15.7,5.9,0,65.0,62.9,76.7,4.9,9485393.0
2780,Medellín,Financiero,9.6,78.27,66.6,6,5.27,12.0,10.3,0,66.3,69.6,38.3,6.3,8468264.0
2781,Cali,Comercio,3.7,11.09,55.6,6,3.08,31.0,-8.0,0,61.0,57.0,21.8,6.6,5911295.0
2782,Cali,Profesionales,19.3,76.49,62.8,29,3.77,12.8,2.0,1,59.4,67.7,81.6,6.4,11001007.0
2783,Barranquilla,Agricultura,12.3,0.46,35.4,6,3.51,20.0,15.7,0,55.9,54.7,12.3,4.7,5597188.0
2784,Otras,Salud,18.1,30.91,66.2,20,3.99,19.7,-10.0,4,70.7,60.4,97.0,6.6,10545636.0
2785,Medellín,Construcción,7.3,68.76,50.6,20,3.55,23.9,13.9,1,58.6,64.7,21.3,6.5,8155704.0
2786,Bogotá,Manufactura,4.4,69.74,62.5,50,4.67,25.8,9.9,2,71.8,76.4,91.4,6.9,17492811.0
2787,Barranquilla,Financiero,12.4,41.2,70.8,20,3.83,12.8,7.3,1,75.0,74.5,56.1,7.1,11460631.0
2788,Medellín,Manufactura,4.9,1.12,59.6,76,5.19,15.3,5.2,0,54.6,62.6,85.3,5.9,21255205.0
2789,Cali,Financiero,17.2,55.18,72.2,10,4.91,11.0,6.3,0,65.6,66.4,26.0,7.2,9253495.0
2790,Cartagena,Financiero,3.7,33.42,62.7,4,4.61,1.7,11.0,0,59.8,54.2,87.0,6.7,6609262.0
2791,Pereira,Construcción,2.5,44.07,70.8,13,4.33,22.7,1.7,1,71.3,59.4,90.8,5.8,9359520.0
2792,Medellín,Comercio,11.4,59.6,57.9,3,4.58,29.9,11.8,1,70.2,61.8,93.8,7.2,7560194.0
2793,Bogotá,Financiero,24.3,74.95,95.0,49,6.73,1.8,5.9,4,92.3,70.2,56.8,7.8,26191447.0
2794,Bogotá,Transporte,18.3,39.38,48.5,6,3.66,21.7,8.3,0,69.6,58.2,39.4,6.2,6805211.0
2795,Barranquilla,Comercio,12.4,59.74,51.0,15,3.14,16.4,7.0,1,52.5,58.7,11.9,6.3,7615263.0
2796,Otras,Manufactura,5.7,36.79,51.5,15,4.21,7.6,7.6,0,61.7,63.2,95.2,4.6,8128386.0
2797,Bogotá,Profesionales,9.8,39.27,70.6,22,4.63,8.0,5.0,1,73.3,72.2,84.3,6.8,12497424.0
2798,Bogotá,Comercio,36.6,47.28,65.3,62,3.71,21.4,1.1,2,79.8,73.4,58.2,7.2,17307942.0
2799,Bogotá,Financiero,7.9,20.81,86.9,33,5.39,6.1,2.0,0,80.1,78.3,82.5,5.3,16395849.0
2800,Medellín,Salud,9.8,14.85,71.7,7,4.74,15.9,19.2,0,74.9,76.9,17.9,5.1,9768924.0
2801,Pereira,Profesionales,2.1,50.78,58.0,2,5.02,5.7,5.6,2,63.1,59.5,63.9,5.9,7070111.0
2802,Cartagena,Información,5.3,20.75,84.0,29,5.07,14.7,10.0,2,77.7,64.5,80.8,6.9,15759720.0
2803,Bucaramanga,Profesionales,19.1,41.24,66.7,7,4.57,10.9,7.8,1,63.7,72.8,77.4,7.8,9202186.0
2804,Medellín,Profesionales,1.7,63.77,55.5,5,5.51,17.2,1.2,0,59.2,56.1,65.7,6.1,6626339.0
2805,Medellín,Profesionales,15.7,49.25,68.0,18,5.03,13.1,8.6,0,73.8,71.3,13.4,4.9,11840839.0
2806,Cali,Manufactura,16.5,35.01,47.2,81,3.54,8.4,3.7,3,60.5,57.3,42.5,6.9,17093152.0
2807,Bucaramanga,Transporte,42.7,56.4,52.4,76,3.44,16.3,-2.4,5,71.3,62.9,81.1,8.1,17439619.0
2808,Bucaramanga,Agricultura,7.1,27.93,36.0,14,2.46,24.9,6.6,1,55.0,52.3,19.2,6.7,5280114.0
2809,Bogotá,Construcción,2.8,24.63,56.7,8,3.79,24.2,-2.6,4,62.4,64.7,56.5,6.5,8304519.0
2810,Pereira,Información,9.1,46.52,70.4,39,4.31,8.5,9.3,2,75.3,53.2,60.1,7.2,14900924.0
2811,Medellín,Manufactura,15.0,23.5,74.7,88,5.01,17.8,3.6,2,70.7,74.3,94.3,6.4,26099392.0
2812,Bogotá,Comercio,6.4,30.85,70.1,3,4.1,24.2,5.9,4,62.9,71.1,12.6,6.9,8504182.0
2813,Bogotá,Energía,8.6,69.78,80.5,5,6.17,12.5,1.0,0,65.5,70.4,54.6,6.3,9259256.0
2814,Manizales,Agricultura,9.0,8.74,31.9,129,2.75,19.8,15.7,4,47.5,49.1,34.3,6.7,19220076.0
2815,Otras,Construcción,17.6,32.94,58.8,27,3.95,29.3,9.7,1,61.9,62.4,60.1,6.4,10252455.0
2816,Bucaramanga,Manufactura,11.6,73.59,56.5,61,4.44,21.1,-2.5,0,74.4,67.2,0.9,6.2,17010181.0
2817,Cartagena,Profesionales,3.5,46.13,78.8,17,4.28,16.8,3.5,2,79.1,56.2,25.4,6.3,11662838.0
2818,Medellín,Comercio,55.0,12.95,73.0,5,3.99,27.9,2.0,2,98.2,85.0,99.7,6.3,11149629.0
2819,Cali,Construcción,30.4,20.31,60.6,16,3.12,25.2,3.7,2,66.5,65.4,72.2,5.6,9480691.0
2820,Bogotá,Comercio,12.9,22.88,55.9,6,3.69,21.3,6.1,2,56.7,66.8,48.4,6.3,6861807.0
2821,Barranquilla,Manufactura,4.3,53.7,61.6,13,4.45,25.0,19.2,1,67.0,67.4,58.6,6.5,9868371.0
2822,Medellín,Comercio,24.9,49.43,61.5,34,3.5,22.4,4.3,0,67.9,61.5,18.7,6.9,11311649.0
2823,Barranquilla,Manufactura,9.2,58.22,64.2,11,4.55,21.0,2.9,0,55.7,66.7,2.3,5.5,7050640.0
2824,Barranquilla,Comercio,4.5,6.29,59.9,30,2.93,27.7,7.7,3,57.0,61.8,19.6,7.2,9829005.0
2825,Pereira,Transporte,9.8,48.97,47.6,7,4.1,13.6,8.4,1,62.7,45.9,51.5,6.1,6942506.0
2826,Bogotá,Manufactura,20.2,15.6,63.7,35,4.37,16.0,3.8,1,69.9,68.8,73.2,5.7,13719930.0
2827,Medellín,Comercio,25.8,25.46,67.0,102,3.04,19.9,11.9,2,67.4,66.7,75.0,5.6,20639800.0
2828,Bogotá,Agricultura,4.7,0.11,62.1,4,3.25,14.0,14.3,1,54.4,73.0,53.0,6.5,7045696.0
2829,Barranquilla,Manufactura,8.3,24.75,54.1,20,4.11,14.9,7.6,3,62.2,57.3,85.0,7.4,9946253.0
2830,Bogotá,Transporte,9.7,8.68,64.9,24,3.71,20.8,14.4,0,64.3,75.5,92.8,4.4,14136336.0
2831,Bogotá,Transporte,2.1,62.18,58.2,6,4.15,15.3,10.6,1,45.7,66.9,81.4,5.7,6565806.0
2832,Bogotá,Comercio,7.2,74.16,59.6,13,3.78,18.2,18.7,1,60.7,59.8,78.1,6.7,8490086.0
2833,Cali,Comercio,9.9,11.78,53.3,7,3.46,24.7,12.3,0,67.3,64.9,76.3,5.9,7098927.0
2834,Barranquilla,Hoteles,6.0,59.6,56.9,10,2.91,26.1,9.3,1,67.7,52.5,50.0,5.8,7544006.0
2835,Cali,Comercio,2.2,69.28,66.3,23,3.34,28.7,2.3,0,57.1,69.7,27.9,6.6,8884429.0
2836,Cali,Comercio,13.9,20.36,52.1,5,2.81,18.7,9.3,1,50.0,50.0,46.6,6.9,6069107.0
2837,Medellín,Comercio,9.5,71.72,56.6,28,4.08,30.5,16.1,0,69.7,58.5,68.7,7.2,11045913.0
2838,Bogotá,Construcción,16.6,72.38,52.4,47,4.73,25.6,6.5,2,66.2,67.6,61.7,6.0,15866755.0
2839,Cali,Construcción,5.1,38.23,47.4,15,3.68,24.9,5.6,0,54.8,57.2,27.0,6.2,6692002.0
2840,Cali,Comercio,4.0,12.57,59.7,126,2.06,29.1,5.7,2,61.5,70.5,62.4,6.9,16422288.0
2841,Bogotá,Financiero,9.0,30.99,67.2,58,4.84,21.5,12.9,2,67.0,69.3,58.6,5.2,19090618.0
2842,Barranquilla,Comercio,13.2,29.29,60.0,7,3.45,25.9,11.6,0,61.9,65.0,82.9,4.7,7086772.0
2843,Medellín,Comercio,10.8,51.87,59.9,12,4.13,31.1,8.4,0,79.0,60.1,56.6,5.0,8702312.0
2844,Bogotá,Comercio,3.6,46.68,74.1,12,4.02,28.2,11.2,2,74.8,72.0,22.3,6.9,10716799.0
2845,Bogotá,Comercio,54.2,15.93,54.1,7,3.28,21.0,5.0,1,68.3,77.7,62.3,6.7,8062431.0
2846,Bogotá,Información,20.1,7.33,78.5,20,4.43,22.9,12.5,1,70.7,79.5,32.9,7.4,12686078.0
2847,Bogotá,Información,9.8,33.99,77.0,15,3.72,12.0,-1.0,2,67.2,74.2,9.5,6.9,10476272.0
2848,Barranquilla,Información,13.0,57.93,68.9,9,4.28,7.6,9.9,2,73.0,57.0,15.6,6.7,9663448.0
2849,Bogotá,Minas,6.2,37.28,77.5,23,5.4,16.1,1.1,2,64.2,71.7,87.5,5.8,13642793.0
2850,Cali,Transporte,21.6,53.39,56.1,14,3.52,18.9,5.6,1,70.2,57.1,95.9,6.0,8552460.0
2851,Bogotá,Energía,5.0,61.41,87.0,18,5.78,14.5,8.2,2,79.0,78.5,6.6,7.0,14013823.0
2852,Medellín,Agricultura,20.1,26.58,63.7,8,3.83,17.8,2.6,1,73.8,60.4,30.7,7.5,8625511.0
2853,Cali,Transporte,10.4,27.14,62.6,15,4.39,17.6,10.7,0,57.4,65.7,8.7,7.2,9170280.0
2854,Medellín,Salud,18.1,45.46,68.6,10,4.52,20.7,3.9,0,83.0,79.3,73.2,6.5,10019203.0
2855,Cali,Comercio,30.5,75.6,51.6,33,4.38,26.4,19.5,2,69.4,61.0,0.7,6.9,13709384.0
2856,Medellín,Comercio,7.7,67.94,53.9,17,4.65,28.3,13.5,0,46.3,57.2,47.7,6.6,8086401.0
2857,Medellín,Hoteles,19.1,17.1,56.3,13,3.25,34.7,3.5,1,61.3,70.3,24.2,6.4,7589846.0
2858,Bucaramanga,Comercio,11.7,59.26,57.3,1,3.27,13.2,9.8,3,59.7,61.4,56.6,6.8,7496059.0
2859,Bogotá,Hoteles,20.7,16.22,65.0,20,2.87,25.1,5.2,3,62.8,74.4,44.4,6.8,10730368.0
2860,Cali,Manufactura,14.7,25.71,76.4,14,4.76,10.6,12.1,1,70.6,71.0,60.7,7.8,11364196.0
2861,Cartagena,Profesionales,8.7,46.52,64.7,4,3.75,24.0,8.2,1,55.1,62.9,70.5,6.2,6767822.0
2862,Medellín,Manufactura,14.2,44.6,55.5,26,3.31,10.9,10.3,3,65.6,65.3,25.3,7.8,10752252.0
2863,Manizales,Profesionales,12.7,41.21,61.7,5,3.76,20.5,3.3,1,58.4,56.3,17.9,5.8,6825700.0
2864,Cali,Información,14.7,60.5,76.1,2,4.82,13.1,-3.6,2,77.6,75.2,11.1,5.8,9067251.0
2865,Barranquilla,Profesionales,16.1,57.77,68.8,11,3.65,13.4,0.7,3,68.4,61.4,34.9,6.4,9907052.0
2866,Cali,Agricultura,54.1,15.24,36.9,53,2.93,17.3,11.0,1,76.4,48.5,3.0,6.8,13105140.0
2867,Bucaramanga,Comercio,13.4,59.08,57.0,16,3.4,22.5,-1.9,1,67.6,61.7,49.5,6.4,8470652.0
2868,Barranquilla,Comercio,8.7,19.18,58.4,20,3.69,26.5,1.5,1,68.7,61.1,21.5,6.5,9063236.0
2869,Bogotá,Información,5.4,22.62,77.5,55,5.74,15.6,3.6,1,65.6,75.3,15.1,6.1,20930083.0
2870,Bogotá,Hoteles,9.1,33.1,57.1,9,3.14,29.7,10.9,2,55.0,65.9,42.1,5.7,7787508.0
2871,Medellín,Construcción,19.4,64.69,54.3,22,3.88,34.8,15.9,0,60.6,74.8,12.3,5.8,9763453.0
2872,Otras,Financiero,15.1,71.69,74.1,31,4.19,1.7,9.8,1,70.5,67.0,99.5,6.3,14598669.0
2873,Pereira,Agricultura,13.1,56.12,46.3,1,3.17,20.0,4.6,2,62.3,58.0,21.3,6.2,5970855.0
2874,Medellín,Construcción,9.9,29.05,65.5,16,3.6,25.3,8.6,1,67.4,72.7,58.9,6.9,9573061.0
2875,Bogotá,Profesionales,5.1,30.01,66.2,3,4.22,12.4,-5.4,0,62.5,72.2,11.6,6.1,6328706.0
2876,Bogotá,Financiero,26.5,10.71,77.8,2,4.89,5.1,2.6,2,84.1,85.8,80.1,7.0,10693372.0
2877,Cartagena,Manufactura,14.1,39.56,58.6,5,2.93,16.4,5.8,0,58.0,54.4,6.3,5.9,6227363.0
2878,Otras,Profesionales,20.7,27.37,57.4,7,3.94,21.1,6.0,2,66.8,53.2,53.7,5.6,8042536.0
2879,Cali,Comercio,3.5,27.73,56.0,7,3.39,37.6,0.3,0,66.2,66.4,55.9,6.0,6846310.0
2880,Medellín,Agricultura,5.6,18.74,41.0,9,2.26,21.5,-1.6,1,46.9,60.9,88.0,6.2,4690374.0
2881,Bogotá,Comercio,23.4,54.45,53.4,19,4.29,22.4,-1.8,0,69.0,62.1,84.5,4.4,9232195.0
2882,Bogotá,Profesionales,5.3,25.93,71.2,5,5.38,12.5,12.0,3,65.5,80.9,9.9,7.9,10000550.0
2883,Bogotá,Profesionales,10.2,60.17,69.9,19,5.55,16.8,17.9,1,72.2,72.3,96.7,6.9,12984942.0
2884,Pereira,Información,12.5,64.33,52.8,28,4.1,7.9,2.4,3,60.5,48.7,40.7,7.2,10918621.0
2885,Otras,Energía,7.1,73.78,64.9,34,4.54,20.0,-0.6,1,58.2,54.8,59.4,6.3,12856075.0
2886,Bogotá,Manufactura,12.4,26.39,69.4,3,5.84,18.0,8.4,1,73.2,80.6,42.4,6.4,9485285.0
2887,Barranquilla,Manufactura,8.7,4.88,46.2,12,4.23,15.9,13.3,2,60.5,50.7,9.3,7.2,7868891.0
2888,Pereira,Construcción,15.3,62.11,49.0,3,3.14,18.2,6.0,1,61.4,54.0,79.1,6.2,5937889.0
2889,Bogotá,Agricultura,4.7,73.11,51.9,5,3.17,18.3,11.5,2,61.9,70.6,52.7,5.6,7481105.0
2890,Medellín,Profesionales,38.2,59.37,66.2,23,4.51,18.8,-0.7,1,67.4,72.5,1.1,7.2,11545676.0
2891,Pereira,Información,23.4,68.88,63.7,20,4.92,15.8,12.8,2,73.9,63.6,70.4,6.4,12536985.0
2892,Cali,Profesionales,22.1,9.93,73.7,6,4.43,5.6,-2.4,1,72.6,71.1,58.5,4.7,8974917.0
2893,Bogotá,Comercio,14.1,2.92,64.1,19,4.25,21.0,-0.6,3,66.4,73.7,56.1,6.1,10588863.0
2894,Otras,Profesionales,4.2,10.58,73.8,30,4.73,17.3,14.5,2,66.1,62.0,92.4,5.7,13645591.0
2895,Pereira,Salud,11.7,0.95,55.8,74,4.48,23.4,5.7,3,60.9,64.8,84.8,6.7,19762784.0
2896,Cali,Hoteles,24.0,20.3,57.8,270,3.47,25.9,9.8,0,58.2,70.3,34.1,5.2,43490265.0
2897,Medellín,Hoteles,3.7,7.74,60.5,48,3.13,24.4,1.2,1,58.3,63.0,82.3,7.6,11611302.0
2898,Barranquilla,Comercio,15.2,60.06,57.8,14,2.95,23.5,11.5,1,63.7,66.9,39.2,5.8,8418064.0
2899,Bogotá,Profesionales,4.4,52.81,56.2,3,4.1,14.6,14.4,1,67.6,81.3,74.8,6.4,8005340.0
2900,Cali,Comercio,19.7,57.74,57.6,14,3.71,28.7,5.5,2,70.0,60.2,25.5,6.7,11199366.0
2901,Barranquilla,Energía,4.5,58.26,65.0,7,4.46,6.4,15.4,1,74.2,56.5,97.7,6.6,9052272.0
2902,Cali,Agricultura,26.0,75.11,52.1,12,2.84,28.5,1.2,1,71.9,58.9,2.8,6.5,7706903.0
2903,Bogotá,Comercio,9.6,47.31,59.5,10,4.98,27.5,12.8,0,64.5,78.6,85.5,5.5,8842633.0
2904,Bogotá,Manufactura,10.0,74.1,72.0,26,5.04,14.1,8.8,1,66.7,81.6,56.2,5.9,13736047.0
2905,Bogotá,Comercio,3.4,60.25,62.5,2,3.99,28.6,4.5,0,54.5,80.2,13.2,5.8,6070559.0
2906,Barranquilla,Transporte,7.0,37.13,45.3,8,4.52,27.6,15.1,0,59.5,63.4,27.9,4.9,6412663.0
2907,Barranquilla,Información,2.8,72.26,65.0,5,5.13,8.5,6.9,0,54.9,67.6,54.6,6.6,7129916.0
2908,Cartagena,Comercio,2.7,58.88,54.8,114,3.83,24.0,-0.9,0,58.9,63.3,22.2,5.8,22373466.0
2909,Barranquilla,Comercio,20.2,10.47,61.9,4,2.8,29.4,18.1,0,72.1,65.8,70.0,6.0,8064344.0
2910,Pereira,Comercio,44.1,13.91,52.7,33,2.06,26.5,0.2,3,78.5,57.5,50.6,7.9,10496624.0
2911,Otras,Comercio,31.3,62.23,46.4,99,3.04,28.5,4.4,1,72.0,49.4,37.5,5.7,17305283.0
2912,Medellín,Manufactura,27.5,44.07,64.5,12,4.36,23.6,5.3,2,73.3,68.0,25.7,5.8,10498564.0
2913,Barranquilla,Comercio,2.4,8.46,51.3,8,3.86,33.1,11.4,0,51.6,53.0,42.1,6.3,6061701.0
2914,Cali,Transporte,5.8,77.42,67.2,18,3.73,20.4,-5.2,2,68.5,79.4,17.1,7.2,10828042.0
2915,Bogotá,Profesionales,6.1,24.55,63.9,21,4.34,12.2,12.6,1,68.7,89.5,19.4,6.9,11000468.0
2916,Medellín,Financiero,6.3,34.22,69.7,20,3.96,3.6,10.0,1,64.0,74.3,7.1,6.8,11311471.0
2917,Cali,Transporte,6.7,60.91,36.0,151,3.61,17.0,7.0,5,54.5,51.6,20.8,7.0,27473994.0
2918,Bogotá,Comercio,9.9,54.17,55.1,10,3.07,26.8,18.5,0,63.9,61.6,38.8,6.0,7664003.0
2919,Medellín,Manufactura,9.2,74.26,68.2,3,4.27,19.8,2.0,1,77.4,62.0,55.8,6.5,8067756.0
2920,Cartagena,Comercio,6.9,72.97,40.0,11,3.96,37.9,1.4,0,59.4,50.4,20.5,5.2,5422040.0
2921,Barranquilla,Transporte,10.4,9.57,42.7,15,3.85,28.2,8.1,1,54.2,60.4,60.8,6.4,7796390.0
2922,Cali,Manufactura,14.1,58.95,74.4,68,4.27,24.7,4.9,5,74.0,72.4,16.4,7.8,21072277.0
2923,Bucaramanga,Construcción,8.8,17.46,60.1,15,4.2,27.5,6.6,0,61.4,51.4,45.9,4.9,8755000.0
2924,Pereira,Hoteles,20.6,40.85,24.8,54,2.33,27.1,5.2,2,54.7,44.4,47.9,5.5,9579072.0
2925,Medellín,Profesionales,5.1,59.37,61.4,3,4.38,14.4,1.8,2,54.0,74.1,1.8,7.5,6797344.0
2926,Bucaramanga,Comercio,3.9,73.07,66.1,24,4.44,30.2,8.1,0,62.2,70.0,80.2,6.8,10665793.0
2927,Bogotá,Comercio,3.7,2.78,48.0,14,4.08,32.1,15.6,1,44.2,57.5,16.6,6.5,6744342.0
2928,Pereira,Construcción,2.5,65.71,48.0,62,2.4,26.6,11.3,1,50.5,65.6,61.3,7.9,11223554.0
2929,Medellín,Transporte,14.0,50.25,55.5,14,4.38,23.0,0.2,2,69.3,70.7,32.7,7.8,9597893.0
2930,Otras,Manufactura,18.0,19.87,67.3,16,4.03,14.9,11.6,1,70.3,45.6,26.1,6.0,10508776.0
2931,Bogotá,Comercio,18.4,24.89,57.8,16,3.56,30.1,9.2,1,74.5,66.5,58.3,7.0,9253989.0
2932,Bucaramanga,Información,15.0,12.89,59.9,10,3.73,19.5,8.5,1,72.2,62.5,73.3,6.6,8779487.0
2933,Bogotá,Manufactura,19.8,67.69,64.0,29,5.01,15.2,-8.6,1,72.9,57.4,71.7,6.3,12356740.0
2934,Cali,Construcción,9.8,1.99,59.5,6,3.86,21.4,9.4,1,68.9,61.2,4.3,4.8,7701790.0
2935,Medellín,Agricultura,9.3,6.14,55.6,39,2.72,16.5,15.2,1,63.5,72.0,10.4,6.6,10904561.0
2936,Bogotá,Comercio,3.3,49.64,52.8,48,3.72,26.4,11.9,0,61.5,65.2,48.2,5.4,12562324.0
2937,Medellín,Financiero,14.7,23.47,77.2,4,5.39,11.2,9.3,1,69.9,70.7,53.7,5.6,9248632.0
2938,Barranquilla,Información,22.3,72.27,58.6,27,4.93,17.9,10.7,2,74.9,57.5,74.5,7.0,12989638.0
2939,Medellín,Comercio,4.7,49.23,55.2,2,5.01,18.1,8.3,0,65.0,72.8,13.3,5.6,6594963.0
2940,Cali,Hoteles,17.1,46.96,54.3,10,3.37,32.5,5.0,1,71.3,68.0,82.1,7.3,7703441.0
2941,Cali,Financiero,13.0,66.14,65.7,4,5.17,18.0,3.8,1,71.5,59.0,37.4,5.7,8192746.0
2942,Otras,Agricultura,19.8,62.84,58.8,17,2.01,11.2,-3.0,2,71.5,50.8,82.2,6.9,7997964.0
2943,Bogotá,Manufactura,11.2,34.85,72.7,5,5.18,27.2,4.6,0,68.8,60.3,37.2,5.4,8464676.0
2944,Medellín,Comercio,13.2,25.89,47.1,14,4.04,18.2,3.3,1,67.0,62.5,41.8,5.8,8106828.0
2945,Medellín,Comercio,7.3,2.02,58.6,5,3.75,24.7,6.6,0,64.0,66.5,9.7,6.5,6863060.0
2946,Bogotá,Transporte,6.2,19.93,58.6,64,3.67,23.0,21.9,3,63.2,76.9,81.7,7.6,17296283.0
2947,Medellín,Salud,5.2,7.16,65.7,13,3.83,14.6,5.1,0,64.6,72.9,15.9,6.7,8789239.0
2948,Medellín,Comercio,22.9,38.51,54.7,19,3.45,23.1,8.6,1,70.4,67.2,22.5,6.1,9495118.0
2949,Cali,Agricultura,5.1,59.91,53.0,47,3.46,30.8,11.0,1,57.2,61.4,12.6,5.9,12203122.0
2950,Bogotá,Manufactura,5.7,36.83,71.1,11,4.26,21.0,3.5,1,68.1,71.3,96.5,6.4,9668525.0
2951,Cali,Comercio,60.0,68.84,49.0,2,4.46,25.1,3.9,2,82.4,54.4,61.4,6.9,7452360.0
2952,Bogotá,Profesionales,9.6,28.9,60.5,7,4.69,11.3,9.9,0,74.1,68.4,10.2,5.5,8713875.0
2953,Bogotá,Comercio,2.6,45.86,66.7,14,3.46,26.5,7.4,0,68.9,78.1,63.6,5.6,8634955.0
2954,Bucaramanga,Hoteles,20.2,47.07,58.1,9,3.68,25.7,7.3,0,78.1,59.3,55.4,6.2,7959471.0
2955,Medellín,Transporte,12.8,41.32,60.7,4,3.72,22.6,9.2,1,65.8,59.5,60.5,5.8,7360318.0
2956,Bogotá,Comercio,7.0,10.95,64.4,10,4.17,26.7,2.9,0,66.9,76.8,36.2,6.3,7851664.0
2957,Cali,Construcción,5.6,14.41,58.8,18,3.35,23.4,6.1,0,67.7,56.0,67.4,6.5,8707295.0
2958,Manizales,Profesionales,3.2,52.34,63.7,2,4.19,23.6,6.6,0,69.2,65.7,65.6,6.0,6761909.0
2959,Otras,Hoteles,13.0,30.79,42.4,43,1.94,27.8,11.0,2,55.9,49.9,23.3,6.4,8927316.0
2960,Bogotá,Construcción,5.3,13.49,69.2,7,4.98,20.0,9.4,3,82.7,71.3,45.9,6.0,10646867.0
2961,Bogotá,Comercio,5.5,60.64,42.8,24,4.03,20.9,4.4,2,59.1,69.9,80.1,7.8,9724165.0
2962,Bogotá,Comercio,8.4,43.44,47.4,19,4.19,15.4,0.5,0,74.4,61.1,26.4,6.4,8737065.0
2963,Cali,Comercio,8.0,25.31,48.5,7,3.31,22.5,9.4,1,55.0,60.1,4.2,6.6,6276311.0
2964,Medellín,Hoteles,18.6,8.97,49.4,31,3.55,26.0,12.0,4,55.1,58.5,79.7,7.2,10632220.0
2965,Bogotá,Profesionales,6.1,14.9,64.4,19,5.47,14.3,-3.8,3,75.5,62.6,64.6,7.0,12130868.0
2966,Otras,Manufactura,47.8,40.14,41.8,20,4.21,14.3,4.2,2,59.7,41.4,1.2,6.0,9066056.0
2967,Barranquilla,Profesionales,5.3,48.69,71.2,53,3.68,7.4,12.9,2,65.8,70.9,41.3,6.1,15950593.0
2968,Pereira,Información,60.0,17.49,63.2,57,5.24,4.7,-0.3,3,84.5,60.1,4.2,8.5,20528007.0
2969,Otras,Manufactura,12.1,68.43,64.0,12,4.15,18.6,14.9,1,69.8,66.5,49.0,5.5,9730835.0
2970,Bogotá,Hoteles,13.9,36.5,53.8,5,3.61,27.4,-6.5,1,79.1,63.1,6.7,5.1,7187791.0
2971,Bogotá,Información,7.0,56.86,72.4,7,5.06,10.0,5.4,3,76.6,82.6,86.3,7.3,10910608.0
2972,Cali,Manufactura,3.9,8.13,49.7,47,3.05,11.3,2.2,2,59.1,62.4,64.7,6.0,11395310.0
2973,Cartagena,Comercio,6.3,46.1,54.0,26,2.99,27.7,20.0,1,60.4,63.1,38.0,6.8,9292237.0
2974,Medellín,Manufactura,30.2,59.07,62.5,49,2.77,14.7,4.9,1,68.4,69.7,89.8,6.8,13058369.0
2975,Bucaramanga,Información,4.7,50.57,82.2,8,4.14,18.2,5.3,0,57.1,59.9,70.5,6.3,8295484.0
2976,Bogotá,Minas,11.1,59.73,68.1,32,4.83,6.1,8.3,1,77.9,76.3,70.2,7.1,14509213.0
2977,Otras,Comercio,27.3,4.82,48.3,6,3.51,23.3,-2.0,0,71.9,42.9,50.2,6.4,5743998.0
2978,Bogotá,Comercio,4.8,21.5,55.3,7,2.85,36.3,13.4,1,47.8,59.1,64.8,6.3,5808604.0
2979,Bogotá,Manufactura,13.0,60.13,77.7,24,4.11,17.2,8.0,1,81.8,66.8,88.0,6.6,13576918.0
2980,Barranquilla,Manufactura,10.5,15.56,37.6,4,4.14,25.6,8.2,3,46.8,44.6,38.5,5.8,5302102.0
2981,Bucaramanga,Comercio,13.2,74.66,58.0,15,3.05,17.8,10.8,0,58.2,64.7,81.4,6.6,8317529.0
2982,Bucaramanga,Información,14.1,29.57,72.9,26,5.38,12.0,9.1,2,71.0,70.9,39.7,6.9,14228876.0
2983,Bogotá,Energía,16.3,65.91,71.7,2,5.32,5.8,11.1,0,72.3,76.5,46.8,5.7,8747115.0
2984,Bogotá,Profesionales,32.4,12.39,82.6,39,5.7,21.5,7.6,3,92.9,83.0,56.7,7.7,20453450.0
2985,Bogotá,Transporte,9.2,56.77,65.1,13,3.53,18.4,7.2,1,58.4,69.0,98.1,5.6,12389225.0
2986,Bogotá,Comercio,19.1,4.45,56.4,73,2.78,15.3,6.9,0,70.4,73.0,89.0,6.8,14822470.0
2987,Cartagena,Comercio,19.5,16.24,55.3,5,3.56,22.6,8.0,2,76.6,66.9,21.0,6.8,8577267.0
2988,Manizales,Información,20.2,51.71,59.0,3,4.21,15.6,13.6,3,67.0,52.3,61.9,7.5,8247561.0
2989,Bogotá,Manufactura,2.9,64.99,70.5,19,3.86,19.1,10.2,0,69.1,78.7,97.0,6.6,10443814.0
2990,Pereira,Minas,4.9,29.11,61.5,10,4.63,8.4,10.2,0,58.5,63.4,54.7,6.2,8161636.0
2991,Medellín,Comercio,25.8,31.46,67.8,22,3.46,24.8,7.1,1,89.0,65.4,36.4,5.6,12205938.0
2992,Medellín,Transporte,3.2,57.39,43.3,10,3.37,30.4,-2.5,2,59.4,61.0,82.3,7.1,6144150.0
2993,Medellín,Comercio,11.8,42.96,43.8,4,3.68,20.4,1.0,0,51.3,61.0,19.8,5.2,4604073.0
2994,Bogotá,Financiero,2.6,3.68,77.9,12,5.02,9.9,2.9,0,70.0,78.0,56.2,6.0,10728818.0
2995,Bogotá,Profesionales,4.0,67.79,63.6,25,5.0,17.7,0.9,2,64.3,68.8,48.4,6.3,12080627.0
2996,Cartagena,Transporte,16.6,42.35,45.9,6,3.53,25.5,1.6,1,57.0,61.4,33.8,6.3,5631655.0
2997,Medellín,Profesionales,16.9,50.69,62.0,21,4.04,24.4,-1.6,0,78.5,69.3,75.9,5.9,10375879.0
2998,Bogotá,Transporte,25.8,38.97,68.5,13,3.55,12.7,11.5,3,72.7,62.1,18.4,6.4,10946295.0
2999,Barranquilla,Comercio,11.6,56.02,60.5,6,3.77,32.1,13.9,0,69.4,55.3,78.4,4.7,7624105.0
3000,Medellín,Comercio,20.8,58.73,67.6,9,4.33,32.6,3.0,0,76.4,72.0,96.9,5.6,8718603.0
3001,Barranquilla,Comercio,7.7,17.53,50.2,2,3.66,28.0,4.1,1,52.9,54.5,92.6,6.7,5199715.0
3002,Medellín,Transporte,5.3,23.11,55.8,13,3.64,21.4,-1.2,1,57.9,77.9,56.1,6.6,7839715.0
3003,Medellín,Hoteles,5.1,64.04,53.7,1,3.21,30.2,0.3,1,61.8,70.0,66.2,5.9,6223893.0
3004,Pereira,Comercio,3.6,54.89,43.5,7,3.37,32.3,3.3,2,48.0,51.3,47.1,7.2,4935096.0
3005,Bogotá,Información,3.7,3.28,72.8,4,5.72,17.2,8.4,1,66.9,67.1,48.8,5.5,8869030.0
3006,Bogotá,Minas,42.7,56.38,58.5,61,5.25,12.1,2.5,0,68.5,73.3,69.3,4.9,19922501.0
3007,Bogotá,Comercio,6.5,74.86,52.8,245,3.63,28.7,1.0,0,58.8,69.6,8.6,5.8,40119188.0
3008,Bogotá,Comercio,6.0,20.89,69.5,4,3.23,33.8,10.2,1,65.4,71.4,17.3,7.0,7442738.0
3009,Pereira,Hoteles,3.9,23.54,44.0,25,2.66,34.2,2.0,0,48.7,48.8,56.5,5.8,7085813.0
3010,Medellín,Comercio,12.9,73.07,55.1,3,3.37,26.4,11.1,4,56.3,70.0,45.3,8.4,7612021.0
3011,Medellín,Construcción,12.3,35.59,64.9,38,4.29,25.0,12.8,1,67.5,66.0,42.2,6.9,14177422.0
3012,Bogotá,Comercio,23.9,14.49,70.7,18,3.65,26.5,5.9,0,77.4,61.9,48.6,5.5,10282142.0
3013,Bogotá,Comercio,16.1,65.95,64.1,6,3.6,17.2,8.4,1,59.8,75.5,51.1,6.9,7675019.0
3014,Bucaramanga,Información,6.3,3.79,76.9,20,5.04,15.9,7.3,0,67.7,77.0,62.7,5.6,11967074.0
3015,Bogotá,Hoteles,9.7,33.37,73.0,1,2.49,39.5,1.4,2,81.1,68.4,89.6,6.3,8559332.0
3016,Medellín,Hoteles,12.2,8.19,45.2,10,3.05,22.9,2.2,0,52.0,56.8,56.9,5.7,5684927.0
3017,Bogotá,Profesionales,5.2,27.18,79.6,27,5.15,8.1,0.0,3,76.6,69.8,38.9,9.0,14747362.0
3018,Medellín,Comercio,4.1,42.13,69.1,9,3.97,23.4,11.3,1,72.5,65.9,54.5,6.4,9126459.0
3019,Medellín,Comercio,10.4,46.33,45.5,6,4.45,25.8,12.2,2,51.6,60.4,40.8,5.7,6756034.0
3020,Otras,Información,7.4,30.66,77.1,75,4.36,17.0,-4.0,0,70.2,67.4,65.0,4.4,20845780.0
3021,Bogotá,Hoteles,3.6,51.44,68.8,7,4.18,31.8,7.7,0,76.3,71.3,4.2,5.9,8894917.0
3022,Medellín,Comercio,7.8,30.53,53.5,9,3.26,19.5,5.7,3,54.2,63.1,84.0,8.4,7391264.0
3023,Bogotá,Financiero,9.4,63.17,77.6,94,5.02,6.9,5.6,0,70.2,67.8,17.6,6.8,26990748.0
3024,Bogotá,Comercio,5.9,3.47,60.1,25,4.73,23.5,2.7,2,58.0,68.6,63.3,7.6,11251806.0
3025,Bogotá,Comercio,6.1,33.36,68.9,16,3.69,25.3,12.7,1,70.8,78.0,38.5,5.9,10366294.0
3026,Manizales,Manufactura,14.2,29.53,52.4,10,3.64,8.0,-9.9,1,68.1,61.4,38.9,6.1,7516962.0
3027,Bogotá,Comercio,9.7,15.14,52.4,7,2.75,22.6,5.6,6,51.2,59.6,64.8,7.5,7748608.0
3028,Bucaramanga,Profesionales,24.0,71.66,70.0,28,4.37,10.7,2.0,0,80.2,72.5,59.9,6.9,12923885.0
3029,Barranquilla,Comercio,9.2,54.4,67.4,10,4.35,24.8,6.7,1,65.0,65.8,53.9,7.0,9117643.0
3030,Bucaramanga,Manufactura,8.0,6.71,60.5,23,4.02,22.2,3.7,0,67.4,58.8,88.0,5.7,9872214.0
3031,Bogotá,Comercio,60.0,44.29,64.6,17,3.8,15.3,3.5,0,82.7,70.3,94.4,6.5,16672126.0
3032,Bogotá,Construcción,7.3,51.47,69.6,15,4.38,28.4,11.2,0,66.6,66.2,65.5,6.7,9764444.0
3033,Barranquilla,Manufactura,8.1,10.62,54.5,35,3.47,20.9,4.7,2,51.6,53.1,1.7,6.8,10164369.0
3034,Bogotá,Hoteles,37.1,59.52,50.0,11,3.67,25.8,2.7,3,77.7,66.9,19.1,7.2,9079721.0
3035,Pereira,Manufactura,11.8,11.8,54.9,18,3.32,18.6,-5.5,3,69.8,60.7,10.0,6.6,9265879.0
3036,Bogotá,Salud,6.0,45.46,80.0,43,4.2,13.1,4.1,1,76.0,79.1,66.2,5.6,15982856.0
3037,Medellín,Energía,21.9,73.96,72.8,14,6.04,0.0,14.0,0,81.8,70.3,18.3,6.2,12799988.0
3038,Cali,Profesionales,9.5,77.97,67.6,13,5.08,19.1,3.0,0,71.7,60.0,13.2,6.2,9803949.0
3039,Cartagena,Información,47.6,17.34,62.5,26,3.63,13.8,2.1,1,72.0,63.0,17.5,5.5,10956368.0
3040,Medellín,Información,6.4,38.21,54.3,40,3.7,12.7,15.6,2,57.4,64.8,8.3,6.3,12973182.0
3041,Bucaramanga,Salud,33.1,66.34,75.1,7,4.54,10.9,9.3,1,79.5,72.4,24.9,6.1,10831532.0
3042,Bucaramanga,Comercio,3.6,41.21,53.1,6,3.03,21.4,12.2,1,64.3,77.3,27.1,6.1,7214642.0
3043,Cali,Comercio,3.1,9.16,57.8,11,4.04,16.3,9.8,2,62.5,67.0,3.3,6.3,8701364.0
3044,Cali,Transporte,3.4,74.68,69.6,15,4.5,27.2,-5.6,1,58.1,65.6,64.2,5.9,9268364.0
3045,Medellín,Comercio,11.0,37.96,64.2,15,3.65,27.5,-0.5,3,66.9,68.8,68.9,8.1,9459592.0
3046,Medellín,Comercio,12.0,53.17,56.6,11,3.26,18.8,4.6,1,74.0,72.2,9.4,7.0,8828672.0
3047,Medellín,Financiero,10.9,63.97,64.9,10,5.45,3.3,4.2,0,67.2,64.0,66.4,6.4,8847432.0
3048,Medellín,Profesionales,3.5,79.03,66.0,10,5.42,19.9,6.9,1,61.9,68.5,92.5,5.3,9033998.0
3049,Medellín,Manufactura,8.1,62.29,61.5,18,3.9,12.5,9.6,1,61.0,62.5,67.4,5.5,9600014.0
3050,Cali,Transporte,2.4,43.49,41.2,3,3.99,15.4,3.0,3,63.4,59.0,66.2,6.2,6405510.0
3051,Medellín,Manufactura,9.6,45.87,58.4,10,3.69,21.6,1.2,1,55.4,68.0,36.1,7.4,7413826.0
3052,Bogotá,Hoteles,14.0,54.21,55.6,6,3.4,21.4,5.7,2,60.3,62.4,79.0,6.0,7573393.0
3053,Medellín,Agricultura,9.9,1.28,58.3,8,3.55,14.8,10.3,1,58.2,61.3,36.9,5.9,7507556.0
3054,Cali,Minas,10.7,35.57,59.3,13,5.01,7.4,12.0,1,65.1,68.6,66.2,6.4,9619993.0
3055,Barranquilla,Construcción,9.8,72.32,62.5,10,3.62,20.9,1.8,1,69.7,57.6,90.8,6.8,8026769.0
3056,Pereira,Comercio,19.9,72.98,50.7,10,3.68,21.1,-4.1,1,68.0,60.5,95.8,6.7,7019896.0
3057,Bogotá,Hoteles,13.8,6.82,40.0,24,3.44,40.0,2.9,0,58.3,55.7,52.8,5.7,7061172.0
3058,Otras,Construcción,9.1,6.09,58.7,8,3.68,24.6,17.9,2,63.9,59.8,51.1,5.8,8385029.0
3059,Bogotá,Energía,2.5,64.02,69.5,109,5.4,5.6,11.2,2,77.3,72.9,16.1,6.3,32741947.0
3060,Bogotá,Comercio,13.1,41.17,57.7,10,3.78,28.0,-3.6,0,62.5,68.8,4.1,7.4,7169093.0
3061,Bogotá,Profesionales,17.7,43.67,63.1,11,4.52,15.7,4.3,1,81.4,65.6,28.0,7.3,9758021.0
3062,Bogotá,Construcción,30.0,37.53,64.9,11,3.74,20.9,2.4,2,80.0,86.5,13.7,7.3,10307225.0
3063,Medellín,Hoteles,13.9,18.81,44.5,16,3.67,22.2,3.4,2,57.7,54.3,44.4,6.5,7796779.0
3064,Bogotá,Información,5.7,68.86,57.1,23,5.65,17.9,5.7,0,57.1,60.4,18.6,5.3,11098452.0
3065,Medellín,Comercio,9.1,18.86,67.5,8,4.49,26.7,2.5,2,78.5,63.8,41.9,7.6,8943241.0
3066,Bogotá,Financiero,12.0,31.49,51.2,6,4.53,11.2,-5.4,0,67.5,60.0,94.9,5.4,8477515.0
3067,Bogotá,Profesionales,6.2,71.81,69.4,4,5.13,17.7,-2.4,2,62.9,79.6,9.7,7.6,8567644.0
3068,Otras,Información,3.2,40.68,67.1,12,4.61,14.8,7.5,4,68.4,70.8,80.5,8.8,10859491.0
3069,Medellín,Información,10.4,6.8,80.0,26,5.23,8.6,9.7,2,71.6,70.2,31.3,5.9,14994837.0
3070,Bogotá,Agricultura,17.5,62.67,42.1,4,2.38,16.1,5.3,1,59.7,61.9,85.0,6.2,5809774.0
3071,Barranquilla,Comercio,9.4,15.2,51.1,20,2.64,29.7,14.2,2,56.5,64.7,84.2,5.6,8084870.0
3072,Medellín,Información,7.9,55.91,60.4,7,4.28,15.3,11.7,0,65.8,76.9,1.4,7.3,7979120.0
3073,Bogotá,Profesionales,5.8,50.05,64.4,7,5.31,19.6,12.7,0,59.9,71.9,30.5,6.0,7821030.0
3074,Pereira,Información,5.4,66.72,77.1,3,5.63,18.6,9.0,0,72.9,75.9,74.5,4.7,8697716.0
3075,Bogotá,Comercio,43.9,25.14,73.8,9,4.56,18.4,7.1,1,82.8,71.1,39.2,5.7,11388160.0
3076,Bogotá,Minas,7.9,30.49,64.2,8,6.33,11.4,6.2,1,70.4,74.0,27.4,6.7,9853196.0
3077,Barranquilla,Construcción,6.9,4.58,53.0,17,3.45,29.1,12.0,1,61.1,56.5,18.9,5.1,8090174.0
3078,Cali,Profesionales,5.1,79.77,67.5,19,4.78,4.7,8.8,0,66.2,73.0,9.0,5.0,10640945.0
3079,Barranquilla,Agricultura,3.2,41.72,42.6,4,2.49,18.2,1.1,0,50.6,54.4,89.4,7.8,4553502.0
3080,Cartagena,Manufactura,8.7,24.83,44.7,9,3.09,6.8,10.6,0,58.0,48.5,62.4,6.1,6164206.0
3081,Bogotá,Minas,5.3,43.79,77.8,6,5.32,22.1,-1.9,2,70.3,79.5,79.1,7.2,10172849.0
3082,Bogotá,Construcción,6.3,49.38,72.1,16,4.21,30.1,16.4,0,69.1,71.4,70.6,6.8,10610181.0
3083,Cali,Manufactura,8.7,4.1,67.9,7,3.67,12.1,6.4,1,67.3,59.5,69.9,5.6,8479401.0
3084,Otras,Construcción,4.7,74.72,33.7,20,3.07,31.0,4.8,2,54.7,46.5,31.2,6.4,5897083.0
3085,Pereira,Comercio,9.4,56.76,52.0,15,3.28,17.2,-3.5,1,60.5,57.6,59.6,6.9,7001711.0
3086,Bogotá,Transporte,22.2,75.27,62.1,9,4.41,15.0,14.2,2,61.1,63.4,18.8,6.1,9283773.0
3087,Medellín,Comercio,16.0,9.74,70.4,1,3.83,26.8,6.9,2,73.1,73.9,54.1,6.1,8791391.0
3088,Bogotá,Profesionales,16.1,22.32,65.5,12,4.27,18.8,6.8,0,76.5,71.3,9.0,6.0,9039702.0
3089,Medellín,Comercio,13.0,11.42,65.5,1,3.76,19.6,-0.5,3,65.4,69.6,99.1,7.8,7625304.0
3090,Medellín,Transporte,2.1,76.51,52.7,1,4.0,32.5,8.3,2,60.7,63.7,46.7,5.2,6060909.0
3091,Medellín,Manufactura,8.5,60.52,57.0,3,3.91,24.1,13.8,0,63.5,70.5,51.2,5.5,6830658.0
3092,Cartagena,Minas,8.5,61.35,66.7,12,5.08,9.8,6.4,0,65.5,66.9,10.5,6.0,8991182.0
3093,Cartagena,Hoteles,15.7,37.31,54.2,6,3.54,31.0,11.9,1,75.8,52.3,18.5,6.9,7292677.0
3094,Bogotá,Profesionales,42.2,67.13,75.1,28,4.24,3.4,12.6,0,93.5,71.5,97.1,4.5,22827268.0
3095,Bogotá,Manufactura,28.1,56.14,62.0,108,4.74,19.9,4.7,10,78.9,71.0,91.8,9.6,32024085.0
3096,Bogotá,Agricultura,5.8,10.34,47.2,11,3.27,22.8,4.5,0,57.7,62.3,25.8,7.3,6152464.0
3097,Medellín,Comercio,4.0,9.22,63.2,9,3.57,22.7,13.6,0,63.7,70.7,26.3,6.2,7803606.0
3098,Otras,Transporte,16.7,16.21,45.3,5,2.73,19.2,8.0,1,58.3,54.8,66.4,5.6,5981724.0
3099,Cali,Manufactura,14.6,5.7,58.8,38,4.9,19.6,6.9,1,66.1,63.7,42.0,6.9,13743447.0
3100,Medellín,Información,7.2,31.4,70.7,11,5.21,8.3,8.3,1,63.0,76.2,90.7,6.2,10208802.0
3101,Medellín,Hoteles,7.3,58.88,45.1,50,3.33,40.6,4.7,3,52.8,61.1,52.4,6.7,11738466.0
3102,Cali,Manufactura,12.8,65.6,54.7,10,4.15,11.6,-0.3,3,64.7,60.6,23.2,7.1,8296325.0
3103,Bogotá,Comercio,5.6,48.13,69.9,19,3.82,26.8,9.4,2,79.0,72.8,40.8,7.1,11333619.0
3104,Pereira,Comercio,14.8,63.19,60.6,4,2.9,31.6,0.6,1,74.0,63.5,80.5,6.0,7026071.0
3105,Bogotá,Hoteles,14.5,77.66,50.0,8,3.28,22.3,-3.2,0,65.9,57.0,69.9,5.5,6246808.0
3106,Bogotá,Profesionales,24.2,22.92,78.7,5,4.97,11.5,17.3,4,82.3,75.2,4.4,7.7,12940262.0
3107,Cali,Manufactura,8.7,25.43,55.2,32,4.36,21.5,6.6,4,65.8,70.5,32.7,7.4,13090421.0
3108,Bogotá,Comercio,20.4,68.35,39.4,4,4.04,28.3,-5.7,1,61.5,74.1,99.0,5.7,5159390.0
3109,Otras,Hoteles,2.4,48.59,44.8,8,3.28,28.2,5.5,0,64.7,33.9,53.7,5.6,5448942.0
3110,Bogotá,Comercio,10.4,47.9,53.0,54,3.35,36.1,0.2,3,54.5,73.8,60.6,7.5,13032841.0
3111,Cartagena,Manufactura,4.8,58.88,68.9,25,4.31,28.6,22.0,1,86.0,63.7,60.3,6.6,12797579.0
3112,Medellín,Financiero,8.5,25.41,69.5,32,5.97,19.5,13.6,1,71.0,68.2,49.2,6.0,15964260.0
3113,Bogotá,Manufactura,5.4,66.43,79.7,11,3.85,24.5,8.5,4,66.9,68.6,94.1,6.9,11129867.0
3114,Cali,Información,19.6,41.47,63.6,31,4.39,7.2,4.5,2,76.9,78.5,22.6,6.4,14360624.0
3115,Cali,Comercio,4.6,78.43,41.9,16,3.98,36.2,3.3,2,51.6,58.9,40.2,6.4,6938950.0
3116,Medellín,Agricultura,37.3,20.38,37.7,29,3.0,6.3,-2.6,2,67.6,57.5,45.9,7.8,8563833.0
3117,Manizales,Comercio,7.0,65.95,69.0,7,3.19,22.7,5.0,2,79.8,69.9,91.4,6.8,9541039.0
3118,Bogotá,Agricultura,2.8,63.72,43.6,5,3.42,17.9,11.5,0,59.5,57.3,31.2,5.8,5286637.0
3119,Barranquilla,Información,5.9,24.24,62.6,30,5.18,6.8,10.6,2,71.0,64.3,63.8,6.0,13759168.0
3120,Bogotá,Información,19.1,11.17,74.3,33,5.18,8.9,-0.4,3,73.3,74.2,36.4,6.6,15677278.0
3121,Barranquilla,Agricultura,2.0,50.97,43.2,15,2.88,25.0,8.6,2,54.8,52.9,29.9,7.0,7108759.0
3122,Bogotá,Comercio,12.7,12.98,65.4,23,4.17,20.0,-1.4,2,70.4,66.6,61.9,6.6,10706082.0
3123,Otras,Comercio,8.2,49.84,44.5,22,3.43,32.6,7.1,2,50.2,44.1,7.7,6.0,7481231.0
3124,Pereira,Profesionales,5.1,54.89,62.2,16,4.01,8.1,-1.1,0,62.7,52.5,53.8,6.7,8597593.0
3125,Cali,Comercio,9.2,31.4,66.7,20,4.42,22.6,5.0,1,67.3,71.0,10.7,6.5,10949312.0
3126,Barranquilla,Transporte,9.5,75.99,57.4,24,3.27,31.5,11.0,1,58.2,54.4,29.5,5.8,8802078.0
3127,Medellín,Manufactura,22.0,51.9,65.4,68,3.48,9.3,8.3,0,65.9,80.4,95.8,4.7,16775951.0
3128,Cali,Información,14.0,3.44,68.2,9,4.05,20.2,11.8,1,59.3,70.6,4.4,5.5,8467607.0
3129,Bogotá,Información,28.3,16.53,67.3,14,5.21,10.7,3.9,0,68.7,75.3,1.8,5.5,10201119.0
3130,Manizales,Salud,32.9,11.77,77.9,14,5.08,17.5,6.4,0,79.3,68.8,48.8,5.7,12087913.0
3131,Cali,Salud,2.9,37.31,68.9,4,5.04,15.2,13.5,1,67.0,77.1,99.9,6.8,8458956.0
3132,Cali,Transporte,15.0,1.42,39.6,14,3.89,22.2,0.2,2,55.5,55.6,13.1,6.5,6585288.0
3133,Cali,Información,6.0,40.13,65.8,3,5.29,23.6,10.4,0,70.2,75.8,64.7,5.6,7877843.0
3134,Medellín,Comercio,11.4,24.37,40.8,7,3.4,33.6,6.9,0,64.7,64.6,59.7,5.4,5872077.0
3135,Bogotá,Información,6.7,40.93,60.9,12,4.61,4.1,-4.2,0,60.6,75.9,2.4,5.9,11590426.0
3136,Barranquilla,Profesionales,40.2,30.16,67.1,6,4.7,5.4,0.3,1,78.8,59.8,58.7,5.9,8662398.0
3137,Bogotá,Comercio,4.4,59.41,69.7,5,3.38,33.2,6.8,1,63.0,73.8,39.2,6.0,8136432.0
3138,Medellín,Comercio,14.4,53.88,57.5,7,4.65,35.6,11.1,1,76.4,66.4,5.4,5.9,8601980.0
3139,Bogotá,Comercio,8.2,29.93,57.4,8,3.78,31.1,5.8,1,53.3,76.6,23.9,5.7,6804743.0
3140,Bogotá,Comercio,12.0,48.21,70.2,13,3.99,27.8,5.4,0,72.0,73.8,73.9,7.1,12251159.0
3141,Cartagena,Comercio,5.6,41.87,47.4,20,2.84,39.9,6.8,1,53.4,53.8,11.1,5.7,9601253.0
3142,Medellín,Hoteles,16.7,34.53,54.7,15,3.6,32.1,-1.7,1,73.2,62.6,82.6,7.0,8382635.0
3143,Bucaramanga,Energía,12.9,7.37,83.4,20,4.89,5.5,6.7,0,68.5,72.5,33.4,6.5,12288152.0
3144,Cali,Construcción,7.8,58.01,49.7,1,3.74,25.6,4.7,0,52.8,65.2,22.8,4.4,5076747.0
3145,Bogotá,Manufactura,4.5,30.5,47.8,177,4.16,21.9,11.1,4,43.4,72.5,1.1,6.9,34843327.0
3146,Pereira,Manufactura,57.9,4.26,59.9,25,3.04,14.2,13.5,2,76.7,48.5,85.5,7.7,12267877.0
3147,Bogotá,Comercio,7.4,58.19,54.2,3,3.84,24.1,-2.9,1,68.4,71.1,72.5,6.7,6536281.0
3148,Medellín,Comercio,4.1,30.99,58.4,4,3.59,32.0,1.4,0,70.0,69.5,68.9,6.1,6652951.0
3149,Barranquilla,Transporte,18.9,79.87,54.1,27,3.54,22.4,3.6,2,60.7,71.9,56.3,6.4,10327008.0
3150,Barranquilla,Comercio,6.9,30.44,59.2,8,3.66,31.7,5.0,1,53.3,67.9,70.8,5.3,6964019.0
3151,Bogotá,Manufactura,27.6,24.06,65.4,11,3.73,14.4,-1.3,2,70.2,80.0,32.9,5.8,9458781.0
3152,Cali,Manufactura,8.6,23.51,65.6,58,3.26,26.1,-4.1,1,74.9,61.2,49.3,6.2,14899410.0
3153,Medellín,Transporte,10.3,26.54,67.0,59,3.86,12.6,-0.2,1,62.6,64.8,78.6,6.3,16049852.0
3154,Barranquilla,Hoteles,36.4,77.97,60.9,12,4.21,27.3,12.6,1,66.7,62.2,23.2,6.6,9770456.0
3155,Bogotá,Hoteles,3.0,68.01,57.8,2,3.07,37.8,14.1,0,50.3,72.6,71.1,5.4,5316771.0
3156,Cartagena,Manufactura,11.0,68.54,60.5,7,3.58,20.2,3.6,3,65.3,66.2,60.5,7.6,8294033.0
3157,Barranquilla,Agricultura,9.3,11.53,40.4,5,2.25,15.9,14.1,1,64.2,52.7,93.0,5.3,5740849.0
3158,Bogotá,Comercio,3.5,59.78,52.1,1,3.29,26.0,4.6,2,63.5,61.9,48.1,7.3,6260705.0
3159,Bogotá,Transporte,27.2,37.44,65.4,22,4.51,24.4,7.4,0,71.3,77.8,56.3,6.0,11204796.0
3160,Otras,Manufactura,9.2,46.42,70.8,15,3.92,23.3,6.9,2,56.9,45.4,38.0,6.8,9086103.0
3161,Medellín,Construcción,21.5,50.25,65.5,16,4.66,24.1,7.0,4,68.3,64.0,39.3,6.8,11856820.0
3162,Medellín,Comercio,8.1,39.97,47.4,7,3.21,33.6,3.4,2,58.2,61.5,51.7,5.5,5950176.0
3163,Bogotá,Manufactura,13.4,19.27,82.0,14,4.17,18.4,5.6,1,75.1,77.4,86.2,6.4,11645686.0
3164,Pereira,Comercio,24.6,33.72,39.3,9,3.72,32.3,15.0,1,60.7,57.2,28.6,5.7,6732607.0
3165,Barranquilla,Construcción,37.4,5.2,53.2,12,4.13,27.0,-0.1,1,71.2,65.8,87.3,6.7,8187641.0
3166,Barranquilla,Información,26.6,19.6,76.6,12,4.39,14.0,3.5,1,76.3,80.7,86.3,5.5,10872493.0
3167,Pereira,Manufactura,30.4,20.82,69.8,35,4.14,9.4,-0.5,2,74.4,66.4,8.4,6.5,14202492.0
3168,Cali,Manufactura,10.7,50.26,66.2,23,3.36,10.7,0.1,2,77.4,61.9,66.7,6.5,11199431.0
3169,Medellín,Comercio,21.4,45.29,46.1,13,3.73,16.2,3.8,1,60.7,66.6,63.5,6.4,7829717.0
3170,Pereira,Agricultura,3.4,45.38,58.2,3,2.5,22.1,0.9,1,71.0,65.9,41.1,6.2,6920658.0
3171,Bogotá,Comercio,30.3,52.84,50.1,30,3.5,26.4,5.1,1,65.6,68.3,58.5,5.5,10032723.0
3172,Cali,Salud,6.9,53.95,49.4,12,4.04,17.1,-0.9,3,62.7,56.9,3.0,8.1,7599784.0
3173,Bogotá,Manufactura,9.7,39.19,57.0,36,4.15,10.8,8.1,1,62.4,83.8,45.3,5.7,12957774.0
3174,Bogotá,Hoteles,9.5,41.71,60.8,1,3.69,31.5,10.7,0,69.9,70.5,43.2,6.4,6978275.0
3175,Bucaramanga,Hoteles,12.7,50.13,65.0,9,2.95,31.9,10.5,2,64.0,68.1,3.5,7.0,8477671.0
3176,Bogotá,Comercio,3.6,15.32,72.9,4,4.45,26.0,4.5,2,63.9,69.9,81.8,7.1,8246410.0
3177,Medellín,Manufactura,6.9,53.82,44.9,59,2.97,28.2,9.8,0,55.7,50.2,59.7,6.0,11866614.0
3178,Cali,Financiero,16.5,6.11,69.1,43,4.31,11.8,16.1,0,71.7,69.6,3.4,5.5,15973985.0
3179,Bogotá,Manufactura,5.6,43.07,78.8,19,4.88,13.3,6.7,1,73.9,73.3,84.1,6.4,12623430.0
3180,Cali,Financiero,3.9,48.77,67.9,2,5.09,12.9,8.8,0,61.8,63.7,42.0,5.7,6975012.0
3181,Bogotá,Profesionales,5.0,62.3,74.9,34,4.58,19.7,-9.3,2,75.8,77.9,43.3,5.9,14689021.0
3182,Bogotá,Transporte,4.0,6.22,67.0,11,3.93,25.4,2.5,1,66.0,69.2,33.9,6.9,8480809.0
3183,Bucaramanga,Manufactura,9.1,76.69,64.3,22,3.32,24.0,2.7,1,67.8,74.1,2.4,6.5,10033411.0
3184,Barranquilla,Construcción,3.6,20.98,69.5,5,3.32,23.1,6.5,0,68.2,55.2,66.9,5.2,7493691.0
3185,Bogotá,Transporte,11.1,27.28,58.5,18,3.67,24.9,16.5,1,66.8,71.9,44.9,7.0,10225948.0
3186,Pereira,Comercio,6.5,49.72,44.2,15,3.8,34.8,2.8,0,60.1,50.6,48.8,6.2,6465053.0
3187,Medellín,Agricultura,11.1,57.25,50.1,7,3.79,15.8,5.0,1,68.4,65.4,98.1,6.7,6899724.0
3188,Medellín,Financiero,25.5,18.12,70.8,25,4.54,6.8,2.8,1,89.9,75.4,70.4,5.8,14261273.0
3189,Bogotá,Manufactura,7.6,53.79,60.4,16,4.53,14.2,10.5,2,61.6,68.4,20.7,4.8,10004824.0
3190,Medellín,Manufactura,8.1,61.34,61.7,33,3.85,16.3,-4.7,4,75.1,62.9,40.1,7.2,12929200.0
3191,Bogotá,Comercio,40.3,34.73,54.0,12,3.79,12.6,12.6,0,78.7,68.3,82.6,6.3,9709635.0
3192,Bogotá,Información,8.6,38.5,61.8,13,4.91,20.3,3.0,1,68.8,74.6,47.2,6.3,9225941.0
3193,Bucaramanga,Hoteles,2.4,31.12,65.6,3,2.88,19.8,4.5,3,58.1,58.5,1.4,6.8,7507987.0
3194,Barranquilla,Comercio,60.0,3.4,67.0,96,4.06,16.8,8.1,3,100.0,61.8,62.7,6.8,26368153.0
3195,Bogotá,Información,31.6,51.85,72.0,30,5.52,0.0,7.5,2,66.2,77.4,6.4,6.1,15510752.0
3196,Bogotá,Comercio,5.2,79.0,60.7,19,4.07,22.7,6.9,1,72.2,66.9,84.7,6.0,9964232.0
3197,Manizales,Información,3.8,60.81,61.6,6,5.04,17.9,11.1,0,73.7,62.6,8.4,4.9,7952125.0
3198,Pereira,Manufactura,3.6,1.09,56.3,20,3.77,23.8,11.4,2,61.0,65.1,19.3,7.7,9748930.0
3199,Cali,Construcción,6.0,4.2,55.4,9,3.71,23.5,5.4,2,58.8,62.0,52.3,6.9,7555780.0
3200,Bogotá,Comercio,8.3,27.8,56.3,13,2.99,23.9,0.3,0,63.8,65.3,49.3,6.1,7233229.0
3201,Barranquilla,Comercio,19.5,74.22,44.5,34,3.63,18.8,7.3,0,57.2,51.5,41.2,6.6,9602835.0
3202,Bucaramanga,Comercio,4.6,18.39,63.9,117,3.9,29.2,10.9,6,61.6,59.1,97.4,7.9,26900479.0
3203,Medellín,Hoteles,9.1,57.9,44.1,2,3.17,26.2,-5.5,3,62.0,54.9,43.8,7.5,8413612.0
3204,Bogotá,Manufactura,11.1,36.82,65.6,26,4.8,21.5,-0.9,0,70.1,70.8,75.4,5.6,11756386.0
3205,Cali,Hoteles,8.7,74.59,51.5,5,3.24,31.7,2.2,0,58.2,64.0,51.2,5.4,5459047.0
3206,Otras,Hoteles,46.9,60.18,61.5,8,2.47,20.7,-2.1,1,76.1,51.8,79.5,5.9,7263508.0
3207,Cali,Manufactura,6.4,48.5,60.7,5,3.35,22.0,4.4,0,63.4,60.7,12.7,6.3,6825303.0
3208,Bogotá,Transporte,10.8,66.05,58.1,10,4.09,21.2,-2.0,1,62.3,73.4,26.2,5.8,7048637.0
3209,Cali,Manufactura,5.8,70.49,59.0,28,4.34,16.8,2.7,2,64.0,70.4,2.7,6.0,11496532.0
3210,Pereira,Profesionales,3.3,13.75,66.6,5,4.42,18.4,-7.1,2,70.1,65.1,90.9,6.3,8100420.0
3211,Bogotá,Financiero,5.2,68.0,73.4,3,4.6,14.7,-4.1,1,72.0,89.5,70.7,5.6,8968152.0
3212,Pereira,Comercio,11.9,37.22,44.2,15,2.47,28.2,4.7,0,56.0,70.0,75.0,6.5,6121984.0
3213,Bogotá,Información,9.9,39.47,82.0,42,5.27,13.1,-4.0,2,76.4,77.2,55.1,6.7,18467268.0
3214,Manizales,Comercio,17.4,23.59,54.1,8,3.16,19.6,6.9,1,58.8,62.3,78.1,6.5,7059012.0
3215,Medellín,Construcción,16.0,50.71,60.8,103,4.67,17.0,10.4,2,68.0,63.6,19.1,6.6,26338017.0
3216,Manizales,Construcción,19.6,15.25,44.8,2,3.96,19.8,10.6,0,61.2,58.5,32.2,6.0,5684247.0
3217,Barranquilla,Profesionales,17.8,0.08,66.1,5,4.09,21.1,2.7,2,66.4,68.4,14.8,6.2,8113958.0
3218,Medellín,Comercio,8.2,69.09,61.1,14,3.39,25.2,6.6,0,65.7,71.0,88.0,5.3,8080974.0
3219,Medellín,Comercio,24.0,8.63,52.7,21,4.75,26.5,5.0,0,76.2,64.5,97.7,5.8,10416416.0
3220,Cali,Comercio,8.0,56.51,56.7,8,3.31,25.7,6.4,1,61.8,54.0,94.1,6.3,6639331.0
3221,Bogotá,Construcción,16.4,58.77,56.7,14,3.65,23.7,2.3,3,58.6,59.9,76.3,8.5,8880129.0
3222,Medellín,Transporte,16.4,17.23,55.5,14,3.54,18.4,-10.2,0,70.4,62.3,1.2,6.9,7494636.0
3223,Bucaramanga,Comercio,22.2,69.91,61.3,8,3.32,29.3,9.8,1,71.4,55.4,88.8,7.2,8153508.0
3224,Medellín,Financiero,10.2,55.53,65.8,7,4.58,14.8,-2.4,1,67.5,67.9,88.5,7.2,8071056.0
3225,Bogotá,Agricultura,27.2,24.87,56.2,18,3.33,16.4,7.1,2,59.3,64.2,21.7,7.1,9339008.0
3226,Bogotá,Transporte,3.1,13.42,67.0,6,4.34,24.4,8.3,0,59.8,80.2,37.2,7.0,7364698.0
3227,Bogotá,Hoteles,15.9,28.67,60.0,8,3.86,30.7,-1.0,2,77.1,78.3,77.1,6.4,8867539.0
3228,Cali,Información,6.2,14.42,77.3,10,4.9,9.9,16.5,1,75.1,78.3,78.6,6.1,11026282.0
3229,Cali,Información,17.5,4.2,63.6,49,3.88,10.8,16.6,1,68.9,60.2,85.8,7.0,15285292.0
3230,Medellín,Minas,7.4,2.95,80.2,72,5.64,19.8,12.2,2,78.8,72.6,34.2,6.9,39553106.0
3231,Bogotá,Construcción,15.2,74.07,66.9,14,4.48,27.8,7.5,1,68.6,71.5,89.8,7.0,10023875.0
3232,Bogotá,Financiero,26.5,54.55,75.6,17,5.93,4.5,8.9,2,79.5,75.9,31.2,6.1,13604108.0
3233,Bogotá,Agricultura,6.7,59.51,52.4,18,2.61,27.4,5.2,2,59.2,75.4,70.5,7.6,7889820.0
3234,Bogotá,Comercio,19.8,55.79,57.3,8,3.69,30.4,3.6,0,67.3,73.6,59.0,5.3,7489735.0
3235,Bogotá,Construcción,19.0,23.05,54.7,52,4.15,24.3,16.9,3,68.5,62.4,43.2,6.5,17003526.0
3236,Medellín,Construcción,9.7,23.64,56.7,11,4.93,23.6,-1.0,1,61.3,69.1,16.3,6.4,8132733.0
3237,Medellín,Comercio,7.5,57.75,78.2,1,2.81,27.1,-3.8,0,78.1,68.0,44.1,6.1,7792909.0
3238,Manizales,Profesionales,10.5,56.1,63.6,11,4.51,19.5,1.1,0,66.4,63.7,61.6,6.8,8050219.0
3239,Bucaramanga,Comercio,15.8,32.48,63.8,21,3.14,18.0,-0.6,2,74.0,71.3,95.0,5.7,9998702.0
3240,Bogotá,Financiero,23.2,71.49,66.7,2,4.92,8.0,5.9,1,61.3,71.1,37.1,7.0,7997021.0
3241,Barranquilla,Agricultura,13.1,41.67,47.4,15,2.43,28.1,15.3,0,63.9,55.1,88.4,6.0,6999960.0
3242,Manizales,Financiero,9.9,40.89,67.1,19,4.9,9.7,1.2,0,64.0,73.0,36.5,6.0,10584919.0
3243,Bogotá,Financiero,7.8,51.18,92.4,9,5.09,7.1,6.9,0,78.8,79.6,48.9,7.1,12162326.0
3244,Bogotá,Manufactura,3.2,17.26,67.6,14,4.16,20.7,-6.7,0,69.0,73.6,2.7,5.1,9363220.0
3245,Bogotá,Comercio,12.1,1.91,66.3,3,3.88,26.8,3.5,2,62.1,69.3,76.1,6.9,7253118.0
3246,Cali,Comercio,5.2,74.05,50.2,3,3.32,29.4,0.7,0,66.2,53.4,98.9,7.0,5664524.0
3247,Manizales,Manufactura,4.0,7.98,54.8,10,4.24,19.9,13.5,1,70.6,57.5,36.3,6.0,8443489.0
3248,Cali,Manufactura,11.8,24.54,47.5,54,4.42,18.8,4.2,1,60.1,64.0,80.9,5.2,14838633.0
3249,Medellín,Comercio,4.8,27.84,59.5,3,3.69,16.7,1.9,0,66.3,64.5,90.9,6.1,6625936.0
3250,Cartagena,Profesionales,2.3,64.32,52.1,6,4.41,16.8,7.2,1,65.9,53.4,91.9,5.9,6913958.0
3251,Bogotá,Información,26.6,50.73,85.0,4,4.43,4.5,15.2,0,78.3,85.7,78.9,6.5,11191914.0
3252,Cartagena,Manufactura,26.6,6.74,58.7,18,4.25,23.7,0.6,0,71.7,56.7,44.4,5.2,9332479.0
3253,Medellín,Comercio,26.5,39.13,52.9,3,3.73,26.9,12.1,1,69.8,64.9,61.2,7.0,7244690.0
3254,Bogotá,Construcción,16.9,53.71,64.0,57,5.03,22.1,6.4,5,66.7,76.6,82.0,7.5,20280409.0
3255,Pereira,Profesionales,2.4,11.03,68.9,3,3.99,18.0,4.3,1,70.4,61.4,76.3,5.8,8164923.0
3256,Cali,Transporte,4.3,45.97,55.0,5,3.67,20.6,-9.1,1,65.8,59.8,23.8,6.1,6438730.0
3257,Cali,Manufactura,9.1,56.1,55.3,35,3.86,18.6,-0.1,2,63.9,54.1,15.8,7.3,11910305.0
3258,Bogotá,Comercio,25.9,48.97,67.8,32,4.47,26.4,10.3,1,78.1,79.9,26.6,5.7,14571129.0
3259,Barranquilla,Manufactura,5.7,36.42,52.8,24,3.83,18.3,-2.1,2,68.5,57.9,55.6,6.6,9913018.0
3260,Cali,Transporte,7.8,76.6,58.0,5,3.36,21.7,-1.6,0,64.1,66.1,41.6,5.6,6204765.0
3261,Bogotá,Agricultura,4.8,6.45,48.7,6,3.04,24.4,0.2,0,56.8,64.7,46.2,6.4,5561717.0
3262,Cali,Manufactura,10.6,22.12,74.8,15,4.65,19.5,11.7,0,88.4,84.0,98.1,7.1,12393750.0
3263,Manizales,Financiero,27.0,49.07,69.2,20,4.98,3.4,1.5,2,75.1,59.8,15.4,7.7,12579003.0
3264,Cartagena,Profesionales,2.7,72.06,67.0,12,5.52,18.5,7.4,1,56.0,59.6,54.3,6.6,9125248.0
3265,Pereira,Financiero,17.9,29.36,64.4,29,5.67,6.0,13.8,2,69.1,67.8,24.5,5.9,15167806.0
3266,Barranquilla,Profesionales,6.6,72.67,69.1,18,5.59,10.5,-7.6,1,66.5,61.1,74.2,4.7,11230242.0
3267,Medellín,Comercio,6.9,48.03,52.3,9,3.62,32.9,3.3,0,60.9,66.7,52.2,7.6,6395151.0
3268,Medellín,Manufactura,6.8,72.0,68.0,16,4.07,22.0,16.1,0,63.3,80.1,44.7,5.3,10052003.0
3269,Medellín,Comercio,14.9,9.48,59.6,12,3.11,16.0,14.5,0,58.3,69.9,32.8,6.2,8207836.0
3270,Manizales,Transporte,4.2,8.61,63.6,57,3.89,16.4,10.1,2,68.6,58.0,17.3,7.1,16354871.0
3271,Bucaramanga,Información,5.3,48.79,64.3,8,5.24,17.9,11.6,1,69.6,58.0,1.6,7.4,8976400.0
3272,Pereira,Financiero,17.8,61.99,74.1,5,5.6,8.0,13.2,1,71.8,69.0,81.4,7.6,10192675.0
3273,Bucaramanga,Financiero,6.3,37.07,68.7,90,4.53,2.2,3.2,1,56.2,66.5,80.8,6.0,23734721.0
3274,Medellín,Manufactura,6.3,63.67,76.8,5,4.58,15.7,3.8,0,85.0,62.7,35.2,6.6,9575309.0
3275,Bogotá,Hoteles,15.5,41.44,59.9,24,3.52,29.4,4.3,1,68.4,68.5,15.7,6.2,10485395.0
3276,Bucaramanga,Hoteles,9.2,77.36,42.6,12,3.52,26.9,5.7,3,63.3,52.1,19.9,6.3,7217402.0
3277,Medellín,Comercio,7.9,8.08,60.2,6,3.66,24.2,-2.4,1,66.8,65.6,42.4,6.3,6875059.0
3278,Medellín,Construcción,5.9,11.1,67.4,9,4.92,29.4,14.7,0,75.9,67.1,24.4,5.9,9340181.0
3279,Bogotá,Construcción,21.6,77.48,61.1,21,4.02,21.0,10.1,2,78.0,69.5,68.6,5.6,11319782.0
3280,Barranquilla,Manufactura,6.5,23.04,52.7,22,3.44,31.7,2.5,3,53.9,47.2,84.2,7.3,8424343.0
3281,Barranquilla,Hoteles,18.2,27.99,40.8,34,3.53,30.0,4.6,1,67.7,46.0,95.9,4.5,9847150.0
3282,Cartagena,Comercio,39.4,15.07,49.1,111,3.54,21.0,14.8,2,69.6,40.7,70.2,6.9,23464550.0
3283,Cali,Transporte,2.6,58.99,54.7,44,2.79,28.5,10.4,2,60.1,59.2,4.5,7.0,10942276.0
3284,Bogotá,Comercio,25.4,74.84,56.3,36,3.77,23.4,6.3,1,59.5,71.6,71.7,5.8,12280521.0
3285,Cali,Construcción,10.6,10.84,51.1,8,3.25,30.0,5.1,0,64.7,53.5,25.7,7.0,6197847.0
3286,Medellín,Profesionales,5.4,67.77,56.6,8,4.08,20.3,11.6,2,66.0,62.5,29.0,6.0,8130345.0
3287,Bogotá,Manufactura,5.3,41.67,67.3,74,4.62,12.9,1.3,1,59.0,78.0,19.2,7.6,20730875.0
3288,Medellín,Salud,44.2,51.32,75.0,88,4.05,14.9,7.6,2,82.7,65.4,27.6,6.3,24722148.0
3289,Medellín,Construcción,14.8,63.08,51.4,6,4.19,26.2,8.9,0,56.7,59.0,89.8,6.3,6835004.0
3290,Bucaramanga,Profesionales,13.5,2.91,67.6,40,4.35,22.1,11.6,3,69.5,60.6,16.3,6.9,14885897.0
3291,Bogotá,Información,25.5,19.03,81.8,31,4.43,15.8,-1.5,1,90.5,79.4,13.9,6.7,15523583.0
3292,Cali,Profesionales,6.6,25.79,59.7,8,4.22,6.6,12.7,0,64.3,71.8,0.0,6.4,8655038.0
3293,Otras,Transporte,23.3,28.76,50.3,15,4.18,20.5,6.4,1,71.6,55.1,49.4,7.1,8671201.0
3294,Bogotá,Comercio,6.1,31.59,48.7,12,4.01,27.1,-0.5,1,56.5,60.2,56.0,6.3,6750942.0
3295,Cali,Transporte,26.6,28.63,55.9,4,3.12,23.7,5.6,0,72.6,71.1,83.1,5.9,7175671.0
3296,Cali,Información,5.3,17.8,70.4,9,4.22,16.2,12.4,1,73.8,66.3,33.4,7.2,15398623.0
3297,Bucaramanga,Hoteles,5.4,39.01,40.0,10,2.7,31.8,2.2,0,54.3,47.8,43.3,6.0,4522414.0
3298,Bogotá,Agricultura,7.5,60.56,44.6,2,3.3,12.5,6.0,1,60.9,59.6,82.8,7.3,5750870.0
3299,Bogotá,Profesionales,6.9,62.84,74.3,5,5.48,6.0,10.3,3,69.4,78.7,91.5,7.2,10736142.0
3300,Pereira,Energía,8.9,69.63,67.2,56,5.22,8.2,13.3,0,63.0,71.4,31.5,6.0,18529847.0
3301,Bogotá,Agricultura,31.0,7.97,52.9,36,3.45,13.9,4.9,4,74.9,56.0,0.9,8.4,19409212.0
3302,Cali,Manufactura,18.9,0.63,59.3,25,3.88,16.0,6.4,1,57.9,65.2,60.8,6.6,10100576.0
3303,Pereira,Salud,17.1,27.76,51.4,26,3.22,13.9,-9.3,1,71.9,62.7,13.5,5.9,12097162.0
3304,Manizales,Agricultura,17.9,26.12,51.1,9,3.21,22.7,-1.5,1,63.8,48.8,52.2,6.0,6479695.0
3305,Bogotá,Información,17.3,65.38,62.0,43,5.42,15.4,9.8,1,57.9,72.8,30.1,7.3,16349994.0
3306,Manizales,Energía,7.1,73.65,81.3,12,6.21,14.4,-1.3,0,72.6,74.6,93.6,5.8,11354415.0
3307,Cali,Agricultura,2.7,78.63,47.9,3,2.11,31.2,-0.6,1,51.9,58.9,69.8,6.9,4842031.0
3308,Bogotá,Financiero,12.8,66.14,68.2,9,5.19,15.6,-1.9,2,63.1,69.3,47.7,6.9,9182508.0
3309,Medellín,Manufactura,3.1,38.63,50.9,18,4.03,14.3,-10.5,0,51.4,62.3,22.1,6.2,7662691.0
3310,Pereira,Información,13.1,20.87,63.1,5,4.68,7.2,4.6,1,65.2,56.9,51.6,5.4,8416823.0
3311,Medellín,Comercio,9.7,70.95,50.4,14,3.65,30.2,4.5,0,66.4,65.3,13.1,6.8,7790381.0
3312,Bogotá,Construcción,9.9,7.09,67.5,13,3.06,25.7,7.5,1,71.3,71.7,95.1,5.5,9584918.0
3313,Barranquilla,Comercio,23.0,75.98,57.5,10,3.43,24.2,0.3,0,64.1,65.3,68.5,5.5,6933557.0
3314,Medellín,Comercio,25.9,29.95,54.6,13,3.01,29.5,15.2,1,72.3,72.2,82.3,6.7,9165798.0
3315,Bogotá,Salud,7.3,16.09,67.6,1,4.6,10.6,-4.3,3,59.4,66.5,40.0,6.3,7355383.0
3316,Bogotá,Salud,3.0,2.56,65.4,1,5.67,17.5,12.3,1,63.6,69.3,9.1,5.0,7505504.0
3317,Pereira,Salud,5.1,36.82,54.1,19,3.1,13.9,10.4,1,57.0,58.1,27.0,5.4,8170662.0
3318,Bogotá,Comercio,2.5,12.61,64.3,3,3.9,24.1,13.0,2,61.6,71.0,97.8,6.9,7882833.0
3319,Medellín,Profesionales,6.1,21.87,70.2,2,4.6,13.1,-1.7,3,70.3,67.5,45.9,6.6,8714217.0
3320,Cartagena,Información,15.3,11.04,63.9,2,5.03,18.7,2.7,0,70.4,58.6,3.5,7.7,7426639.0
3321,Bogotá,Transporte,6.6,40.96,56.2,1,4.13,17.2,14.5,3,69.7,70.7,83.5,6.6,8036636.0
3322,Bogotá,Manufactura,19.4,49.93,79.1,10,3.86,16.3,7.9,1,79.1,83.0,67.2,5.6,11268965.0
3323,Pereira,Transporte,13.7,40.35,45.9,4,3.18,22.9,10.2,1,53.7,57.4,79.2,6.5,5905174.0
3324,Barranquilla,Hoteles,6.3,7.78,53.1,33,2.99,26.8,6.2,0,55.0,54.0,4.6,6.3,8992002.0
3325,Cali,Financiero,16.8,58.04,71.9,12,4.93,0.0,10.5,2,63.3,65.3,31.4,7.2,10761926.0
3326,Manizales,Salud,4.4,71.85,66.8,15,4.05,7.4,17.4,0,72.6,65.3,92.6,7.0,10577571.0
3327,Manizales,Transporte,13.7,60.44,49.0,2,3.1,21.1,3.6,2,58.5,40.5,77.8,6.3,5494458.0
3328,Bogotá,Profesionales,5.6,34.75,65.6,3,4.86,19.0,-1.2,0,76.6,78.6,18.2,6.4,7619725.0
3329,Bogotá,Manufactura,5.0,18.13,59.6,28,4.36,13.6,9.8,0,57.6,58.5,58.2,6.3,10502602.0
3330,Bogotá,Manufactura,21.0,3.89,56.0,26,4.98,17.3,8.2,1,62.5,75.2,62.4,7.8,12410005.0
3331,Barranquilla,Construcción,2.8,6.06,64.6,63,3.72,16.7,4.3,5,61.6,63.9,21.6,8.4,17957638.0
3332,Otras,Comercio,11.3,42.42,54.0,18,2.48,25.2,5.3,1,49.2,50.4,66.3,6.3,6660011.0
3333,Bogotá,Comercio,33.2,49.96,51.4,1,3.45,21.3,12.6,0,72.7,51.5,14.5,5.9,6740433.0
3334,Cali,Transporte,8.9,68.59,54.4,26,3.45,13.7,7.7,2,62.4,57.7,66.9,7.2,10399713.0
3335,Medellín,Financiero,47.2,24.22,81.8,50,5.85,9.7,3.4,2,78.1,72.2,14.9,6.1,22088164.0
3336,Cali,Transporte,2.9,19.56,60.2,9,3.46,27.1,5.2,1,56.5,68.6,34.1,5.1,7505783.0
3337,Barranquilla,Comercio,7.5,49.73,51.5,2,2.52,26.4,4.9,1,64.0,57.2,95.9,6.0,6060952.0
3338,Cali,Financiero,5.7,61.75,68.6,10,5.14,7.9,5.6,1,68.5,66.5,66.9,6.5,9539418.0
3339,Bogotá,Manufactura,26.8,10.4,76.1,40,4.32,18.9,3.8,1,79.4,65.5,85.0,6.4,15334844.0
3340,Bogotá,Comercio,34.3,16.97,58.0,21,3.92,27.9,-0.5,0,66.1,69.0,92.9,6.6,9275998.0
3341,Pereira,Transporte,11.7,69.63,69.6,34,3.99,23.8,6.6,3,61.8,67.8,37.1,7.2,13247923.0
3342,Cartagena,Financiero,22.9,76.31,78.8,6,4.2,3.5,9.2,0,62.3,74.8,5.4,5.0,9219549.0
3343,Medellín,Hoteles,15.4,56.72,44.3,28,3.39,27.8,7.3,1,58.0,67.1,83.3,6.5,8900650.0
3344,Bogotá,Financiero,6.0,53.58,64.3,3,4.84,6.1,7.1,1,51.5,72.2,27.7,5.9,6782252.0
3345,Barranquilla,Comercio,23.4,71.6,51.7,4,3.05,31.8,5.0,2,66.6,55.2,59.1,6.0,6973847.0
3346,Medellín,Profesionales,18.3,34.16,63.4,19,4.81,9.1,2.6,1,64.0,80.0,92.4,5.3,10465414.0
3347,Medellín,Agricultura,13.2,58.53,26.3,2,2.94,16.2,0.8,1,45.2,58.4,84.3,7.6,3591239.0
3348,Barranquilla,Comercio,8.7,33.55,63.8,13,3.44,25.1,0.1,2,72.7,59.1,99.0,6.8,9331350.0
3349,Bucaramanga,Comercio,3.9,36.05,62.8,13,2.95,30.1,13.9,0,58.8,69.5,5.4,5.7,7684433.0
3350,Cali,Minas,18.6,57.83,71.7,21,5.15,7.1,4.2,3,67.3,60.3,94.1,8.1,12779652.0
3351,Medellín,Construcción,6.4,26.67,67.3,6,3.49,16.9,5.0,0,77.8,63.5,37.2,6.8,8197649.0
3352,Cali,Profesionales,13.4,39.95,64.1,18,3.38,10.1,11.5,1,65.1,67.8,1.6,6.4,10278014.0
3353,Barranquilla,Salud,14.9,48.38,56.9,36,4.02,14.2,0.7,1,70.6,52.5,67.2,6.1,12748293.0
3354,Bogotá,Comercio,10.6,19.55,58.3,27,3.3,32.0,8.4,3,62.0,71.2,83.4,8.1,10381260.0
3355,Bogotá,Comercio,7.1,60.71,56.5,22,4.24,29.3,6.4,2,58.7,66.8,74.2,6.3,9655603.0
3356,Bucaramanga,Información,36.5,41.75,71.6,14,3.83,12.4,18.7,2,73.7,58.6,87.4,7.0,12072306.0
3357,Manizales,Manufactura,12.9,62.32,68.1,18,4.22,18.1,1.0,0,75.0,61.0,77.9,5.7,10012377.0
3358,Manizales,Comercio,7.8,71.35,58.0,1,3.5,17.0,9.3,0,58.2,62.9,67.2,5.4,6338712.0
3359,Cali,Comercio,27.8,56.41,33.8,7,4.12,26.3,0.2,2,61.6,61.0,80.1,6.8,5973153.0
3360,Bogotá,Minas,4.3,71.56,73.3,32,5.86,14.5,13.3,2,71.8,72.3,36.1,5.3,16509040.0
3361,Cartagena,Comercio,17.5,75.08,55.0,21,3.44,21.0,2.8,5,69.6,55.7,53.3,9.1,10639598.0
3362,Cali,Manufactura,22.7,3.19,62.2,9,4.62,23.5,2.2,0,71.2,66.6,32.6,7.0,8282628.0
3363,Bogotá,Información,8.4,16.97,65.0,79,4.84,15.9,8.2,3,62.2,66.9,5.4,7.5,22604473.0
3364,Medellín,Manufactura,9.5,29.24,65.5,23,4.8,12.5,15.0,0,62.4,70.9,74.9,6.5,11178529.0
3365,Bucaramanga,Energía,2.6,66.19,82.4,3,5.46,14.7,-0.6,0,70.7,66.8,46.9,6.4,9119833.0
3366,Medellín,Transporte,3.4,40.59,51.4,19,3.71,18.6,15.4,2,49.9,63.4,90.9,7.1,8622560.0
3367,Medellín,Manufactura,18.0,16.63,62.4,15,4.61,16.6,7.8,2,75.5,63.7,55.7,6.7,10643092.0
3368,Medellín,Agricultura,24.2,1.25,38.9,4,2.59,21.3,-2.9,2,64.6,51.8,69.3,6.7,5243818.0
3369,Bucaramanga,Manufactura,4.1,14.02,55.2,20,3.94,16.1,-2.9,1,55.8,59.3,2.2,5.8,8716312.0
3370,Bogotá,Transporte,16.9,40.94,45.5,30,2.98,20.4,4.8,3,67.1,65.4,0.1,6.6,10070502.0
3371,Otras,Profesionales,1.3,3.75,55.9,16,4.09,16.4,16.6,2,60.3,66.8,24.9,6.7,8989271.0
3372,Cartagena,Salud,9.4,13.52,52.0,34,3.72,18.1,-5.4,2,60.2,55.3,94.3,7.2,10752174.0
3373,Bogotá,Comercio,6.1,34.23,75.6,9,4.6,24.3,6.1,0,72.3,69.8,65.9,5.6,9035881.0
3374,Bogotá,Construcción,6.5,8.57,46.3,23,3.26,23.6,13.6,0,64.2,61.9,10.5,5.7,8510549.0
3375,Bogotá,Agricultura,7.5,37.38,54.6,28,2.94,17.0,17.9,1,59.7,67.8,62.1,6.5,9494267.0
3376,Pereira,Construcción,27.8,68.15,53.0,7,4.34,27.6,-0.0,0,56.5,51.1,7.7,7.4,6182496.0
3377,Bucaramanga,Comercio,5.1,4.53,69.0,3,4.17,39.1,1.8,2,78.3,60.0,85.3,7.7,8011211.0
3378,Bogotá,Comercio,6.4,43.11,62.5,9,2.95,30.6,0.3,2,62.9,70.7,89.9,7.6,7475448.0
3379,Cali,Comercio,8.7,46.7,50.3,5,4.29,27.8,5.1,1,53.4,54.4,60.8,6.1,5655562.0
3380,Bogotá,Financiero,10.1,2.79,87.5,9,6.39,0.0,5.9,1,73.6,70.1,95.8,7.5,12057147.0
3381,Bogotá,Manufactura,20.9,19.97,69.9,156,4.72,17.7,2.8,3,71.1,73.0,48.7,8.5,38086489.0
3382,Otras,Hoteles,5.4,13.57,48.2,2,2.87,34.4,20.8,1,56.8,46.1,11.4,7.2,5286794.0
3383,Bogotá,Comercio,17.3,75.68,55.9,5,4.06,18.5,7.0,0,58.3,67.9,56.4,6.0,7252683.0
3384,Bogotá,Comercio,34.8,34.95,70.3,10,3.97,18.3,6.3,0,74.9,82.2,12.6,6.9,9736099.0
3385,Bucaramanga,Comercio,3.0,70.69,55.0,26,3.11,30.8,7.4,1,47.6,63.7,97.1,5.7,12884202.0
3386,Medellín,Minas,7.9,54.95,63.4,8,5.28,3.5,15.1,2,76.7,64.5,27.7,5.4,10360538.0
3387,Bogotá,Transporte,60.0,0.67,57.6,18,4.64,22.4,12.1,1,83.7,62.0,6.3,6.5,12136745.0
3388,Medellín,Manufactura,10.8,10.19,64.2,48,4.05,22.8,6.3,0,62.7,70.9,46.4,5.7,14345515.0
3389,Otras,Información,3.7,30.65,68.0,3,4.9,15.6,12.1,1,78.1,56.2,98.1,6.4,8525277.0
3390,Bogotá,Comercio,22.0,64.43,71.5,9,4.5,28.5,11.4,0,81.7,73.5,39.1,6.1,10588392.0
3391,Barranquilla,Salud,13.3,10.48,66.7,12,4.56,10.6,19.4,0,80.7,65.2,80.4,5.4,10917607.0
3392,Cali,Profesionales,6.3,41.52,84.7,23,4.15,18.0,3.0,3,71.0,71.1,43.4,7.2,13617465.0
3393,Cali,Información,10.2,36.82,60.4,1,4.88,15.8,9.9,0,65.7,62.6,14.6,7.0,6873061.0
3394,Bogotá,Manufactura,9.1,61.26,80.0,10,4.68,19.9,1.9,0,76.6,73.8,82.2,5.3,10336605.0
3395,Bogotá,Profesionales,12.1,18.71,72.8,10,5.51,13.1,8.1,2,75.3,71.1,22.9,5.9,17548871.0
3396,Cali,Manufactura,3.7,59.0,57.6,3,4.2,19.1,3.4,0,62.8,67.5,88.1,7.7,6546030.0
3397,Medellín,Transporte,13.6,9.26,61.2,11,3.74,18.6,6.1,1,76.0,60.8,98.6,6.2,8898505.0
3398,Bogotá,Comercio,19.6,59.27,71.9,15,3.85,24.3,-8.2,0,69.2,80.0,57.1,6.5,8843875.0
3399,Otras,Energía,14.8,11.7,62.8,31,4.15,5.3,4.5,1,74.8,48.6,3.8,6.0,12798456.0
3400,Cali,Agricultura,1.7,35.14,47.6,9,3.07,25.6,16.2,3,56.0,59.1,23.6,7.5,6843615.0
3401,Manizales,Manufactura,2.5,62.08,56.8,33,4.29,24.1,15.3,2,55.3,51.2,40.9,7.6,18237363.0
3402,Bogotá,Profesionales,9.2,42.39,65.0,23,5.29,19.6,2.5,1,71.4,71.0,75.4,6.9,12227299.0
3403,Cartagena,Manufactura,5.1,19.28,55.7,13,4.73,28.7,0.2,1,60.1,63.0,74.9,7.3,8101451.0
3404,Bogotá,Salud,11.3,42.66,59.9,12,5.15,19.8,6.2,0,72.0,66.4,78.7,4.9,9066425.0
3405,Otras,Financiero,6.0,35.52,59.8,7,5.12,6.3,7.7,3,68.3,61.6,87.6,8.1,9206655.0
3406,Bogotá,Comercio,13.0,30.82,59.4,14,3.09,20.2,5.6,1,73.0,75.7,9.4,7.5,9083493.0
3407,Otras,Construcción,6.9,59.52,56.8,7,3.81,22.6,17.4,2,64.5,41.2,7.6,6.8,7352743.0
3408,Barranquilla,Comercio,13.0,43.41,40.7,6,2.39,17.7,11.9,1,53.6,61.2,56.6,7.0,5868921.0
3409,Cali,Salud,24.0,24.67,65.2,14,5.32,14.1,7.1,1,73.2,64.4,45.3,6.7,11026739.0
3410,Bucaramanga,Comercio,13.5,23.16,53.1,10,3.49,23.5,9.6,1,68.4,54.3,17.2,6.2,7814560.0
3411,Cali,Comercio,8.3,18.43,59.2,13,3.19,24.3,1.7,0,58.2,59.1,52.1,7.1,7251029.0
3412,Bucaramanga,Comercio,22.2,17.46,46.6,47,3.19,26.7,7.6,3,70.6,52.4,61.0,7.6,12277070.0
3413,Cali,Comercio,13.3,73.87,61.8,8,3.74,22.8,3.4,1,69.9,73.3,38.1,6.5,7942810.0
3414,Bucaramanga,Construcción,15.5,57.06,48.6,34,3.73,23.1,5.0,2,67.3,53.8,62.6,6.7,11294351.0
3415,Cali,Comercio,2.2,20.22,60.9,2,3.95,31.6,9.1,1,63.2,61.3,46.1,7.0,6812645.0
3416,Bogotá,Construcción,4.0,46.33,64.8,78,3.72,30.4,5.8,3,71.7,70.2,31.8,7.5,19674049.0
3417,Cartagena,Construcción,9.4,74.24,43.6,6,3.16,22.4,4.7,0,51.6,59.8,50.4,7.0,5048562.0
3418,Barranquilla,Agricultura,9.7,38.2,49.4,5,2.95,21.2,12.0,1,52.0,61.0,3.6,6.9,6401602.0
3419,Otras,Comercio,9.7,46.25,54.2,3,3.74,20.7,14.7,0,54.6,52.9,27.3,6.2,6207456.0
3420,Manizales,Profesionales,12.9,62.39,55.3,5,4.17,11.8,-0.2,1,74.8,62.4,11.4,7.3,7523957.0
3421,Medellín,Manufactura,1.8,18.72,65.1,28,4.67,18.1,-2.7,3,65.4,69.9,94.5,6.4,12145579.0
3422,Cali,Comercio,19.8,6.1,44.8,28,3.55,20.0,11.0,1,66.2,49.7,77.8,7.2,9718796.0
3423,Bogotá,Transporte,5.2,30.05,60.7,22,5.4,24.2,2.7,1,59.7,77.7,65.0,7.0,11229025.0
3424,Bucaramanga,Información,7.5,20.01,64.5,9,5.93,5.4,12.9,0,51.9,71.8,58.5,5.9,8445365.0
3425,Medellín,Hoteles,47.1,39.18,68.9,7,2.73,23.5,8.5,1,75.6,74.6,89.0,6.3,9483688.0
3426,Barranquilla,Salud,48.8,23.76,66.6,14,5.43,10.8,15.2,3,77.1,69.7,4.5,7.3,14227650.0
3427,Barranquilla,Construcción,8.8,74.02,55.6,5,3.48,24.9,4.5,0,58.5,41.6,22.7,5.9,5566743.0
3428,Bogotá,Manufactura,15.6,20.81,71.8,7,5.63,22.7,9.3,3,58.1,69.6,52.8,6.2,9712368.0
3429,Medellín,Profesionales,8.7,73.4,65.5,18,4.29,8.1,8.0,1,68.7,62.8,91.3,5.6,10892907.0
3430,Medellín,Manufactura,26.6,14.13,76.7,12,4.84,6.9,1.5,2,75.0,75.7,65.2,7.6,10975009.0
3431,Otras,Minas,36.9,55.29,48.8,31,4.64,8.6,5.4,2,58.3,50.2,52.5,6.6,11625501.0
3432,Bogotá,Agricultura,15.4,78.05,44.9,10,3.32,27.3,-0.8,2,59.7,69.4,47.3,6.7,6698786.0
3433,Bogotá,Comercio,12.9,48.21,63.6,20,4.32,19.8,7.1,1,84.7,74.0,55.1,6.2,11955238.0
3434,Bogotá,Construcción,32.2,49.9,53.5,37,5.16,22.4,4.2,0,64.9,52.0,28.6,4.4,13839411.0
3435,Bogotá,Hoteles,9.5,40.9,59.4,7,3.66,34.1,6.2,0,64.8,77.0,30.8,5.4,7486493.0
3436,Bogotá,Comercio,7.8,11.05,44.8,6,3.31,31.1,9.5,1,60.7,65.6,98.5,6.6,6226824.0
3437,Medellín,Profesionales,5.8,75.68,73.6,28,4.87,16.2,5.5,1,70.0,75.6,92.1,5.7,13657526.0
3438,Cali,Comercio,46.0,45.26,48.2,3,2.68,17.1,3.7,0,70.2,58.8,48.9,6.3,6174293.0
3439,Medellín,Transporte,3.6,68.15,60.7,23,3.38,19.6,4.1,1,63.1,64.4,90.9,6.5,9678734.0
3440,Manizales,Información,4.6,45.83,80.7,29,5.29,15.1,-6.3,2,66.1,67.9,14.8,4.8,14248577.0
3441,Bucaramanga,Hoteles,21.9,12.74,57.2,6,2.53,31.6,9.7,4,73.4,66.8,62.1,7.4,9111990.0
3442,Bogotá,Manufactura,41.0,72.39,65.5,12,4.67,8.2,4.5,0,70.4,76.3,12.3,7.3,10095330.0
3443,Bucaramanga,Construcción,17.8,76.52,63.8,16,3.72,20.6,-5.5,1,69.5,57.8,31.6,7.4,8906094.0
3444,Cartagena,Agricultura,5.0,33.44,52.7,15,2.42,21.9,11.5,3,59.3,56.2,72.6,7.7,8174466.0
3445,Bucaramanga,Transporte,8.2,77.27,51.9,3,3.01,31.7,18.8,1,67.9,70.3,84.2,6.0,6831746.0
3446,Bogotá,Manufactura,30.9,54.34,71.3,65,4.43,19.4,3.9,2,75.3,73.8,88.9,6.3,20183267.0
3447,Cali,Hoteles,6.1,53.73,38.9,3,2.18,24.8,2.3,1,60.3,52.8,73.7,7.0,4890608.0
3448,Bogotá,Salud,6.5,62.25,69.0,98,4.69,14.9,-1.5,0,65.2,68.2,63.7,5.6,24691980.0
3449,Cali,Manufactura,1.2,74.61,71.4,18,4.22,17.6,-0.9,3,65.3,61.2,50.5,6.3,11239291.0
3450,Manizales,Información,7.4,71.92,71.1,6,3.9,21.5,-9.0,0,73.7,67.9,86.9,5.3,7699723.0
3451,Bogotá,Construcción,9.1,62.98,61.1,34,4.4,22.4,0.7,2,68.0,73.3,16.8,5.7,13097064.0
3452,Medellín,Profesionales,13.1,52.66,69.0,18,4.21,6.8,4.9,1,62.2,70.5,50.3,6.8,10959017.0
3453,Pereira,Salud,12.4,30.91,77.8,12,4.4,23.1,11.5,2,67.2,66.2,95.3,6.9,10632822.0
3454,Bogotá,Construcción,7.0,38.71,58.4,37,4.35,23.4,1.0,2,70.4,60.5,16.8,6.5,13442934.0
3455,Medellín,Profesionales,7.2,15.12,69.5,4,4.56,10.1,6.9,1,74.2,72.1,71.2,6.6,8610361.0
3456,Cartagena,Salud,6.7,72.09,65.1,18,3.45,19.3,6.2,0,63.2,58.3,16.7,6.3,8696575.0
3457,Medellín,Manufactura,11.1,76.9,58.4,12,4.08,23.6,20.1,3,54.2,71.2,71.0,8.0,9302810.0
3458,Bucaramanga,Comercio,16.9,11.56,63.1,13,4.12,27.4,-7.6,0,61.0,66.1,11.6,5.1,7914200.0
3459,Bogotá,Manufactura,8.5,40.11,44.2,5,3.29,19.0,5.9,0,53.7,64.8,87.3,4.4,5358708.0
3460,Cali,Transporte,2.6,65.21,59.5,16,3.06,25.4,6.4,1,74.3,61.0,36.7,7.4,9006778.0
3461,Bogotá,Hoteles,9.6,32.09,58.9,8,3.08,29.1,4.2,0,59.0,69.8,57.3,6.5,6597158.0
3462,Bucaramanga,Hoteles,14.4,19.91,38.5,6,2.22,21.5,2.2,5,59.2,56.6,48.9,7.9,6377954.0
3463,Cali,Construcción,5.0,42.48,59.7,18,3.31,23.1,19.3,1,57.4,67.6,80.3,6.6,9207821.0
3464,Bogotá,Profesionales,10.0,75.24,58.9,18,4.08,10.6,11.9,0,67.7,72.0,70.9,6.7,10096882.0
3465,Barranquilla,Energía,15.5,55.24,74.2,35,5.85,12.3,9.9,2,75.6,70.1,19.8,7.0,17446848.0
3466,Medellín,Salud,24.7,10.74,54.3,14,4.03,17.4,3.6,2,62.7,72.7,12.0,7.4,9023836.0
3467,Bucaramanga,Comercio,8.6,22.54,56.1,10,4.08,20.9,0.9,1,66.5,66.6,4.0,5.6,7924744.0
3468,Bogotá,Energía,7.5,45.24,68.4,2,4.88,5.5,9.7,1,67.1,73.0,0.7,6.4,8226607.0
3469,Manizales,Información,6.8,68.99,76.5,12,3.96,16.6,6.9,0,75.0,68.9,33.3,6.0,10222153.0
3470,Medellín,Comercio,13.0,2.62,60.5,27,3.64,26.6,13.0,1,60.0,63.1,46.9,6.8,10294868.0
3471,Bogotá,Comercio,56.2,49.76,60.7,19,5.29,24.0,19.5,3,77.4,72.2,69.8,7.0,15116986.0
3472,Medellín,Comercio,30.0,9.91,56.0,1,2.97,26.0,2.2,2,65.2,57.7,12.0,7.4,6311270.0
3473,Bogotá,Comercio,2.1,48.8,55.4,18,4.19,31.6,2.3,1,50.6,64.0,0.5,5.3,8128688.0
3474,Cartagena,Manufactura,9.0,64.97,62.7,38,3.96,27.4,15.4,1,59.7,51.8,6.9,5.9,12842265.0
3475,Medellín,Minas,23.9,65.37,82.1,13,5.4,19.7,1.9,1,93.1,71.3,94.2,6.6,13025666.0
3476,Medellín,Transporte,16.0,0.6,69.4,24,3.44,24.3,10.8,1,71.0,69.9,35.4,5.6,11299510.0
3477,Barranquilla,Manufactura,8.9,31.85,47.7,28,4.31,16.9,8.3,2,66.8,52.1,70.0,6.5,10844473.0
3478,Cali,Comercio,16.3,70.8,51.7,33,2.93,20.4,11.2,1,65.9,61.9,53.9,5.8,10603015.0
3479,Medellín,Comercio,16.4,31.3,48.5,2,3.47,29.4,0.7,3,65.9,52.3,97.9,8.3,6239304.0
3480,Cartagena,Comercio,9.1,63.69,46.0,8,3.52,29.5,4.1,1,59.7,63.9,2.1,4.6,6594192.0
3481,Pereira,Información,9.8,18.94,67.1,33,4.3,19.9,2.9,2,63.2,58.8,52.3,6.7,12821224.0
3482,Bogotá,Manufactura,5.1,69.15,75.3,6,5.29,19.3,16.1,3,64.3,80.7,30.0,7.5,9936801.0
3483,Barranquilla,Manufactura,15.9,50.66,63.4,3,3.5,18.4,13.7,0,71.2,62.2,23.9,6.1,7787015.0
3484,Bogotá,Comercio,2.6,62.23,64.8,10,3.93,28.8,-0.3,1,72.2,75.5,92.9,6.2,8826586.0
3485,Bogotá,Manufactura,4.2,9.01,65.1,32,4.63,20.8,4.5,3,64.6,79.6,18.4,5.4,14031431.0
3486,Cali,Hoteles,35.6,22.07,50.4,35,3.24,20.2,10.6,3,67.6,56.0,40.1,7.7,11734272.0
3487,Medellín,Transporte,18.0,60.25,46.6,2,3.76,13.1,-11.5,2,55.2,82.0,99.1,7.6,5506112.0
3488,Bucaramanga,Comercio,3.3,67.98,50.0,2,2.72,21.8,4.3,3,62.8,59.4,3.2,6.8,6421464.0
3489,Medellín,Manufactura,11.7,59.89,69.1,11,3.9,11.8,10.5,1,72.9,73.2,39.5,6.1,10099429.0
3490,Bogotá,Construcción,15.2,76.43,56.0,15,3.93,36.0,6.4,0,61.0,62.2,6.0,7.1,8415501.0
3491,Bogotá,Comercio,2.6,40.91,59.7,14,3.62,32.1,5.0,5,54.4,69.9,3.6,7.3,9406082.0
3492,Bogotá,Comercio,6.6,6.96,66.4,2,4.65,27.4,18.2,1,67.6,66.6,22.6,6.2,7857355.0
3493,Bogotá,Profesionales,26.8,23.9,82.8,21,5.41,12.3,4.7,1,76.6,89.7,8.8,6.0,14795232.0
3494,Cartagena,Manufactura,14.9,61.69,63.4,93,3.95,20.0,4.1,5,74.5,69.6,71.0,8.6,24460563.0
3495,Bogotá,Financiero,7.0,15.57,72.4,26,4.88,8.2,8.8,2,67.9,69.9,16.4,7.4,18396821.0
3496,Medellín,Comercio,10.7,20.34,57.8,19,3.38,28.2,1.4,2,72.8,62.5,15.3,7.5,9745335.0
3497,Cali,Comercio,11.4,79.74,47.4,19,3.41,34.9,-2.8,3,64.0,53.0,24.2,8.0,8268164.0
3498,Bogotá,Manufactura,17.6,64.71,59.9,17,4.53,22.2,7.8,0,66.2,69.3,37.6,6.4,9277661.0
3499,Bogotá,Comercio,3.7,75.71,64.4,13,4.09,24.7,4.1,0,70.0,70.1,86.9,6.3,8719681.0
3500,Bogotá,Financiero,10.6,32.77,70.6,12,4.63,10.0,3.0,2,69.3,73.6,74.6,6.7,11075895.0
3501,Bogotá,Hoteles,4.7,68.54,58.4,96,3.44,31.0,15.9,4,52.2,62.6,93.6,6.3,20055546.0
3502,Barranquilla,Salud,17.1,56.16,68.4,16,4.6,8.7,8.0,1,73.2,73.0,35.9,6.2,11318853.0
3503,Bogotá,Manufactura,4.4,30.93,64.6,23,3.95,25.2,11.6,0,55.5,73.1,68.8,6.0,10129345.0
3504,Manizales,Financiero,16.9,79.49,55.8,22,4.25,2.8,5.9,1,52.3,49.6,12.5,7.5,9571237.0
3505,Medellín,Profesionales,27.7,53.24,45.6,15,5.18,15.2,4.8,1,64.2,62.4,16.7,5.2,8669676.0
3506,Pereira,Transporte,10.4,16.94,59.2,29,3.42,29.7,5.0,0,72.2,59.2,35.1,7.2,10424911.0
3507,Manizales,Comercio,5.6,11.07,33.0,2,2.94,28.6,7.3,0,53.5,53.2,17.1,6.6,3959880.0
3508,Bogotá,Comercio,3.4,75.15,59.9,18,4.26,16.2,17.4,0,64.9,61.9,41.4,6.8,9351320.0
3509,Cali,Hoteles,3.2,71.28,60.1,23,3.69,31.0,2.2,0,73.4,54.5,13.3,6.6,9242906.0
3510,Bogotá,Transporte,12.6,64.85,60.3,12,3.95,33.0,8.3,1,58.3,69.3,91.4,5.7,8670660.0
3511,Pereira,Comercio,13.9,23.19,57.0,21,3.28,24.4,3.4,1,63.3,60.4,54.0,6.4,8311543.0
3512,Manizales,Comercio,7.4,17.32,55.4,23,3.15,30.4,14.6,0,67.4,54.5,56.6,6.7,8722384.0
3513,Pereira,Manufactura,5.3,62.6,80.0,26,4.11,23.2,5.8,0,64.4,72.0,62.2,5.6,11877940.0
3514,Cali,Comercio,8.7,39.39,57.7,27,3.54,23.4,4.5,0,58.5,63.4,61.2,5.3,9021218.0
3515,Cali,Comercio,6.6,72.56,59.2,8,2.87,34.1,10.8,1,62.5,62.3,10.7,7.7,7300705.0
3516,Cali,Comercio,5.4,41.14,39.2,20,2.8,31.8,11.7,1,55.9,58.5,86.4,7.2,6765796.0
3517,Bogotá,Comercio,4.1,35.94,63.9,5,3.9,28.3,0.6,2,68.7,66.8,81.5,6.3,7802963.0
3518,Barranquilla,Manufactura,8.9,56.43,67.9,8,4.17,23.2,8.5,1,70.6,58.4,70.6,6.3,8545575.0
3519,Cali,Manufactura,25.9,71.22,65.2,27,3.57,15.0,9.4,0,72.6,67.1,56.6,6.8,11647372.0
3520,Bogotá,Profesionales,3.3,71.08,67.5,28,4.26,18.7,-3.5,2,62.0,70.5,99.3,5.4,11451101.0
3521,Bogotá,Profesionales,3.2,68.25,89.7,37,5.28,23.5,8.2,0,65.5,84.9,78.1,6.8,16712907.0
3522,Bogotá,Agricultura,3.3,14.7,60.8,10,4.02,14.8,1.9,1,59.8,66.7,42.8,8.4,7886929.0
3523,Cali,Profesionales,4.0,9.11,66.6,10,4.85,17.0,0.8,1,71.9,80.7,5.7,7.5,10091752.0
3524,Bucaramanga,Comercio,24.5,6.36,52.6,8,2.75,20.4,6.9,0,71.4,62.7,66.2,6.9,7521992.0
3525,Medellín,Profesionales,3.8,2.17,55.0,16,4.39,13.6,7.7,1,63.1,62.5,69.1,7.1,9093608.0
3526,Barranquilla,Comercio,6.7,37.81,52.2,6,3.98,30.7,9.5,1,54.6,56.4,65.5,6.2,5985762.0
3527,Bogotá,Financiero,6.1,46.97,70.2,32,4.71,15.7,5.4,0,69.3,82.0,96.4,5.5,13138314.0
3528,Cali,Energía,4.3,46.24,59.6,10,5.29,5.5,1.4,0,46.8,66.7,25.0,6.3,7313621.0
3529,Bucaramanga,Agricultura,4.9,15.58,60.2,5,2.0,29.2,11.0,0,66.4,74.7,66.4,5.8,6798308.0
3530,Manizales,Minas,5.9,71.39,69.5,11,3.94,9.4,16.5,2,68.9,57.3,7.2,6.5,12665089.0
3531,Bucaramanga,Agricultura,39.1,56.29,49.9,51,3.81,14.0,6.5,0,65.5,63.5,16.4,5.8,14248417.0
3532,Otras,Comercio,7.7,76.45,47.1,7,3.24,25.8,1.4,1,53.7,55.1,67.0,6.0,5873725.0
3533,Bogotá,Profesionales,9.4,49.92,78.6,5,4.27,16.4,0.8,1,61.5,73.8,61.5,7.2,8429535.0
3534,Bogotá,Profesionales,20.3,54.69,73.8,5,5.68,12.8,5.6,2,70.8,79.2,61.2,7.7,10087183.0
3535,Bogotá,Construcción,2.8,3.0,71.9,11,4.43,22.9,5.3,3,62.5,61.4,55.6,7.5,9837939.0
3536,Cali,Comercio,42.9,0.09,64.1,26,3.37,28.3,5.9,4,69.9,65.6,7.3,8.2,11872610.0
3537,Barranquilla,Información,9.8,71.51,65.4,10,4.27,13.5,7.7,2,67.4,70.6,35.7,5.2,15863704.0
3538,Medellín,Profesionales,20.4,21.38,72.6,55,5.12,9.3,8.9,1,77.5,75.3,52.5,6.0,20006794.0
3539,Pereira,Construcción,9.8,75.74,48.7,6,4.07,25.3,4.7,0,66.8,56.2,88.1,6.5,6499140.0
3540,Bogotá,Manufactura,12.7,76.35,81.7,20,4.11,11.7,6.1,1,69.8,86.5,22.0,6.6,12492676.0
3541,Bogotá,Financiero,25.9,64.89,73.9,133,5.44,8.6,3.6,1,68.1,80.8,72.4,5.9,37407719.0
3542,Medellín,Transporte,4.0,21.86,76.2,4,3.43,21.9,0.5,1,67.5,72.5,43.9,5.5,8181209.0
3543,Otras,Manufactura,13.4,57.61,48.5,27,3.28,19.5,8.0,0,61.2,44.1,99.4,6.6,8550767.0
3544,Barranquilla,Minas,6.4,7.97,70.2,16,5.2,9.9,15.2,1,59.4,75.8,83.7,5.5,11008914.0
3545,Medellín,Construcción,37.5,4.04,61.7,14,3.78,21.6,2.8,0,87.7,74.3,7.9,5.3,10240225.0
3546,Pereira,Agricultura,9.2,20.1,45.9,41,2.85,18.3,6.1,0,64.3,56.7,39.3,6.6,15222330.0
3547,Bucaramanga,Financiero,17.9,5.33,66.1,5,4.36,5.9,0.6,2,72.5,64.4,97.7,6.6,8752954.0
3548,Barranquilla,Hoteles,13.4,55.31,47.2,8,3.01,25.5,5.3,0,62.2,59.0,24.1,6.6,5808152.0
3549,Medellín,Comercio,5.3,62.87,56.2,3,4.44,28.3,6.5,1,68.0,72.9,83.2,5.6,7153418.0
3550,Bogotá,Comercio,8.9,70.15,68.6,45,3.51,27.1,16.8,1,74.1,78.6,97.4,7.5,14408500.0
3551,Bucaramanga,Manufactura,9.5,39.35,73.4,34,4.12,25.1,12.3,0,77.3,69.2,89.6,6.9,14278314.0
3552,Medellín,Comercio,18.6,57.93,43.0,25,3.7,23.6,9.2,0,58.9,61.1,27.0,5.8,8913089.0
3553,Cali,Comercio,5.1,19.96,65.7,10,4.17,31.7,2.6,1,63.9,69.5,43.6,6.8,8437565.0
3554,Cali,Construcción,3.8,1.49,61.2,9,3.52,32.3,4.6,4,75.1,46.4,48.0,8.3,8589975.0
3555,Bogotá,Comercio,1.6,28.03,69.6,3,4.64,25.7,19.3,2,71.9,70.5,81.4,6.0,8789585.0
3556,Bogotá,Comercio,36.7,58.05,51.0,187,4.41,20.9,9.9,4,76.3,69.6,34.2,7.6,41321057.0
3557,Bogotá,Construcción,9.8,10.45,71.3,10,2.92,15.9,2.7,3,65.8,70.0,32.9,8.0,9262018.0
3558,Bogotá,Comercio,9.8,56.73,70.8,10,4.44,26.7,3.8,0,77.4,89.3,94.2,6.1,9903550.0
3559,Otras,Profesionales,13.0,0.09,54.4,74,3.83,8.6,6.4,4,54.1,58.4,19.9,8.1,18401236.0
3560,Bucaramanga,Comercio,16.1,70.4,45.4,39,3.46,34.8,10.6,1,61.4,67.4,15.7,5.9,11199143.0
3561,Bogotá,Comercio,8.7,66.01,71.4,30,4.22,34.2,22.5,1,74.4,74.1,8.2,6.9,13330444.0
3562,Bucaramanga,Profesionales,10.3,36.17,68.8,18,3.97,11.9,15.5,1,70.5,79.3,45.0,6.3,11539958.0
3563,Bogotá,Profesionales,4.7,18.85,69.3,17,4.1,6.8,1.4,0,68.6,71.7,22.8,5.8,9783492.0
3564,Cartagena,Construcción,10.7,6.48,56.5,21,3.29,28.9,0.3,3,63.2,65.6,17.8,6.1,9574051.0
3565,Bucaramanga,Minas,24.6,4.47,86.3,21,6.64,0.0,3.6,2,74.9,80.7,94.6,6.1,16111421.0
3566,Bogotá,Salud,7.5,76.79,70.3,10,4.59,23.2,12.3,0,74.2,88.3,35.7,5.8,10251718.0
3567,Otras,Profesionales,13.2,72.23,60.7,3,4.55,14.6,8.2,1,62.8,61.5,53.5,6.7,6862244.0
3568,Barranquilla,Transporte,9.8,51.17,48.4,23,3.49,19.8,4.8,1,67.2,47.3,48.3,6.0,8885710.0
3569,Cali,Construcción,13.8,76.96,59.4,42,3.33,26.2,0.4,1,50.1,57.2,30.7,6.9,10614313.0
3570,Bogotá,Agricultura,9.6,71.2,52.6,37,3.14,27.6,3.5,2,62.2,66.3,44.1,6.9,10864749.0
3571,Medellín,Transporte,15.3,14.15,48.5,26,4.8,20.7,5.1,2,69.1,67.1,38.3,8.2,11898069.0
3572,Bogotá,Comercio,18.8,74.43,59.2,10,3.44,31.9,10.7,2,69.8,66.1,3.0,7.5,9113935.0
3573,Pereira,Comercio,24.3,65.29,39.2,10,2.9,19.4,5.7,2,51.5,48.7,63.1,6.9,6050121.0
3574,Bogotá,Energía,7.3,15.43,85.8,65,7.07,6.6,11.7,2,66.9,74.4,51.3,7.3,42713791.0
3575,Bogotá,Información,7.4,60.41,76.3,177,4.92,13.0,4.5,2,71.1,75.7,79.2,7.3,43309423.0
3576,Cali,Hoteles,18.1,15.66,50.9,6,3.82,16.7,-8.9,1,63.8,69.2,5.7,6.3,6339010.0
3577,Manizales,Comercio,33.3,37.06,40.5,41,3.54,25.2,8.6,2,62.9,48.8,34.6,5.6,12033292.0
3578,Bogotá,Manufactura,10.6,23.02,76.0,118,4.64,17.0,6.9,3,75.5,88.2,71.1,5.9,31761422.0
3579,Bogotá,Información,14.4,71.4,59.1,20,5.33,21.9,13.1,0,60.9,64.8,67.4,5.0,10816669.0
3580,Bogotá,Comercio,2.9,61.85,50.7,31,3.85,35.3,5.3,1,72.4,64.2,17.9,6.8,15817369.0
3581,Pereira,Manufactura,36.9,14.11,46.7,10,3.8,10.8,8.9,1,59.0,53.6,95.7,5.8,8047677.0
3582,Bucaramanga,Hoteles,8.8,47.37,45.0,3,2.55,28.4,13.0,0,58.6,59.5,7.1,6.1,5261837.0
3583,Bogotá,Construcción,60.0,62.65,70.9,32,4.34,23.1,1.8,0,80.0,58.2,38.8,5.5,13724665.0
3584,Bucaramanga,Comercio,8.2,68.46,54.4,17,3.19,33.6,9.8,0,53.9,68.3,22.7,5.0,7301100.0
3585,Bogotá,Comercio,9.7,79.66,57.2,23,3.54,29.2,7.4,0,60.5,65.5,54.4,6.6,9420458.0
3586,Bogotá,Construcción,30.3,65.83,54.6,25,3.65,14.1,-4.5,0,74.0,66.9,79.7,6.9,9680187.0
3587,Pereira,Energía,11.2,13.23,71.2,27,5.09,2.0,15.0,1,77.0,67.4,89.4,6.3,14611645.0
3588,Cali,Comercio,60.0,33.78,74.1,51,4.76,21.0,-2.6,2,89.4,74.2,5.8,6.2,18740324.0
3589,Medellín,Minas,6.2,52.04,76.8,25,4.9,17.5,13.7,3,70.4,81.2,85.0,8.5,14418789.0
3590,Cali,Comercio,4.9,79.1,39.6,6,3.43,23.4,14.8,2,52.3,52.7,44.0,6.0,5824189.0
3591,Medellín,Información,10.9,55.88,64.5,6,4.61,18.5,17.5,0,60.2,70.4,46.6,7.0,7917155.0
3592,Bogotá,Información,12.0,6.67,63.4,10,4.82,16.7,-5.6,2,55.7,71.4,25.0,7.6,8557016.0
3593,Bogotá,Comercio,3.6,59.33,65.9,12,4.07,32.5,10.1,1,69.5,68.2,97.5,7.1,9288878.0
3594,Bogotá,Profesionales,8.8,11.02,82.1,27,5.77,11.6,0.6,0,84.6,83.8,8.4,6.3,15681465.0
3595,Bogotá,Comercio,18.6,19.74,69.1,34,3.82,26.3,12.6,0,73.3,66.2,45.9,7.4,12922861.0
3596,Cartagena,Agricultura,3.9,39.33,49.1,1,3.05,24.2,14.4,2,56.0,60.2,75.1,6.9,5957789.0
3597,Pereira,Comercio,4.1,61.97,41.4,6,2.87,22.1,16.0,0,56.0,55.0,24.1,6.2,5627435.0
3598,Bogotá,Comercio,41.4,18.84,48.6,19,3.63,18.6,3.6,3,75.4,59.1,90.5,6.7,10395254.0
3599,Bogotá,Construcción,9.4,48.61,59.8,10,3.99,17.4,2.0,1,61.9,65.9,35.3,5.9,8318303.0
3600,Otras,Hoteles,4.6,66.82,36.3,17,3.2,40.0,2.7,0,46.3,45.3,96.9,7.8,5096211.0
3601,Cartagena,Manufactura,5.5,37.97,64.2,57,3.98,20.1,10.6,1,63.8,52.2,41.1,5.7,16090914.0
3602,Cali,Manufactura,13.4,4.61,68.3,6,4.82,19.7,8.0,0,68.1,65.3,72.7,5.6,8511325.0
3603,Bogotá,Profesionales,3.4,61.87,61.9,8,5.44,16.0,5.0,1,71.9,66.3,33.4,6.8,8840378.0
3604,Medellín,Financiero,6.9,13.5,76.8,87,5.3,4.5,-4.0,1,67.1,61.9,41.1,6.7,26116225.0
3605,Bogotá,Construcción,6.9,25.09,65.7,30,4.34,23.2,7.0,1,67.8,79.5,18.3,4.2,12684436.0
3606,Medellín,Agricultura,10.9,2.51,50.0,25,3.68,22.9,8.7,2,54.3,58.4,94.9,7.8,9251182.0
3607,Manizales,Construcción,8.1,62.64,58.3,5,3.95,21.1,0.2,0,76.3,57.1,2.7,7.0,7236839.0
3608,Bogotá,Comercio,21.9,36.23,64.6,6,3.71,27.6,13.2,1,65.7,76.6,81.3,6.2,8936740.0
3609,Bogotá,Comercio,9.6,45.53,76.4,13,3.76,24.6,8.6,0,78.4,67.1,68.1,5.9,10116334.0
3610,Manizales,Construcción,3.1,20.89,47.3,12,3.95,17.7,5.8,0,57.7,58.4,68.2,5.8,7366450.0
3611,Medellín,Manufactura,22.3,60.74,56.1,33,3.58,25.9,8.8,2,71.8,64.7,86.4,7.2,12293405.0
3612,Medellín,Manufactura,20.1,75.42,62.1,37,4.51,13.1,1.6,2,69.9,69.7,83.0,6.6,14161468.0
3613,Bogotá,Hoteles,10.7,42.64,52.7,1,3.28,23.0,14.6,1,61.2,75.1,46.9,6.5,6985070.0
3614,Medellín,Transporte,5.5,1.36,56.9,103,4.34,21.7,-0.3,2,69.6,59.5,45.8,7.1,24103079.0
3615,Barranquilla,Minas,13.4,73.51,68.2,24,5.23,10.6,11.1,2,65.5,59.8,28.5,7.1,12857226.0
3616,Bucaramanga,Comercio,14.6,29.85,71.0,25,3.2,32.4,4.6,1,75.9,72.2,53.0,7.2,11246015.0
3617,Bucaramanga,Transporte,13.0,78.04,43.1,28,3.59,16.9,10.7,1,52.5,55.9,60.6,6.7,9062629.0
3618,Bogotá,Financiero,3.5,78.08,86.0,16,5.56,5.7,10.4,2,72.1,74.3,26.1,6.2,13856912.0
3619,Medellín,Profesionales,6.1,31.3,68.7,9,3.58,9.6,3.7,2,62.5,55.2,28.9,7.5,8838439.0
3620,Cali,Comercio,11.8,30.05,50.7,22,2.91,41.4,12.6,2,65.8,56.4,94.9,6.3,8921850.0
3621,Bucaramanga,Financiero,16.2,17.74,65.0,7,4.78,0.0,3.4,1,59.3,71.6,34.3,7.9,8357739.0
3622,Otras,Manufactura,21.6,36.44,48.0,35,3.18,12.8,10.1,4,66.9,51.6,17.4,7.5,10994857.0
3623,Bucaramanga,Agricultura,9.1,15.33,48.5,7,3.36,30.9,-0.7,0,63.7,68.4,33.7,6.6,5848901.0
3624,Medellín,Salud,3.6,51.05,61.1,6,4.61,26.0,8.1,3,72.6,78.1,93.3,7.5,9367006.0
3625,Bogotá,Comercio,18.3,26.43,54.9,7,3.25,19.7,-2.4,0,69.9,58.3,53.8,4.5,5928002.0
3626,Bogotá,Información,4.5,23.68,64.0,2,5.38,17.6,14.6,1,57.4,63.7,58.3,6.0,7151229.0
3627,Bogotá,Salud,8.0,11.98,60.7,11,2.96,12.0,9.2,0,64.5,70.3,27.0,6.5,7696627.0
3628,Medellín,Profesionales,9.3,66.03,64.2,38,4.77,12.5,4.7,2,66.4,64.5,40.4,5.5,14796670.0
3629,Pereira,Comercio,8.1,33.5,68.3,10,4.04,26.7,7.0,1,71.1,68.4,91.5,5.6,9447543.0
3630,Bogotá,Profesionales,14.8,70.71,65.9,11,4.51,15.5,5.5,2,78.0,74.2,81.7,6.5,10794946.0
3631,Cali,Comercio,9.9,26.58,62.3,7,3.33,27.0,16.6,2,65.1,60.1,42.0,6.6,8296962.0
3632,Cartagena,Agricultura,2.9,58.87,40.2,3,2.69,21.2,12.7,2,60.5,45.6,94.0,7.3,5414013.0
3633,Bogotá,Comercio,1.2,68.6,60.1,20,4.09,26.4,12.3,1,69.1,61.1,7.4,5.9,9845523.0
3634,Medellín,Manufactura,4.4,20.57,64.7,8,5.44,19.8,7.3,0,68.0,64.3,63.9,7.4,8595339.0
3635,Bogotá,Comercio,9.8,1.84,45.1,33,3.56,30.2,12.0,2,53.4,67.2,13.0,7.4,10201817.0
3636,Barranquilla,Transporte,3.3,16.57,51.4,15,4.31,31.2,2.8,2,50.1,61.3,51.7,6.6,7571079.0
3637,Medellín,Manufactura,8.4,3.98,79.9,14,4.6,23.5,5.0,2,72.6,75.7,0.3,7.4,11315736.0
3638,Pereira,Construcción,30.2,38.75,43.5,19,3.09,25.7,0.5,1,73.8,40.5,92.0,6.3,7473886.0
3639,Medellín,Agricultura,39.9,35.07,53.1,34,2.32,18.3,15.0,4,69.4,59.4,39.0,6.9,11938771.0
3640,Cali,Financiero,16.4,8.76,62.3,1,4.47,16.7,6.4,1,73.1,60.4,37.8,6.8,7818712.0
3641,Bogotá,Comercio,14.3,77.55,71.1,11,3.94,20.2,2.6,0,57.3,73.7,19.5,6.5,8199326.0
3642,Cali,Financiero,9.7,68.49,63.5,2,4.05,3.0,8.4,2,51.5,64.3,85.5,6.4,7406068.0
3643,Bogotá,Salud,15.0,15.86,70.7,19,4.69,9.5,19.0,1,73.3,70.2,44.3,6.9,12805847.0
3644,Cali,Comercio,5.1,13.5,56.6,6,3.88,28.2,12.1,1,62.5,46.6,97.1,6.7,6958973.0
3645,Manizales,Manufactura,14.3,42.34,65.8,20,4.37,16.9,1.7,1,67.9,72.9,52.6,7.7,10754250.0
3646,Bogotá,Manufactura,14.7,0.94,55.1,48,4.4,20.6,7.5,1,60.7,60.9,67.0,6.0,14160088.0
3647,Bucaramanga,Manufactura,23.0,54.29,53.4,49,3.79,20.2,7.0,2,67.3,58.4,84.7,7.9,15008781.0
3648,Cali,Comercio,20.2,45.09,39.8,18,3.21,28.0,-5.3,2,58.7,51.4,83.5,6.5,6941512.0
3649,Medellín,Salud,6.4,7.31,71.6,24,4.83,13.0,1.7,0,75.4,67.1,39.0,5.1,12276535.0
3650,Manizales,Información,5.7,38.32,61.3,29,4.35,13.2,11.2,0,68.1,62.0,15.0,5.9,11941229.0
3651,Bogotá,Construcción,3.7,46.66,54.1,11,3.54,24.4,14.4,0,70.4,71.7,61.1,6.1,7913703.0
3652,Manizales,Manufactura,12.2,28.3,68.4,20,4.0,19.1,4.0,2,62.7,67.6,62.7,6.3,10375192.0
3653,Bogotá,Transporte,21.1,19.77,56.0,28,4.29,17.2,0.9,3,50.9,78.5,7.6,7.0,11154128.0
3654,Barranquilla,Comercio,4.3,70.9,42.3,41,4.39,27.9,2.1,0,60.3,56.9,96.5,6.4,11372926.0
3655,Cartagena,Comercio,15.8,32.44,58.0,6,3.12,33.3,4.2,1,70.5,66.0,82.4,6.7,7300567.0
3656,Cali,Manufactura,15.7,65.79,70.2,14,4.72,29.5,-1.3,1,78.0,54.1,58.4,5.7,10178639.0
3657,Cali,Construcción,39.5,39.81,57.2,15,3.14,8.0,28.7,2,81.0,55.6,46.1,6.5,12561859.0
3658,Bogotá,Hoteles,2.9,9.62,42.1,3,3.19,26.5,12.7,0,56.3,69.9,37.9,6.0,5300955.0
3659,Manizales,Agricultura,3.5,40.63,55.3,18,3.31,26.2,11.0,2,64.8,63.0,71.8,6.6,9365655.0
3660,Cartagena,Financiero,13.9,76.65,77.4,9,5.56,1.4,6.1,0,82.0,74.4,35.4,7.0,11316915.0
3661,Bogotá,Construcción,3.6,74.49,62.6,19,3.58,22.1,-3.6,2,61.3,59.4,29.4,6.6,9415056.0
3662,Medellín,Manufactura,4.3,76.88,47.4,27,3.26,15.3,9.2,2,53.0,65.1,81.5,6.9,9658361.0
3663,Bogotá,Profesionales,12.2,70.39,66.6,9,4.91,13.9,1.3,0,57.0,59.3,43.9,4.8,8152201.0
3664,Medellín,Comercio,24.1,58.36,53.1,13,3.49,32.5,0.6,0,67.5,61.9,50.9,6.5,7264525.0
3665,Medellín,Salud,10.8,7.21,63.1,6,4.56,12.4,1.9,1,60.7,65.2,49.6,6.3,7602918.0
3666,Bogotá,Comercio,26.7,55.6,64.7,31,3.08,17.1,2.2,2,70.8,66.6,41.4,7.1,11650037.0
3667,Otras,Agricultura,11.9,22.18,57.7,15,3.02,21.6,-0.8,1,68.7,59.6,3.0,6.9,8002833.0
3668,Bogotá,Comercio,10.7,67.43,47.3,10,3.63,20.2,9.1,0,66.7,67.9,36.5,5.6,6894004.0
3669,Bucaramanga,Comercio,6.3,17.94,51.1,12,3.25,32.1,-6.5,0,64.0,63.2,22.8,6.1,6373780.0
3670,Manizales,Minas,30.8,67.37,73.8,3,4.84,4.1,13.4,0,80.5,66.7,38.3,6.4,10595551.0
3671,Bogotá,Transporte,4.1,42.82,73.1,18,3.86,28.0,12.5,1,69.2,69.0,2.6,7.9,10971626.0
3672,Manizales,Comercio,5.9,70.2,57.8,8,3.14,23.1,18.7,2,60.2,61.0,99.5,7.0,7595647.0
3673,Medellín,Agricultura,11.9,7.55,29.2,15,2.22,26.1,2.9,1,51.8,45.0,96.6,5.7,4808647.0
3674,Barranquilla,Manufactura,19.1,27.06,60.4,20,4.52,13.8,-4.8,1,55.9,64.5,98.4,6.3,9390225.0
3675,Otras,Agricultura,7.3,65.59,44.6,2,2.69,18.5,2.3,0,51.0,50.1,90.0,6.6,4437423.0
3676,Barranquilla,Manufactura,5.7,70.93,67.6,51,4.06,18.9,11.7,0,61.5,71.0,28.6,5.4,15436885.0
3677,Medellín,Comercio,6.4,56.94,65.0,5,4.46,25.6,4.8,1,67.7,64.6,67.9,6.8,7698025.0
3678,Bogotá,Profesionales,6.1,37.93,78.9,16,5.91,14.1,-11.9,3,68.6,82.1,23.2,6.3,12816804.0
3679,Medellín,Manufactura,4.6,65.35,66.3,32,4.22,21.9,-2.8,2,63.4,73.3,89.4,6.1,12326118.0
3680,Bogotá,Agricultura,8.4,24.01,67.0,11,2.92,19.5,11.3,0,73.2,67.5,84.5,6.2,8978737.0
3681,Medellín,Financiero,5.1,1.4,79.8,45,4.89,9.9,-6.6,2,79.2,63.9,81.2,6.0,17604840.0
3682,Otras,Construcción,18.8,61.89,48.4,9,3.89,27.2,-4.3,0,63.6,44.8,94.7,6.8,5718389.0
3683,Medellín,Manufactura,5.6,0.34,58.3,18,4.09,22.5,12.2,0,65.5,64.4,21.3,4.2,13656685.0
3684,Bucaramanga,Comercio,5.9,33.73,52.5,3,3.7,28.3,2.6,1,59.6,67.9,87.2,5.3,6102424.0
3685,Bogotá,Comercio,5.4,75.12,37.9,106,3.98,20.5,19.0,3,44.6,55.6,75.3,6.0,21971413.0
3686,Otras,Profesionales,5.5,2.64,64.1,5,3.51,14.9,10.8,1,53.1,62.6,26.7,7.1,6854702.0
3687,Bogotá,Salud,8.5,69.8,78.5,4,4.52,26.9,11.9,1,72.2,93.4,62.7,5.5,9803286.0
3688,Cali,Comercio,4.9,35.24,71.1,13,4.39,38.5,17.8,2,63.0,66.9,99.2,6.2,10389229.0
3689,Manizales,Comercio,13.9,30.84,48.5,69,4.25,21.2,5.1,3,66.3,61.8,56.5,6.9,18155827.0
3690,Medellín,Información,22.5,20.03,66.2,15,4.87,8.0,11.1,1,69.9,65.1,6.6,6.8,11287822.0
3691,Medellín,Profesionales,17.4,21.57,51.3,18,4.08,11.4,2.1,1,60.4,60.9,89.7,6.1,8943997.0
3692,Pereira,Manufactura,12.2,7.36,46.5,12,3.88,12.0,4.1,1,57.9,61.1,74.6,6.1,10350182.0
3693,Bogotá,Profesionales,2.6,10.58,62.5,19,4.81,16.6,5.9,2,64.2,72.4,57.7,7.5,11025210.0
3694,Medellín,Comercio,9.0,28.91,57.3,29,3.91,29.8,-1.4,3,56.6,63.5,52.7,7.3,10842710.0
3695,Cali,Comercio,8.6,24.14,54.1,10,3.23,32.6,6.9,2,63.2,66.4,34.5,7.6,7745384.0
3696,Bucaramanga,Comercio,11.0,57.73,44.3,55,2.99,22.3,20.4,3,57.3,58.2,32.3,6.8,13025052.0
3697,Cali,Financiero,5.3,41.41,74.2,4,5.37,10.4,6.4,0,72.9,63.6,31.3,5.7,8276743.0
3698,Medellín,Comercio,53.5,31.8,56.1,14,2.49,19.9,7.1,1,76.7,62.9,1.7,6.9,9056227.0
3699,Bogotá,Comercio,1.7,9.11,51.6,12,4.44,20.5,9.0,0,66.6,75.0,83.3,7.5,8085464.0
3700,Medellín,Información,20.9,57.38,78.2,30,4.26,4.9,-6.1,0,80.7,67.7,92.9,6.1,13722380.0
3701,Medellín,Comercio,9.2,19.87,66.9,9,3.81,23.6,9.5,0,61.1,74.1,79.7,7.6,8006159.0
3702,Otras,Financiero,1.2,11.17,59.6,52,5.16,4.5,13.6,2,55.1,58.1,14.6,6.0,17394754.0
3703,Medellín,Construcción,6.2,40.0,53.9,14,3.22,28.4,9.2,0,56.3,73.6,3.4,5.6,6868014.0
3704,Pereira,Profesionales,3.7,56.19,69.9,12,4.28,12.9,14.3,2,70.2,71.9,74.8,7.4,10058752.0
3705,Bogotá,Comercio,16.7,54.83,57.8,6,3.52,35.5,9.1,1,68.5,64.2,50.2,7.1,7426824.0
3706,Medellín,Información,20.1,42.38,56.3,8,4.85,16.8,6.6,0,70.3,65.9,94.6,6.4,12695464.0
3707,Bogotá,Comercio,10.5,7.43,67.7,2,4.03,29.2,1.2,0,60.1,68.6,43.2,5.2,6845499.0
3708,Medellín,Comercio,10.2,33.21,51.8,6,3.14,34.1,0.4,0,56.3,62.5,98.6,5.0,5420802.0
3709,Barranquilla,Comercio,19.0,68.18,54.6,7,3.15,25.4,9.8,0,56.7,51.1,62.6,4.7,6416208.0
3710,Cartagena,Manufactura,19.7,35.82,63.1,55,3.59,28.2,16.9,1,59.0,63.1,6.5,6.4,15320102.0
3711,Bogotá,Comercio,24.1,26.23,59.6,37,3.39,30.2,2.8,2,71.1,55.3,60.9,6.2,11640259.0
3712,Barranquilla,Comercio,4.4,62.7,62.6,25,3.76,28.3,-0.8,3,67.5,68.0,5.1,7.9,11448887.0
3713,Bogotá,Comercio,3.8,74.74,52.8,8,3.26,28.5,0.2,0,48.2,64.9,99.5,5.1,5452985.0
3714,Pereira,Transporte,5.4,21.5,55.9,7,2.91,24.5,4.6,1,73.6,51.8,44.9,6.1,7316546.0
3715,Bucaramanga,Hoteles,6.6,17.59,51.8,8,3.88,27.9,5.6,1,68.6,66.2,92.5,6.5,7004842.0
3716,Bogotá,Transporte,6.6,56.97,72.1,4,3.99,18.0,1.9,1,76.7,74.3,37.8,6.0,9152580.0
3717,Pereira,Manufactura,2.8,58.19,61.3,47,4.84,17.5,1.8,0,65.4,53.2,55.3,5.6,14777250.0
3718,Medellín,Manufactura,20.0,78.92,70.0,7,5.06,15.6,12.9,0,71.5,75.7,13.8,6.3,9862752.0
3719,Bogotá,Minas,4.8,22.03,83.4,58,5.84,15.0,7.9,4,71.0,81.5,32.3,7.0,23658971.0
3720,Medellín,Información,9.9,8.59,77.1,14,5.39,19.1,-2.5,1,74.6,76.0,37.1,6.3,11448484.0
3721,Bogotá,Manufactura,50.4,62.82,74.4,27,4.0,26.6,7.7,1,89.9,72.9,54.1,5.9,14336830.0
3722,Medellín,Manufactura,15.9,3.13,68.4,36,3.71,21.3,-2.4,2,74.7,78.0,83.0,6.9,12994784.0
3723,Bucaramanga,Información,3.6,39.05,70.2,4,4.14,16.3,3.4,1,64.9,67.6,39.3,5.4,8580438.0
3724,Medellín,Información,3.4,72.68,74.2,6,4.5,16.0,3.6,0,59.8,73.6,29.5,6.6,8671567.0
3725,Bogotá,Profesionales,20.1,64.95,81.9,3,5.18,11.2,11.4,0,77.9,84.2,86.7,6.7,10661619.0
3726,Cali,Comercio,9.5,58.07,65.8,19,3.29,30.0,3.6,2,68.2,68.1,48.1,6.5,9717411.0
3727,Pereira,Profesionales,10.6,31.74,56.1,4,3.98,13.3,7.2,1,63.2,55.3,62.1,6.0,7308615.0
3728,Bucaramanga,Salud,14.1,29.08,58.7,15,3.42,9.6,-5.2,1,69.7,55.6,44.1,7.2,8618269.0
3729,Bogotá,Manufactura,28.5,49.82,78.9,35,4.9,19.2,1.6,1,74.8,82.6,68.4,6.2,16559597.0
3730,Cartagena,Financiero,19.3,64.35,95.0,4,5.58,11.0,0.5,2,96.3,76.2,36.9,6.7,12785544.0
3731,Cali,Profesionales,17.9,70.58,87.7,11,4.9,15.9,5.4,1,71.7,75.9,97.1,7.3,11733744.0
3732,Cali,Profesionales,36.8,25.4,60.5,4,5.04,11.6,5.3,2,77.4,67.4,81.4,6.0,9216610.0
3733,Barranquilla,Salud,8.1,36.37,71.3,62,3.78,22.4,1.2,3,81.6,75.9,7.3,7.1,18873666.0
3734,Cali,Financiero,7.2,32.82,75.5,5,5.58,13.7,-3.9,1,62.0,62.9,14.4,5.9,7900742.0
3735,Manizales,Profesionales,7.6,3.75,84.3,26,4.88,17.0,13.6,3,70.7,61.6,14.3,6.8,14611541.0
3736,Bogotá,Comercio,6.6,72.29,68.6,5,4.32,28.6,4.0,3,65.0,70.2,27.2,6.8,8950799.0
3737,Bogotá,Manufactura,13.9,56.23,69.3,6,4.0,16.7,9.8,0,73.4,70.4,61.7,5.5,8799858.0
3738,Otras,Comercio,12.8,50.69,48.8,31,2.92,29.6,7.0,1,61.6,53.9,96.7,6.0,8914494.0
3739,Bogotá,Manufactura,12.2,16.34,63.2,15,4.72,19.7,3.9,0,63.8,68.4,90.8,6.0,11313662.0
3740,Bogotá,Comercio,4.8,52.69,59.8,6,4.0,29.0,6.7,0,64.4,67.6,30.3,5.6,6861008.0
3741,Otras,Hoteles,28.1,44.7,40.0,18,3.33,21.3,10.7,0,63.1,46.3,30.6,5.9,7708344.0
3742,Medellín,Manufactura,4.5,0.96,61.8,42,3.69,25.1,7.8,1,65.3,62.4,86.7,5.9,12805793.0
3743,Cartagena,Hoteles,6.2,76.16,60.4,1,3.9,24.9,5.4,0,66.6,49.3,35.4,6.1,6248504.0
3744,Bogotá,Transporte,11.8,12.42,62.4,26,5.2,18.4,1.3,1,64.5,70.1,3.6,6.8,11770444.0
3745,Medellín,Comercio,7.6,39.0,52.5,18,3.66,29.0,7.3,1,54.8,56.4,60.6,5.1,8101865.0
3746,Bogotá,Comercio,18.0,27.2,60.2,9,3.6,19.9,16.3,2,72.1,77.3,76.4,5.8,10072788.0
3747,Medellín,Comercio,9.8,70.82,51.1,18,3.7,19.0,9.1,1,54.7,58.7,63.1,6.3,8367629.0
3748,Cali,Manufactura,10.1,46.88,55.8,17,3.47,15.1,5.6,1,60.4,71.1,42.3,6.3,8902699.0
3749,Cali,Manufactura,4.8,7.56,65.1,12,4.66,15.1,18.0,1,48.3,69.5,36.1,5.7,8690254.0
3750,Otras,Profesionales,7.3,15.16,57.3,21,2.34,13.2,1.1,1,74.8,56.0,71.5,5.9,8832415.0
3751,Barranquilla,Información,25.6,37.5,69.7,26,5.05,0.0,14.7,3,77.9,65.6,56.1,6.5,15318667.0
3752,Medellín,Profesionales,23.1,72.92,79.1,14,4.59,12.7,9.2,1,72.9,76.4,5.6,6.1,11896905.0
3753,Medellín,Información,4.8,28.01,62.1,11,4.42,13.4,7.8,2,65.0,68.5,1.3,7.6,9137035.0
3754,Otras,Energía,3.1,76.1,56.0,12,4.82,10.1,0.2,0,65.8,49.9,27.9,5.8,8166856.0
3755,Bogotá,Construcción,13.0,46.47,47.1,41,3.66,23.9,14.4,0,50.5,58.2,60.8,5.4,10663015.0
3756,Cali,Minas,19.2,57.98,77.7,9,4.28,12.5,4.3,0,79.1,61.2,38.8,6.0,10093622.0
3757,Medellín,Transporte,15.4,40.47,69.6,115,3.66,27.5,3.9,4,69.9,71.7,75.2,8.2,26013135.0
3758,Bucaramanga,Financiero,3.8,74.91,57.0,10,4.11,12.4,13.7,2,59.6,65.6,91.4,6.1,8659921.0
3759,Otras,Agricultura,8.1,3.6,50.7,15,1.78,25.5,22.0,1,71.0,46.9,86.4,5.9,7391022.0
3760,Cartagena,Comercio,2.3,32.14,40.0,17,2.12,30.2,8.7,1,53.0,56.2,56.4,6.4,5552050.0
3761,Bogotá,Comercio,8.9,51.16,67.4,24,3.83,22.7,-6.0,3,71.8,70.4,31.3,7.8,11336871.0
3762,Bogotá,Manufactura,12.4,18.2,56.8,33,3.67,15.4,12.6,2,62.7,52.3,17.6,7.4,11791500.0
3763,Bogotá,Manufactura,8.5,62.65,64.3,7,4.16,18.7,5.3,0,58.1,74.3,30.6,6.3,7394550.0
3764,Pereira,Construcción,23.5,0.08,63.9,14,2.95,26.8,12.3,1,71.5,59.7,70.6,6.5,9163614.0
3765,Bogotá,Financiero,12.3,15.89,82.9,3,6.05,2.2,14.5,1,77.4,75.9,71.1,6.3,10547922.0
3766,Bogotá,Hoteles,9.1,58.72,68.6,13,3.5,31.0,14.4,0,66.1,69.7,92.9,6.3,9253876.0
3767,Bogotá,Comercio,9.6,79.63,75.3,5,4.0,27.4,14.0,1,74.2,71.5,75.4,7.4,9350202.0
3768,Cali,Manufactura,17.8,41.25,64.1,109,4.69,13.7,0.6,4,68.3,62.0,3.6,7.5,28471324.0
3769,Barranquilla,Profesionales,2.0,27.94,65.8,11,3.67,18.7,5.2,1,70.1,66.2,24.9,6.4,8680618.0
3770,Bogotá,Transporte,5.3,19.77,70.0,3,4.11,27.8,6.4,0,77.8,69.9,80.8,7.4,8146578.0
3771,Cartagena,Comercio,6.8,64.26,51.2,6,3.27,27.6,9.2,0,60.0,56.3,71.8,5.5,5940838.0
3772,Cartagena,Profesionales,9.1,32.61,79.8,11,4.13,21.8,-2.0,4,64.8,80.5,42.2,7.8,10783768.0
3773,Bogotá,Salud,10.9,43.33,74.7,35,4.89,22.2,13.6,2,76.1,72.0,77.7,8.0,16130221.0
3774,Barranquilla,Comercio,8.0,44.08,47.6,6,3.36,18.3,6.6,1,60.6,61.1,55.3,7.1,7559008.0
3775,Otras,Comercio,9.6,46.37,51.4,4,3.68,27.4,8.4,1,69.7,49.0,21.9,6.4,6454324.0
3776,Barranquilla,Transporte,7.7,48.16,51.2,14,3.68,16.7,1.4,1,60.2,58.6,81.8,6.5,7761080.0
3777,Pereira,Manufactura,11.7,78.73,55.1,47,4.09,10.4,2.9,1,72.7,53.8,3.1,5.3,14495525.0
3778,Pereira,Energía,10.2,44.62,66.1,61,4.89,7.9,10.8,2,59.8,65.8,25.3,7.1,18851196.0
3779,Otras,Hoteles,5.3,25.65,38.8,3,3.77,24.8,15.6,1,50.0,52.8,31.8,6.9,5098879.0
3780,Bogotá,Manufactura,5.5,33.86,81.0,4,4.91,17.6,11.8,0,66.6,74.1,94.9,6.3,8609070.0
3781,Bucaramanga,Manufactura,46.8,20.89,68.0,6,4.19,11.2,-4.4,0,71.6,64.2,12.1,6.9,7215644.0
3782,Bogotá,Comercio,19.5,75.2,67.0,10,4.0,20.8,16.1,1,72.2,74.2,51.4,5.8,10078229.0
3783,Manizales,Profesionales,46.7,37.54,66.3,28,4.79,12.4,-0.1,1,83.0,73.3,49.7,7.2,13766288.0
3784,Bogotá,Información,6.0,69.38,82.8,9,5.46,10.6,6.3,3,77.5,72.1,53.0,6.6,12080780.0
3785,Bogotá,Comercio,10.3,34.07,53.4,23,3.68,23.5,6.0,1,64.6,66.3,21.6,6.0,9705608.0
3786,Bogotá,Comercio,9.7,63.8,60.1,8,3.8,27.8,8.8,1,72.3,74.1,66.4,6.0,8670321.0
3787,Otras,Transporte,6.5,30.33,53.0,5,3.98,31.1,8.8,1,63.1,51.8,61.5,5.9,7023811.0
3788,Medellín,Hoteles,8.1,52.63,53.4,5,3.59,17.1,-2.7,1,65.1,59.7,35.0,6.3,6709028.0
3789,Bucaramanga,Transporte,11.1,7.53,59.5,11,4.05,21.6,-2.2,0,62.9,64.4,34.4,6.4,7742375.0
3790,Cali,Profesionales,14.6,24.13,68.3,8,3.89,10.0,0.9,0,61.3,66.4,57.2,6.7,7781612.0
3791,Bogotá,Hoteles,2.8,33.11,56.3,2,3.06,23.9,6.3,2,64.3,60.8,32.4,6.5,6583015.0
3792,Otras,Comercio,11.6,51.36,55.4,3,2.74,22.7,4.8,0,61.4,53.8,97.3,5.6,6058896.0
3793,Cali,Financiero,4.9,68.77,80.5,13,5.53,12.0,10.4,0,75.5,70.3,41.1,7.5,11449485.0
3794,Cali,Información,9.5,62.82,68.0,19,5.02,8.2,1.6,2,74.9,68.3,65.9,6.4,12215022.0
3795,Pereira,Financiero,4.5,47.27,63.1,2,4.68,10.4,-1.0,1,50.6,67.8,0.9,6.9,6042685.0
3796,Cali,Comercio,3.6,10.03,56.1,7,2.35,24.5,12.0,2,54.6,62.8,9.7,7.5,7076466.0
3797,Bogotá,Comercio,6.2,58.33,51.4,3,3.73,26.3,4.2,3,58.8,69.0,34.9,6.3,6531546.0
3798,Barranquilla,Información,23.0,76.57,68.6,18,4.97,18.0,1.0,0,75.2,85.3,18.4,6.4,11412796.0
3799,Medellín,Profesionales,11.6,38.35,67.8,17,4.25,16.9,-1.3,1,58.3,69.4,13.3,5.8,9523463.0
3800,Bogotá,Comercio,6.7,0.97,64.3,55,4.0,27.1,7.7,2,71.0,61.7,23.7,6.4,15911746.0
3801,Otras,Manufactura,6.2,57.26,54.6,82,3.25,14.2,3.5,3,57.1,52.5,8.6,7.5,16825503.0
3802,Pereira,Comercio,5.3,56.54,57.1,15,3.42,22.5,6.9,0,66.8,60.7,55.7,6.5,8228856.0
3803,Manizales,Agricultura,6.0,30.53,49.8,24,2.92,15.6,7.7,0,54.8,54.5,78.0,4.2,8106879.0
3804,Bogotá,Construcción,16.4,37.94,63.0,8,4.02,33.0,11.7,1,67.5,72.9,30.9,6.3,8671264.0
3805,Bogotá,Profesionales,16.0,16.74,64.7,10,4.81,18.2,5.9,1,65.9,70.2,64.9,7.5,8977551.0
3806,Bogotá,Comercio,6.5,10.91,50.4,6,3.11,25.0,11.3,0,49.4,65.8,91.2,5.2,5839120.0
3807,Cali,Agricultura,18.1,40.28,47.2,35,2.87,21.8,3.1,1,60.1,59.8,61.4,6.6,8927784.0
3808,Cali,Transporte,14.0,23.85,49.8,7,4.04,22.0,7.4,0,60.8,56.9,94.5,5.2,6411761.0
3809,Bogotá,Comercio,26.8,58.01,60.0,21,4.29,25.2,1.6,1,69.5,57.8,92.8,6.0,9912556.0
3810,Medellín,Agricultura,7.8,4.07,42.8,6,2.51,30.9,18.9,1,52.0,59.2,69.8,6.2,5820587.0
3811,Manizales,Información,24.9,16.32,74.3,60,5.36,10.2,4.7,1,77.1,62.7,58.6,6.7,21588593.0
3812,Bogotá,Agricultura,6.4,36.56,47.7,2,2.77,23.3,13.2,0,51.4,51.4,49.2,5.5,5304345.0
3813,Bogotá,Manufactura,15.0,57.8,53.8,30,3.24,21.5,9.0,3,64.8,58.2,77.1,6.7,10593596.0
3814,Bogotá,Financiero,34.2,29.35,77.0,10,4.96,4.0,9.6,0,82.5,88.0,71.2,7.2,11945959.0
3815,Medellín,Comercio,10.0,32.86,53.6,16,3.0,27.5,22.9,1,73.5,63.6,69.5,6.3,9468694.0
3816,Cali,Salud,7.2,7.98,63.8,15,3.99,23.8,9.4,2,56.7,70.6,89.9,6.7,9784247.0
3817,Bogotá,Comercio,7.0,38.98,60.4,4,3.36,24.1,-2.3,1,65.7,67.2,68.9,5.5,7152056.0
3818,Bogotá,Comercio,24.3,72.44,68.5,6,4.27,33.5,12.4,1,79.9,78.1,51.2,6.7,9610126.0
3819,Bogotá,Información,6.3,4.21,71.9,10,4.68,16.0,0.1,2,56.2,74.9,84.0,5.3,9377500.0
3820,Cartagena,Comercio,8.0,78.7,51.1,12,2.64,22.2,-4.1,1,54.5,60.6,78.6,5.8,6315549.0
3821,Bogotá,Hoteles,11.5,60.36,50.0,24,3.56,30.1,1.5,3,46.5,63.1,71.4,8.3,8167945.0
3822,Bogotá,Manufactura,8.5,64.9,68.6,34,4.7,17.7,24.2,0,72.4,73.3,8.3,6.9,14439058.0
3823,Medellín,Comercio,26.2,31.84,57.6,6,3.06,21.2,4.6,1,66.3,70.9,59.0,4.1,10049255.0
3824,Cartagena,Comercio,17.3,78.78,63.6,4,3.88,33.4,8.9,0,63.0,61.8,76.6,6.3,6928991.0
3825,Bogotá,Manufactura,4.1,54.29,68.6,3,3.49,16.5,9.2,2,68.7,72.7,20.9,7.6,8327332.0
3826,Bogotá,Transporte,11.5,45.42,48.5,9,3.43,21.9,0.7,0,60.7,61.1,16.9,7.3,6250750.0
3827,Barranquilla,Manufactura,17.6,11.33,60.7,18,4.4,26.0,8.3,2,77.2,59.5,57.8,6.2,10711665.0
3828,Cali,Manufactura,2.6,32.73,67.2,23,4.69,19.2,26.8,3,62.8,66.9,3.9,8.3,12604686.0
3829,Bogotá,Hoteles,12.7,47.98,52.6,4,3.17,27.5,-2.1,2,71.0,72.7,57.9,7.4,7128712.0
3830,Bogotá,Comercio,20.3,61.23,50.3,33,2.48,27.0,10.4,0,75.8,62.6,76.3,5.6,9974945.0
3831,Pereira,Comercio,2.9,50.4,54.6,6,3.23,35.9,11.8,0,53.5,66.3,67.0,6.6,6239350.0
3832,Pereira,Financiero,8.4,1.32,67.7,7,4.94,6.2,5.6,1,65.9,67.0,32.9,6.7,8935945.0
3833,Bogotá,Profesionales,11.8,31.21,76.0,7,5.45,17.9,2.4,1,87.7,70.0,2.8,6.1,10706026.0
3834,Bucaramanga,Comercio,55.0,69.82,52.6,91,3.64,23.8,7.2,1,75.8,66.0,36.9,6.7,20524245.0
3835,Cali,Comercio,21.6,30.45,56.3,49,4.03,21.6,8.8,3,59.7,69.5,52.6,6.8,15679502.0
3836,Manizales,Hoteles,8.1,69.64,40.9,7,4.35,38.7,2.6,1,64.3,53.4,54.7,6.3,6049886.0
3837,Cartagena,Energía,20.0,73.32,77.0,28,5.01,15.2,12.6,0,84.4,61.7,64.1,6.3,14978497.0
3838,Medellín,Información,13.0,69.17,58.5,5,4.54,18.8,2.9,0,62.5,55.2,73.5,6.8,6506303.0
3839,Medellín,Comercio,4.1,47.07,44.7,5,2.87,31.0,5.2,0,53.0,65.2,5.6,6.1,5100068.0
3840,Bogotá,Información,13.4,71.11,66.4,27,4.85,11.6,8.4,1,68.9,73.8,58.5,6.2,13094018.0
3841,Medellín,Minas,11.5,11.44,62.0,16,4.61,9.6,3.8,1,68.9,81.5,81.0,5.9,10213588.0
3842,Bogotá,Salud,9.2,57.05,69.4,28,3.65,23.9,-10.9,2,60.4,76.6,79.8,5.7,10860282.0
3843,Bogotá,Información,1.9,79.88,74.6,11,5.11,19.4,0.3,2,67.3,86.0,26.3,5.8,10280213.0
3844,Bucaramanga,Manufactura,4.4,23.4,56.2,73,3.89,17.7,9.8,2,55.3,59.0,12.3,7.6,17678016.0
3845,Cali,Agricultura,26.6,63.07,46.9,14,3.3,30.2,19.5,2,65.4,57.7,39.0,6.7,9236788.0
3846,Manizales,Información,3.4,48.86,72.7,42,4.43,10.8,3.3,2,65.6,66.5,94.6,6.5,15366614.0
3847,Medellín,Manufactura,8.2,8.64,57.6,3,2.93,24.5,13.5,3,51.3,67.7,27.4,8.0,7023662.0
3848,Bogotá,Comercio,11.7,31.05,69.3,12,2.93,30.3,-2.0,0,62.2,70.7,22.5,5.0,7610504.0
3849,Bogotá,Agricultura,19.3,73.9,53.1,1,2.43,34.0,9.5,0,67.6,62.3,11.4,6.3,6109836.0
3850,Bogotá,Comercio,14.6,25.4,53.8,12,3.38,36.5,8.4,1,62.3,67.6,9.1,6.2,7453166.0
3851,Barranquilla,Minas,8.0,4.87,87.2,21,5.71,9.5,9.0,4,80.1,79.1,67.5,7.3,15813897.0
3852,Bogotá,Construcción,4.6,43.68,60.7,28,5.19,35.3,10.0,2,55.6,61.0,25.0,7.5,11810708.0
3853,Cali,Transporte,3.4,22.29,49.2,3,3.29,25.4,0.6,0,52.6,63.6,65.7,6.7,7794655.0
3854,Cali,Transporte,5.7,24.75,44.3,16,3.72,24.7,10.9,0,62.8,50.5,9.0,5.5,7319404.0
3855,Barranquilla,Hoteles,3.1,52.06,44.8,1,2.87,25.3,12.7,0,62.2,57.3,19.5,5.5,5063414.0
3856,Cali,Financiero,3.3,13.11,74.7,22,4.81,4.2,0.8,1,77.9,70.8,16.6,6.3,12555382.0
3857,Pereira,Manufactura,32.2,69.62,51.7,22,3.25,9.9,-1.7,0,61.1,56.0,87.1,6.4,8281065.0
3858,Bogotá,Profesionales,17.7,36.74,75.2,22,4.8,10.2,10.6,1,79.0,78.7,80.9,5.4,13617080.0
3859,Medellín,Hoteles,1.9,47.39,56.9,1,2.35,22.7,8.1,2,62.4,79.6,26.8,5.5,7340537.0
3860,Medellín,Agricultura,35.4,38.23,61.5,6,3.58,23.8,5.7,1,70.3,76.1,16.0,5.6,8450419.0
3861,Medellín,Minas,12.1,35.8,69.1,12,4.46,8.8,2.2,2,76.3,75.3,22.5,6.5,10494646.0
3862,Bogotá,Energía,8.8,25.7,85.8,17,6.25,10.2,14.3,1,79.0,73.6,63.6,7.0,14205265.0
3863,Cali,Profesionales,7.8,35.93,55.3,3,3.76,12.1,17.5,1,66.0,58.7,73.8,7.0,7374313.0
3864,Bogotá,Comercio,15.6,64.72,67.9,19,3.78,26.8,4.1,0,72.8,71.3,19.6,6.8,9854563.0
3865,Bogotá,Agricultura,10.3,54.07,60.5,29,2.59,29.4,8.8,1,68.5,75.2,49.5,5.8,10564948.0
3866,Cartagena,Manufactura,4.8,45.48,63.1,45,3.82,27.0,10.4,2,57.8,59.1,17.2,6.1,13733959.0
3867,Medellín,Financiero,22.2,48.71,65.3,16,4.51,15.2,3.3,0,74.5,71.9,4.6,5.3,10078154.0
3868,Bogotá,Comercio,1.2,32.89,67.2,15,4.01,28.3,-3.9,0,73.4,67.6,45.7,6.9,9297662.0
3869,Bucaramanga,Comercio,5.2,0.32,40.3,22,2.35,30.1,6.0,0,63.6,55.8,60.6,6.8,6589295.0
3870,Pereira,Manufactura,7.0,74.47,60.4,3,3.82,12.6,16.9,2,62.3,56.4,17.2,6.5,7776831.0
3871,Medellín,Construcción,8.1,79.53,67.7,62,3.63,35.0,-5.2,1,71.9,70.7,15.8,6.0,15760273.0
3872,Pereira,Profesionales,3.5,16.4,70.4,31,4.45,18.5,7.7,1,65.6,68.4,91.5,6.3,17472819.0
3873,Bogotá,Información,6.4,60.04,64.2,18,5.05,16.2,-0.1,2,69.9,58.5,98.4,7.6,10954022.0
3874,Bogotá,Información,37.8,32.66,83.0,11,5.64,6.9,-3.1,1,85.4,81.4,83.2,5.8,11698953.0
3875,Cali,Profesionales,17.9,79.18,76.8,8,4.39,14.2,11.5,3,71.8,60.0,29.0,6.8,10490378.0
3876,Bogotá,Comercio,12.2,73.99,59.2,5,3.63,28.4,0.4,3,63.3,71.4,22.0,7.1,8133676.0
3877,Cali,Hoteles,5.3,28.78,53.1,10,3.13,31.0,-2.5,3,60.3,66.0,50.3,8.5,7472297.0
3878,Manizales,Comercio,10.1,47.2,44.2,4,2.5,32.2,6.1,0,66.5,65.0,40.4,6.6,5307692.0
3879,Barranquilla,Profesionales,11.3,70.12,68.3,3,3.77,17.0,-1.7,2,68.0,70.1,61.2,8.2,8235255.0
3880,Bogotá,Comercio,5.0,21.54,67.8,17,3.54,29.2,2.7,2,78.1,80.5,14.2,6.0,10630258.0
3881,Bogotá,Comercio,5.9,28.19,64.5,24,3.69,27.2,-1.4,0,63.6,72.2,93.8,6.6,9655387.0
3882,Medellín,Comercio,3.0,34.3,57.0,21,3.88,28.2,24.8,2,63.8,62.1,71.4,7.3,10052378.0
3883,Medellín,Manufactura,5.0,26.54,62.3,12,3.94,22.4,12.0,0,58.0,68.8,77.0,6.3,8295086.0
3884,Bogotá,Financiero,6.4,42.82,55.3,10,5.65,1.3,6.3,0,67.5,62.3,44.9,6.3,8874735.0
3885,Cali,Salud,6.0,71.31,44.9,17,4.16,27.5,-0.1,1,53.2,61.3,61.4,7.2,7387502.0
3886,Otras,Construcción,2.2,54.4,60.3,24,3.01,27.0,10.7,0,63.3,53.9,26.2,6.0,9260067.0
3887,Bogotá,Agricultura,12.3,8.8,53.5,55,1.84,14.9,10.0,1,63.9,65.5,36.2,5.9,10713170.0
3888,Bogotá,Comercio,24.8,29.22,54.6,7,4.1,20.7,9.6,1,63.5,65.6,74.3,6.2,7754525.0
3889,Medellín,Transporte,52.3,68.02,54.6,39,3.82,12.8,6.3,0,75.1,55.1,93.1,6.3,13058571.0
3890,Otras,Comercio,3.3,15.44,32.0,5,3.36,26.4,-7.8,0,52.3,44.6,73.7,5.6,3685959.0
3891,Medellín,Hoteles,9.6,70.99,51.8,26,3.0,22.6,3.5,0,56.4,62.0,31.9,6.6,8512600.0
3892,Bogotá,Manufactura,16.4,42.52,49.8,20,3.34,14.6,8.6,0,61.8,72.6,54.6,5.9,8422675.0
3893,Bogotá,Financiero,6.6,22.28,87.2,6,5.74,9.5,5.5,1,79.7,81.2,40.3,5.0,11263505.0
3894,Medellín,Profesionales,7.8,34.85,56.8,3,4.86,8.9,9.9,0,65.8,67.0,27.4,6.2,7075413.0
3895,Medellín,Manufactura,60.0,4.61,60.4,15,5.67,12.7,-3.3,1,75.9,77.8,51.0,6.7,9974953.0
3896,Medellín,Profesionales,5.7,35.95,75.9,32,5.52,16.4,6.1,4,69.0,59.2,26.4,7.9,15959516.0
3897,Medellín,Comercio,4.0,4.26,49.4,32,2.71,21.6,7.6,1,56.4,66.7,44.5,5.4,9273208.0
3898,Bucaramanga,Energía,21.1,33.52,69.6,5,4.47,2.6,2.3,1,75.1,60.6,88.7,5.6,9138028.0
3899,Bogotá,Hoteles,3.0,18.14,46.0,6,3.88,26.5,8.2,1,58.6,59.3,3.6,6.3,6472989.0
3900,Cali,Comercio,12.2,61.83,54.1,5,3.45,20.2,7.0,1,74.2,57.9,76.9,7.9,7539853.0
3901,Bogotá,Hoteles,2.7,65.98,58.3,6,2.95,36.6,4.7,0,65.4,69.6,29.5,4.6,6800680.0
3902,Medellín,Información,10.6,73.76,69.4,7,4.84,22.0,-3.0,2,70.0,62.3,46.6,6.1,8439242.0
3903,Cartagena,Información,9.8,71.64,60.4,43,4.24,24.6,2.7,3,58.6,66.6,51.7,6.1,14422548.0
3904,Bogotá,Profesionales,12.1,66.52,80.4,2,5.36,10.8,8.7,1,78.7,85.7,75.2,5.9,9975698.0
3905,Medellín,Comercio,3.9,43.26,63.1,3,2.86,25.6,2.6,1,70.0,65.3,54.7,6.6,7449849.0
3906,Bogotá,Salud,4.7,55.59,82.6,9,4.38,27.6,1.2,3,81.6,69.0,47.2,7.5,10972904.0
3907,Bogotá,Energía,12.5,59.81,74.9,28,6.09,0.0,10.8,2,78.9,71.3,33.8,7.6,16498072.0
3908,Manizales,Profesionales,16.0,35.72,73.5,9,5.28,9.1,3.7,0,78.9,69.8,0.1,7.3,10129590.0
3909,Bogotá,Construcción,6.0,66.34,66.8,15,3.88,29.5,3.6,0,57.9,63.8,46.8,6.0,9036125.0
3910,Medellín,Comercio,7.0,54.23,64.7,8,3.14,27.5,10.1,2,66.8,70.0,23.6,7.3,8635785.0
3911,Barranquilla,Comercio,22.5,10.64,43.0,11,3.85,29.7,3.4,2,62.9,54.1,37.4,7.2,7070138.0
3912,Barranquilla,Comercio,5.0,5.52,55.4,73,4.05,31.4,4.7,3,56.0,67.0,39.3,6.3,17514719.0
3913,Bogotá,Comercio,52.7,46.68,62.8,11,3.6,29.1,1.1,0,90.6,69.6,94.6,5.9,9467091.0
3914,Bogotá,Comercio,14.4,0.73,57.2,50,3.44,36.4,7.4,2,59.1,80.4,91.9,6.4,13502269.0
3915,Manizales,Manufactura,25.6,72.69,58.0,60,3.71,9.3,5.5,2,57.4,69.4,84.9,7.1,20807599.0
3916,Bogotá,Comercio,7.7,69.26,72.9,3,4.43,25.0,6.3,0,67.6,77.4,31.6,5.4,9952569.0
3917,Pereira,Transporte,2.4,13.36,54.9,1,3.4,21.5,4.9,2,65.3,57.9,63.1,7.5,6396709.0
3918,Otras,Agricultura,7.2,62.91,35.6,8,2.91,22.5,6.1,1,57.1,51.3,25.0,6.0,5165521.0
3919,Cali,Agricultura,7.7,21.63,54.1,9,2.56,21.1,15.3,1,62.4,55.2,59.4,5.3,6782869.0
3920,Pereira,Comercio,28.9,42.15,50.2,22,4.03,18.7,1.4,0,65.0,58.2,5.7,5.4,9101360.0
3921,Bogotá,Construcción,12.5,39.97,75.7,24,4.23,18.7,-8.1,2,74.7,67.0,17.3,6.2,11977316.0
3922,Bogotá,Comercio,15.0,6.32,61.7,14,3.22,26.5,11.7,2,67.1,65.9,75.2,6.9,9450009.0
3923,Bogotá,Agricultura,20.2,79.88,63.8,6,4.44,26.9,9.3,1,65.5,80.5,40.3,6.1,8613437.0
3924,Bogotá,Profesionales,12.3,63.99,74.9,4,5.03,15.9,7.3,1,60.1,75.8,5.8,5.7,8437648.0
3925,Medellín,Información,5.5,60.98,67.3,8,5.3,10.7,11.5,2,63.6,64.8,49.9,6.4,9434058.0
3926,Bogotá,Salud,11.0,69.07,76.9,3,4.53,19.8,10.7,2,63.2,67.0,19.0,6.6,8273398.0
3927,Medellín,Manufactura,16.4,30.54,60.9,20,4.54,19.5,9.5,1,58.9,75.6,7.4,6.4,10599890.0
3928,Cali,Comercio,21.0,15.47,52.8,7,3.1,22.1,-2.0,0,68.2,66.0,83.5,6.6,6104188.0
3929,Bogotá,Comercio,21.3,16.68,61.2,7,3.58,27.1,8.9,0,69.5,59.3,53.5,7.8,7992521.0
3930,Otras,Financiero,6.2,53.37,76.6,17,3.68,10.2,5.8,0,62.3,57.1,23.0,6.1,9631081.0
3931,Cali,Información,3.4,12.64,68.7,9,4.01,6.9,17.1,1,61.7,66.1,83.7,6.1,8634461.0
3932,Bogotá,Hoteles,5.3,35.53,55.6,8,3.15,31.3,16.2,3,60.3,66.0,60.6,7.1,8190350.0
3933,Manizales,Hoteles,3.4,33.63,44.8,11,3.11,30.8,5.8,0,54.1,52.5,0.7,6.6,5697156.0
3934,Bogotá,Profesionales,22.7,37.51,78.3,13,5.3,15.4,6.5,0,89.2,72.7,62.4,7.5,12498965.0
3935,Cali,Salud,7.7,14.97,61.6,16,3.5,29.8,8.4,1,65.0,62.2,77.8,6.3,8847845.0
3936,Otras,Profesionales,7.9,16.17,44.7,15,3.05,22.5,7.9,1,69.1,48.9,41.4,5.5,7248114.0
3937,Bogotá,Comercio,14.0,74.57,61.7,10,2.77,23.9,1.2,0,63.9,57.8,71.8,6.4,6935715.0
3938,Bogotá,Financiero,19.4,29.49,68.6,9,4.26,5.2,8.3,1,74.4,78.8,65.5,6.7,10395081.0
3939,Medellín,Manufactura,20.9,26.91,58.1,18,5.14,18.6,-8.6,3,64.0,75.5,55.2,7.5,9782511.0
3940,Bucaramanga,Hoteles,10.8,76.57,44.7,10,2.96,29.4,3.4,0,62.2,59.1,39.8,6.4,6200191.0
3941,Bucaramanga,Manufactura,2.3,55.23,73.6,7,4.72,23.0,9.7,0,76.4,68.3,29.0,8.1,9310956.0
3942,Bogotá,Manufactura,6.7,37.22,58.9,12,4.6,24.2,7.4,2,58.9,68.2,42.2,7.6,8532809.0
3943,Pereira,Profesionales,17.3,6.79,56.1,19,3.91,19.5,0.9,0,61.8,60.5,6.2,6.0,8371744.0
3944,Otras,Comercio,20.8,34.2,52.2,10,3.27,23.8,10.0,1,67.7,54.0,82.9,5.4,8163963.0
3945,Cali,Comercio,3.5,18.45,57.6,11,2.59,28.0,-7.1,1,70.4,65.7,26.7,7.5,7282993.0
3946,Bucaramanga,Manufactura,15.4,76.76,65.2,29,3.97,14.6,9.2,0,74.6,63.2,2.8,5.6,12273808.0
3947,Pereira,Agricultura,60.0,21.5,44.5,12,2.34,14.4,9.1,1,67.0,49.0,92.0,6.2,7791336.0
3948,Bogotá,Comercio,9.4,55.91,50.4,10,3.72,24.6,7.4,6,55.1,64.4,83.9,8.3,8483921.0
3949,Barranquilla,Profesionales,8.2,1.19,55.9,8,4.13,15.9,10.3,1,65.9,57.5,8.1,6.9,7628659.0
3950,Pereira,Salud,31.8,43.71,65.9,6,3.84,14.3,18.9,1,73.1,56.4,34.4,6.0,10125450.0
3951,Barranquilla,Hoteles,12.8,1.35,53.6,5,2.58,31.4,3.4,0,65.2,51.1,28.5,6.7,5594686.0
3952,Bogotá,Comercio,5.4,64.39,64.3,9,3.84,17.8,4.5,1,62.2,72.1,41.6,7.0,8063711.0
3953,Pereira,Comercio,16.3,4.13,43.7,8,3.88,24.9,17.0,1,60.0,58.5,78.5,6.3,7258003.0
3954,Cali,Comercio,9.4,25.87,45.1,13,1.97,28.3,13.3,0,57.7,51.3,23.9,5.4,5784393.0
3955,Medellín,Comercio,12.4,48.99,79.8,31,3.66,22.5,13.4,0,70.4,79.4,31.0,6.6,13343794.0
3956,Bogotá,Manufactura,5.9,23.22,65.1,5,4.48,21.4,-4.3,1,63.7,73.2,62.6,6.8,7601229.0
3957,Barranquilla,Construcción,7.1,57.3,59.0,40,3.52,25.2,14.3,1,62.3,51.6,47.8,7.2,11978835.0
3958,Cartagena,Comercio,2.7,75.96,48.6,26,3.39,27.6,11.3,1,58.3,55.1,89.7,6.6,8789545.0
3959,Bogotá,Profesionales,4.4,56.21,80.6,18,5.41,15.2,9.0,0,71.7,82.2,26.0,7.0,12729146.0
3960,Cali,Comercio,7.4,55.06,65.9,6,3.06,35.1,0.3,1,71.4,62.3,97.3,6.8,7867436.0
3961,Bucaramanga,Comercio,19.8,41.44,58.3,11,3.2,22.1,11.0,1,67.8,57.6,38.0,6.4,8569077.0
3962,Bogotá,Construcción,3.1,69.61,56.1,6,3.84,22.5,6.5,1,48.6,67.3,35.2,5.7,6489689.0
3963,Cali,Profesionales,17.2,64.6,76.6,24,4.8,14.8,1.0,1,73.3,70.6,67.4,5.5,12811606.0
3964,Cali,Profesionales,8.3,65.27,64.9,11,4.44,10.0,14.8,0,67.3,61.2,39.9,4.6,9164164.0
3965,Bucaramanga,Manufactura,12.7,58.94,73.6,26,3.58,30.4,19.2,1,69.1,61.3,75.6,5.8,12257905.0
3966,Cali,Financiero,16.7,53.81,79.6,30,4.93,13.3,12.9,1,73.8,71.0,6.7,7.5,14794775.0
3967,Bucaramanga,Hoteles,5.5,54.12,54.9,24,2.56,29.6,1.8,2,54.3,56.9,27.8,6.8,8161127.0
3968,Medellín,Comercio,12.8,4.6,71.6,4,3.09,33.3,9.8,2,64.7,74.0,5.7,6.4,8547539.0
3969,Bogotá,Hoteles,5.9,1.27,45.0,15,2.44,23.7,3.5,2,53.6,68.9,61.7,6.1,7321351.0
3970,Otras,Comercio,6.2,28.0,42.1,2,2.89,27.7,1.6,1,57.9,44.5,43.2,6.7,4329026.0
3971,Manizales,Información,2.4,4.75,64.0,76,4.33,25.4,1.0,1,68.7,63.7,41.0,6.6,19597190.0
3972,Bogotá,Manufactura,4.6,4.93,72.6,13,4.59,9.3,9.4,2,64.6,86.6,100.0,7.3,10906644.0
3973,Medellín,Energía,8.8,43.84,67.8,48,5.39,17.6,20.8,1,71.5,67.9,32.1,6.1,19113184.0
3974,Bogotá,Hoteles,9.0,71.77,70.3,31,3.14,32.3,6.1,2,72.6,60.3,54.3,7.3,11929988.0
3975,Pereira,Transporte,5.9,53.52,58.4,9,2.9,17.7,-5.6,0,52.9,49.9,40.6,5.3,5905112.0
3976,Pereira,Manufactura,13.3,6.19,56.6,32,2.75,23.2,-1.1,3,74.7,57.9,28.1,6.3,11033343.0
3977,Otras,Financiero,2.4,23.05,49.7,17,4.75,15.4,5.4,1,59.2,49.2,13.0,7.8,8242532.0
3978,Cali,Manufactura,3.1,65.19,78.7,19,3.69,20.8,0.3,1,75.6,65.0,4.0,6.9,11071056.0
3979,Cali,Comercio,14.1,13.44,55.3,7,4.04,20.9,10.5,3,73.9,63.5,36.6,5.9,9167545.0
3980,Cali,Minas,5.8,6.21,77.6,26,4.99,23.5,12.8,0,64.8,69.9,99.1,5.5,13193733.0
3981,Bucaramanga,Agricultura,54.5,70.06,33.3,11,2.9,17.4,5.5,1,64.6,51.3,33.7,6.1,6750493.0
3982,Barranquilla,Hoteles,8.1,5.74,43.9,17,2.3,29.0,4.5,1,50.5,62.5,34.1,5.8,6694439.0
3983,Bucaramanga,Construcción,23.6,64.86,64.3,36,3.53,18.7,-0.8,2,73.4,64.6,19.7,6.8,12872798.0
3984,Pereira,Profesionales,7.4,61.65,68.9,6,4.33,10.5,7.3,0,77.4,77.6,71.7,5.5,9231822.0
3985,Bogotá,Comercio,13.6,17.47,70.3,28,3.87,28.1,0.2,1,72.9,73.5,19.1,5.5,12323206.0
3986,Medellín,Comercio,3.8,41.73,69.6,2,2.89,33.0,1.4,0,63.5,67.8,53.4,4.8,6677016.0
3987,Cali,Comercio,3.3,35.31,43.1,15,3.49,25.9,8.1,1,58.5,62.2,7.8,6.0,7400367.0
3988,Cartagena,Manufactura,4.2,51.9,61.2,5,3.8,17.9,5.7,1,65.6,64.1,38.5,7.2,9892866.0
3989,Bogotá,Comercio,21.9,63.11,66.3,41,3.63,18.1,10.4,3,65.2,71.9,67.0,7.1,15085939.0
3990,Bogotá,Transporte,5.1,61.82,73.1,7,4.74,27.2,11.1,2,68.4,72.7,46.5,7.4,9419196.0
3991,Medellín,Transporte,6.9,31.44,57.4,23,3.27,29.9,2.4,1,64.2,62.9,52.2,4.9,9197863.0
3992,Bucaramanga,Profesionales,8.8,76.18,61.1,9,3.81,15.1,2.2,2,66.3,63.5,77.7,6.5,8529105.0
3993,Cali,Información,25.9,22.27,69.8,7,5.63,4.7,6.7,1,73.2,65.3,96.2,6.5,10280223.0
3994,Medellín,Información,15.1,10.67,62.3,16,4.08,10.4,2.0,2,74.7,59.5,27.7,7.3,10200077.0
3995,Bogotá,Comercio,5.3,67.59,52.2,7,4.62,32.0,3.4,1,56.2,63.5,28.4,6.9,6677993.0
3996,Bogotá,Salud,32.5,49.14,56.9,49,4.43,15.7,7.6,1,71.3,74.2,82.8,6.8,16181412.0
3997,Bucaramanga,Financiero,18.2,14.23,86.9,69,4.17,8.1,8.7,1,78.1,70.8,35.8,5.6,22278409.0
3998,Manizales,Transporte,5.1,59.9,46.0,6,3.11,18.5,-14.0,3,58.0,47.5,13.6,6.2,5524927.0
3999,Cali,Comercio,18.8,15.37,59.0,9,3.68,28.6,10.7,1,65.4,70.3,48.2,5.6,8762909.0
4000,Bogotá,Financiero,4.4,24.03,83.1,10,5.23,4.0,5.3,3,66.8,78.5,57.4,7.6,11975365.0
4001,Bogotá,Manufactura,29.3,21.13,71.3,7,4.8,16.9,6.1,1,67.6,60.6,36.0,7.6,9824045.0
4002,Bogotá,Hoteles,27.0,17.78,63.0,33,3.58,27.1,-2.7,2,69.1,66.6,24.0,6.7,11293598.0
4003,Bucaramanga,Transporte,3.9,36.54,56.0,2,3.14,24.6,17.8,0,56.3,57.4,14.5,6.1,5448725.0
4004,Bogotá,Agricultura,16.1,54.77,35.0,8,2.82,29.4,12.2,0,52.1,47.3,91.6,7.0,5249942.0
4005,Cartagena,Comercio,10.1,67.61,45.1,4,3.57,29.1,0.6,1,63.4,55.8,54.7,6.1,6006783.0
4006,Manizales,Transporte,4.0,47.24,33.4,25,4.1,22.0,7.7,2,42.9,48.0,76.8,7.0,8106030.0
4007,Bucaramanga,Comercio,8.6,9.65,51.1,10,3.6,25.5,5.8,2,69.7,65.5,50.5,5.9,7887826.0
4008,Bogotá,Financiero,8.3,73.42,75.8,9,5.46,10.4,1.0,1,83.2,83.3,4.5,6.3,11411110.0
4009,Otras,Comercio,10.0,29.51,51.7,7,3.56,20.4,4.1,0,64.8,52.0,62.1,7.4,6556821.0
4010,Bucaramanga,Hoteles,10.7,77.51,42.7,20,3.32,25.3,4.9,1,64.2,54.1,12.5,8.2,7790405.0
4011,Medellín,Manufactura,59.5,66.99,70.4,20,4.2,7.2,9.1,0,89.0,68.1,56.8,6.1,16159178.0
4012,Barranquilla,Manufactura,14.8,35.17,58.0,23,4.39,15.8,3.0,3,70.9,63.3,55.0,7.2,11386576.0
4013,Cali,Profesionales,10.6,62.55,74.0,47,5.23,11.7,13.9,3,67.8,71.8,70.6,6.5,18831679.0
4014,Bogotá,Agricultura,27.5,6.17,40.8,31,3.33,19.0,2.3,1,61.4,69.7,46.5,5.4,9061737.0
4015,Bogotá,Profesionales,12.1,4.42,64.7,110,4.81,12.3,9.4,1,62.6,79.7,63.4,5.4,28570992.0
4016,Pereira,Salud,6.5,31.44,59.6,21,4.68,18.5,7.8,1,60.9,66.3,21.6,4.8,10385455.0
4017,Otras,Salud,17.6,17.0,71.3,30,3.47,24.6,4.8,1,71.8,56.1,56.9,6.1,11736406.0
4018,Pereira,Información,28.7,57.55,76.1,17,3.74,12.1,-3.3,1,80.1,64.9,8.5,7.0,11063141.0
4019,Medellín,Información,4.3,4.8,54.2,4,4.56,13.9,2.5,1,56.0,63.7,1.1,5.6,6510978.0
4020,Bucaramanga,Comercio,31.0,2.51,58.6,4,3.35,27.1,13.3,0,70.3,66.3,56.6,6.5,8053029.0
4021,Medellín,Manufactura,3.2,35.43,68.9,18,4.17,15.3,8.3,1,77.4,65.5,20.0,5.3,11357563.0
4022,Cali,Comercio,23.1,58.32,51.2,27,3.55,18.6,-0.6,0,66.5,61.8,12.7,7.0,9214090.0
4023,Cali,Información,5.0,15.28,65.6,6,5.26,15.0,16.9,2,64.4,66.3,40.6,5.8,8820998.0
4024,Medellín,Construcción,2.3,71.56,59.0,10,3.7,34.1,6.0,1,61.2,60.7,59.8,5.6,7633285.0
4025,Otras,Construcción,21.9,76.85,48.7,23,3.2,29.3,10.5,1,53.9,40.2,5.6,6.9,8658298.0
4026,Bogotá,Manufactura,8.1,28.84,65.9,11,4.71,13.3,3.2,0,75.7,59.9,35.6,6.7,9299030.0
4027,Medellín,Comercio,5.6,52.21,51.1,55,3.97,23.5,16.7,0,58.4,62.1,60.7,6.9,13957979.0
4028,Medellín,Comercio,4.7,55.48,50.9,32,4.23,21.0,5.9,1,60.7,72.6,30.5,7.5,11273320.0
4029,Cali,Manufactura,7.0,18.69,77.5,21,4.25,21.7,-1.2,1,67.0,69.9,76.3,5.6,11316031.0
4030,Cartagena,Profesionales,21.9,22.35,62.0,161,4.51,9.8,7.6,0,70.5,62.4,54.9,5.2,35680912.0
4031,Cali,Profesionales,6.9,54.0,69.6,3,4.17,8.7,-5.6,2,72.4,63.3,42.7,6.6,8355231.0
4032,Otras,Construcción,9.2,8.26,43.8,52,3.12,22.7,7.1,1,52.6,46.0,62.2,7.2,10840445.0
4033,Bogotá,Agricultura,6.2,29.76,54.4,5,3.29,15.1,6.4,1,64.3,68.0,24.3,6.4,7200303.0
4034,Bogotá,Comercio,4.1,12.74,63.6,8,3.6,28.7,10.1,1,67.9,62.8,39.4,6.1,8018219.0
4035,Bucaramanga,Profesionales,4.1,42.28,72.0,5,4.05,19.3,10.9,0,61.8,62.4,95.9,5.5,7759552.0
4036,Manizales,Manufactura,4.8,75.24,53.1,19,3.21,17.3,5.0,1,62.5,53.7,61.4,6.7,7997428.0
4037,Pereira,Comercio,9.6,20.0,39.7,12,3.2,25.5,2.1,1,54.6,51.4,35.3,7.4,5581993.0
4038,Bogotá,Financiero,18.4,43.01,85.1,13,4.97,4.9,5.5,2,77.4,67.3,19.6,6.4,12363377.0
4039,Bogotá,Hoteles,5.7,70.74,47.6,6,3.38,27.3,0.6,1,60.8,55.6,0.4,6.6,5742362.0
4040,Bogotá,Manufactura,3.1,28.22,72.0,7,4.57,24.7,8.1,1,68.9,72.1,27.3,6.8,9407522.0
4041,Medellín,Energía,12.9,66.62,77.1,16,5.73,10.9,6.8,0,67.7,71.8,48.0,6.9,11390581.0
4042,Manizales,Comercio,11.3,16.13,55.0,4,2.89,28.0,-4.9,1,54.1,61.2,26.9,6.1,5978260.0
4043,Bogotá,Salud,12.3,1.56,77.0,63,4.38,9.4,16.0,4,71.3,71.6,75.7,8.9,21570622.0
4044,Medellín,Profesionales,22.2,21.9,65.4,14,5.12,4.1,0.6,1,80.4,64.6,13.1,7.4,10637137.0
4045,Medellín,Información,30.2,8.94,86.9,9,5.92,9.7,-1.8,3,90.0,65.4,86.7,6.4,12828369.0
4046,Bogotá,Hoteles,3.6,8.56,68.7,12,4.08,26.2,7.1,1,73.0,82.2,27.8,5.3,9846193.0
4047,Bogotá,Salud,38.3,53.43,80.0,15,3.86,17.8,5.9,0,82.2,87.0,59.8,7.0,11518070.0
4048,Cartagena,Información,12.0,18.75,59.4,28,4.68,15.1,1.5,1,66.4,52.6,61.1,7.4,11629199.0
4049,Cartagena,Construcción,26.2,26.66,55.4,12,3.45,18.8,4.8,1,75.1,54.0,12.1,6.2,8657953.0
4050,Barranquilla,Salud,10.1,21.09,71.9,42,3.97,29.4,3.5,0,73.2,75.4,49.8,7.0,14093072.0
4051,Cartagena,Manufactura,20.0,12.56,73.8,28,4.89,24.8,14.0,0,77.8,57.7,76.1,7.4,14223760.0
4052,Cali,Profesionales,4.3,24.43,60.1,2,4.9,12.1,7.5,0,59.1,63.3,84.6,5.6,6783236.0
4053,Manizales,Construcción,2.6,24.02,62.1,5,2.94,19.0,7.5,2,66.7,58.0,92.2,6.3,9791239.0
4054,Bogotá,Comercio,49.1,29.58,78.0,15,4.32,19.4,7.9,1,92.7,78.6,61.1,6.6,13220271.0
4055,Bucaramanga,Energía,9.0,41.43,63.7,14,5.72,0.8,2.6,0,62.5,63.7,68.8,5.9,9573727.0
4056,Cali,Construcción,4.4,66.75,54.0,3,4.67,25.0,1.0,1,63.4,65.3,14.2,6.8,6504620.0
4057,Barranquilla,Información,9.9,61.01,67.9,11,4.9,23.6,15.3,1,54.9,53.8,34.6,7.6,9305781.0
4058,Otras,Comercio,28.8,15.2,61.8,31,2.99,28.2,12.4,3,66.0,48.0,67.8,7.9,11586200.0
4059,Cartagena,Manufactura,9.5,18.74,59.1,26,3.88,23.2,8.5,1,77.1,58.2,87.5,6.7,11337495.0
4060,Bogotá,Manufactura,15.0,6.12,70.8,51,4.26,12.3,-0.4,2,73.3,73.8,43.0,6.2,16724646.0
4061,Bogotá,Minas,8.1,10.57,68.7,5,5.29,11.0,5.6,2,80.1,75.9,34.3,6.3,9887903.0
4062,Medellín,Hoteles,11.9,30.89,61.1,4,2.38,29.5,4.0,1,69.3,64.0,43.1,6.8,6930372.0
4063,Manizales,Transporte,12.7,1.68,56.5,3,3.77,17.0,-4.7,1,60.3,56.7,12.4,6.9,6005874.0
4064,Medellín,Agricultura,6.0,1.31,49.0,6,3.13,31.4,10.8,0,63.3,59.1,24.8,6.5,6238276.0
4065,Medellín,Energía,5.3,17.81,82.0,15,6.24,2.9,2.0,1,81.4,80.8,80.5,6.3,13508884.0
4066,Barranquilla,Manufactura,7.2,68.76,66.1,29,3.16,22.3,12.0,2,59.8,73.2,88.6,6.8,10964099.0
4067,Cali,Agricultura,1.7,62.59,38.4,4,2.28,26.0,0.1,2,58.3,56.0,20.8,5.1,4734301.0
4068,Cali,Comercio,8.7,23.39,63.7,11,4.21,34.9,-3.7,2,64.7,61.5,27.8,7.2,8495573.0
4069,Bogotá,Comercio,13.7,19.89,44.5,9,3.88,28.1,5.6,1,57.8,60.8,43.0,7.0,6652399.0
4070,Bogotá,Financiero,40.3,48.61,64.9,46,5.5,0.3,-2.1,0,80.9,69.0,50.6,5.6,17128453.0
4071,Cali,Financiero,8.5,9.46,58.3,2,4.48,4.9,5.1,0,69.1,70.2,91.3,5.8,7235778.0
4072,Bucaramanga,Comercio,19.1,18.23,64.2,20,3.52,19.3,14.7,0,71.7,56.4,15.7,5.5,10673846.0
4073,Bogotá,Información,16.6,51.25,67.9,24,4.81,8.7,3.9,0,74.3,70.0,77.0,5.9,12691558.0
4074,Bucaramanga,Comercio,12.5,11.8,57.1,2,2.66,30.6,8.7,0,63.5,68.7,30.7,6.9,6231343.0
4075,Medellín,Información,11.3,35.86,68.3,10,5.25,14.5,8.7,0,77.7,64.6,50.6,5.2,9917506.0
4076,Bogotá,Agricultura,14.6,35.07,47.4,6,2.7,28.3,11.1,2,59.3,63.1,82.5,6.4,6848645.0
4077,Bogotá,Agricultura,12.3,26.01,64.6,20,3.67,22.4,3.2,3,76.7,71.6,95.4,7.1,11356263.0
4078,Bogotá,Comercio,10.3,36.35,64.0,12,3.36,25.9,9.8,3,63.5,77.4,16.4,6.3,9716549.0
4079,Barranquilla,Transporte,8.7,17.01,58.1,71,3.65,20.2,11.6,3,56.9,68.6,67.4,8.4,17680772.0
4080,Otras,Construcción,1.6,2.77,61.6,7,3.86,28.8,-0.1,0,63.0,62.4,49.6,6.8,7177179.0
4081,Medellín,Manufactura,18.3,29.67,48.7,14,3.87,10.7,11.2,0,62.3,69.0,30.6,7.1,7958141.0
4082,Bogotá,Comercio,11.6,12.41,52.1,2,4.24,21.1,-1.3,0,54.6,60.7,84.7,6.7,5440545.0
4083,Bucaramanga,Comercio,17.4,19.87,53.5,15,3.57,32.2,14.4,1,67.7,46.5,47.4,5.9,8385787.0
4084,Barranquilla,Construcción,9.0,34.06,64.0,8,4.1,25.2,6.2,0,67.1,58.7,45.3,6.1,7617549.0
4085,Pereira,Agricultura,14.3,39.28,31.1,17,2.77,16.6,-1.7,1,52.6,44.2,33.3,7.1,5531168.0
4086,Bogotá,Salud,16.2,0.59,74.6,9,4.28,18.6,13.1,1,77.6,69.3,69.4,5.7,10560319.0
4087,Bogotá,Salud,11.9,5.54,76.6,38,4.93,20.2,-2.2,0,81.0,86.8,79.9,6.8,16217473.0
4088,Medellín,Información,45.1,14.18,70.5,80,4.24,17.9,5.2,1,80.7,69.3,79.4,6.9,22901407.0
4089,Medellín,Transporte,5.1,75.52,60.8,46,3.54,26.9,13.6,1,68.0,57.9,50.5,5.7,12677073.0
4090,Bucaramanga,Profesionales,7.3,62.05,66.8,4,4.86,23.9,5.3,1,75.3,62.0,99.3,5.3,8141633.0
4091,Barranquilla,Profesionales,8.5,27.24,61.4,3,3.25,12.8,9.3,1,74.5,69.3,77.8,6.9,8105824.0
4092,Medellín,Información,34.1,7.87,77.7,9,5.3,16.9,6.4,1,79.7,81.3,7.1,5.8,11440604.0
4093,Bogotá,Profesionales,32.4,67.2,73.9,20,4.99,8.1,10.1,4,69.6,79.8,15.4,7.7,14054660.0
4094,Otras,Financiero,5.9,74.67,71.3,12,5.07,8.8,4.1,0,62.9,59.7,30.6,7.4,9382849.0
4095,Bogotá,Construcción,5.7,64.58,61.0,15,3.89,23.9,7.4,2,63.4,66.8,3.4,6.2,9139112.0
4096,Bogotá,Información,12.6,77.43,68.5,38,5.17,12.3,1.4,6,62.8,90.0,16.4,8.6,17442412.0
4097,Bogotá,Construcción,4.6,47.58,70.3,36,4.28,18.6,1.2,0,70.2,78.0,82.1,6.5,13441961.0
4098,Bogotá,Transporte,10.0,16.65,67.2,83,4.68,18.8,5.5,4,72.7,80.6,54.0,7.6,24790578.0
4099,Bogotá,Comercio,28.7,21.75,71.2,4,3.97,16.3,9.5,0,71.6,61.9,91.7,6.6,8766267.0
4100,Barranquilla,Comercio,39.2,18.42,43.8,39,2.86,22.2,-2.4,2,76.3,55.5,8.1,7.9,10123136.0
4101,Cali,Profesionales,5.2,40.28,60.1,2,4.68,14.2,11.9,2,62.8,57.3,49.8,6.6,7134211.0
4102,Barranquilla,Manufactura,13.6,50.76,71.6,67,3.59,14.1,3.8,2,67.1,59.3,97.0,8.2,17511131.0
4103,Bucaramanga,Información,6.3,22.05,82.0,26,5.11,19.1,-3.5,1,69.6,71.4,43.7,5.8,13269134.0
4104,Bogotá,Financiero,9.6,29.04,68.5,13,4.86,6.2,2.8,0,68.5,67.6,84.6,4.9,9745626.0
4105,Cartagena,Construcción,3.1,14.63,56.6,7,2.79,30.5,3.5,1,65.7,59.0,42.5,6.1,6981914.0
4106,Bogotá,Profesionales,42.3,28.49,66.6,106,4.71,9.4,22.6,1,88.7,62.0,25.4,5.9,30866169.0
4107,Pereira,Manufactura,11.9,18.5,63.5,27,4.2,24.4,-2.9,1,64.8,64.0,97.5,6.5,10807279.0
4108,Bogotá,Comercio,13.2,24.01,50.6,68,3.57,23.5,5.5,3,78.4,65.1,91.6,7.4,17118470.0
4109,Pereira,Comercio,19.3,77.86,47.1,101,2.96,24.1,-0.7,5,47.2,65.8,35.9,7.7,18231542.0
4110,Cali,Construcción,7.0,20.11,45.3,11,3.5,23.5,16.3,0,56.9,58.8,44.5,6.3,6472800.0
4111,Bogotá,Comercio,10.1,7.29,55.7,2,3.8,24.5,0.5,1,66.3,63.3,94.9,7.6,6330771.0
4112,Barranquilla,Comercio,5.3,36.92,63.6,1,2.85,32.5,11.3,0,68.9,56.7,15.0,5.2,6523328.0
4113,Medellín,Comercio,14.3,2.78,48.2,13,3.31,28.0,14.0,1,59.9,57.0,35.0,6.0,7983772.0
4114,Bucaramanga,Financiero,4.0,48.52,72.8,13,4.45,13.0,-0.1,0,53.5,67.1,44.7,6.2,8539608.0
4115,Bogotá,Transporte,17.5,50.77,61.9,11,4.4,26.1,3.5,0,69.4,69.3,52.3,5.6,8619942.0
4116,Cali,Construcción,3.0,27.34,61.1,28,3.17,29.6,4.9,2,64.3,66.8,20.6,6.5,10377774.0
4117,Medellín,Comercio,12.9,63.62,61.4,8,3.93,21.9,6.7,0,72.2,72.5,96.8,4.7,8282425.0
4118,Cartagena,Información,26.6,76.55,72.9,21,4.5,17.8,7.2,0,80.8,69.8,29.6,5.7,12284011.0
4119,Bucaramanga,Manufactura,8.5,16.25,59.5,30,4.82,19.6,-2.5,3,62.3,57.8,64.8,6.6,12541507.0
4120,Bogotá,Información,4.4,72.38,74.0,20,4.61,20.9,4.4,0,58.7,66.2,52.9,5.6,9853781.0
4121,Bogotá,Salud,4.3,74.19,69.5,9,4.73,14.7,-11.3,2,82.3,70.9,3.8,6.2,9677176.0
4122,Bogotá,Agricultura,12.9,3.24,39.5,15,3.92,20.8,1.3,2,48.6,72.0,60.4,6.6,7143773.0
4123,Medellín,Financiero,30.0,40.5,71.9,12,5.6,7.2,9.8,2,76.6,70.6,0.0,5.6,12732722.0
4124,Bogotá,Manufactura,40.0,28.91,59.9,44,4.82,22.7,10.7,3,59.2,73.3,5.8,7.0,16427060.0
4125,Medellín,Transporte,17.7,53.54,64.1,5,4.31,24.1,4.0,2,74.8,78.5,64.5,6.3,9282574.0
4126,Medellín,Información,13.0,0.57,74.9,10,4.41,8.5,-8.5,1,76.1,72.9,59.1,5.5,9803714.0
4127,Barranquilla,Construcción,15.5,75.31,62.3,3,4.08,21.9,2.3,3,60.4,51.9,55.9,7.3,7231686.0
4128,Medellín,Transporte,5.1,46.08,42.6,19,3.83,17.9,-3.6,1,51.9,49.9,70.7,7.6,6846816.0
4129,Cali,Comercio,20.6,12.39,52.6,18,3.06,26.5,6.4,1,65.4,54.0,91.0,5.7,8376224.0
4130,Barranquilla,Manufactura,11.6,23.89,79.7,13,4.55,16.3,4.2,1,81.3,61.8,0.9,5.4,17572193.0
4131,Medellín,Financiero,10.9,62.0,60.8,14,4.26,24.5,8.5,2,63.3,68.8,0.4,6.4,9064114.0
4132,Medellín,Hoteles,19.9,33.85,52.0,17,3.57,24.8,9.3,1,59.8,61.0,40.8,7.2,8941886.0
4133,Bogotá,Comercio,20.0,51.69,68.6,1,3.75,27.4,8.9,0,66.3,74.1,54.9,5.0,7638839.0
4134,Bucaramanga,Manufactura,14.8,0.81,55.3,13,3.39,14.5,19.4,3,70.2,72.0,98.5,8.1,10298994.0
4135,Bucaramanga,Comercio,12.2,39.53,49.7,29,4.65,29.0,2.6,1,67.5,66.3,1.3,7.2,11743380.0
4136,Pereira,Comercio,4.4,52.28,49.7,254,3.12,23.9,5.6,3,53.5,45.5,0.0,7.5,37084973.0
4137,Cali,Transporte,5.4,79.21,54.1,4,3.44,26.0,8.3,1,57.0,56.5,2.1,6.2,6114468.0
4138,Medellín,Información,5.8,45.15,75.6,9,4.72,15.6,14.6,1,66.9,65.8,54.6,7.2,9709233.0
4139,Medellín,Comercio,2.5,74.79,54.2,17,3.12,33.1,11.2,2,66.6,66.4,76.1,7.1,8499725.0
4140,Barranquilla,Manufactura,42.1,17.26,52.9,8,4.1,5.4,12.3,1,63.7,49.5,0.0,6.7,8171806.0
4141,Bogotá,Profesionales,17.4,20.32,54.3,1,4.14,15.6,1.0,4,68.8,59.3,40.4,7.7,7336202.0
4142,Medellín,Financiero,17.1,3.37,64.8,8,4.66,14.4,10.4,1,63.0,75.4,55.9,6.2,9077428.0
4143,Bogotá,Profesionales,10.0,68.89,67.7,15,5.2,14.2,-3.9,1,74.2,69.7,40.5,7.0,10845830.0
4144,Medellín,Minas,14.9,8.67,68.2,21,5.26,18.1,6.3,1,66.9,72.1,91.0,7.0,11869176.0
4145,Barranquilla,Comercio,6.7,33.8,53.9,45,3.2,32.9,5.4,1,58.3,57.5,71.9,5.7,11316441.0
4146,Medellín,Comercio,6.7,27.83,56.1,23,3.32,34.8,1.2,0,46.2,60.1,68.1,6.1,7756427.0
4147,Pereira,Comercio,8.2,5.4,42.6,2,3.11,22.5,5.1,1,58.6,51.9,45.3,5.7,4785135.0
4148,Medellín,Comercio,9.5,11.87,57.9,4,2.64,30.5,6.4,1,59.8,67.1,31.2,6.4,6126190.0
4149,Barranquilla,Financiero,3.7,73.15,79.9,10,4.47,10.5,10.0,0,73.1,68.0,56.0,6.1,10113587.0
4150,Bogotá,Comercio,11.6,37.54,56.6,46,3.75,32.9,13.3,3,56.0,74.1,99.4,7.3,13469965.0
4151,Medellín,Comercio,34.5,46.29,47.2,3,3.9,22.7,13.2,2,71.9,66.6,57.1,6.1,8118022.0
4152,Cali,Hoteles,5.7,32.89,65.5,12,3.54,39.1,11.5,1,67.9,59.0,18.7,6.2,8449609.0
4153,Bogotá,Comercio,8.3,20.23,42.0,2,3.19,23.1,10.5,1,70.2,53.9,39.4,6.1,5849794.0
4154,Bogotá,Comercio,3.9,60.16,71.2,34,3.69,22.9,5.8,2,68.3,75.7,1.4,6.1,13129330.0
4155,Medellín,Construcción,8.8,2.62,62.6,12,5.12,30.1,3.1,0,72.3,67.6,80.4,5.8,8740068.0
4156,Bogotá,Salud,29.4,13.28,79.1,45,4.97,18.7,8.4,5,68.8,86.7,45.3,8.1,19431680.0
4157,Bogotá,Hoteles,18.7,71.69,57.8,74,3.65,28.0,9.9,5,68.3,69.7,38.7,7.9,19263719.0
4158,Otras,Financiero,6.9,49.28,50.4,13,4.16,11.0,15.0,0,55.5,48.7,51.0,5.6,7360642.0
4159,Bogotá,Información,16.3,75.27,80.5,12,5.02,8.1,3.9,2,87.1,81.5,88.8,6.5,13058084.0
4160,Cali,Manufactura,6.9,27.37,63.6,19,4.03,23.9,15.5,2,57.8,74.2,5.1,6.3,10281269.0
4161,Medellín,Manufactura,5.6,67.22,66.9,2,4.93,19.4,13.5,0,72.2,63.1,27.3,6.0,7844115.0
4162,Barranquilla,Agricultura,4.2,39.45,42.3,11,3.3,28.4,7.8,1,57.5,47.4,30.0,5.1,6519370.0
4163,Otras,Transporte,11.5,63.36,52.1,4,2.38,23.1,1.7,2,59.5,51.0,25.0,5.6,6052385.0
4164,Manizales,Información,7.0,5.55,75.4,6,5.57,9.8,3.6,1,78.4,66.5,10.8,5.3,9853888.0
4165,Bucaramanga,Salud,10.2,54.15,66.1,10,4.15,12.0,8.1,3,79.6,65.4,83.4,6.7,10334581.0
4166,Medellín,Información,15.7,79.92,71.3,13,5.12,9.5,0.6,3,68.9,74.6,28.9,7.4,11082916.0
4167,Bogotá,Manufactura,10.4,8.82,77.4,12,5.32,18.5,6.9,3,64.2,74.3,79.7,7.3,11197641.0
4168,Medellín,Información,11.8,72.02,66.7,3,4.06,2.9,16.9,0,67.5,70.0,89.3,6.7,7882482.0
4169,Cartagena,Manufactura,7.5,25.23,56.3,35,5.45,12.9,-2.7,1,67.7,68.3,38.5,5.5,13968141.0
4170,Cali,Manufactura,4.9,76.87,59.6,7,4.67,6.2,-3.6,2,63.6,57.6,2.8,8.0,7580112.0
4171,Bogotá,Transporte,27.9,4.27,49.6,8,3.47,23.3,9.9,1,51.1,61.0,39.3,7.0,6697375.0
4172,Medellín,Salud,16.3,51.51,76.4,52,4.71,23.4,6.5,3,70.0,79.8,68.1,7.3,19192059.0
4173,Bogotá,Comercio,7.2,37.04,49.0,52,3.32,21.3,3.9,2,60.1,72.9,92.4,7.7,12326649.0
4174,Bucaramanga,Comercio,19.4,60.69,60.2,65,3.26,23.7,4.0,1,69.1,72.8,21.0,6.8,15250526.0
4175,Bogotá,Construcción,20.6,17.22,70.1,123,3.61,27.1,17.0,2,68.0,73.8,49.1,6.5,26754217.0
4176,Otras,Hoteles,6.3,19.81,47.3,25,3.23,31.1,2.5,1,46.2,38.6,52.9,6.7,7085298.0
4177,Cartagena,Profesionales,23.1,18.7,56.0,6,4.27,19.9,9.4,2,66.8,58.6,14.5,7.9,8287391.0
4178,Cali,Comercio,11.2,73.72,55.9,42,3.6,32.9,14.8,2,66.1,59.1,76.4,8.0,12871568.0
4179,Bucaramanga,Transporte,5.3,26.18,49.0,34,4.3,11.4,5.2,1,57.9,61.5,41.8,5.9,11685522.0
4180,Manizales,Comercio,4.9,7.02,34.2,3,2.84,20.9,7.2,0,55.7,56.3,17.6,4.9,3808845.0
4181,Pereira,Información,15.7,63.41,68.1,7,4.4,18.7,8.7,1,71.1,67.3,12.6,6.2,9305500.0
4182,Cali,Comercio,10.4,42.25,59.6,6,4.02,29.8,-3.4,2,63.1,68.4,74.6,7.4,7303551.0
4183,Bucaramanga,Hoteles,15.3,59.68,39.8,19,2.66,29.2,4.3,0,51.6,58.5,11.1,6.9,8768322.0
4184,Bogotá,Minas,24.0,66.2,77.9,12,5.61,11.4,8.4,0,73.9,77.5,55.4,5.1,11588143.0
4185,Medellín,Comercio,14.4,53.62,59.9,6,3.6,29.0,14.1,0,71.9,61.9,93.3,5.2,8137349.0
4186,Otras,Comercio,1.9,20.0,55.2,13,3.52,24.5,9.2,2,61.0,51.2,98.1,7.0,7752925.0
4187,Medellín,Construcción,1.9,12.51,66.3,19,4.11,28.1,-0.0,2,60.3,66.1,91.3,7.5,9819506.0
4188,Bogotá,Transporte,8.4,57.07,38.6,3,2.56,22.6,8.1,0,59.7,62.2,34.5,5.8,4880106.0
4189,Cali,Hoteles,5.1,20.15,58.1,5,3.1,24.5,7.4,1,70.2,64.3,3.0,6.5,7630294.0
4190,Bogotá,Comercio,22.0,74.11,77.6,3,4.21,21.9,0.8,0,77.8,82.4,75.4,5.6,9102089.0
4191,Bogotá,Transporte,11.3,22.16,57.5,6,3.94,16.7,9.5,0,66.4,66.5,99.8,6.4,7975490.0
4192,Medellín,Comercio,4.0,8.05,62.5,35,3.91,26.4,5.2,2,62.7,69.9,20.4,6.8,12318683.0
4193,Medellín,Profesionales,8.1,44.83,80.5,19,4.18,7.9,-1.3,2,66.3,75.2,87.7,6.4,11631822.0
4194,Bogotá,Minas,6.5,35.9,69.3,22,5.59,17.7,-3.1,3,71.6,71.1,15.2,7.3,12596898.0
4195,Cali,Manufactura,8.9,41.23,65.5,2,4.53,14.7,12.0,0,67.5,64.7,86.4,6.6,7604086.0
4196,Bogotá,Comercio,5.3,32.12,59.7,18,3.39,18.3,3.7,0,52.9,61.7,81.9,6.0,7767567.0
4197,Bogotá,Construcción,5.7,21.33,54.9,23,4.19,23.6,1.8,1,52.5,66.3,51.2,7.4,9457313.0
4198,Medellín,Transporte,27.3,19.41,75.2,10,4.56,23.6,3.7,0,75.9,80.2,4.0,5.7,10181606.0
4199,Bogotá,Manufactura,26.1,1.3,65.9,18,4.25,18.7,-2.1,0,69.6,72.6,67.3,5.8,9688319.0
4200,Bogotá,Financiero,9.7,11.26,77.2,6,4.07,2.8,10.0,0,69.1,80.3,39.6,6.8,9331847.0
4201,Cali,Hoteles,5.7,70.99,61.2,11,3.13,32.2,7.2,1,60.0,62.9,69.3,6.6,7363187.0
4202,Bogotá,Financiero,6.4,25.21,64.6,5,5.21,11.9,9.5,1,60.5,67.3,75.0,6.7,7798706.0
4203,Bogotá,Construcción,4.1,63.73,62.2,29,4.34,23.0,13.6,2,64.9,69.8,31.3,6.2,12388933.0
4204,Barranquilla,Manufactura,5.7,30.2,46.7,47,3.66,11.1,-0.8,1,54.5,46.1,98.7,5.2,11775326.0
4205,Bogotá,Comercio,3.3,47.44,72.2,15,4.94,34.6,7.5,1,63.4,78.6,62.3,5.8,9859296.0
4206,Cali,Agricultura,12.1,5.28,32.6,4,3.05,19.6,10.3,2,50.6,56.5,70.0,5.2,7260509.0
4207,Bogotá,Salud,5.0,64.69,75.8,70,4.77,19.3,0.0,4,77.5,68.9,8.8,8.0,22499705.0
4208,Medellín,Agricultura,17.3,56.53,37.6,11,2.79,16.9,6.0,4,63.0,57.6,46.7,6.7,7358961.0
4209,Medellín,Minas,10.7,63.42,73.1,18,4.58,14.2,1.7,0,61.1,77.1,56.1,6.6,10586964.0
4210,Bucaramanga,Hoteles,14.4,27.41,46.5,12,3.88,23.7,3.6,1,62.4,42.3,50.8,6.2,7028947.0
4211,Bogotá,Manufactura,7.9,75.73,56.3,38,4.11,22.5,9.2,3,62.8,74.0,84.4,7.1,13345618.0
4212,Manizales,Salud,7.8,37.59,57.6,95,4.09,17.3,12.3,2,65.3,52.4,64.7,7.2,22656071.0
4213,Manizales,Financiero,12.5,51.83,77.1,12,5.66,7.9,4.3,2,76.2,71.5,77.4,6.4,11974569.0
4214,Bogotá,Comercio,60.0,75.76,58.5,42,3.85,25.1,9.0,2,90.8,66.8,35.2,6.4,15739384.0
4215,Bogotá,Construcción,7.3,68.65,65.6,25,4.04,27.2,6.3,2,73.7,70.2,40.3,7.6,11850339.0
4216,Otras,Construcción,31.9,20.16,57.7,10,4.26,18.7,2.0,2,61.8,55.4,97.5,5.8,8116546.0
4217,Barranquilla,Comercio,19.2,32.08,58.2,21,2.86,23.6,5.9,0,69.6,60.2,11.5,7.4,9024907.0
4218,Pereira,Hoteles,10.4,30.57,50.0,24,2.22,32.9,10.6,2,68.6,60.0,38.2,7.6,8647544.0
4219,Medellín,Agricultura,24.3,27.05,49.6,11,3.22,15.0,12.3,3,57.0,69.6,51.8,7.0,8573568.0
4220,Medellín,Profesionales,11.4,1.32,70.9,18,4.93,18.1,-5.6,1,67.5,70.6,9.2,5.0,10874198.0
4221,Medellín,Información,10.9,54.81,70.8,4,6.33,8.3,2.2,2,79.3,84.4,36.0,6.0,9943306.0
4222,Cali,Profesionales,5.2,55.89,62.6,8,5.53,6.3,4.2,1,55.1,82.7,88.0,6.1,8699383.0
4223,Medellín,Transporte,4.4,21.14,61.3,11,3.77,20.2,3.5,1,59.7,73.3,98.3,6.7,8099001.0
4224,Bucaramanga,Manufactura,1.6,49.44,54.9,10,4.51,20.6,4.6,0,49.0,69.6,93.9,6.3,7182705.0
4225,Cali,Profesionales,22.5,13.25,70.6,20,5.01,18.7,-0.6,1,62.8,75.1,29.7,6.4,10804933.0
4226,Pereira,Manufactura,3.7,56.5,70.3,4,4.54,22.6,11.1,0,74.7,52.2,81.6,5.7,8202354.0
4227,Medellín,Profesionales,17.5,43.93,73.2,14,5.14,14.3,13.4,2,72.8,81.5,89.2,6.0,12448560.0
4228,Bogotá,Profesionales,9.9,12.93,75.2,16,5.33,12.4,4.7,1,66.1,65.9,11.7,7.2,11298324.0
4229,Barranquilla,Comercio,10.5,21.2,62.4,4,2.76,22.9,16.0,1,67.0,55.4,72.0,6.6,7493138.0
4230,Bucaramanga,Financiero,9.7,1.62,78.7,9,4.31,14.0,9.9,1,74.4,72.6,98.4,6.3,10302110.0
4231,Cali,Hoteles,47.3,62.85,50.7,78,3.41,25.4,4.8,1,70.5,68.5,75.3,5.6,17338417.0
4232,Cali,Manufactura,20.4,1.6,57.5,11,3.15,18.9,6.9,0,70.0,64.3,9.4,5.7,7864720.0
4233,Medellín,Manufactura,22.8,24.71,64.9,36,4.29,15.3,14.2,3,62.9,80.5,73.8,6.8,15407422.0
4234,Pereira,Financiero,6.9,44.58,65.5,19,4.95,7.7,4.6,2,60.3,67.9,8.9,6.6,11209098.0
4235,Cali,Manufactura,11.8,56.39,64.4,64,4.53,21.9,5.9,0,71.7,55.2,60.3,6.8,18724602.0
4236,Bogotá,Transporte,6.5,45.26,73.7,9,4.44,25.6,-2.1,1,63.1,79.9,24.2,7.0,9403184.0
4237,Bogotá,Construcción,7.1,1.09,55.1,32,3.85,29.1,13.0,4,62.1,65.8,37.9,6.8,12291154.0
4238,Bogotá,Comercio,5.6,24.04,50.3,10,3.05,21.6,15.0,0,68.6,71.4,37.3,5.5,7277640.0
4239,Medellín,Manufactura,4.4,69.05,64.7,14,4.4,23.1,4.4,1,57.4,71.7,3.6,5.6,8384780.0
4240,Bogotá,Información,14.0,53.91,80.6,17,5.51,9.8,6.3,2,77.3,73.5,40.9,7.0,13434324.0
4241,Bogotá,Salud,3.6,67.38,67.5,11,4.3,19.2,13.2,2,63.0,75.1,66.7,7.2,9284215.0
4242,Bogotá,Comercio,9.2,73.24,71.1,13,4.15,23.5,7.2,4,75.1,77.0,0.9,8.5,11901748.0
4243,Cali,Comercio,2.6,25.31,52.3,21,3.6,39.9,7.0,1,63.9,60.3,41.3,5.3,8682730.0
4244,Medellín,Información,1.8,41.99,79.7,16,5.58,14.3,14.1,4,74.0,74.4,11.5,5.8,13865722.0
4245,Medellín,Información,9.0,30.52,68.6,2,4.91,17.7,3.2,0,64.3,67.3,84.1,5.7,7013296.0
4246,Manizales,Hoteles,21.7,63.1,49.0,3,2.34,15.5,8.4,0,74.4,57.5,14.2,5.6,6563179.0
4247,Medellín,Financiero,13.6,75.29,71.8,30,5.51,5.1,2.9,1,56.6,73.0,38.0,6.2,13993466.0
4248,Bogotá,Comercio,4.3,29.76,66.3,26,4.4,26.7,6.4,2,70.8,70.4,62.0,7.7,12618482.0
4249,Bogotá,Manufactura,6.4,40.51,56.3,14,4.55,18.3,6.6,1,61.9,74.3,40.4,6.7,8667257.0
4250,Bucaramanga,Comercio,18.8,74.89,57.2,4,4.08,26.8,5.4,3,72.0,58.9,72.6,6.2,7824662.0
4251,Bogotá,Financiero,5.6,69.08,82.5,6,5.01,10.8,13.5,1,78.0,70.5,21.5,6.2,10266910.0
4252,Barranquilla,Información,29.9,29.27,66.9,52,3.97,3.4,11.7,0,75.1,63.7,3.9,5.7,17050503.0
4253,Bogotá,Financiero,1.8,77.27,85.3,6,5.65,17.2,0.8,2,76.6,82.7,16.2,6.4,10846630.0
4254,Cartagena,Hoteles,13.0,69.81,56.3,1,4.13,27.4,5.6,0,59.1,71.0,33.1,6.6,5770190.0
4255,Medellín,Hoteles,4.9,19.22,50.4,8,3.49,34.1,10.8,1,64.4,54.2,19.5,7.0,6587661.0
4256,Medellín,Comercio,7.4,26.17,57.6,41,3.53,28.2,-4.6,2,60.9,55.9,43.6,6.9,17268081.0
4257,Bogotá,Comercio,2.9,56.96,57.7,75,4.02,29.2,1.0,2,56.5,59.9,87.4,7.2,18357946.0
4258,Otras,Información,3.2,72.14,71.9,5,4.05,9.1,5.1,1,66.5,60.8,21.0,6.5,8335341.0
4259,Medellín,Comercio,9.6,75.91,62.0,3,4.01,17.0,5.2,1,72.0,70.4,25.2,7.5,7937068.0
4260,Barranquilla,Manufactura,13.5,37.76,62.2,4,4.42,22.3,8.5,1,67.3,64.8,58.4,6.2,8467800.0
4261,Bogotá,Comercio,1.6,19.64,72.1,4,3.93,30.7,12.6,3,67.1,67.1,57.0,7.4,8148333.0
4262,Manizales,Información,9.2,51.16,57.0,60,5.49,13.9,-1.4,2,63.1,50.3,44.9,6.0,19375164.0
4263,Bogotá,Comercio,15.7,24.76,58.1,1,3.24,35.0,21.7,0,79.7,55.4,74.1,6.5,8183085.0
4264,Barranquilla,Comercio,5.0,47.52,59.1,49,2.58,19.6,0.6,3,66.5,51.3,59.4,6.3,11390913.0
4265,Bucaramanga,Profesionales,16.0,66.79,56.6,43,4.37,11.1,0.9,0,68.1,67.7,48.7,5.1,13625895.0
4266,Medellín,Hoteles,15.6,50.3,41.8,2,3.27,30.0,12.0,2,53.7,51.9,86.9,6.7,5354335.0
4267,Bucaramanga,Profesionales,30.8,27.47,73.2,3,5.27,5.7,-4.2,3,89.8,71.5,86.6,7.3,10430913.0
4268,Cartagena,Profesionales,6.8,46.26,67.9,1,4.83,22.7,15.0,1,57.7,65.9,63.2,6.7,6980628.0
4269,Cali,Financiero,18.8,0.69,80.2,26,4.7,3.6,15.7,1,81.5,63.0,9.4,6.0,15262248.0
4270,Bogotá,Comercio,23.0,40.6,57.2,29,3.34,14.6,-3.0,2,62.2,65.2,0.2,6.5,10512363.0
4271,Cali,Manufactura,16.4,32.45,54.7,12,4.26,16.5,6.1,0,65.0,59.9,3.2,6.6,7912179.0
4272,Bogotá,Manufactura,2.5,12.76,64.5,23,3.93,17.9,9.2,1,57.4,69.0,93.1,5.3,9974010.0
4273,Bucaramanga,Comercio,4.4,14.09,51.0,7,2.73,26.2,-1.4,3,55.0,55.7,89.5,6.2,6679999.0
4274,Medellín,Comercio,9.3,79.61,67.3,20,2.58,23.9,3.1,5,65.8,64.0,20.3,8.3,10652246.0
4275,Bogotá,Manufactura,6.3,39.73,83.4,23,4.47,8.0,11.4,0,73.3,84.7,26.3,5.2,13455480.0
4276,Medellín,Salud,8.3,37.43,71.6,27,4.4,18.7,13.5,1,67.7,76.5,21.2,7.4,12896652.0
4277,Pereira,Manufactura,11.6,15.59,50.0,10,4.07,8.9,10.8,0,68.3,61.5,59.6,5.9,8019830.0
4278,Bogotá,Transporte,12.2,35.7,56.3,22,3.94,26.8,2.6,1,60.5,66.8,96.2,7.1,9294003.0
4279,Cali,Manufactura,29.5,49.27,55.2,30,3.36,16.5,9.3,2,67.2,67.4,81.7,8.3,11805144.0
4280,Bogotá,Manufactura,8.8,47.6,72.2,41,4.72,16.5,4.3,3,75.7,70.7,16.3,6.2,16646404.0
4281,Medellín,Comercio,21.7,36.4,51.2,54,3.79,21.9,7.5,2,51.0,62.0,89.7,6.8,13898792.0
4282,Cartagena,Hoteles,13.2,40.82,51.9,48,3.62,30.6,4.0,2,56.2,66.4,39.3,7.1,12863674.0
4283,Bogotá,Manufactura,11.9,65.16,55.3,10,4.35,17.1,11.4,1,77.8,58.8,30.4,6.7,9216241.0
4284,Bogotá,Manufactura,3.7,33.58,75.6,112,5.37,19.7,-5.9,3,72.1,75.9,80.0,5.9,32572230.0
4285,Cali,Manufactura,4.8,61.0,58.3,16,3.62,20.4,6.5,2,57.7,64.1,45.6,6.9,8920556.0
4286,Medellín,Manufactura,26.2,46.91,58.4,13,3.54,22.9,6.3,1,61.6,65.0,18.3,6.2,8284777.0
4287,Bogotá,Comercio,10.8,46.11,56.1,8,3.88,24.1,4.9,2,54.3,73.0,67.7,5.8,7316771.0
4288,Barranquilla,Información,8.9,65.81,64.6,11,3.31,9.6,6.4,0,72.6,67.0,64.6,5.0,8998159.0
4289,Bogotá,Comercio,19.1,62.89,57.3,4,3.66,28.0,7.3,0,68.0,70.4,65.4,3.6,6996546.0
4290,Bogotá,Minas,7.4,54.56,83.5,14,5.2,9.5,1.4,0,81.9,78.8,53.8,6.2,11993282.0
4291,Bogotá,Profesionales,8.1,14.83,74.5,3,5.06,14.2,-3.5,1,70.9,66.4,6.7,6.7,8097185.0
4292,Medellín,Comercio,16.8,13.24,58.8,4,3.35,20.7,7.8,0,62.2,61.8,5.4,6.7,6926701.0
4293,Medellín,Construcción,7.0,27.9,58.6,9,3.66,18.7,1.7,3,63.9,63.7,43.5,6.6,8224019.0
4294,Cali,Agricultura,10.5,66.94,44.7,11,2.89,22.3,0.7,1,59.8,61.7,38.1,6.0,6135205.0
4295,Pereira,Hoteles,14.8,23.21,37.1,4,3.3,28.5,6.1,0,57.0,46.6,41.2,5.5,4655461.0
4296,Bogotá,Transporte,6.9,60.43,66.8,4,5.06,21.3,4.9,1,58.9,79.8,79.6,5.4,7752633.0
4297,Medellín,Comercio,5.6,39.46,64.4,3,3.57,26.2,8.1,0,73.3,67.7,42.5,5.8,7499706.0
4298,Cali,Transporte,5.9,56.98,55.6,12,4.31,31.9,2.5,2,50.5,56.2,61.3,6.5,7765443.0
4299,Bogotá,Comercio,11.0,49.59,48.6,45,3.73,27.5,7.5,2,59.7,63.7,36.0,7.4,12552755.0
4300,Bogotá,Comercio,9.4,35.64,71.1,9,3.77,30.2,17.4,5,66.6,73.3,87.8,8.5,11092455.0
4301,Bogotá,Manufactura,7.9,22.01,53.7,41,4.56,23.7,5.9,2,63.3,68.1,87.7,6.5,13596602.0
4302,Bogotá,Comercio,9.7,20.2,57.7,37,2.79,28.6,-4.9,0,62.8,63.5,56.5,7.5,9475913.0
4303,Bogotá,Profesionales,5.8,68.38,72.3,23,5.25,12.7,16.5,1,70.4,75.8,15.9,6.5,13274568.0
4304,Cartagena,Hoteles,3.3,44.92,55.8,37,3.05,31.2,0.9,1,52.2,67.6,81.8,6.8,10168615.0
4305,Bogotá,Manufactura,13.6,25.64,63.3,22,4.06,22.9,4.0,3,61.7,73.8,80.7,5.9,10749024.0
4306,Cartagena,Comercio,3.6,5.37,52.9,8,3.16,21.1,3.2,0,54.0,58.8,86.5,6.1,6227997.0
4307,Otras,Minas,13.8,29.04,69.3,32,4.4,9.6,14.6,0,75.1,58.5,98.4,5.9,13605404.0
4308,Medellín,Comercio,5.9,7.88,58.9,9,4.12,30.9,7.0,1,64.9,63.4,50.2,6.2,7656351.0
4309,Medellín,Manufactura,20.8,49.57,58.8,28,4.2,12.6,1.0,1,68.5,61.4,59.4,7.7,11296738.0
4310,Otras,Manufactura,10.1,47.19,61.6,40,3.9,13.3,-0.4,0,81.2,56.6,19.3,6.4,13484219.0
4311,Medellín,Información,15.4,25.02,70.7,24,5.17,19.3,6.3,4,71.0,77.0,29.8,7.6,14447207.0
4312,Bogotá,Hoteles,3.1,62.37,54.9,20,3.72,28.9,-4.6,0,59.3,70.1,15.1,6.4,8290272.0
4313,Bogotá,Hoteles,19.4,43.2,57.9,25,2.88,26.5,-0.2,0,60.1,57.3,74.7,5.7,8250367.0
4314,Cali,Comercio,22.5,22.46,44.7,22,2.79,19.5,15.9,1,63.8,55.1,49.8,6.2,8895113.0
4315,Otras,Comercio,10.8,12.02,59.7,4,2.57,23.2,-2.2,0,71.6,60.6,22.6,6.1,6274033.0
4316,Pereira,Comercio,8.4,6.43,45.9,10,3.08,30.3,14.1,0,54.8,61.0,10.8,5.6,6538599.0
4317,Bucaramanga,Comercio,5.6,31.71,55.4,27,3.26,32.9,-3.0,0,58.8,53.1,99.3,6.2,8233804.0
4318,Medellín,Construcción,5.5,65.05,47.2,3,3.97,37.1,5.5,2,54.9,59.5,72.8,6.9,5320477.0
4319,Pereira,Comercio,6.6,26.07,56.8,11,2.82,36.8,4.1,1,76.6,53.7,90.7,6.3,7742999.0
4320,Bogotá,Manufactura,14.9,39.92,81.4,152,4.76,19.2,-2.8,5,69.6,76.6,59.3,6.0,38422350.0
4321,Bogotá,Construcción,3.0,24.27,63.7,84,4.28,24.4,-4.3,3,56.1,70.4,75.1,6.5,22023803.0
4322,Bogotá,Minas,3.0,39.31,81.7,13,5.88,16.3,4.4,0,69.1,73.4,60.5,7.0,10872902.0
4323,Cartagena,Transporte,22.0,20.78,49.7,18,2.91,16.2,3.8,4,71.0,65.0,36.7,7.6,9721656.0
4324,Medellín,Manufactura,5.7,60.94,65.6,24,4.11,15.0,0.3,3,64.8,80.6,28.0,7.7,11970311.0
4325,Otras,Manufactura,1.6,52.78,47.3,11,4.4,18.5,1.2,1,61.7,36.6,22.3,6.5,6945758.0
4326,Bucaramanga,Información,22.5,76.9,77.6,17,4.91,8.9,7.6,3,78.3,71.6,74.3,7.2,13353920.0
4327,Bucaramanga,Energía,4.3,6.79,82.0,6,4.68,4.7,6.6,1,74.8,78.8,53.2,5.3,10161600.0
4328,Bucaramanga,Comercio,13.1,38.33,55.9,17,3.83,14.9,5.2,1,64.8,55.8,83.4,6.1,9001282.0
4329,Bogotá,Comercio,4.5,20.19,63.5,7,3.89,23.8,1.9,1,74.8,72.6,16.0,8.1,8626198.0
4330,Bogotá,Comercio,23.4,3.68,44.4,90,3.0,24.1,11.3,0,57.5,64.1,40.8,6.7,16435685.0
4331,Pereira,Minas,7.1,41.85,73.4,53,4.46,16.3,5.8,1,74.8,69.1,82.3,6.7,17890550.0
4332,Bogotá,Transporte,35.8,23.03,79.8,36,4.0,14.9,3.0,2,88.1,78.9,56.4,6.0,15993832.0
4333,Bogotá,Manufactura,10.5,36.34,73.3,10,4.09,19.7,7.3,1,76.4,72.3,6.2,7.3,10362415.0
4334,Bogotá,Comercio,3.1,65.86,66.4,3,4.37,24.9,-3.7,2,71.7,68.8,62.3,6.6,8026773.0
4335,Cali,Agricultura,22.4,37.69,42.3,5,2.86,23.2,6.2,1,69.8,56.9,33.2,5.2,6350231.0
4336,Bogotá,Comercio,11.1,70.4,53.6,30,4.32,33.4,6.6,0,68.2,73.9,23.1,5.8,11020705.0
4337,Cali,Profesionales,2.2,0.22,52.6,3,5.2,5.8,4.9,0,54.9,59.0,60.5,4.5,6073890.0
4338,Bogotá,Comercio,3.5,49.25,46.9,4,3.39,32.8,7.7,0,48.0,67.8,36.5,7.3,5042142.0
4339,Bogotá,Construcción,51.3,18.02,55.1,34,3.98,21.1,-2.1,1,67.4,61.0,0.7,5.1,10921118.0
4340,Bogotá,Comercio,13.8,42.2,65.9,12,3.01,34.1,4.8,2,70.7,73.2,25.6,6.8,8912237.0
4341,Medellín,Comercio,33.2,30.09,64.6,7,3.58,25.9,2.7,2,77.6,75.7,23.3,6.4,9372393.0
4342,Medellín,Comercio,15.8,12.34,58.3,8,3.46,36.7,-3.3,0,68.8,67.4,19.7,7.2,6500589.0
4343,Cali,Construcción,10.0,24.66,51.2,38,4.69,26.0,-4.5,5,69.8,65.8,74.4,8.2,14806955.0
4344,Bogotá,Profesionales,14.0,30.49,68.7,35,5.91,19.5,3.5,3,66.1,75.0,6.0,6.9,16791161.0
4345,Medellín,Profesionales,28.0,22.71,75.0,49,4.39,11.5,7.8,4,82.9,83.7,80.2,8.2,19596400.0
4346,Bogotá,Financiero,27.8,61.03,88.6,140,5.46,5.9,-2.5,3,77.5,84.6,21.9,7.4,41478095.0
4347,Bogotá,Financiero,15.0,48.27,76.6,12,5.66,0.0,-3.4,0,85.9,79.1,64.6,5.9,12038523.0
4348,Bogotá,Salud,10.6,19.7,58.6,16,3.96,9.5,9.6,1,63.0,73.8,21.7,5.8,9734230.0
4349,Bucaramanga,Agricultura,4.0,66.99,44.0,5,3.02,24.6,2.1,4,50.2,48.2,29.1,6.7,6039894.0
4350,Manizales,Financiero,7.2,49.6,82.7,49,3.58,3.3,9.9,2,72.6,67.2,82.6,6.7,15929810.0
4351,Bogotá,Comercio,19.7,33.21,60.8,6,3.52,15.5,0.7,1,65.5,78.8,10.3,6.8,8033333.0
4352,Medellín,Comercio,5.7,57.01,60.4,16,4.49,28.8,-4.4,1,67.5,64.7,52.0,6.5,9263351.0
4353,Cartagena,Comercio,9.1,36.81,57.1,4,3.39,32.3,7.6,2,69.0,59.4,52.4,7.6,7243847.0
4354,Bogotá,Información,41.7,4.12,78.7,45,5.88,10.3,6.4,0,82.2,62.3,52.6,5.4,19910046.0
4355,Cali,Información,3.6,3.25,63.3,7,4.42,18.7,1.5,1,56.5,70.2,5.3,6.1,7512678.0
4356,Bogotá,Comercio,39.8,27.45,52.8,6,4.08,21.9,-0.3,0,66.8,51.2,40.4,6.0,6354256.0
4357,Medellín,Hoteles,2.2,68.87,64.7,4,3.38,32.2,6.0,1,62.8,74.5,83.6,6.2,6892025.0
4358,Barranquilla,Comercio,7.2,18.32,64.5,2,3.23,32.1,0.1,1,71.8,47.4,87.9,6.6,6961430.0
4359,Bogotá,Comercio,22.2,58.1,56.0,7,2.84,34.3,3.9,5,79.5,76.7,61.4,8.1,9387264.0
4360,Cali,Comercio,7.3,18.41,59.7,10,2.8,27.2,-6.6,0,73.6,63.3,52.4,6.0,7488930.0
4361,Bogotá,Información,10.8,77.77,60.1,8,5.56,5.3,7.2,1,60.3,76.7,97.0,7.5,8667866.0
4362,Pereira,Información,37.3,54.21,57.3,10,4.85,10.7,-3.3,1,63.7,53.2,42.2,6.4,7456852.0
4363,Medellín,Comercio,8.1,77.38,56.8,39,3.82,20.9,2.7,3,78.5,62.1,18.2,5.8,13526818.0
4364,Medellín,Comercio,36.0,18.93,56.2,86,5.19,26.2,5.7,2,69.3,67.4,84.9,6.4,25430055.0
4365,Medellín,Comercio,5.7,31.51,54.2,18,3.58,26.6,-0.3,2,50.9,71.4,31.1,6.1,8247376.0
4366,Bogotá,Financiero,4.4,17.02,67.2,29,5.35,8.0,6.8,0,58.5,77.7,76.4,5.9,12310847.0
4367,Cali,Agricultura,9.5,21.06,43.5,32,3.22,24.2,4.0,2,51.7,43.6,55.3,6.9,8673887.0
4368,Cali,Comercio,12.8,39.86,54.8,13,4.09,30.1,6.8,0,63.2,67.1,56.5,5.8,7670226.0
4369,Medellín,Comercio,23.7,22.91,46.0,14,4.59,28.0,6.1,3,57.9,58.7,59.3,6.3,8784635.0
4370,Cartagena,Manufactura,3.6,1.33,62.2,32,4.21,25.4,14.0,1,66.3,52.1,71.7,6.2,12355188.0
4371,Barranquilla,Profesionales,7.0,63.34,67.4,23,4.84,12.9,9.2,0,67.2,63.7,45.4,5.8,11381503.0
4372,Medellín,Comercio,11.8,47.58,50.3,11,3.38,30.5,8.5,0,66.8,68.4,37.3,6.6,7427984.0
4373,Bogotá,Comercio,7.9,25.12,58.1,6,3.12,36.7,2.5,3,71.6,69.3,10.3,6.7,8136860.0
4374,Bucaramanga,Comercio,16.6,56.97,44.5,10,2.99,27.9,3.0,2,53.9,54.0,6.4,6.2,6239083.0
4375,Bucaramanga,Construcción,5.0,0.79,44.9,15,4.51,23.8,8.6,3,65.4,55.2,34.0,7.0,8861300.0
4376,Cartagena,Construcción,8.4,68.57,57.9,4,4.29,33.5,18.6,1,63.7,71.2,64.8,6.5,7731589.0
4377,Bogotá,Profesionales,6.6,47.82,74.5,14,5.47,16.8,0.2,0,74.2,81.1,34.3,6.2,11150381.0
4378,Bogotá,Hoteles,60.0,53.57,61.6,21,4.58,20.8,4.3,1,79.8,62.0,46.4,6.0,11975543.0
4379,Bogotá,Agricultura,19.2,49.33,37.0,13,3.02,22.6,10.1,1,61.7,54.8,42.6,6.4,6985373.0
4380,Bogotá,Comercio,12.0,59.14,67.8,19,3.51,33.6,6.2,4,72.8,69.8,33.6,7.1,11435830.0
4381,Barranquilla,Información,13.5,66.01,64.9,85,4.72,16.5,1.4,1,77.8,67.4,93.9,6.4,23191607.0
4382,Medellín,Información,9.1,56.8,83.6,17,5.63,15.9,-4.9,3,78.1,80.7,64.6,7.8,13434684.0
4383,Barranquilla,Manufactura,5.5,41.27,69.4,9,4.9,12.5,19.0,0,75.1,61.4,88.8,6.6,9407422.0
4384,Bogotá,Comercio,3.5,36.87,58.9,8,3.38,30.0,2.8,0,57.4,69.2,82.6,5.7,6859585.0
4385,Bogotá,Manufactura,28.0,44.63,61.4,26,4.94,25.1,5.7,1,73.0,74.3,63.6,6.9,12691000.0
4386,Otras,Hoteles,20.9,22.99,43.6,15,2.86,23.5,-1.0,1,56.1,51.4,64.5,6.6,6263129.0
4387,Bogotá,Profesionales,11.7,19.59,65.3,8,4.93,16.2,0.7,3,67.1,65.3,69.3,5.5,9235766.0
4388,Cartagena,Comercio,9.3,42.97,60.7,12,3.2,38.8,6.7,1,64.7,69.9,9.5,6.9,7815143.0
4389,Bogotá,Hoteles,15.4,3.56,52.7,12,3.64,33.7,5.3,1,63.3,66.0,81.6,6.2,7828873.0
4390,Cali,Construcción,13.1,46.25,54.2,26,3.66,16.1,7.4,1,72.2,72.9,89.7,6.0,10627283.0
4391,Pereira,Transporte,6.0,20.12,58.1,81,3.11,15.5,12.8,3,61.2,53.6,96.2,6.0,17114941.0
4392,Medellín,Hoteles,6.7,48.96,31.0,13,2.78,20.7,11.0,1,41.7,45.9,66.9,6.0,5242340.0
4393,Barranquilla,Comercio,18.7,0.08,45.2,16,2.31,18.8,1.7,2,67.2,64.1,80.7,6.5,7283513.0
4394,Otras,Salud,3.9,56.41,70.8,14,3.41,24.0,5.8,1,70.8,67.6,83.9,6.4,9352746.0
4395,Bogotá,Información,5.7,12.54,67.3,27,4.9,16.6,8.6,1,72.0,67.2,48.0,6.3,12953235.0
4396,Manizales,Comercio,5.2,10.06,54.1,11,3.44,32.0,9.0,1,52.3,62.7,96.6,7.7,6643348.0
4397,Cartagena,Construcción,18.4,73.45,60.3,16,4.37,26.9,4.7,2,66.6,59.9,0.5,6.8,12996288.0
4398,Bogotá,Manufactura,9.8,22.11,68.1,9,4.29,20.6,-1.1,0,62.7,81.6,57.2,6.1,7999851.0
4399,Bogotá,Salud,12.3,52.64,67.2,10,4.22,14.2,4.5,0,71.7,82.2,86.7,5.1,9445504.0
4400,Bogotá,Comercio,8.7,12.38,60.0,32,3.41,27.1,2.8,1,65.5,69.3,13.6,6.4,10758588.0
4401,Manizales,Financiero,7.5,46.24,70.2,28,4.38,8.2,7.2,2,65.6,69.5,64.1,6.2,13251836.0
4402,Cali,Comercio,15.9,40.74,56.6,13,3.3,30.3,-0.9,2,64.9,60.6,19.3,6.2,8013076.0
4403,Bogotá,Salud,5.0,67.12,71.7,4,5.66,16.6,13.5,2,67.6,70.0,43.7,7.1,9627615.0
4404,Bogotá,Comercio,2.8,66.37,61.1,9,3.87,31.5,3.6,1,59.3,71.9,81.8,6.5,8088764.0
4405,Bogotá,Información,5.3,40.43,65.6,5,5.41,12.4,0.5,1,71.4,83.5,76.6,6.0,8547495.0
4406,Barranquilla,Construcción,3.0,6.4,46.1,34,2.99,12.4,1.1,0,57.3,61.0,96.4,7.0,9071914.0
4407,Barranquilla,Comercio,5.1,5.34,53.1,40,3.76,15.2,7.1,5,53.2,55.9,99.5,7.1,12648205.0
4408,Bogotá,Comercio,8.7,67.31,76.5,1,3.86,22.0,6.4,1,66.4,73.6,31.1,6.5,8022785.0
4409,Bogotá,Comercio,19.2,27.7,68.8,13,3.12,28.0,6.7,0,78.7,73.4,39.6,6.6,9528676.0
4410,Medellín,Manufactura,8.0,38.76,66.4,14,4.26,16.1,14.2,2,80.8,73.7,28.8,6.4,11310169.0
4411,Manizales,Financiero,4.4,14.6,69.3,6,4.72,8.4,10.5,1,63.5,60.6,89.4,5.1,8493093.0
4412,Bogotá,Información,5.1,44.55,45.8,6,4.57,21.1,2.9,0,60.1,67.5,73.5,5.8,5928824.0
4413,Barranquilla,Manufactura,8.7,63.82,58.1,21,4.29,16.2,8.8,2,65.9,65.1,45.5,6.2,10507179.0
4414,Medellín,Comercio,3.5,42.65,50.6,10,3.92,25.6,10.0,0,54.4,70.5,53.8,7.0,6661218.0
4415,Cali,Información,15.9,3.3,63.6,353,4.84,12.6,3.1,6,70.5,58.3,6.4,8.2,76547713.0
4416,Medellín,Comercio,13.4,46.63,52.0,31,3.3,34.1,3.5,1,63.0,57.9,87.5,8.1,9801162.0
4417,Bogotá,Energía,8.5,41.71,65.4,24,5.81,10.7,11.4,1,62.1,73.2,9.5,5.9,12692350.0
4418,Bogotá,Información,8.8,27.53,72.7,11,5.55,18.1,4.8,1,67.9,75.0,60.5,7.9,10210180.0
4419,Cali,Hoteles,7.4,58.9,51.1,14,3.77,30.4,5.7,2,49.6,61.1,26.4,6.2,7442013.0
4420,Bogotá,Comercio,7.0,37.11,49.1,29,4.01,29.1,4.8,0,54.9,58.9,59.0,5.0,9697211.0
4421,Barranquilla,Financiero,7.6,32.58,62.5,6,4.88,5.4,1.0,1,72.1,58.0,82.8,5.2,8142549.0
4422,Cali,Información,41.8,53.11,81.4,176,4.67,15.9,-0.3,2,84.6,66.8,96.7,6.5,41725893.0
4423,Barranquilla,Salud,6.7,68.66,60.9,2,4.45,19.4,11.5,1,77.9,48.4,97.3,6.6,7818121.0
4424,Cali,Manufactura,9.7,47.19,54.9,9,3.78,21.2,14.2,1,63.4,62.2,59.9,6.7,7839294.0
4425,Otras,Construcción,19.1,61.27,47.7,26,4.13,24.6,7.6,0,57.8,49.7,10.0,5.5,9874716.0
4426,Bogotá,Manufactura,6.6,7.41,62.1,23,3.86,15.0,1.6,1,57.8,68.4,66.8,5.1,10102368.0
4427,Medellín,Comercio,5.8,32.51,68.3,28,3.54,23.8,0.9,0,65.9,77.3,3.0,5.6,10793550.0
4428,Bogotá,Comercio,24.5,44.03,72.2,39,4.22,27.7,12.4,1,80.8,66.7,22.1,5.5,16118849.0
4429,Barranquilla,Manufactura,16.1,59.73,53.7,14,3.61,21.0,4.2,1,76.6,62.9,77.7,6.4,9284699.0
4430,Bogotá,Salud,6.7,14.13,63.2,11,5.91,26.1,8.9,2,59.2,65.7,49.0,6.9,9626419.0
4431,Otras,Manufactura,17.3,36.46,53.8,12,3.26,21.0,15.0,1,57.5,40.8,57.5,6.3,7118073.0
4432,Bogotá,Comercio,3.2,1.84,59.2,5,3.78,32.9,8.3,0,63.1,67.5,26.2,4.5,6494872.0
4433,Otras,Manufactura,10.8,0.74,55.1,10,3.81,19.2,2.1,2,61.2,61.8,55.8,7.1,10493033.0
4434,Manizales,Agricultura,32.3,14.61,57.9,5,2.8,12.6,2.4,3,78.6,50.1,80.7,6.1,8231474.0
4435,Bucaramanga,Comercio,25.6,57.33,54.4,4,3.43,24.4,1.3,1,61.5,60.4,33.7,6.5,6442321.0
4436,Bogotá,Hoteles,10.5,18.91,54.9,10,3.72,29.9,0.2,1,63.6,67.5,87.1,6.6,7259903.0
4437,Medellín,Información,1.9,76.31,65.3,8,4.84,12.5,-3.2,1,65.1,82.7,31.0,5.7,8735571.0
4438,Medellín,Financiero,28.8,1.53,58.5,16,4.64,10.8,9.9,1,68.2,58.0,12.4,5.5,10561984.0
4439,Bogotá,Minas,4.9,33.01,70.2,5,6.12,14.0,-0.9,3,59.9,80.7,26.5,6.3,9609154.0
4440,Otras,Transporte,13.8,46.88,49.1,27,2.78,23.6,0.8,2,62.0,58.3,14.1,6.2,8829889.0
4441,Bogotá,Construcción,6.2,41.12,71.2,2,4.46,28.4,13.3,2,68.2,75.9,19.8,7.5,8689240.0
4442,Bogotá,Información,3.5,9.66,62.7,2,5.23,16.2,-0.6,1,62.8,73.7,23.2,5.9,7045977.0
4443,Cartagena,Comercio,12.6,53.73,39.3,14,3.4,26.5,9.2,1,50.6,54.0,86.6,6.9,6799429.0
4444,Medellín,Minas,17.8,50.66,83.5,37,4.86,15.1,-6.5,2,84.5,85.0,66.9,6.8,16675182.0
4445,Bogotá,Hoteles,8.4,38.0,53.6,3,3.7,32.1,2.8,1,59.3,67.3,82.0,5.9,6138014.0
4446,Bogotá,Manufactura,12.2,27.96,61.2,36,3.71,23.9,7.6,0,66.9,63.8,86.8,5.9,11859921.0
4447,Bogotá,Agricultura,14.1,11.38,61.3,3,2.91,20.3,3.1,1,60.8,58.8,46.4,6.3,6306994.0
4448,Cartagena,Información,5.1,47.3,70.8,2,4.76,7.2,18.3,1,72.4,67.4,97.4,7.3,8782067.0
4449,Bogotá,Comercio,6.7,4.42,65.1,42,3.52,29.8,4.4,2,66.3,70.9,14.9,7.0,12833452.0
4450,Bucaramanga,Hoteles,6.9,54.51,55.2,2,2.14,30.6,-6.3,1,68.3,61.7,23.5,5.0,5701688.0
4451,Bogotá,Manufactura,3.5,47.55,69.0,15,4.53,22.4,13.5,2,72.3,80.7,52.2,6.9,11077839.0
4452,Bogotá,Manufactura,5.7,59.85,59.0,21,4.38,16.6,4.1,0,63.8,76.5,61.5,7.1,9746543.0
4453,Cali,Información,5.3,47.85,68.0,2,4.64,7.5,17.5,2,56.6,74.4,49.5,6.9,8538777.0
4454,Medellín,Transporte,4.6,32.82,42.1,6,3.19,25.4,-5.3,0,52.3,71.7,15.2,5.1,4844736.0
4455,Bogotá,Hoteles,5.8,14.27,58.5,24,3.96,32.3,12.4,1,61.8,79.6,44.7,6.7,10910452.0
4456,Medellín,Comercio,56.3,40.25,59.7,14,4.48,19.5,2.6,1,78.2,80.8,50.1,6.3,10436779.0
4457,Pereira,Profesionales,2.7,55.99,64.5,8,4.42,11.0,11.3,1,60.3,46.9,91.0,5.5,10830758.0
4458,Bogotá,Transporte,12.5,48.29,64.7,20,3.86,25.5,2.9,2,72.7,67.2,35.9,6.4,10482059.0
4459,Bogotá,Comercio,9.1,5.25,61.8,7,3.99,18.8,7.2,2,58.1,69.0,4.2,6.9,7959317.0
4460,Cali,Manufactura,6.3,43.65,68.3,42,3.91,20.3,5.9,1,70.2,73.2,32.0,6.3,14396555.0
4461,Medellín,Comercio,7.2,53.1,64.8,7,3.28,40.3,4.3,1,78.7,71.0,90.6,6.7,8227560.0
4462,Pereira,Agricultura,13.4,20.74,37.7,15,2.72,24.0,19.6,1,67.0,46.0,88.9,6.8,7126254.0
4463,Bogotá,Energía,8.7,68.27,72.3,12,6.43,13.1,12.0,2,71.9,72.4,40.7,6.7,11835216.0
4464,Bogotá,Financiero,5.3,76.38,60.6,40,5.22,14.9,5.9,1,68.2,73.6,24.2,6.3,15012491.0
4465,Bucaramanga,Agricultura,25.3,57.23,49.5,8,2.57,27.8,24.0,2,73.4,54.6,70.4,5.9,9301255.0
4466,Barranquilla,Comercio,18.2,43.96,49.9,4,4.19,32.7,13.2,2,61.1,60.7,20.7,7.7,6929839.0
4467,Barranquilla,Transporte,4.7,73.28,48.6,21,3.41,20.1,-1.3,0,47.5,62.4,66.1,6.4,6925337.0
4468,Bogotá,Comercio,14.1,52.37,48.2,11,3.41,27.7,11.3,1,52.9,73.9,36.5,6.2,7394735.0
4469,Bogotá,Comercio,13.7,31.57,56.0,14,3.91,27.8,9.6,1,59.1,64.1,40.4,6.3,12065745.0
4470,Bucaramanga,Información,6.6,79.09,69.9,17,3.95,12.0,11.7,0,56.0,77.0,87.3,6.5,9470312.0
4471,Bogotá,Comercio,4.3,54.75,57.2,3,4.41,27.7,-6.3,2,59.7,73.2,10.7,6.9,6282765.0
4472,Bogotá,Financiero,11.3,58.48,70.1,32,5.3,14.1,1.0,0,65.1,83.9,2.7,5.2,14334716.0
4473,Bogotá,Construcción,7.1,8.57,50.8,6,3.73,24.7,6.2,0,65.8,70.2,85.8,7.3,7027663.0
4474,Bogotá,Profesionales,11.8,70.55,67.5,18,4.9,17.0,8.4,0,66.9,67.0,81.5,6.9,10672976.0
4475,Otras,Comercio,5.7,71.93,29.5,57,2.79,29.3,4.3,1,58.7,40.0,92.4,5.8,9581714.0
4476,Cartagena,Manufactura,29.1,73.95,69.8,23,3.56,15.5,9.6,2,86.1,75.7,8.0,6.4,13707603.0
4477,Bogotá,Financiero,40.7,26.05,73.6,9,4.82,2.8,5.7,2,78.9,73.4,63.0,7.7,11356990.0
4478,Medellín,Comercio,19.6,37.96,62.1,11,3.75,25.0,8.3,1,57.1,78.1,16.1,6.4,8063316.0
4479,Cali,Comercio,13.1,62.28,53.6,4,3.16,40.6,14.2,1,58.0,62.1,44.2,4.7,6070237.0
4480,Cartagena,Transporte,5.0,20.17,55.8,55,3.41,18.8,-0.6,0,64.2,57.2,40.7,5.9,13016271.0
4481,Medellín,Comercio,39.5,31.57,53.4,28,3.08,20.2,2.3,1,77.7,48.0,29.0,7.3,10179477.0
4482,Bogotá,Financiero,4.9,17.29,68.2,28,5.18,4.1,2.0,1,83.3,82.2,95.2,6.1,14474950.0
4483,Bucaramanga,Transporte,4.5,4.26,44.3,20,3.86,29.0,10.3,2,55.2,56.2,70.6,5.8,8091683.0
4484,Bogotá,Energía,16.8,35.9,68.2,2,5.52,9.2,13.7,1,75.7,75.7,50.8,6.0,9642681.0
4485,Bogotá,Manufactura,2.0,35.57,65.8,6,3.91,15.7,8.4,0,66.9,79.9,82.3,5.9,7929009.0
4486,Barranquilla,Profesionales,16.4,20.74,63.3,80,3.92,20.0,13.5,3,61.7,68.1,27.6,7.6,21028719.0
4487,Pereira,Comercio,4.7,55.48,47.9,5,3.47,23.9,-1.2,0,54.6,59.7,45.7,6.7,5579004.0
4488,Medellín,Comercio,23.5,57.25,62.4,14,4.5,27.4,10.7,1,70.0,74.6,63.2,6.6,10335918.0
4489,Bogotá,Manufactura,23.4,50.18,59.9,24,4.17,21.9,10.0,2,61.1,67.6,43.7,6.4,15774043.0
4490,Bogotá,Información,3.8,75.44,73.1,19,5.46,21.7,11.7,2,69.1,81.0,79.1,6.4,12851494.0
4491,Cali,Profesionales,19.5,10.59,79.1,8,5.0,10.6,-6.2,1,77.5,72.4,60.8,5.9,9919727.0
4492,Otras,Financiero,28.3,45.18,68.5,1,4.76,9.6,-3.8,0,65.4,49.9,22.3,6.0,6090085.0
4493,Bogotá,Comercio,60.0,5.48,52.7,25,3.66,19.9,4.8,2,78.5,71.0,69.6,6.5,11199354.0
4494,Barranquilla,Comercio,33.7,0.89,51.4,16,3.69,16.8,12.6,1,76.1,57.5,59.8,6.3,9619058.0
4495,Bogotá,Transporte,6.4,0.74,59.0,9,3.62,15.2,10.7,0,60.3,62.2,79.3,6.5,7448912.0
4496,Bogotá,Comercio,14.7,47.52,49.6,22,3.89,21.8,3.2,0,61.0,69.9,48.6,6.3,12082497.0
4497,Pereira,Comercio,11.2,2.68,51.4,12,3.08,29.5,3.0,1,72.3,44.0,47.5,6.6,7415762.0
4498,Bogotá,Transporte,38.9,48.38,64.0,20,3.95,18.6,9.7,0,87.9,65.9,57.3,5.0,11867649.0
4499,Otras,Financiero,5.7,64.66,69.7,2,4.69,6.3,1.2,1,60.6,51.7,62.4,6.5,7177387.0
4500,Medellín,Comercio,31.7,0.95,52.6,10,3.76,28.3,6.0,2,68.8,63.0,2.4,8.5,8229852.0
4501,Cartagena,Comercio,5.7,7.27,46.7,46,2.72,20.2,14.2,0,57.3,53.9,93.3,4.8,9925124.0
4502,Cartagena,Comercio,23.0,76.96,55.6,36,3.19,21.4,0.3,0,73.0,66.2,85.1,6.8,10357154.0
4503,Cali,Construcción,22.1,47.85,49.0,21,2.79,17.9,13.3,0,54.0,61.6,16.9,6.2,8562821.0
4504,Medellín,Minas,14.6,45.4,63.0,2,5.51,3.1,8.0,1,71.3,70.2,68.2,5.5,8310418.0
4505,Pereira,Comercio,4.4,41.23,46.4,29,3.28,32.4,-1.5,1,66.2,59.6,81.6,6.6,9401515.0
4506,Manizales,Manufactura,22.6,10.9,69.4,21,4.69,15.4,11.7,3,77.3,61.9,83.5,7.2,13483532.0
4507,Medellín,Salud,3.5,31.35,65.2,7,4.12,23.6,7.4,0,73.4,72.5,17.1,5.9,8530049.0
4508,Bogotá,Comercio,5.0,39.34,60.7,7,3.78,32.3,7.4,2,69.2,61.7,17.4,6.6,8000286.0
4509,Pereira,Comercio,9.4,56.54,43.5,8,3.52,28.6,9.6,1,60.4,59.9,1.6,7.1,6214040.0
4510,Bogotá,Información,19.5,76.81,66.0,5,5.36,16.3,6.6,3,73.3,63.8,65.4,7.1,9539559.0
4511,Bogotá,Comercio,13.6,46.84,75.1,19,4.01,32.3,-3.8,0,81.4,75.5,11.5,5.0,11413449.0
4512,Manizales,Información,5.1,76.16,60.5,8,3.71,1.6,1.3,1,61.1,67.9,40.6,7.1,10203223.0
4513,Medellín,Financiero,52.5,16.5,64.9,66,4.12,0.5,4.4,2,71.4,73.2,10.7,6.7,19351838.0
4514,Bogotá,Comercio,20.5,29.78,54.7,14,3.43,22.8,16.1,0,59.0,72.8,55.5,6.0,8700828.0
4515,Bogotá,Salud,32.3,18.25,72.2,47,4.7,10.7,1.2,2,89.1,64.2,36.4,7.3,18018373.0
4516,Bucaramanga,Construcción,28.6,11.77,59.6,6,4.02,27.1,3.8,1,73.0,57.9,11.0,5.6,7542208.0
4517,Bucaramanga,Energía,6.3,72.75,76.9,27,4.78,14.2,9.4,1,67.2,68.3,79.5,7.1,20000557.0
4518,Bogotá,Comercio,34.5,19.71,51.5,17,3.22,24.8,2.4,3,60.4,71.5,89.1,6.4,9340392.0
4519,Bogotá,Manufactura,43.3,32.05,64.8,10,4.27,17.0,9.9,2,83.4,75.9,13.4,6.8,11300460.0
4520,Bogotá,Comercio,1.7,25.62,66.7,9,4.76,28.0,6.1,0,57.6,73.3,20.6,5.2,8053095.0
4521,Barranquilla,Energía,11.1,56.5,73.4,15,5.64,0.0,3.3,3,75.4,64.1,60.6,6.6,12192700.0
4522,Bucaramanga,Minas,27.7,4.28,67.6,14,5.03,10.7,4.2,2,73.6,59.5,79.9,6.7,10782736.0
4523,Barranquilla,Comercio,11.0,20.22,54.6,1,4.11,26.1,4.9,0,61.2,58.2,98.4,7.2,5174280.0
4524,Bogotá,Financiero,43.4,11.63,76.4,22,5.29,1.4,9.7,1,82.7,79.9,79.2,6.1,14728046.0
4525,Barranquilla,Transporte,4.7,70.75,68.4,37,3.43,29.9,2.8,1,73.6,80.5,23.5,7.0,12687075.0
4526,Medellín,Manufactura,6.0,43.04,67.3,13,4.63,18.1,-2.6,0,69.2,62.9,30.7,5.1,8987166.0
4527,Bogotá,Información,6.0,34.13,71.6,14,4.86,23.0,0.7,1,73.2,69.6,76.0,6.9,10661331.0
4528,Medellín,Profesionales,6.4,53.97,68.1,9,4.34,15.8,8.8,0,64.6,81.2,83.5,6.4,8793501.0
4529,Cali,Comercio,20.3,58.22,61.2,20,3.89,25.2,3.5,2,77.8,63.0,32.8,6.3,10661622.0
4530,Cali,Agricultura,10.0,33.97,44.1,8,2.16,18.2,1.9,1,55.6,53.3,59.6,7.1,5105408.0
4531,Bogotá,Profesionales,6.5,18.47,79.8,2,4.6,15.0,9.2,0,61.2,63.8,14.1,6.2,7901810.0
4532,Barranquilla,Comercio,13.5,55.22,68.9,5,3.71,28.2,-0.1,2,69.7,55.2,33.5,7.5,8101733.0
4533,Medellín,Comercio,4.3,65.47,54.5,31,3.89,23.7,9.1,2,53.3,64.1,27.5,6.3,10643301.0
4534,Pereira,Comercio,32.9,79.99,47.1,54,3.23,31.3,15.6,0,65.4,65.5,97.6,6.8,14009006.0
4535,Bogotá,Hoteles,2.4,71.61,61.6,5,2.85,22.3,2.9,6,62.6,52.1,25.1,7.6,8416032.0
4536,Barranquilla,Comercio,1.6,46.32,70.2,11,3.01,25.5,-5.6,0,66.5,66.6,37.2,7.5,8330858.0
4537,Bogotá,Transporte,17.2,54.88,70.5,16,3.75,27.6,9.9,0,80.5,69.9,60.8,5.5,10952420.0
4538,Cartagena,Transporte,9.3,62.99,57.2,22,4.03,13.3,-0.6,0,58.9,63.8,34.4,6.6,8784393.0
4539,Bucaramanga,Construcción,9.3,15.59,47.2,27,4.16,26.1,5.9,2,52.7,61.8,18.2,6.5,9592941.0
4540,Medellín,Comercio,8.4,31.27,49.5,31,3.38,24.2,11.9,2,62.6,66.1,12.0,5.9,10661039.0
4541,Medellín,Profesionales,12.5,73.64,73.9,17,5.06,17.9,13.5,1,74.9,80.9,74.3,6.2,12590769.0
4542,Medellín,Comercio,4.3,68.45,73.8,7,4.07,20.4,7.6,0,58.9,81.5,43.2,5.7,8210012.0
4543,Pereira,Hoteles,17.9,18.57,53.5,20,3.5,30.7,4.0,0,65.3,55.9,53.1,5.2,7870312.0
4544,Barranquilla,Hoteles,3.8,61.61,68.0,5,3.68,36.5,2.7,1,59.2,69.5,55.1,4.9,7420335.0
4545,Medellín,Comercio,23.4,74.02,55.9,6,3.33,24.1,7.1,2,65.5,51.5,35.3,5.9,11310208.0
4546,Otras,Construcción,15.7,59.85,60.2,13,3.94,30.0,6.2,0,64.5,59.6,9.2,6.3,8164641.0
4547,Cali,Manufactura,8.1,33.98,67.5,14,3.8,19.8,10.9,2,88.3,66.9,82.1,6.9,10694793.0
4548,Medellín,Salud,33.0,58.18,67.8,16,4.23,2.8,2.3,1,75.9,58.4,48.3,5.2,10892606.0
4549,Medellín,Comercio,8.4,29.26,56.9,1,3.62,24.2,-0.0,0,70.5,67.5,46.5,6.1,6350568.0
4550,Manizales,Comercio,37.4,17.85,46.0,10,3.01,13.8,5.1,1,66.4,50.2,93.7,6.9,6803919.0
4551,Bucaramanga,Transporte,3.1,40.38,58.5,2,2.96,23.0,-2.6,3,50.1,53.1,13.2,8.1,5740454.0
4552,Bogotá,Profesionales,15.3,65.01,77.8,8,6.05,14.3,17.2,2,78.1,77.8,91.0,6.2,12341855.0
4553,Medellín,Comercio,3.1,66.02,56.8,5,4.26,27.0,1.8,0,54.1,55.0,25.5,7.4,6325797.0
4554,Bogotá,Comercio,12.5,74.84,59.6,4,3.47,32.1,16.9,0,64.9,73.0,80.6,6.1,7608880.0
4555,Pereira,Minas,13.0,59.18,79.6,91,4.99,10.5,3.7,2,73.9,65.0,17.2,6.4,26851375.0
4556,Medellín,Comercio,20.7,9.13,60.3,9,4.18,24.4,1.7,1,67.6,74.8,52.5,6.5,8462158.0
4557,Bogotá,Manufactura,3.6,7.72,60.0,67,4.54,17.3,-1.5,2,59.9,75.8,55.8,8.1,18283095.0
4558,Medellín,Construcción,2.5,33.89,48.6,10,3.82,27.2,4.6,3,53.9,66.4,31.2,7.3,7357245.0
4559,Medellín,Comercio,7.1,4.5,57.1,24,3.87,26.6,17.5,1,68.2,64.8,62.4,6.1,10125800.0
4560,Barranquilla,Manufactura,20.3,23.17,62.8,11,4.01,19.4,9.6,1,71.3,61.7,71.6,6.5,9486145.0
4561,Otras,Manufactura,10.0,13.35,66.1,133,3.75,14.4,-3.6,1,70.5,51.3,28.0,6.2,26725529.0
4562,Bogotá,Información,36.4,31.35,76.5,10,6.37,15.0,0.2,1,74.7,80.8,25.5,6.9,11070329.0
4563,Pereira,Manufactura,9.2,24.62,64.0,25,3.09,14.9,1.0,2,67.0,68.8,13.1,6.5,16393913.0
4564,Cali,Financiero,39.7,74.32,68.3,21,5.3,3.8,6.3,1,80.8,64.1,22.8,5.7,13205702.0
4565,Bogotá,Transporte,17.3,51.15,60.6,4,4.58,15.6,4.3,0,67.1,67.1,56.9,6.5,9231409.0
4566,Bogotá,Transporte,6.6,74.61,67.2,10,4.58,22.8,10.0,1,74.1,72.8,31.4,5.3,9468442.0
4567,Bucaramanga,Comercio,15.0,28.73,70.3,12,3.45,25.5,5.4,1,78.8,77.7,82.1,6.6,9934045.0
4568,Bogotá,Profesionales,15.6,69.61,62.4,10,5.57,14.8,2.6,0,74.2,68.3,80.2,5.7,9195609.0
4569,Cartagena,Manufactura,18.0,9.1,63.6,58,3.97,13.8,6.8,0,67.0,62.9,42.9,5.8,16028022.0
4570,Otras,Financiero,11.8,12.6,61.7,2,3.75,6.2,14.4,0,60.6,53.8,64.1,6.4,7101286.0
4571,Pereira,Comercio,3.8,23.21,49.0,54,3.46,26.4,9.7,1,51.6,50.9,83.9,6.9,12125016.0
4572,Bogotá,Transporte,16.9,20.66,55.5,3,4.83,27.3,4.1,1,69.5,60.5,83.0,7.0,6974851.0
4573,Medellín,Profesionales,5.5,11.88,67.3,3,4.59,11.2,16.9,0,65.4,70.2,65.3,5.8,7966682.0
4574,Cali,Construcción,4.9,25.55,54.1,16,3.26,21.2,3.9,0,51.6,62.6,58.5,6.7,7516554.0
4575,Barranquilla,Manufactura,15.6,76.13,45.4,21,4.0,13.9,8.2,2,56.6,54.8,46.2,6.0,8683684.0
4576,Medellín,Comercio,4.7,8.39,53.0,11,3.61,29.6,3.4,1,64.7,56.5,75.4,6.4,6658913.0
4577,Cali,Manufactura,13.4,47.15,55.4,86,3.97,30.2,6.1,3,67.2,75.0,19.5,6.2,20702429.0
4578,Cartagena,Comercio,10.5,11.51,40.5,16,3.12,16.8,10.9,2,55.8,49.6,23.8,5.4,7605721.0
4579,Bogotá,Energía,8.8,34.8,81.7,12,5.39,4.3,-6.6,0,75.8,78.9,12.4,4.7,10946736.0
4580,Bogotá,Minas,3.6,74.92,71.7,28,4.97,18.1,4.2,3,69.9,76.8,75.7,6.2,14444269.0
4581,Manizales,Comercio,5.4,15.95,49.1,2,3.75,18.4,-0.5,2,55.8,54.8,38.6,7.3,5549905.0
4582,Bogotá,Comercio,10.9,51.74,59.3,19,3.88,23.2,1.9,1,72.8,76.1,18.8,6.9,10292128.0
4583,Otras,Manufactura,7.1,4.63,49.5,20,4.43,16.0,8.2,2,55.1,46.6,71.2,6.2,8815647.0
4584,Bogotá,Construcción,4.3,37.17,52.4,16,3.23,26.8,4.1,2,61.1,70.1,16.1,7.2,7910834.0
4585,Medellín,Manufactura,5.5,17.72,61.4,80,3.53,27.8,2.8,0,64.9,61.8,18.2,4.9,17790013.0
4586,Otras,Hoteles,13.5,32.07,37.5,13,2.28,31.2,-1.2,4,45.2,43.6,42.2,8.0,5613132.0
4587,Manizales,Transporte,8.1,52.03,58.4,9,3.33,22.9,0.7,3,59.4,44.4,26.2,6.8,7548730.0
4588,Bogotá,Financiero,4.1,72.22,69.1,3,5.39,13.0,4.8,1,61.7,71.2,99.6,7.4,7712456.0
4589,Bogotá,Comercio,9.2,64.88,63.4,6,3.75,23.4,-6.3,1,68.5,69.0,85.1,7.1,7827264.0
4590,Barranquilla,Comercio,1.6,18.12,54.6,8,3.49,24.7,0.7,0,65.8,56.1,0.9,7.1,6952030.0
4591,Bogotá,Comercio,21.2,21.65,54.2,32,3.14,29.0,-2.8,4,70.7,62.7,62.8,7.4,11190801.0
4592,Bogotá,Salud,9.6,56.72,74.7,13,4.09,16.4,5.6,0,78.0,61.7,50.4,5.7,10371380.0
4593,Bogotá,Agricultura,10.7,32.45,47.8,8,3.55,8.5,12.9,2,52.4,64.5,57.6,7.4,7405008.0
4594,Bogotá,Manufactura,46.9,26.1,67.3,41,4.59,15.6,1.7,2,71.2,71.0,91.2,7.0,15246278.0
4595,Otras,Hoteles,9.3,61.43,45.1,31,3.97,30.2,5.6,2,52.5,40.6,91.0,6.4,9947388.0
4596,Cali,Comercio,18.9,0.18,47.6,6,2.75,24.6,10.9,1,63.4,60.6,25.6,5.9,6662794.0
4597,Manizales,Salud,4.7,13.0,63.9,26,4.05,17.3,12.3,2,70.6,69.5,64.1,6.1,12422707.0
4598,Medellín,Construcción,7.7,24.3,71.0,4,4.02,29.9,3.1,0,64.5,69.9,32.0,6.4,7286909.0
4599,Bogotá,Salud,10.4,21.11,69.4,16,5.43,20.9,0.5,1,70.0,73.8,91.3,5.8,10587228.0
4600,Barranquilla,Manufactura,20.8,3.47,53.2,39,4.16,22.9,2.3,2,63.6,63.6,28.1,7.0,12463386.0
4601,Bogotá,Manufactura,24.7,23.95,66.0,8,4.7,11.0,7.1,0,62.0,66.2,60.9,6.3,8943385.0
4602,Bucaramanga,Transporte,14.3,52.86,63.8,52,3.47,28.2,15.1,1,68.0,68.1,1.9,6.0,15092536.0
4603,Otras,Información,12.4,39.99,72.7,4,3.89,16.0,-1.6,1,71.7,68.3,68.7,6.3,7937862.0
4604,Bogotá,Transporte,4.3,36.25,70.6,11,4.61,23.4,0.0,4,63.0,70.1,97.6,6.8,10392633.0
4605,Bogotá,Comercio,11.7,13.84,55.2,6,4.08,26.1,-0.3,3,78.6,72.7,46.3,6.4,10718027.0
4606,Medellín,Transporte,12.4,24.47,44.3,7,3.51,22.3,6.4,0,64.0,64.6,71.1,6.0,7880227.0
4607,Bucaramanga,Financiero,5.3,62.38,73.6,26,4.59,5.1,4.7,3,61.3,76.9,75.1,7.4,13235701.0
4608,Medellín,Manufactura,20.8,32.0,56.4,22,4.07,27.3,5.4,1,73.2,66.0,19.1,7.3,10595196.0
4609,Medellín,Comercio,3.0,6.71,52.3,24,3.85,30.7,-1.7,1,51.7,61.5,9.8,6.2,8834687.0
4610,Bogotá,Comercio,8.6,65.06,60.8,14,4.81,25.7,-4.2,1,62.8,74.1,55.2,6.3,13748282.0
4611,Medellín,Profesionales,2.6,40.83,72.1,22,5.1,13.6,5.5,1,63.6,64.7,24.1,6.0,12068155.0
4612,Bogotá,Manufactura,9.2,21.63,78.0,60,5.21,7.9,4.0,1,73.8,73.1,94.3,6.0,20802000.0
4613,Medellín,Construcción,15.5,27.98,70.4,11,3.69,27.1,22.3,4,65.1,62.0,34.8,7.4,10377755.0
4614,Cartagena,Profesionales,6.5,71.3,64.6,7,4.75,11.4,2.6,0,63.2,55.4,38.5,4.4,7763775.0
4615,Bogotá,Manufactura,9.7,70.31,72.0,34,4.92,24.3,4.8,2,68.0,72.2,95.9,7.5,14816351.0
4616,Pereira,Comercio,6.0,0.3,46.7,5,3.12,20.9,1.7,0,57.4,53.4,39.5,6.1,4958563.0
4617,Bucaramanga,Manufactura,21.5,24.96,69.6,24,3.08,6.7,1.5,3,75.9,67.9,60.9,6.1,12162270.0
4618,Bogotá,Construcción,21.6,22.06,46.7,23,3.96,27.9,2.9,1,60.8,60.4,76.5,7.2,9491461.0
4619,Bogotá,Manufactura,15.3,25.59,64.5,22,4.64,20.7,4.6,0,69.4,73.6,76.9,6.3,11477387.0
4620,Medellín,Manufactura,26.4,58.75,70.8,20,4.04,13.2,0.4,1,73.5,71.0,39.4,6.7,11344126.0
4621,Bogotá,Agricultura,20.2,77.81,60.9,12,2.26,19.3,-3.9,0,59.0,60.8,33.9,5.7,7002932.0
4622,Bogotá,Minas,7.7,29.9,85.4,33,6.41,7.2,12.1,1,80.2,66.8,48.9,6.5,18290764.0
4623,Pereira,Manufactura,9.5,74.03,65.5,25,3.72,23.1,6.8,3,66.9,53.2,37.9,6.4,11234680.0
4624,Medellín,Construcción,20.2,24.9,53.4,17,4.11,32.2,3.4,0,71.9,71.4,79.2,6.1,8695928.0
4625,Pereira,Manufactura,3.8,38.12,51.7,39,4.14,24.0,1.3,3,60.7,63.5,53.5,6.0,12992184.0
4626,Bogotá,Agricultura,3.8,38.12,53.8,65,3.44,19.2,7.9,3,53.4,67.1,68.5,7.3,15450091.0
4627,Bogotá,Información,12.1,76.46,72.1,14,4.85,13.6,8.7,3,67.4,67.9,63.5,6.2,11021709.0
4628,Bogotá,Construcción,7.3,31.83,70.3,23,4.26,30.9,6.5,0,72.4,75.7,95.8,5.6,10955733.0
4629,Medellín,Comercio,9.4,3.21,51.8,94,3.99,25.2,-1.5,2,64.4,69.4,23.6,7.4,21318455.0
4630,Manizales,Salud,7.2,13.32,65.5,23,4.56,12.6,-1.5,1,70.2,60.4,14.0,5.7,10860162.0
4631,Medellín,Manufactura,13.7,2.18,50.8,12,4.89,22.5,15.9,1,61.0,58.8,54.4,6.8,8553082.0
4632,Medellín,Comercio,6.6,39.21,54.8,21,3.58,19.6,15.7,1,58.3,65.5,82.1,5.3,8891600.0
4633,Cali,Hoteles,11.4,22.13,55.2,4,3.67,22.2,4.8,2,69.3,64.9,12.2,6.5,7281694.0
4634,Barranquilla,Construcción,14.0,23.17,49.6,53,2.95,22.3,9.7,0,64.9,50.7,47.3,5.7,19177945.0
4635,Cartagena,Salud,8.3,70.97,49.5,27,3.84,26.2,1.9,1,49.6,49.7,93.4,5.4,8839452.0
4636,Bogotá,Hoteles,7.4,27.48,55.6,25,3.36,32.1,1.0,1,49.5,73.9,61.4,6.1,8953134.0
4637,Cartagena,Salud,8.5,19.26,63.3,6,4.78,20.7,4.2,1,66.2,68.1,37.3,6.3,7914503.0
4638,Bucaramanga,Manufactura,29.8,16.57,69.2,18,3.57,24.3,4.3,0,80.5,67.0,94.4,5.9,10710394.0
4639,Manizales,Hoteles,6.3,6.16,56.7,5,2.89,31.4,9.6,1,70.2,78.3,72.2,6.2,7618717.0
4640,Bogotá,Comercio,8.3,1.67,50.9,4,2.12,26.2,16.4,2,61.0,67.7,5.6,6.8,6877409.0
4641,Bogotá,Construcción,15.7,43.52,67.4,14,4.94,16.3,13.6,2,72.1,67.8,16.0,7.2,11942649.0
4642,Bogotá,Hoteles,13.7,54.01,51.1,8,2.95,34.3,13.3,1,48.9,71.1,17.2,6.5,6630846.0
4643,Manizales,Manufactura,13.5,19.9,67.5,20,4.3,19.8,4.9,2,75.1,66.0,4.5,5.8,11930428.0
4644,Bogotá,Manufactura,38.1,19.32,64.2,16,3.49,9.1,3.3,2,76.4,69.1,43.2,6.8,10411496.0
4645,Bogotá,Comercio,23.0,13.96,57.6,102,3.89,26.0,-2.4,4,70.1,73.4,77.8,6.5,23790696.0
4646,Bogotá,Construcción,7.7,59.12,62.4,30,3.88,23.1,5.0,3,70.3,67.7,87.6,6.6,12643580.0
4647,Cartagena,Financiero,10.4,10.56,56.4,23,4.45,7.7,-2.3,3,66.7,51.8,20.5,6.9,11066070.0
4648,Medellín,Comercio,13.7,79.53,52.8,22,3.3,32.3,6.4,1,66.4,59.3,66.5,6.8,9104806.0
4649,Medellín,Transporte,12.7,7.31,57.2,7,4.2,14.9,5.6,1,75.4,64.0,39.3,6.7,8272964.0
4650,Otras,Hoteles,6.3,19.43,33.6,5,2.48,26.2,8.3,1,47.4,43.7,17.5,6.8,4251976.0
4651,Bucaramanga,Comercio,13.7,63.28,45.7,28,3.15,26.4,8.8,1,54.2,55.2,15.5,6.8,8371920.0
4652,Cali,Manufactura,27.3,71.96,69.5,124,3.59,20.2,7.4,1,78.5,78.8,74.2,5.3,26831121.0
4653,Bogotá,Comercio,37.5,47.87,67.5,24,3.98,13.6,4.2,3,74.8,72.4,35.3,6.3,12790453.0
4654,Bogotá,Información,6.4,60.56,69.7,20,5.84,12.6,2.9,0,72.4,83.2,6.0,6.1,12210702.0
4655,Medellín,Hoteles,10.5,72.7,59.5,9,3.77,26.0,-1.3,3,54.0,66.3,4.2,7.4,8061867.0
4656,Bucaramanga,Manufactura,7.9,61.36,75.6,2,4.03,16.9,3.5,0,69.0,70.2,93.0,7.2,8377144.0
4657,Bogotá,Información,15.8,50.19,80.0,33,5.64,12.2,7.3,2,63.5,69.9,9.0,6.6,16359753.0
4658,Medellín,Comercio,12.4,68.93,51.2,21,3.34,27.2,18.0,1,55.8,54.6,99.9,5.8,8761835.0
4659,Cali,Comercio,9.0,3.92,49.5,29,3.54,32.5,15.4,0,59.3,65.1,33.6,5.3,9300534.0
4660,Medellín,Agricultura,18.0,67.51,46.3,10,2.98,22.0,-7.6,0,69.9,67.1,89.8,7.4,6030985.0
4661,Barranquilla,Transporte,30.3,46.33,49.4,10,2.55,25.0,4.0,2,75.4,57.0,82.5,6.8,8010529.0
4662,Bogotá,Salud,1.7,35.44,58.4,12,4.65,14.8,-0.3,0,59.7,77.5,16.6,6.6,7966931.0
4663,Cali,Manufactura,2.0,15.84,59.0,5,3.71,19.1,1.1,2,62.2,59.5,13.3,7.1,6886384.0
4664,Cali,Transporte,16.7,68.24,51.9,74,3.71,28.8,4.3,2,64.5,58.3,72.5,7.4,16849679.0
4665,Otras,Minas,11.9,19.15,59.8,43,4.15,9.1,4.7,0,63.1,46.5,36.0,7.0,13323796.0
4666,Bogotá,Profesionales,7.9,67.29,67.4,12,5.3,20.6,-5.6,1,67.4,60.9,71.8,6.4,9267094.0
4667,Bogotá,Transporte,4.8,70.01,54.2,7,4.01,30.1,5.9,0,64.4,65.0,28.7,7.1,6867918.0
4668,Barranquilla,Construcción,8.9,51.21,51.6,6,3.42,32.0,9.5,1,57.5,59.4,58.7,5.0,6317264.0
4669,Cali,Comercio,5.0,69.62,47.4,3,3.23,32.0,14.5,2,68.0,49.8,15.5,7.9,6098706.0
4670,Bogotá,Comercio,30.4,1.29,61.7,14,3.06,15.8,13.1,1,60.4,67.8,72.7,6.6,9618504.0
4671,Cali,Hoteles,4.4,31.48,58.9,42,3.4,34.6,13.4,1,68.0,65.6,55.5,6.4,11929947.0
4672,Medellín,Comercio,7.1,29.4,78.7,6,3.99,28.3,5.0,1,80.6,73.6,8.6,6.0,9884075.0
4673,Bogotá,Información,8.0,38.82,78.6,13,5.72,12.0,14.7,2,69.5,74.8,48.0,7.4,11821801.0
4674,Bogotá,Información,10.8,20.38,78.4,1,5.65,12.8,5.2,1,76.2,71.5,96.1,6.6,9065784.0
4675,Bucaramanga,Información,7.1,18.38,58.3,13,5.08,10.3,9.3,1,62.5,75.2,72.1,5.7,9580792.0
4676,Cali,Transporte,8.3,31.59,64.7,20,3.33,19.1,5.4,1,58.4,69.4,33.1,6.5,9628677.0
4677,Cali,Financiero,15.3,45.81,80.4,3,4.61,15.2,4.1,1,71.3,71.7,97.1,5.0,9100079.0
4678,Bogotá,Agricultura,1.6,75.53,55.4,53,3.27,27.0,9.6,2,64.3,66.2,38.6,6.7,14074731.0
4679,Bogotá,Transporte,21.7,46.82,52.0,11,4.27,24.1,8.2,0,56.9,58.4,29.8,5.7,7316469.0
4680,Cali,Hoteles,20.4,76.84,47.1,23,3.77,31.8,1.3,0,71.7,61.8,49.9,4.5,9248499.0
4681,Pereira,Comercio,9.4,14.83,43.1,24,2.79,38.0,6.7,3,48.9,58.6,18.2,7.9,7633949.0
4682,Bogotá,Profesionales,6.9,68.7,62.3,8,4.48,12.3,8.1,0,66.1,73.4,31.2,6.0,8097694.0
4683,Bucaramanga,Salud,12.1,60.59,70.1,62,3.89,21.6,15.8,2,70.6,63.5,15.1,6.4,18958568.0
4684,Cali,Construcción,19.7,14.46,45.1,18,3.3,17.1,2.9,1,58.7,45.9,46.5,5.6,7017738.0
4685,Medellín,Comercio,6.3,10.36,55.3,6,3.75,33.3,-0.9,1,57.8,67.7,5.8,7.4,6497500.0
4686,Bogotá,Manufactura,20.0,15.99,77.4,15,5.42,11.8,11.7,0,76.0,85.8,83.8,5.4,12303673.0
4687,Cartagena,Comercio,16.2,5.81,44.2,5,2.9,25.1,-0.5,2,59.1,52.4,63.4,6.0,5757661.0
4688,Pereira,Minas,12.5,21.43,73.9,35,5.55,14.4,14.8,0,73.2,62.2,83.5,7.0,16458305.0
4689,Medellín,Salud,30.5,64.07,61.4,44,4.43,15.8,2.8,3,58.5,68.6,68.2,8.5,14952238.0
4690,Bogotá,Comercio,10.3,19.91,61.5,15,4.47,26.7,8.9,0,55.5,62.0,18.3,5.9,8644180.0
4691,Bucaramanga,Manufactura,11.9,32.23,60.5,12,3.95,14.9,1.5,1,59.7,57.7,61.2,6.0,8352655.0
4692,Bogotá,Transporte,11.0,51.24,58.1,2,4.53,23.7,10.6,0,56.3,61.9,88.8,5.0,6642647.0
4693,Bogotá,Profesionales,5.8,78.06,66.2,9,4.83,13.4,11.3,1,62.9,76.7,37.9,7.1,9214421.0
4694,Bogotá,Profesionales,4.1,41.74,67.4,23,4.61,10.3,9.3,3,66.3,68.7,65.1,7.1,12372751.0
4695,Bogotá,Información,20.8,65.48,75.4,9,5.71,12.0,10.1,2,84.8,68.0,50.7,6.5,11884908.0
4696,Bogotá,Minas,10.9,62.23,68.8,40,4.14,9.5,14.0,2,67.5,67.5,33.4,7.5,15387951.0
4697,Cali,Agricultura,18.1,68.33,49.7,35,2.89,23.0,12.1,0,70.7,60.7,39.9,4.9,10833125.0
4698,Cali,Transporte,7.0,54.46,51.7,8,3.29,20.3,9.6,2,53.7,70.4,34.8,7.3,7434561.0
4699,Medellín,Hoteles,3.2,72.53,58.8,29,4.2,31.8,1.0,1,69.8,62.2,54.3,6.4,10999145.0
4700,Bogotá,Comercio,6.5,59.81,54.2,13,3.5,28.1,4.9,1,61.1,58.4,94.9,6.5,7409627.0
4701,Otras,Manufactura,17.8,5.54,56.7,32,3.69,23.0,1.7,2,66.6,43.9,43.6,5.2,10180663.0
4702,Medellín,Transporte,15.3,73.41,66.9,8,3.43,16.3,14.4,0,67.5,67.3,52.8,5.7,8709486.0
4703,Barranquilla,Manufactura,9.0,51.05,63.7,25,4.35,14.9,9.3,2,73.2,61.7,42.5,6.5,11840258.0
4704,Bucaramanga,Profesionales,20.6,50.85,56.5,11,4.83,19.8,4.2,3,66.0,70.7,18.4,6.7,9353920.0
4705,Medellín,Información,7.1,1.62,61.0,45,4.97,18.1,1.2,0,64.7,67.5,59.6,4.5,14757617.0
4706,Barranquilla,Manufactura,9.1,18.64,65.2,23,4.18,15.0,27.8,1,65.0,64.6,14.7,6.3,11588963.0
4707,Cali,Agricultura,9.1,67.7,49.4,26,3.16,25.2,1.7,4,59.3,62.1,51.4,7.8,9545989.0
4708,Cali,Minas,14.0,15.68,64.6,5,5.19,15.9,23.9,2,63.6,72.1,89.7,5.4,9381069.0
4709,Medellín,Comercio,2.4,76.59,58.4,27,4.74,27.9,5.2,1,54.0,73.7,55.4,7.2,14640446.0
4710,Cartagena,Construcción,4.2,23.28,56.2,16,3.78,37.9,0.8,3,64.1,60.9,28.7,7.0,8791346.0
4711,Barranquilla,Comercio,21.3,67.11,51.8,3,3.29,19.1,8.1,4,67.7,60.4,48.5,7.6,8277635.0
4712,Bogotá,Comercio,20.0,78.74,54.8,6,3.89,21.5,-0.8,2,61.9,62.2,95.8,6.1,6924168.0
4713,Bucaramanga,Comercio,8.1,36.72,57.6,14,2.55,25.6,8.9,1,61.1,66.9,1.3,5.7,7948938.0
4714,Medellín,Construcción,6.0,47.39,60.0,5,3.85,23.8,10.6,1,55.2,75.4,91.0,5.9,7129886.0
4715,Medellín,Salud,24.1,5.38,67.1,20,4.93,19.4,5.8,2,79.2,63.0,98.8,7.3,12642202.0
4716,Otras,Construcción,19.4,76.97,43.7,20,4.36,18.6,-1.4,1,71.2,52.5,90.0,5.5,8775855.0
4717,Bogotá,Comercio,6.3,14.18,54.2,2,3.69,32.3,14.1,2,65.8,56.8,46.3,7.0,6672794.0
4718,Barranquilla,Comercio,3.8,52.95,44.6,2,2.59,20.7,2.2,2,58.9,60.2,65.8,6.0,5796537.0
4719,Medellín,Minas,5.3,10.55,73.9,5,4.63,13.9,14.2,1,72.4,76.6,44.7,6.7,9803446.0
4720,Cali,Comercio,8.9,74.37,43.2,11,3.67,24.7,7.9,2,60.6,57.7,48.8,7.8,7013775.0
4721,Medellín,Comercio,10.6,68.19,48.7,27,3.71,32.0,0.4,1,59.8,65.4,91.8,6.6,9047780.0
4722,Cali,Minas,17.0,69.7,74.8,29,4.78,2.5,7.3,0,82.2,68.0,79.7,4.7,14597547.0
4723,Bogotá,Manufactura,38.1,56.45,49.7,51,4.6,9.3,5.2,1,72.3,75.7,86.7,5.8,16925889.0
4724,Cali,Salud,4.7,77.21,72.1,17,4.25,25.0,1.6,2,64.3,61.4,80.1,6.9,9955122.0
4725,Bogotá,Comercio,2.5,52.94,65.3,15,3.12,32.1,9.0,1,73.6,60.9,86.7,7.8,8785202.0
4726,Bucaramanga,Comercio,4.7,52.33,58.1,4,3.28,28.1,7.6,0,68.7,55.3,46.2,5.9,6530419.0
4727,Cartagena,Agricultura,13.1,56.65,48.8,6,2.55,23.2,5.0,0,63.1,53.9,63.5,6.9,5681982.0
4728,Manizales,Salud,15.3,64.03,62.1,20,4.45,9.2,10.7,1,69.1,62.0,68.0,6.6,14703543.0
4729,Cali,Comercio,8.8,68.31,59.1,17,3.33,29.4,-2.2,2,67.3,55.6,66.0,5.5,13544716.0
4730,Bogotá,Manufactura,8.2,79.97,77.1,47,5.04,24.5,7.0,1,66.2,76.2,23.0,7.7,17633061.0
4731,Otras,Agricultura,7.0,67.88,44.5,6,1.5,26.0,7.1,0,54.2,52.0,90.2,5.3,4978655.0
4732,Bogotá,Manufactura,7.9,1.23,77.6,30,4.59,22.0,7.8,1,76.4,73.8,45.7,7.1,14584045.0
4733,Medellín,Financiero,3.6,53.61,71.8,4,5.0,17.3,2.5,0,73.1,75.1,52.7,5.5,8297805.0
4734,Bucaramanga,Comercio,6.1,30.08,34.5,5,4.29,25.4,10.6,5,51.7,47.3,8.3,7.5,6004309.0
4735,Cali,Comercio,13.0,44.07,51.9,6,2.93,23.2,8.6,1,72.3,65.4,95.8,5.6,7673374.0
4736,Cali,Comercio,1.8,24.05,50.4,2,3.66,32.5,-3.6,1,61.3,53.7,13.3,6.1,5181006.0
4737,Bogotá,Construcción,9.1,26.22,74.2,13,4.23,31.8,7.0,1,68.7,71.0,53.5,6.3,10011775.0
4738,Bogotá,Comercio,1.9,51.44,55.5,9,3.22,26.1,9.6,1,71.8,64.3,50.6,6.1,7647927.0
4739,Bogotá,Comercio,5.6,28.77,56.5,5,2.62,23.5,-2.9,0,64.2,69.3,66.7,6.2,5895728.0
4740,Pereira,Agricultura,21.8,71.54,42.4,6,2.53,19.6,-0.9,0,66.4,57.8,37.4,5.2,5228855.0
4741,Bogotá,Comercio,13.5,7.2,63.4,2,3.89,28.4,4.6,1,62.5,83.9,66.3,7.6,7207071.0
4742,Medellín,Hoteles,4.0,27.72,46.2,4,4.09,26.8,10.0,0,53.0,62.2,56.3,5.5,5489846.0
4743,Bogotá,Construcción,12.1,57.09,54.8,48,4.13,32.3,-1.4,3,62.3,74.4,91.6,6.6,14395955.0
4744,Medellín,Hoteles,6.1,55.87,61.0,16,3.63,24.3,-8.5,0,65.3,61.8,43.4,5.5,8339165.0
4745,Cali,Manufactura,12.6,70.71,55.3,5,4.24,22.9,5.4,1,57.1,61.2,31.9,6.0,6778150.0
4746,Barranquilla,Profesionales,14.4,9.93,52.9,7,3.77,15.2,18.1,2,61.8,64.8,12.8,7.2,7952253.0
4747,Manizales,Transporte,19.3,24.38,55.9,1,4.23,20.0,8.1,2,67.6,58.2,84.8,7.1,7140148.0
4748,Bogotá,Información,24.2,67.17,80.6,15,5.09,19.4,5.1,0,78.7,83.0,11.5,5.2,12068860.0
4749,Bogotá,Agricultura,7.3,7.12,63.9,8,2.24,18.9,3.2,0,68.8,75.0,86.3,4.5,7535711.0
4750,Medellín,Comercio,4.6,11.93,64.7,2,4.17,27.8,-0.3,0,55.6,75.4,12.8,6.1,6261564.0
4751,Otras,Comercio,6.5,58.52,56.8,9,2.91,29.4,12.2,2,65.5,51.1,30.8,8.2,7373466.0
4752,Bogotá,Comercio,19.6,5.69,66.8,4,3.5,24.7,9.3,2,68.5,76.4,41.7,6.9,9060436.0
4753,Pereira,Profesionales,7.0,36.14,59.4,5,3.91,8.3,13.7,3,61.7,62.6,73.6,7.1,12479539.0
4754,Cali,Financiero,12.9,32.97,93.7,7,5.08,9.9,6.7,1,90.0,79.9,13.9,4.9,12697467.0
4755,Barranquilla,Profesionales,6.2,24.11,62.2,7,3.84,12.5,4.8,0,54.7,69.7,26.4,5.9,7226982.0
4756,Pereira,Información,10.9,58.51,65.8,3,4.56,12.6,0.9,2,64.6,66.8,72.8,6.4,8088021.0
4757,Bogotá,Agricultura,6.0,8.42,48.1,6,3.3,16.3,10.6,2,62.8,58.9,82.4,6.9,6936535.0
4758,Cali,Financiero,7.8,72.75,90.9,19,6.37,4.4,4.0,1,69.3,77.3,54.2,6.3,14159233.0
4759,Medellín,Manufactura,2.9,18.04,66.4,6,3.72,18.7,6.0,3,66.4,59.4,6.1,7.7,8529537.0
4760,Bogotá,Comercio,9.1,29.28,61.5,1,3.53,25.4,11.6,0,69.4,82.0,82.2,6.5,7085276.0
4761,Bogotá,Agricultura,5.9,74.06,58.7,5,1.71,20.1,14.4,2,64.3,66.1,29.4,6.5,7827043.0
4762,Bogotá,Comercio,22.0,71.48,58.4,15,3.88,29.9,3.5,3,75.3,58.5,59.4,7.8,9688479.0
4763,Bogotá,Construcción,16.1,5.71,62.2,11,4.91,24.0,5.7,1,62.0,71.7,2.6,5.8,8505725.0
4764,Medellín,Profesionales,11.4,29.72,78.1,9,4.58,10.3,5.0,0,77.8,79.1,41.1,5.6,10402862.0
4765,Cartagena,Información,11.3,31.31,67.2,100,4.28,12.8,-7.5,2,61.8,62.9,19.2,6.2,24364326.0
4766,Medellín,Información,25.6,75.38,78.7,70,4.71,6.7,1.1,8,77.1,80.9,50.8,8.7,25254534.0
4767,Medellín,Agricultura,2.2,10.61,59.1,11,3.43,22.8,21.5,1,50.4,67.0,23.3,5.7,7448201.0
4768,Medellín,Transporte,5.8,56.58,45.2,16,4.05,26.9,9.8,2,59.5,54.6,12.8,6.0,8109009.0
4769,Cali,Comercio,4.1,76.36,49.1,112,3.19,37.1,-4.2,3,61.9,67.9,69.1,8.1,20368370.0
4770,Manizales,Información,5.3,5.66,70.8,8,5.27,16.4,1.3,0,72.8,57.7,73.1,5.5,9147365.0
4771,Bogotá,Información,2.3,43.05,80.0,7,5.51,19.5,-3.9,1,67.8,77.8,14.9,6.3,9494156.0
4772,Pereira,Información,13.9,40.14,56.5,20,4.31,15.8,-1.1,0,64.8,58.5,48.0,5.4,8977010.0
4773,Bogotá,Minas,20.6,22.36,92.8,16,5.36,16.3,1.9,1,83.1,88.3,7.8,6.4,13856103.0
4774,Medellín,Comercio,12.1,48.28,57.3,25,3.87,25.1,6.7,2,70.1,69.8,13.6,6.4,11254417.0
4775,Cartagena,Construcción,4.5,23.55,45.4,3,4.04,25.6,-10.6,0,62.6,57.5,16.1,7.6,4752655.0
4776,Bogotá,Comercio,24.4,12.06,53.1,17,3.65,27.0,-0.0,4,71.0,72.4,82.4,7.3,9767367.0
4777,Cali,Información,11.2,36.81,71.0,5,4.01,18.7,8.2,3,58.7,67.3,44.3,8.0,8448828.0
4778,Bucaramanga,Financiero,13.8,14.62,60.8,20,5.7,10.6,-1.3,0,71.2,63.5,83.7,6.6,11341747.0
4779,Bogotá,Financiero,9.2,26.47,86.4,16,5.39,12.6,4.3,1,74.8,85.0,76.0,7.1,13253030.0
4780,Cali,Construcción,9.2,68.45,60.8,5,3.77,27.4,1.0,4,63.6,61.6,16.9,8.1,7886199.0
4781,Cali,Comercio,6.9,25.72,68.2,8,3.37,28.3,5.3,0,70.1,69.9,3.6,5.7,8099249.0
4782,Barranquilla,Comercio,19.8,43.05,48.2,1,3.09,32.2,16.2,2,71.7,45.8,73.7,8.1,6809329.0
4783,Cali,Agricultura,5.0,4.87,39.6,4,2.51,30.7,3.6,2,49.3,50.3,65.0,7.5,4623121.0
4784,Cali,Manufactura,5.5,42.46,64.4,20,3.33,19.4,9.6,1,65.8,55.9,75.9,6.4,9474730.0
4785,Medellín,Profesionales,5.9,65.98,81.3,24,5.57,17.1,-8.6,0,64.8,81.4,18.5,6.2,12647230.0
4786,Cali,Comercio,28.6,38.4,66.5,8,3.06,19.6,12.1,0,74.0,64.2,93.9,5.8,9268815.0
4787,Bogotá,Comercio,13.7,63.75,63.0,8,4.51,20.2,9.9,2,72.8,69.9,2.1,6.8,9578294.0
4788,Bogotá,Información,21.7,7.9,77.9,12,5.7,10.3,-1.4,1,68.2,71.8,75.9,5.9,10775366.0
4789,Bogotá,Manufactura,5.7,35.15,55.9,48,4.22,20.0,6.3,3,69.5,62.9,78.0,6.7,15487597.0
4790,Bogotá,Información,15.3,79.7,82.4,6,5.12,12.2,11.5,1,77.8,75.0,31.1,8.4,11574632.0
4791,Medellín,Manufactura,7.2,44.15,55.1,29,4.65,15.5,13.2,0,70.6,55.3,64.2,6.9,12287251.0
4792,Bogotá,Comercio,11.8,25.7,61.8,8,3.39,28.0,2.2,1,67.3,75.1,51.2,7.1,7817879.0
4793,Pereira,Comercio,4.4,42.36,51.0,104,3.87,28.2,9.9,3,63.4,66.5,86.4,7.4,22931055.0
4794,Manizales,Energía,10.1,18.69,78.9,3,5.49,7.3,-5.9,4,76.0,72.7,96.1,7.0,10060701.0
4795,Cali,Salud,20.5,13.74,62.3,20,3.73,18.9,9.3,1,63.4,59.2,77.2,6.8,10141532.0
4796,Bogotá,Comercio,39.5,30.53,58.2,24,4.16,24.8,9.0,3,76.6,65.0,89.1,7.3,12263289.0
4797,Cartagena,Comercio,26.6,49.43,54.7,11,3.2,27.6,-1.0,2,64.3,58.6,26.0,5.8,7155858.0
4798,Bogotá,Construcción,20.4,63.73,65.6,8,4.6,25.5,4.9,5,67.4,69.2,6.4,7.6,10094750.0
4799,Cali,Manufactura,8.0,41.02,70.6,38,3.77,11.5,14.0,2,59.6,76.7,18.4,6.4,13599292.0
4800,Cartagena,Agricultura,24.0,12.42,44.6,5,3.53,18.4,6.8,1,65.7,59.6,6.6,7.1,6788926.0
4801,Medellín,Manufactura,9.4,75.33,68.2,8,4.47,19.1,8.3,1,72.5,62.0,49.6,7.0,8918999.0
4802,Bogotá,Información,23.0,12.66,61.2,27,4.1,0.3,-11.9,2,67.7,76.0,23.9,8.2,11001575.0
4803,Bogotá,Información,13.3,27.72,72.2,57,4.49,19.3,9.3,1,73.3,63.0,24.5,6.6,18664056.0
4804,Barranquilla,Manufactura,4.4,62.16,61.0,50,4.24,22.5,9.2,0,62.6,71.4,1.5,5.1,15024918.0
4805,Otras,Manufactura,15.7,73.21,40.5,28,3.36,15.8,3.4,0,56.4,52.9,27.7,4.9,8198754.0
4806,Bogotá,Transporte,17.5,13.05,66.9,19,4.13,26.5,-5.8,0,64.7,80.6,98.5,5.3,8990054.0
4807,Bogotá,Manufactura,7.0,29.7,84.3,44,3.93,15.4,10.8,0,64.9,84.6,63.5,6.4,15153756.0
4808,Manizales,Construcción,8.0,74.03,44.3,36,3.65,29.7,-1.4,0,61.9,54.0,60.5,5.4,10382511.0
4809,Medellín,Comercio,7.0,56.19,68.0,11,3.57,19.1,3.2,0,69.8,65.0,93.8,7.9,8047758.0
4810,Bogotá,Financiero,8.7,54.73,82.1,10,5.52,8.2,3.2,1,80.8,72.4,3.4,6.8,11667683.0
4811,Pereira,Manufactura,5.6,8.86,53.3,7,4.47,22.9,6.0,4,60.3,67.9,75.8,6.2,8634639.0
4812,Medellín,Construcción,5.8,12.32,49.5,7,3.93,26.5,14.7,2,58.9,61.6,75.2,7.1,7159581.0
4813,Cartagena,Profesionales,8.1,40.99,60.9,8,5.47,19.8,-4.3,2,73.6,63.6,43.1,6.8,8674075.0
4814,Pereira,Transporte,26.1,55.27,53.0,22,3.56,20.9,-0.0,2,75.3,60.3,77.6,5.9,9334755.0
4815,Pereira,Comercio,13.5,70.11,39.1,7,3.28,31.8,10.8,1,64.0,47.0,33.3,7.2,6172463.0
4816,Bogotá,Comercio,4.8,58.1,65.5,8,3.56,29.3,-10.4,3,61.2,65.1,67.6,5.5,8160107.0
4817,Bogotá,Profesionales,4.1,48.64,74.1,53,4.81,5.7,2.6,1,74.8,83.6,57.1,6.8,18617882.0
4818,Medellín,Profesionales,6.9,34.01,74.7,15,4.78,16.3,18.4,0,66.3,68.5,11.2,4.8,10714224.0
4819,Bogotá,Hoteles,6.9,11.45,49.7,44,3.68,31.3,6.3,4,62.3,63.2,98.7,7.6,12865818.0
4820,Bucaramanga,Comercio,11.0,66.04,68.0,23,2.69,6.9,3.9,3,73.8,60.0,83.6,6.8,11117701.0
4821,Cartagena,Hoteles,17.3,21.16,59.8,20,3.19,25.8,0.0,1,75.5,52.9,35.1,7.4,8962090.0
4822,Bogotá,Comercio,4.2,74.69,46.3,4,3.35,28.0,11.6,3,49.8,59.0,89.9,6.9,6403091.0
4823,Bogotá,Comercio,1.1,23.43,72.4,8,4.05,28.0,9.0,2,69.1,81.6,72.2,7.3,9452381.0
4824,Bogotá,Comercio,9.7,34.61,56.8,19,4.1,30.2,-2.6,1,64.8,71.8,89.3,7.0,8944931.0
4825,Cali,Energía,14.6,37.42,83.6,16,5.72,2.3,10.2,1,74.5,72.9,70.6,5.7,13148370.0
4826,Bucaramanga,Comercio,10.1,77.18,54.4,3,3.15,26.6,3.7,1,70.9,53.9,94.6,6.5,7020054.0
4827,Barranquilla,Minas,4.4,37.7,78.7,14,4.44,18.1,10.0,1,71.5,69.9,80.1,5.7,10371992.0
4828,Bogotá,Profesionales,21.0,17.34,82.6,12,6.1,21.0,7.0,2,77.6,82.0,74.0,6.8,13148185.0
4829,Barranquilla,Comercio,15.8,29.45,75.9,3,3.89,34.4,3.3,1,86.7,66.1,4.5,5.4,9414760.0
4830,Barranquilla,Minas,2.6,34.41,70.9,7,4.78,7.1,-1.9,1,72.5,71.6,86.8,6.8,9194318.0
4831,Cali,Minas,9.4,22.03,78.1,26,5.65,10.5,14.0,2,81.3,72.3,43.5,7.1,15386755.0
4832,Bogotá,Comercio,5.9,69.19,48.5,3,3.84,18.9,6.5,0,59.3,60.4,1.7,6.0,5445649.0
4833,Manizales,Profesionales,17.3,60.33,61.3,23,4.14,8.2,8.2,1,70.6,59.9,73.3,7.1,11325582.0
4834,Cali,Financiero,6.0,19.85,63.0,11,5.35,5.4,20.3,1,59.3,65.5,49.2,6.1,9588472.0
4835,Cali,Transporte,13.3,24.34,56.1,11,4.38,27.7,13.4,0,55.7,62.5,24.9,6.2,7906130.0
4836,Bogotá,Comercio,7.2,49.72,52.1,9,4.09,25.9,6.8,2,58.7,70.9,27.8,7.0,7545869.0
4837,Bogotá,Manufactura,4.9,36.75,57.9,31,4.52,11.1,6.2,1,60.7,70.1,51.3,6.8,12412070.0
4838,Bucaramanga,Construcción,26.8,71.89,54.4,89,3.95,21.0,14.5,3,60.1,68.9,75.1,7.9,21569130.0
4839,Manizales,Comercio,21.5,5.08,56.9,45,3.58,24.2,6.4,0,74.4,50.0,10.9,6.2,12966582.0
4840,Bogotá,Agricultura,14.4,52.31,36.0,4,2.0,17.3,7.5,0,52.7,52.5,22.9,7.1,4376396.0
4841,Bogotá,Transporte,3.3,24.42,60.2,9,3.59,25.8,13.8,2,62.5,75.2,53.8,6.7,8574153.0
4842,Cali,Minas,22.3,52.13,77.2,6,5.87,10.0,4.6,0,73.4,76.0,79.1,7.0,9467882.0
4843,Bogotá,Financiero,11.8,71.4,80.8,34,5.72,11.9,-9.2,2,71.9,70.8,9.4,6.0,15912623.0
4844,Medellín,Comercio,30.7,3.48,57.8,13,3.1,13.9,-0.0,2,72.6,69.2,12.2,7.4,8558884.0
4845,Cali,Agricultura,14.6,12.28,45.9,21,3.74,19.3,15.6,3,67.2,67.4,7.3,6.7,10499651.0
4846,Bogotá,Construcción,19.1,20.06,55.5,42,3.81,25.7,12.5,1,64.2,70.4,14.4,5.9,13285107.0
4847,Medellín,Manufactura,11.6,60.39,73.0,36,4.37,22.3,7.6,1,67.0,66.8,53.5,6.0,13679497.0
4848,Manizales,Transporte,11.3,47.39,51.3,41,2.83,24.5,12.1,2,55.2,59.9,45.0,7.3,10324511.0
4849,Otras,Comercio,5.5,53.79,54.8,18,3.75,20.4,5.2,2,49.6,55.1,19.3,7.0,8225310.0
4850,Cali,Transporte,21.1,41.91,70.4,27,3.59,22.8,22.9,1,69.9,57.0,20.8,7.5,12634454.0
4851,Barranquilla,Información,6.4,29.04,74.5,4,4.32,14.5,2.7,0,62.1,76.8,99.0,6.2,8131233.0
4852,Bucaramanga,Comercio,10.7,22.92,53.2,3,3.38,28.7,5.0,2,56.2,54.1,52.5,6.9,6130935.0
4853,Bogotá,Profesionales,15.4,26.22,71.5,15,4.55,18.1,8.5,0,72.1,71.3,95.6,6.3,10687940.0
4854,Cali,Información,6.8,44.59,66.1,11,4.78,7.5,-3.7,1,69.9,67.1,63.3,7.3,8913169.0
4855,Bucaramanga,Profesionales,9.2,31.47,68.5,17,4.49,22.2,7.2,3,74.0,53.3,96.9,7.6,11179031.0
4856,Medellín,Agricultura,11.4,71.05,41.2,3,2.46,23.2,0.8,1,43.3,60.3,89.5,5.6,4953275.0
4857,Barranquilla,Financiero,34.3,25.78,56.7,25,4.71,10.7,2.9,2,70.3,68.9,63.9,7.0,11977762.0
4858,Bucaramanga,Manufactura,15.6,6.1,53.6,15,4.43,15.4,6.1,2,48.5,66.3,52.3,7.1,8863190.0
4859,Bogotá,Comercio,21.4,6.02,57.7,31,4.15,37.8,14.3,0,79.2,81.4,50.9,5.5,12760339.0
4860,Cali,Profesionales,3.7,30.35,64.9,73,4.86,10.3,17.5,4,65.7,65.5,68.6,7.5,22760080.0
4861,Pereira,Manufactura,14.1,79.54,68.1,10,3.56,13.5,8.3,0,69.8,57.7,74.8,6.0,9160841.0
4862,Bogotá,Manufactura,9.5,35.85,54.3,19,4.55,12.0,7.5,0,67.0,73.1,10.1,6.7,9932523.0
4863,Cali,Hoteles,1.2,61.88,56.2,7,3.35,29.1,-1.8,2,59.5,53.0,27.3,6.0,8322904.0
4864,Barranquilla,Construcción,1.9,3.91,56.2,17,3.14,33.8,5.7,1,72.0,61.7,6.7,6.8,8589379.0
4865,Cali,Minas,17.1,27.74,69.3,12,5.2,13.2,13.2,0,55.3,65.0,17.1,5.3,9563097.0
4866,Pereira,Profesionales,32.9,53.44,68.9,6,4.76,10.4,12.8,1,64.3,61.7,60.7,5.7,9139873.0
4867,Barranquilla,Información,15.1,41.2,66.6,6,4.96,9.4,10.2,2,66.3,61.1,47.8,6.2,9081665.0
4868,Bogotá,Comercio,6.0,8.58,51.5,31,3.77,23.6,10.4,4,64.5,61.8,5.1,5.9,11645475.0
4869,Bogotá,Transporte,11.5,26.81,61.8,11,3.23,20.6,-8.1,1,75.6,77.0,64.7,6.7,7822429.0
4870,Bogotá,Comercio,14.5,76.73,61.2,4,4.7,21.1,10.3,1,70.8,71.2,73.2,5.5,8300524.0
4871,Bogotá,Manufactura,31.6,65.91,70.0,52,4.02,13.1,9.9,1,65.7,77.6,8.5,5.1,17150517.0
4872,Medellín,Salud,9.8,19.5,77.4,5,4.87,19.7,8.4,1,71.3,75.5,30.7,6.7,9754250.0
4873,Bogotá,Comercio,5.3,36.92,52.9,7,3.68,28.9,17.9,3,59.9,66.1,70.7,7.4,7723783.0
4874,Bogotá,Minas,6.6,54.13,79.0,24,4.5,16.3,1.6,2,77.2,70.4,90.2,5.5,13708723.0
4875,Bogotá,Transporte,59.0,44.4,59.5,15,4.16,10.6,2.3,2,88.6,78.5,63.4,6.7,11162239.0
4876,Cali,Comercio,9.7,69.49,50.6,5,3.24,29.8,5.5,2,61.8,61.8,29.7,6.0,6334680.0
4877,Medellín,Comercio,4.6,27.13,66.5,16,3.91,32.7,9.5,0,58.5,68.9,86.5,5.9,8787716.0
4878,Bogotá,Transporte,33.8,72.95,64.2,10,3.78,19.6,19.6,3,66.0,70.0,7.5,6.2,11497409.0
4879,Bogotá,Información,14.3,60.53,75.3,57,5.59,12.0,-1.5,0,69.5,77.4,45.9,6.8,20320280.0
4880,Pereira,Salud,10.5,43.0,65.6,32,4.11,17.8,1.9,0,64.9,68.9,76.8,5.4,12041265.0
4881,Manizales,Hoteles,5.5,15.31,48.9,13,2.55,28.1,5.0,1,51.9,67.4,43.4,7.5,6318139.0
4882,Bucaramanga,Minas,7.7,34.29,79.7,8,5.89,17.7,7.1,2,78.8,75.0,32.3,7.4,11393007.0
4883,Barranquilla,Comercio,4.6,49.87,38.9,10,3.91,28.9,8.6,3,47.9,42.8,9.9,7.2,6186768.0
4884,Medellín,Construcción,25.6,78.31,62.0,5,4.21,12.0,0.2,0,72.2,59.4,9.6,5.9,7356788.0
4885,Medellín,Hoteles,47.5,17.33,48.7,76,4.06,26.9,11.8,2,77.5,70.9,88.0,6.6,20386369.0
4886,Medellín,Profesionales,6.6,40.39,76.2,22,5.04,12.3,-0.2,3,69.7,75.1,71.1,7.9,13571434.0
4887,Bogotá,Salud,7.7,27.37,71.4,28,5.05,12.7,11.9,1,79.9,81.8,75.7,7.3,14820086.0
4888,Medellín,Comercio,4.0,41.72,76.1,4,4.26,25.3,-5.6,1,70.7,79.6,81.4,5.4,8395086.0
4889,Barranquilla,Comercio,5.2,6.48,55.8,10,3.77,28.4,10.5,0,57.1,61.1,77.0,5.8,7360043.0
4890,Bogotá,Profesionales,9.1,45.07,50.5,16,5.14,3.1,15.8,0,63.1,68.1,24.6,5.8,9785358.0
4891,Medellín,Comercio,13.7,53.57,54.8,7,3.78,17.6,5.7,1,71.0,76.2,66.6,5.9,8243036.0
4892,Pereira,Salud,27.3,40.81,70.9,10,5.21,10.2,2.2,0,78.5,59.7,34.1,7.4,9978574.0
4893,Otras,Salud,3.3,78.18,60.6,11,3.26,21.4,17.2,2,63.0,63.1,88.1,6.4,8485184.0
4894,Bogotá,Profesionales,3.6,51.78,57.1,12,4.25,15.3,-1.8,2,59.1,53.3,88.4,7.8,7892541.0
4895,Cali,Comercio,7.2,12.57,65.5,6,4.1,26.8,-1.7,0,66.8,64.6,99.6,6.3,7174418.0
4896,Bogotá,Manufactura,6.9,47.08,70.7,10,4.44,25.7,3.8,1,65.2,72.8,62.0,6.4,13769889.0
4897,Cali,Energía,4.5,52.47,67.1,87,5.03,15.3,7.0,2,64.6,66.5,61.9,7.5,24875307.0
4898,Bucaramanga,Comercio,9.6,60.36,54.0,2,4.26,35.8,5.4,0,66.5,55.4,13.3,5.6,7292639.0
4899,Medellín,Manufactura,8.0,38.24,63.1,33,4.01,17.4,4.6,2,66.8,59.7,84.9,6.9,12592810.0
4900,Cali,Hoteles,10.8,0.93,59.8,6,3.65,27.0,4.8,0,62.6,62.4,60.0,5.6,7264937.0
4901,Bucaramanga,Financiero,16.2,25.14,78.9,14,4.65,6.7,5.2,1,72.6,73.1,74.3,6.4,11519451.0
4902,Bogotá,Manufactura,8.4,27.72,70.1,39,4.56,20.5,2.7,0,70.4,68.4,84.3,4.9,13973574.0
4903,Cali,Transporte,9.8,21.55,61.3,13,3.74,11.6,5.5,1,71.1,57.2,94.2,5.6,9014194.0
4904,Otras,Profesionales,7.2,46.37,71.6,17,4.15,14.0,0.4,1,64.2,60.5,79.6,6.1,9392466.0
4905,Bogotá,Profesionales,6.4,1.62,75.4,19,4.98,10.0,1.4,2,71.9,72.7,28.3,6.8,12739098.0
4906,Bogotá,Información,30.2,38.18,79.8,5,4.71,8.9,3.8,0,77.1,81.3,40.5,6.9,10126527.0
4907,Cali,Comercio,18.1,4.46,56.8,24,3.1,19.5,13.8,4,60.0,63.0,21.4,7.0,10790889.0
4908,Cartagena,Construcción,12.5,3.94,38.5,21,3.92,20.5,9.1,1,63.3,56.5,86.0,6.9,8190380.0
4909,Bogotá,Agricultura,3.5,66.8,70.0,4,4.17,24.7,4.5,1,73.0,62.1,68.4,6.6,8164876.0
4910,Medellín,Transporte,24.3,66.65,57.8,13,3.5,22.7,10.9,0,66.2,67.2,67.2,6.9,8760208.0
4911,Medellín,Comercio,14.5,9.23,38.0,15,3.14,23.4,-6.0,1,52.1,66.0,28.4,6.2,5563177.0
4912,Medellín,Construcción,9.3,58.97,52.5,13,3.87,27.7,4.9,3,69.6,66.1,39.2,6.5,8634737.0
4913,Bogotá,Comercio,9.0,48.14,64.3,2,4.2,27.9,8.6,1,71.5,67.0,66.0,6.3,8025537.0
4914,Bogotá,Manufactura,15.3,23.16,69.7,23,4.71,21.2,11.9,0,69.4,65.3,68.8,5.0,12274957.0
4915,Bogotá,Comercio,8.4,8.68,76.6,2,3.59,19.9,8.1,0,72.7,73.6,91.4,5.2,8514830.0
4916,Cali,Manufactura,16.6,58.69,59.5,44,4.56,14.6,5.9,3,72.1,59.4,0.8,7.3,15881560.0
4917,Otras,Comercio,4.3,61.38,45.4,3,2.77,31.4,3.8,2,48.1,46.6,30.8,6.8,4723754.0
4918,Bogotá,Energía,14.7,23.38,77.2,61,5.4,2.9,2.7,4,77.5,79.7,92.3,7.1,22922255.0
4919,Cali,Manufactura,5.5,59.92,80.9,15,3.77,25.2,-9.0,3,65.9,72.9,89.0,6.6,10402589.0
4920,Bogotá,Profesionales,9.8,3.51,56.7,23,5.08,18.7,20.1,1,70.1,66.6,47.7,7.0,12059986.0
4921,Pereira,Construcción,15.1,61.71,46.5,18,3.64,19.0,9.9,3,61.5,45.1,80.5,7.5,8589066.0
4922,Bogotá,Profesionales,12.7,78.32,68.7,12,5.04,9.8,-9.3,2,70.3,77.3,7.9,7.7,10374561.0
4923,Manizales,Energía,23.4,18.19,60.2,22,4.75,12.9,9.7,2,76.7,62.2,76.3,6.9,12136802.0
4924,Cartagena,Comercio,10.0,74.23,64.3,7,3.59,18.8,0.8,1,65.3,57.4,93.8,6.5,7596014.0
4925,Medellín,Financiero,31.7,69.78,71.5,22,4.8,4.7,5.1,1,76.1,80.9,74.3,6.1,13504326.0
4926,Bogotá,Construcción,27.0,46.11,61.5,122,4.11,24.2,17.4,1,82.7,78.9,50.6,6.4,29561967.0
4927,Cartagena,Comercio,4.4,11.63,63.5,14,3.14,27.6,6.7,0,65.1,58.3,33.4,6.1,7961918.0
4928,Bucaramanga,Comercio,50.7,69.19,52.9,25,3.15,19.4,14.1,0,77.2,61.4,17.3,6.3,11066026.0
4929,Barranquilla,Comercio,8.6,4.58,41.6,4,2.0,24.3,8.6,2,62.5,53.5,55.8,6.8,5695707.0
4930,Manizales,Manufactura,14.7,35.38,48.0,7,3.41,28.4,7.6,2,61.0,64.9,66.6,6.9,7274382.0
4931,Bucaramanga,Transporte,14.4,5.77,55.1,7,3.56,28.4,-5.2,1,69.7,61.9,15.0,6.0,6813739.0
4932,Manizales,Agricultura,7.1,15.03,40.5,13,2.98,21.0,7.6,1,56.1,54.1,67.6,7.2,6207788.0
4933,Pereira,Comercio,60.0,40.02,47.8,5,2.81,27.0,16.6,3,76.4,55.3,16.5,5.6,9930059.0
4934,Bogotá,Comercio,5.8,36.51,61.0,29,3.8,20.6,7.7,2,62.9,72.4,53.0,7.5,11652350.0
4935,Bogotá,Construcción,17.0,28.37,81.2,26,5.36,25.3,16.5,0,66.7,68.1,37.8,6.3,22200338.0
4936,Bogotá,Comercio,4.2,52.98,47.5,10,3.89,29.8,3.5,1,64.1,63.2,12.2,7.4,7185303.0
4937,Bogotá,Construcción,21.2,55.44,43.9,33,3.4,23.0,7.0,2,71.1,69.2,87.1,7.3,11295145.0
4938,Cartagena,Construcción,6.9,75.02,58.1,18,4.82,30.9,10.7,0,60.4,63.0,28.1,7.0,9362191.0
4939,Bogotá,Comercio,4.0,68.2,45.8,11,4.26,27.5,16.1,1,53.9,72.8,53.3,5.8,7044134.0
4940,Bucaramanga,Información,2.0,11.25,54.1,22,4.3,10.5,8.4,1,60.6,64.6,20.7,5.3,10457854.0
4941,Bogotá,Financiero,39.1,57.77,71.0,13,6.0,2.4,10.3,1,87.2,65.6,79.9,6.9,19365823.0
4942,Cali,Comercio,4.1,22.02,60.8,3,3.2,19.8,5.2,1,67.4,74.1,34.3,5.5,7420221.0
4943,Medellín,Profesionales,9.5,67.15,66.7,25,4.7,16.4,0.0,1,60.5,66.7,61.6,6.5,11395154.0
4944,Pereira,Información,12.5,9.81,55.5,12,3.66,15.1,13.6,1,62.8,56.1,59.8,6.8,8512304.0
4945,Bogotá,Energía,22.2,46.64,76.5,14,5.01,7.3,-3.7,0,71.1,85.0,67.7,5.8,10760750.0
4946,Cali,Comercio,8.0,36.06,62.3,17,3.28,34.0,3.9,1,60.3,67.5,27.0,6.7,8525067.0
4947,Medellín,Comercio,7.0,44.83,63.5,8,2.93,21.8,-3.4,2,71.1,63.6,8.2,7.8,8763005.0
4948,Bogotá,Financiero,60.0,13.52,73.0,2,5.13,0.0,2.6,1,77.4,75.1,41.1,5.5,11699138.0
4949,Medellín,Transporte,10.3,43.32,71.8,7,4.35,20.6,6.5,2,68.7,75.0,29.3,6.9,9880431.0
4950,Bogotá,Transporte,8.7,56.84,47.3,7,4.56,32.5,0.4,0,68.0,66.4,93.0,5.5,6261713.0
4951,Cali,Comercio,8.9,61.42,56.9,18,3.45,14.3,4.7,1,72.5,60.8,55.7,6.6,9751325.0
4952,Medellín,Comercio,4.6,56.94,49.9,3,4.24,26.1,2.5,2,58.0,60.7,70.6,7.2,6163836.0
4953,Bogotá,Profesionales,23.0,30.88,49.1,6,5.26,9.1,19.2,0,71.0,66.6,59.8,6.7,8844117.0
4954,Bogotá,Comercio,5.4,6.72,65.3,23,4.6,26.9,0.2,0,78.1,73.4,82.3,6.1,10792552.0
4955,Medellín,Transporte,7.1,22.3,60.4,5,3.69,12.0,8.2,1,76.0,63.1,86.8,6.6,8003896.0
4956,Medellín,Profesionales,20.5,68.6,69.7,53,4.54,5.6,-2.8,0,74.0,65.5,56.4,6.5,16758797.0
4957,Cali,Comercio,5.1,1.6,59.2,18,3.19,27.4,13.4,1,65.9,69.7,77.5,7.1,9145855.0
4958,Medellín,Comercio,4.8,55.19,77.8,32,3.66,26.0,-1.0,2,65.4,78.9,50.0,7.2,12759575.0
4959,Bogotá,Comercio,4.6,74.25,63.7,25,3.31,21.0,1.7,3,75.4,66.0,46.9,8.1,11663514.0
4960,Cali,Manufactura,29.1,23.57,61.1,18,4.43,8.7,9.6,0,76.8,63.6,34.5,6.5,10770551.0
4961,Bogotá,Información,4.5,61.23,74.3,18,5.67,13.9,6.3,3,65.6,82.1,42.5,7.4,12555389.0
4962,Otras,Comercio,1.8,1.03,27.1,6,3.15,32.4,15.6,0,45.8,36.4,85.7,5.9,3670104.0
4963,Barranquilla,Información,3.7,70.25,62.5,5,4.94,20.8,12.1,0,66.9,50.1,80.8,6.8,7623600.0
4964,Bogotá,Información,6.8,47.55,85.5,17,5.96,8.8,-0.7,1,73.3,73.2,65.1,6.5,12848765.0
4965,Manizales,Construcción,3.5,30.08,62.2,3,4.39,24.8,3.7,1,69.2,68.1,53.7,6.0,7527596.0
4966,Bogotá,Información,9.1,36.55,74.0,51,5.97,19.7,9.1,2,70.1,80.0,61.7,7.3,21240359.0
4967,Bogotá,Comercio,15.3,74.7,59.2,7,4.29,22.2,5.9,1,61.3,60.0,87.5,5.7,7832058.0
4968,Otras,Hoteles,13.2,4.95,33.2,8,1.72,29.0,1.3,0,49.6,53.4,70.3,6.4,3974032.0
4969,Cali,Información,5.4,72.95,74.0,10,4.88,16.7,7.7,1,71.2,75.5,89.6,6.2,10171570.0
4970,Bogotá,Comercio,13.3,26.16,54.8,9,4.04,29.7,3.7,1,56.8,64.0,49.0,6.1,7232244.0
4971,Pereira,Construcción,16.5,44.7,53.4,22,3.53,22.3,0.9,0,67.1,60.0,3.4,6.3,8873179.0
4972,Barranquilla,Transporte,3.6,14.48,57.7,8,3.36,23.2,5.6,0,64.8,68.3,29.3,5.2,6930203.0
4973,Bogotá,Manufactura,13.2,53.42,77.7,29,4.82,11.0,4.9,2,60.3,82.4,50.5,7.3,13890675.0
4974,Medellín,Profesionales,9.0,22.24,67.7,19,5.49,11.1,2.7,1,64.1,75.2,35.3,7.2,11422135.0
4975,Medellín,Comercio,16.8,37.88,53.6,23,4.33,31.6,2.0,1,55.6,64.3,35.2,6.0,9332146.0
4976,Bogotá,Transporte,12.0,33.42,49.6,3,4.26,28.8,1.6,0,64.2,61.6,35.5,5.9,5301147.0
4977,Bogotá,Profesionales,13.1,13.98,75.2,11,5.16,11.4,-2.4,2,73.7,77.2,60.9,6.7,10929485.0
4978,Bogotá,Hoteles,15.5,62.58,63.3,11,3.26,23.7,9.3,1,64.3,67.5,55.9,5.5,8630217.0
4979,Cali,Transporte,28.8,70.31,53.4,4,4.1,24.5,-3.5,1,68.5,63.7,85.8,8.5,6879391.0
4980,Barranquilla,Salud,6.5,65.06,56.9,43,3.94,27.5,-0.1,2,61.0,50.9,90.6,6.6,12594918.0
4981,Medellín,Salud,6.4,43.92,50.1,1,4.54,7.9,-0.3,1,47.1,53.2,42.9,6.9,5169488.0
4982,Cali,Agricultura,4.8,12.89,56.7,16,2.91,34.0,2.8,0,61.1,65.5,75.1,6.3,7509167.0
4983,Bogotá,Financiero,8.1,69.65,76.8,11,5.08,10.2,4.3,1,66.5,80.2,48.5,6.0,10792536.0
4984,Barranquilla,Agricultura,3.3,36.64,49.6,28,3.12,25.0,1.0,0,62.9,67.7,76.2,5.6,9031160.0
4985,Bogotá,Información,8.2,7.39,70.0,39,5.16,8.4,5.3,1,70.0,78.6,21.0,6.1,16242156.0
4986,Bogotá,Comercio,26.0,53.44,61.0,5,4.44,15.1,2.8,0,70.5,62.5,78.9,6.2,7587827.0
4987,Medellín,Comercio,4.2,4.82,54.2,3,3.43,22.5,9.6,1,61.3,60.6,4.1,6.4,6241664.0
4988,Manizales,Comercio,6.1,59.39,66.9,28,4.18,25.7,-3.1,0,55.8,61.3,36.1,5.9,10355736.0
4989,Bogotá,Manufactura,3.9,40.83,65.9,9,4.37,20.7,7.0,0,70.1,68.8,43.3,6.6,8304844.0
4990,Medellín,Comercio,7.4,9.05,50.3,4,3.62,33.6,-6.3,1,58.6,60.9,42.4,5.9,5445451.0
4991,Medellín,Financiero,13.4,23.29,69.3,17,5.03,1.9,4.3,1,65.3,82.5,67.3,5.5,11455920.0
4992,Bogotá,Comercio,32.6,60.28,67.0,17,4.98,29.3,9.4,0,68.0,70.9,91.0,5.4,11175180.0
4993,Medellín,Comercio,41.2,53.92,63.5,6,3.32,29.2,0.6,1,75.0,77.5,42.9,5.2,8274722.0
4994,Cali,Transporte,5.9,35.84,64.7,5,2.52,21.9,4.6,0,70.1,73.3,70.2,5.3,7584618.0
4995,Cali,Minas,12.7,70.0,65.0,7,5.19,9.5,0.8,0,70.4,65.2,65.4,6.0,8362786.0
4996,Cali,Agricultura,40.7,39.34,44.1,13,3.19,26.6,7.0,2,77.1,66.4,70.7,7.0,8588149.0
4997,Bogotá,Profesionales,23.9,42.28,70.4,12,4.88,8.3,7.1,1,79.9,69.7,56.1,6.6,11419512.0
4998,Cali,Manufactura,8.1,62.5,69.5,22,4.61,29.1,11.1,0,75.4,58.5,96.9,5.8,11812938.0
4999,Medellín,Manufactura,18.8,31.31,54.9,3,4.8,9.5,5.0,0,64.6,63.3,74.7,5.2,6824043.0
5000,Cartagena,Manufactura,11.4,37.27,58.2,42,4.39,16.6,-4.7,0,74.0,63.5,43.0,6.3,13617153.0
5001,Bogotá,Comercio,15.5,72.06,51.3,6,3.03,17.5,10.5,1,73.0,67.4,46.9,5.9,7780665.0
5002,Bogotá,Manufactura,16.7,8.15,70.0,15,4.58,14.0,9.1,1,76.2,77.3,55.0,6.9,11184443.0
5003,Medellín,Manufactura,14.5,27.88,65.6,14,4.47,26.3,-7.0,1,62.0,69.5,7.5,7.2,8906412.0
5004,Medellín,Agricultura,2.4,44.63,52.5,14,3.18,22.4,22.2,0,60.4,67.9,85.8,5.3,10758016.0
5005,Bucaramanga,Comercio,9.7,20.72,49.5,4,3.51,24.5,7.1,1,64.1,52.4,93.8,6.0,6204783.0
5006,Otras,Agricultura,3.5,33.99,37.7,44,2.49,16.1,5.8,1,52.1,39.4,29.7,6.5,8117789.0
5007,Pereira,Hoteles,5.3,71.65,52.1,2,3.5,38.4,-0.9,1,58.4,63.1,30.8,4.8,5208707.0
5008,Bogotá,Hoteles,7.2,61.99,56.7,60,3.01,24.7,6.5,2,55.9,69.8,41.5,5.7,12906067.0
5009,Bogotá,Comercio,4.8,5.08,55.9,18,3.39,21.7,-7.4,3,66.0,69.4,66.6,6.9,8929441.0
5010,Bogotá,Profesionales,7.3,79.74,74.1,4,5.31,22.4,6.4,0,59.3,64.2,32.5,5.9,8234360.0
5011,Bogotá,Salud,4.0,53.38,77.9,12,4.65,18.2,4.4,1,75.1,81.8,11.8,7.2,11008195.0
5012,Bogotá,Comercio,6.9,75.87,52.0,21,4.2,24.1,16.3,1,62.2,66.0,74.7,6.7,9180271.0
5013,Barranquilla,Profesionales,17.0,33.29,77.8,6,4.71,10.9,13.6,0,82.4,74.0,85.3,5.6,10439144.0
5014,Cali,Profesionales,34.1,29.19,59.1,3,4.66,6.7,8.4,0,86.2,66.3,25.2,5.6,8800769.0
5015,Barranquilla,Salud,6.0,26.01,55.6,51,4.58,24.7,2.3,0,59.0,61.8,65.0,7.0,14663340.0
5016,Bogotá,Transporte,20.4,48.03,53.7,5,4.04,27.0,-3.7,0,63.4,65.7,61.8,6.1,6452403.0
5017,Otras,Comercio,16.8,52.21,54.2,6,4.06,27.3,8.3,0,64.0,60.2,2.7,5.7,6701924.0
5018,Bogotá,Agricultura,5.5,79.84,62.5,28,3.36,18.8,19.1,1,71.7,73.7,15.9,5.7,11455988.0
5019,Bogotá,Construcción,10.8,1.3,61.1,2,4.26,16.7,-1.7,1,63.1,81.6,82.0,5.9,7174175.0
5020,Manizales,Comercio,49.2,12.59,45.4,13,2.8,23.1,5.0,1,69.5,48.9,58.3,8.1,7345862.0
5021,Cali,Manufactura,24.6,46.55,74.0,44,4.93,11.0,0.9,1,71.7,74.2,89.5,6.2,17475691.0
5022,Bogotá,Comercio,4.8,17.06,46.2,21,2.73,24.9,11.1,2,53.0,73.0,84.0,6.3,8336209.0
5023,Pereira,Comercio,18.7,4.71,40.6,22,3.19,23.7,14.0,1,57.1,51.5,80.2,6.4,8509158.0
5024,Bogotá,Información,22.7,74.39,70.8,4,5.5,3.4,-1.0,0,74.9,67.1,55.3,6.2,9061566.0
5025,Medellín,Manufactura,4.5,76.52,62.0,39,4.71,20.5,-7.5,0,51.5,66.4,7.7,6.5,12447112.0
5026,Bogotá,Comercio,14.4,0.8,59.3,19,3.47,29.1,10.8,1,68.6,78.2,11.9,5.3,9904868.0
5027,Manizales,Profesionales,29.9,16.32,66.0,5,4.86,12.2,7.7,0,74.3,75.6,33.7,5.5,9167419.0
5028,Manizales,Hoteles,28.8,77.1,36.7,21,2.63,31.7,5.8,0,57.1,59.4,42.5,5.9,6971062.0
5029,Medellín,Transporte,7.9,60.26,54.6,24,4.69,22.8,12.0,0,59.8,73.1,58.8,5.8,10668057.0
5030,Bucaramanga,Manufactura,8.2,77.24,66.8,38,3.17,10.2,19.7,1,70.6,71.6,68.4,6.9,17379068.0
5031,Medellín,Minas,20.3,65.48,73.7,49,5.78,10.7,3.4,0,71.6,72.6,42.8,6.5,19043786.0
5032,Barranquilla,Manufactura,18.0,62.66,50.1,8,3.08,14.8,7.0,0,72.9,63.2,43.4,5.9,7531721.0
5033,Cali,Energía,15.3,22.04,59.6,3,5.46,6.5,14.7,1,55.8,72.7,1.8,6.4,7803433.0
5034,Barranquilla,Información,23.9,47.72,65.5,7,4.64,16.5,1.5,2,69.4,70.6,61.7,7.2,8824426.0
5035,Bogotá,Comercio,7.6,1.59,63.8,28,3.97,30.5,12.8,0,69.8,61.3,18.4,6.2,11436057.0
5036,Medellín,Manufactura,6.8,32.13,66.0,34,4.6,18.9,5.3,1,60.8,77.6,59.4,6.1,13234451.0
5037,Manizales,Comercio,2.9,3.06,36.2,6,3.69,33.6,7.0,0,58.5,52.9,1.8,6.2,4574260.0
5038,Cartagena,Manufactura,3.0,5.13,61.1,13,4.11,23.2,1.5,1,60.6,68.6,77.7,7.6,8560900.0
5039,Medellín,Hoteles,14.3,62.88,54.7,2,3.08,32.8,4.7,2,46.2,52.6,8.2,6.0,5178340.0
5040,Barranquilla,Profesionales,19.1,4.05,71.1,27,3.9,19.4,6.5,1,69.8,67.5,37.4,7.9,11717755.0
5041,Bucaramanga,Hoteles,4.3,54.66,50.1,4,3.34,37.1,1.3,0,49.2,62.2,62.1,5.4,4829570.0
5042,Medellín,Información,25.3,21.23,68.5,117,4.99,13.3,6.0,1,70.1,63.9,71.7,7.7,31607327.0
5043,Cali,Comercio,14.8,52.62,58.0,7,3.09,22.3,-0.2,0,73.0,54.7,7.2,5.6,6706252.0
5044,Cali,Manufactura,6.2,78.04,57.3,8,5.06,19.7,8.8,1,66.5,62.9,78.7,6.5,8301872.0
5045,Bogotá,Manufactura,3.9,37.67,57.7,42,4.65,12.2,-4.8,4,59.5,55.4,93.3,7.8,14562069.0
5046,Medellín,Transporte,30.4,20.23,47.7,14,3.1,14.1,15.8,3,67.9,57.3,45.9,7.7,9551069.0
5047,Manizales,Comercio,13.3,31.0,43.6,7,3.44,23.4,3.9,1,55.2,61.8,66.1,6.6,5683358.0
5048,Bogotá,Salud,14.7,67.78,81.2,14,5.21,11.1,6.0,1,76.9,83.2,11.5,5.2,12774609.0
5049,Bogotá,Información,7.7,14.89,71.8,80,5.01,12.8,0.6,3,63.9,81.9,23.4,6.6,24133043.0
5050,Barranquilla,Comercio,4.8,57.34,59.0,13,3.97,35.7,7.0,0,59.6,61.6,92.0,5.3,8262927.0
5051,Bogotá,Manufactura,23.4,31.04,78.2,10,4.92,22.3,1.2,2,78.5,69.2,22.6,5.7,11233678.0
5052,Bogotá,Manufactura,2.4,7.24,60.1,6,3.74,21.6,4.8,0,68.3,71.2,73.2,5.2,7725830.0
5053,Pereira,Comercio,10.6,29.48,53.2,3,3.85,23.1,9.5,0,52.3,71.2,72.5,7.2,5630357.0
5054,Bucaramanga,Agricultura,11.5,25.06,48.3,11,2.05,21.4,4.8,0,60.2,59.8,59.9,6.7,6374262.0
5055,Otras,Información,5.0,67.37,55.6,9,4.12,17.5,9.8,1,61.6,56.8,84.4,5.7,7784986.0
5056,Bogotá,Transporte,38.8,43.64,57.8,7,3.78,12.7,-3.9,1,77.0,70.5,77.3,6.0,7795977.0
5057,Bogotá,Financiero,11.3,41.27,78.4,40,4.81,11.3,0.7,2,74.9,91.9,66.7,7.3,17052810.0
5058,Bogotá,Comercio,5.6,16.81,66.6,7,3.49,21.8,7.6,0,70.0,59.8,89.8,6.1,7613038.0
5059,Medellín,Información,3.2,52.27,65.5,4,4.55,17.5,8.4,1,65.0,66.8,29.3,6.8,7760464.0
5060,Cali,Construcción,3.1,53.68,66.2,6,3.92,24.6,11.3,1,70.9,69.7,52.1,6.2,8725990.0
5061,Barranquilla,Manufactura,10.5,43.64,57.4,14,4.02,21.4,5.1,3,74.2,53.7,50.6,6.3,9433080.0
5062,Medellín,Construcción,35.6,28.03,58.7,82,4.29,22.0,10.4,1,70.3,69.7,67.6,6.8,22094358.0
5063,Medellín,Información,24.4,24.84,73.7,3,5.4,17.1,9.5,1,74.9,75.8,73.5,6.6,9413371.0
5064,Bogotá,Información,3.1,72.54,69.0,24,5.13,8.1,6.0,2,72.2,75.6,38.8,6.8,13513959.0
5065,Medellín,Manufactura,9.9,38.32,60.7,25,4.49,13.2,4.4,1,71.5,75.6,78.0,7.4,11826860.0
5066,Barranquilla,Comercio,6.6,56.65,51.1,7,2.64,24.2,2.9,0,53.4,60.9,39.8,6.5,5665034.0
5067,Cali,Transporte,17.7,34.14,52.1,14,3.88,21.8,10.0,0,75.4,54.3,81.9,4.9,8368101.0
5068,Cali,Transporte,2.7,55.55,47.6,18,3.54,20.1,13.7,0,57.5,64.2,37.8,6.3,7839515.0
5069,Bogotá,Salud,29.8,15.15,87.6,103,4.7,23.6,7.1,1,86.4,79.8,35.8,5.7,30039491.0
5070,Medellín,Comercio,2.7,37.04,53.6,65,3.56,31.2,-1.1,3,57.3,58.0,14.9,7.5,15018175.0
5071,Bogotá,Información,8.8,43.22,70.4,3,4.21,1.8,0.8,0,61.0,76.8,26.8,5.7,10038724.0
5072,Cali,Manufactura,4.4,28.51,43.3,14,3.72,14.3,0.9,2,45.4,45.8,33.8,7.7,6557068.0
5073,Pereira,Información,7.7,52.79,49.0,27,4.44,20.3,9.5,1,57.8,45.0,97.6,6.4,9991306.0
5074,Otras,Comercio,11.5,4.24,45.3,10,3.19,26.3,9.8,1,53.8,49.6,37.3,6.3,5912836.0
5075,Bogotá,Comercio,4.5,64.43,56.9,27,3.82,33.6,8.8,0,65.6,63.5,94.2,6.5,9607466.0
5076,Medellín,Hoteles,3.3,39.16,45.5,10,3.07,29.9,-8.0,2,53.9,62.7,86.2,6.3,6082482.0
5077,Bogotá,Comercio,1.8,11.15,68.8,23,4.76,30.9,1.4,1,60.5,74.4,22.6,5.5,11001166.0
5078,Medellín,Comercio,6.2,77.44,50.4,12,3.71,25.5,3.1,0,58.1,57.4,18.5,5.9,6658044.0
5079,Barranquilla,Comercio,4.3,72.77,56.2,8,4.35,30.7,29.1,1,60.4,61.1,79.5,5.5,8017064.0
5080,Barranquilla,Manufactura,8.1,79.07,65.9,6,3.66,18.8,3.7,1,70.4,61.3,94.4,6.2,8126028.0
5081,Bogotá,Comercio,8.4,15.24,66.2,6,3.41,21.7,6.3,0,61.3,73.4,84.9,6.4,7690656.0
5082,Bogotá,Hoteles,6.8,55.19,52.7,11,3.0,20.2,10.7,0,53.6,65.5,92.0,5.1,6404150.0
5083,Bucaramanga,Agricultura,5.9,16.21,47.4,5,2.65,23.9,6.7,1,61.9,75.0,8.6,6.7,6204288.0
5084,Medellín,Manufactura,7.2,38.01,74.9,14,3.62,15.6,8.6,1,68.1,73.6,50.7,6.2,10466762.0
5085,Bogotá,Transporte,17.4,68.28,50.2,10,5.3,26.2,8.9,4,64.5,55.7,88.6,6.5,8933265.0
5086,Barranquilla,Financiero,8.0,38.7,52.8,13,4.8,11.0,8.1,3,57.7,53.6,90.7,5.8,8505552.0
5087,Bucaramanga,Profesionales,8.4,57.55,52.0,2,4.29,16.8,11.3,3,70.5,62.1,90.9,6.2,7485855.0
5088,Barranquilla,Salud,18.1,13.78,47.3,1,3.78,22.4,-3.1,0,60.1,49.2,42.8,5.4,4197385.0
5089,Bogotá,Comercio,9.4,70.38,78.0,10,4.24,24.9,3.7,2,70.6,67.8,80.4,6.0,10445592.0
5090,Bucaramanga,Manufactura,23.9,75.34,73.5,5,4.66,19.5,-0.6,1,81.5,74.9,4.6,7.6,9346171.0
5091,Cali,Transporte,7.4,45.99,59.5,11,4.31,31.9,7.4,1,65.5,57.5,97.9,6.1,8553547.0
5092,Medellín,Hoteles,11.0,24.83,62.4,8,4.42,29.3,0.4,0,66.2,65.9,88.1,6.7,8053968.0
5093,Barranquilla,Comercio,15.4,78.82,53.9,7,2.97,25.6,6.0,0,66.5,65.3,61.9,5.5,6636523.0
5094,Bucaramanga,Hoteles,2.0,33.36,55.6,41,3.3,22.1,-4.9,0,55.1,52.0,79.4,5.1,10598305.0
5095,Cali,Agricultura,60.0,10.29,50.2,77,3.01,13.7,11.7,2,73.5,65.6,98.3,7.6,17917806.0
5096,Medellín,Información,15.0,24.32,71.8,23,4.6,20.3,1.9,1,75.7,70.1,10.5,6.3,11795767.0
5097,Cali,Financiero,3.1,15.76,71.2,4,5.99,13.2,9.2,0,67.8,65.9,62.1,7.1,8398920.0
5098,Bogotá,Comercio,1.7,71.12,67.7,4,4.89,27.0,11.6,2,68.2,70.8,15.2,7.6,8438817.0
5099,Bogotá,Comercio,5.7,5.37,64.9,6,3.27,33.1,5.0,0,64.3,70.5,63.5,4.6,7297327.0
5100,Cali,Construcción,6.8,30.21,64.5,5,4.34,15.4,2.1,0,77.4,68.3,85.2,6.7,8079431.0
5101,Bogotá,Comercio,22.7,53.13,69.0,27,4.16,21.5,16.2,0,58.2,81.5,36.2,6.6,12588560.0
5102,Medellín,Profesionales,8.0,54.99,67.2,5,5.13,22.6,0.9,1,59.2,63.9,3.3,7.8,7166569.0
5103,Cartagena,Manufactura,14.1,40.45,62.6,48,3.68,19.1,5.5,0,58.6,61.0,68.4,4.9,13675432.0
5104,Cali,Manufactura,10.5,55.71,50.8,27,3.52,20.2,-3.3,2,53.6,58.8,46.4,6.7,8764286.0
5105,Bogotá,Profesionales,53.7,42.7,81.4,101,5.43,7.7,3.1,2,91.4,74.1,45.8,7.2,32609179.0
5106,Medellín,Salud,24.0,60.99,55.7,10,3.32,15.7,-0.2,0,71.9,64.8,30.9,5.8,7194987.0
5107,Medellín,Profesionales,4.3,18.14,78.2,21,5.1,17.4,0.3,1,74.2,72.9,76.1,5.9,12962121.0
5108,Bogotá,Profesionales,37.6,41.41,55.0,13,4.72,8.0,-2.2,1,63.4,68.9,54.3,5.4,13592256.0
5109,Barranquilla,Agricultura,2.5,58.34,35.6,2,2.64,31.1,6.7,2,46.5,41.6,30.6,6.1,4064353.0
5110,Cali,Salud,41.5,59.19,55.3,2,3.36,12.6,3.7,0,74.8,63.5,55.8,6.4,7027796.0
5111,Barranquilla,Manufactura,3.1,77.5,57.6,20,4.68,26.5,0.1,1,64.4,67.8,65.9,7.2,9968881.0
5112,Medellín,Información,2.7,67.05,71.4,11,5.47,17.1,9.8,2,66.7,78.2,6.7,5.9,10519532.0
5113,Manizales,Manufactura,15.9,73.23,53.8,43,3.53,3.0,13.7,3,68.3,61.5,82.5,7.1,14081432.0
5114,Bogotá,Profesionales,2.4,15.6,71.7,3,5.29,8.0,4.8,0,63.7,75.6,23.2,4.8,7723303.0
5115,Bogotá,Comercio,7.5,68.2,63.0,24,3.3,31.3,8.0,2,75.7,73.2,57.9,6.7,11062008.0
5116,Manizales,Comercio,6.9,12.7,48.5,21,2.8,33.9,5.0,3,58.9,61.2,64.2,7.6,8340832.0
5117,Bogotá,Comercio,23.0,2.54,54.2,87,4.13,31.0,7.9,1,69.7,77.2,99.5,6.7,27919110.0
5118,Pereira,Salud,7.4,22.51,58.5,5,4.8,10.0,3.1,1,59.4,62.3,19.5,6.2,7288897.0
5119,Bogotá,Manufactura,14.4,71.79,76.8,3,3.92,22.4,5.5,1,75.9,66.5,9.1,6.3,8798790.0
5120,Bogotá,Información,11.5,2.17,76.1,5,4.37,14.0,3.5,1,85.9,81.6,26.7,7.0,10199336.0
5121,Medellín,Comercio,10.8,13.8,67.4,9,3.66,17.6,1.4,1,75.0,72.4,72.5,5.3,9305388.0
5122,Barranquilla,Comercio,11.5,45.94,47.1,8,3.1,29.6,2.2,0,51.5,61.7,76.1,4.9,5167419.0
5123,Bogotá,Transporte,15.6,27.08,53.5,30,4.14,18.3,2.0,1,63.5,65.0,66.2,5.6,10956518.0
5124,Otras,Manufactura,6.2,19.6,71.3,5,4.63,17.3,12.7,0,73.3,55.0,92.1,5.5,8426237.0
5125,Cali,Construcción,7.7,9.53,56.7,11,4.25,25.1,5.3,1,55.7,63.0,63.3,6.5,7902252.0
5126,Manizales,Comercio,4.1,66.36,66.2,12,3.02,30.9,3.2,0,65.0,71.5,46.3,5.9,7948146.0
5127,Medellín,Energía,13.5,21.16,63.6,38,5.01,4.0,6.2,1,77.8,71.6,1.6,6.0,20705975.0
5128,Medellín,Financiero,3.4,3.24,66.7,36,4.63,9.5,3.8,1,80.1,63.2,38.3,6.6,14918831.0
5129,Medellín,Comercio,8.1,10.15,53.8,7,3.65,20.7,4.4,3,62.6,71.4,95.5,6.6,7859893.0
5130,Pereira,Construcción,2.9,14.95,45.9,18,3.32,29.9,3.0,1,57.0,53.6,11.7,6.1,7170876.0
5131,Cali,Salud,35.7,19.26,63.5,43,4.58,12.3,4.0,2,67.3,60.3,22.5,5.9,15163350.0
5132,Cali,Financiero,15.9,47.91,75.4,3,5.39,7.0,2.9,0,81.8,70.2,70.0,6.7,9652620.0
5133,Cali,Comercio,19.5,0.04,48.0,25,3.86,30.4,8.0,4,62.8,57.3,40.7,7.0,9943689.0
5134,Medellín,Manufactura,12.7,78.45,64.4,13,4.3,14.4,10.2,1,82.9,62.3,46.2,5.1,10477608.0
5135,Bogotá,Comercio,6.9,35.04,58.9,1,4.74,25.9,2.6,2,61.1,70.4,56.0,7.3,6897189.0
5136,Barranquilla,Manufactura,4.8,56.52,65.7,43,3.9,23.5,9.1,4,75.0,61.9,70.3,7.4,15645948.0
5137,Bogotá,Manufactura,4.9,19.29,52.7,33,5.24,20.0,25.8,3,56.5,55.2,90.8,8.0,13421020.0
5138,Bogotá,Información,4.5,73.12,68.8,7,4.76,11.9,5.7,0,64.7,72.7,41.8,6.6,8442002.0
5139,Barranquilla,Comercio,3.2,64.15,43.4,3,4.35,23.5,2.4,0,62.1,57.4,52.3,6.1,5150776.0
5140,Otras,Manufactura,1.7,68.54,54.7,8,3.77,23.4,-0.1,2,54.3,52.0,63.6,7.9,6460883.0
5141,Pereira,Manufactura,9.3,39.03,55.4,27,4.63,17.6,15.7,0,55.2,61.3,3.9,6.4,10365933.0
5142,Bogotá,Comercio,15.1,25.96,52.4,16,2.99,28.6,15.6,2,65.0,71.2,31.7,6.5,8895481.0
5143,Bogotá,Manufactura,7.4,40.53,72.1,9,4.35,18.1,9.2,0,71.6,77.1,99.0,6.1,9389990.0
5144,Otras,Información,12.8,60.46,66.2,4,3.85,10.9,8.6,0,70.4,63.6,57.6,6.1,7985537.0
5145,Bogotá,Comercio,13.3,44.8,62.5,7,3.36,28.8,6.5,0,70.6,65.1,97.7,6.1,8001702.0
5146,Bogotá,Comercio,17.0,78.96,68.4,9,3.72,22.6,4.3,0,73.1,74.1,16.1,5.4,8821749.0
5147,Pereira,Construcción,6.4,29.16,55.4,16,3.52,19.2,1.5,2,58.6,60.2,20.7,8.2,8180002.0
5148,Bogotá,Comercio,17.3,63.39,38.4,7,3.59,29.3,1.8,0,69.5,57.0,34.7,6.0,5909588.0
5149,Medellín,Información,4.8,42.28,66.6,23,5.05,14.8,0.2,1,64.9,74.6,69.6,7.0,11507278.0
5150,Medellín,Manufactura,11.4,24.61,69.1,9,3.27,21.3,5.6,1,73.4,68.6,76.3,6.2,9338825.0
5151,Medellín,Información,9.5,53.34,89.4,4,4.88,12.4,0.9,2,70.6,84.3,41.6,7.9,10371767.0
5152,Medellín,Manufactura,5.0,59.64,73.6,55,3.85,18.6,13.8,4,60.9,77.0,11.6,7.9,17239705.0
5153,Barranquilla,Hoteles,4.6,27.6,55.5,3,3.75,35.2,4.9,1,53.7,49.7,70.4,5.9,5626971.0
5154,Medellín,Manufactura,29.4,64.76,61.6,33,3.48,14.7,11.7,0,78.3,72.8,83.0,7.0,12706809.0
5155,Medellín,Comercio,18.3,75.09,51.8,88,3.85,15.1,5.4,3,73.3,58.4,50.9,7.1,20250896.0
5156,Bogotá,Transporte,20.6,29.07,72.4,20,4.09,21.3,9.6,0,75.5,63.7,17.9,6.5,11058550.0
5157,Bucaramanga,Información,17.4,73.38,78.9,31,4.9,20.1,7.8,1,73.7,80.1,19.6,5.6,15198760.0
5158,Bogotá,Información,15.6,10.4,72.2,2,5.85,17.7,7.9,1,59.8,81.8,78.6,7.4,8292034.0
5159,Manizales,Transporte,31.4,15.47,57.4,4,3.17,19.0,3.4,2,62.3,58.0,85.2,6.5,7160732.0
5160,Bogotá,Manufactura,8.6,45.43,57.3,38,4.33,13.6,4.2,1,65.2,62.7,94.4,5.4,12526509.0
5161,Otras,Construcción,10.4,53.92,56.8,15,3.75,21.3,5.9,1,58.1,44.9,39.6,6.2,7559030.0
5162,Bogotá,Hoteles,11.2,13.3,56.1,2,3.13,30.2,11.9,1,64.0,60.7,16.4,6.3,6647046.0
5163,Pereira,Transporte,5.1,14.02,65.9,10,3.2,19.0,-0.4,3,77.6,63.3,45.4,7.8,9494431.0
5164,Medellín,Salud,9.0,15.14,73.8,24,4.71,17.0,9.5,1,66.5,79.1,9.0,6.9,12681805.0
5165,Cali,Salud,9.0,9.34,58.7,67,4.23,15.8,8.2,0,62.2,60.7,90.3,6.4,16940778.0
5166,Cali,Financiero,9.6,29.24,69.7,3,5.46,6.0,6.6,3,72.9,73.7,93.4,7.4,9540763.0
5167,Bucaramanga,Hoteles,8.3,30.24,49.4,29,3.35,26.4,-5.2,0,63.6,59.9,3.5,6.4,8793702.0
5168,Medellín,Salud,14.9,9.81,57.8,8,4.3,16.4,2.3,1,66.6,64.6,53.5,6.6,7796646.0
5169,Bogotá,Comercio,17.3,60.78,52.9,6,3.64,33.8,3.9,0,58.3,65.8,77.4,6.6,6107195.0
5170,Bogotá,Comercio,2.8,61.48,57.4,39,3.57,27.0,10.0,0,63.5,78.8,77.5,5.7,11467701.0
5171,Cali,Comercio,8.9,79.2,52.2,35,2.91,27.8,6.6,1,72.3,72.1,58.4,5.6,10640978.0
5172,Cali,Agricultura,9.2,13.21,54.6,2,2.56,23.6,-3.5,2,57.0,57.6,35.1,5.1,6206404.0
5173,Pereira,Comercio,7.0,78.92,53.3,7,3.36,24.2,11.9,1,64.1,56.7,3.5,6.9,7368410.0
5174,Barranquilla,Comercio,3.9,22.77,38.5,11,3.01,27.8,11.7,1,52.9,46.9,11.1,5.9,5949816.0
5175,Bogotá,Financiero,7.5,26.9,82.1,24,4.72,17.7,5.0,0,70.3,82.6,28.5,6.5,12853968.0
5176,Cali,Manufactura,2.7,23.2,64.1,37,4.58,21.8,0.9,1,67.7,61.5,77.0,6.8,13808078.0
5177,Barranquilla,Agricultura,8.8,2.4,46.6,26,2.62,22.4,4.4,4,60.6,59.5,84.3,6.6,8848201.0
5178,Medellín,Información,6.5,43.92,65.3,16,5.05,6.3,13.8,1,63.6,67.3,55.2,7.4,10459854.0
5179,Bogotá,Salud,2.7,75.22,69.6,43,4.11,18.5,7.8,2,64.4,75.7,67.2,7.6,15194568.0
5180,Medellín,Manufactura,8.0,65.39,67.9,35,4.19,22.8,-0.6,0,67.0,76.2,64.5,6.0,12947728.0
5181,Manizales,Agricultura,10.7,32.74,38.6,10,2.78,22.9,1.2,2,51.5,51.4,23.5,7.4,5633181.0
5182,Medellín,Comercio,5.8,76.75,65.1,3,3.05,37.5,0.2,0,64.5,59.2,58.9,6.6,8187651.0
5183,Medellín,Manufactura,4.8,20.3,59.5,34,3.74,19.7,0.2,0,59.3,67.5,89.9,6.5,11138870.0
5184,Pereira,Construcción,8.0,77.73,56.2,1,3.92,27.0,3.0,2,60.1,60.0,96.2,6.9,6435989.0
5185,Otras,Construcción,19.4,78.75,48.4,54,2.61,23.0,3.9,0,50.5,35.3,63.7,6.7,10106537.0
5186,Barranquilla,Financiero,2.8,9.76,67.8,1,4.06,13.9,3.7,2,65.4,57.6,30.5,5.7,7657080.0
5187,Bogotá,Manufactura,6.1,4.71,75.4,12,3.9,15.2,15.0,0,75.2,82.0,99.2,5.5,10850838.0
5188,Medellín,Comercio,2.2,68.15,56.1,8,3.55,30.7,2.0,0,61.1,71.0,31.1,5.6,6684232.0
5189,Manizales,Energía,35.0,78.22,76.1,75,5.2,9.7,2.3,1,79.5,61.7,5.8,5.0,24064232.0
5190,Medellín,Comercio,12.0,4.52,51.0,22,3.78,22.0,5.4,2,57.3,67.5,62.2,6.9,9596828.0
5191,Bogotá,Comercio,53.5,69.47,65.4,19,4.05,23.7,6.1,2,80.7,68.8,25.7,6.9,12321367.0
5192,Medellín,Información,20.9,64.33,73.4,15,5.58,0.0,4.5,2,81.7,77.9,46.6,7.0,13211657.0
5193,Bogotá,Transporte,11.3,41.53,64.3,27,4.04,37.3,-0.2,2,60.7,71.6,63.3,5.9,10453118.0
5194,Cali,Construcción,9.7,3.69,57.4,12,4.81,21.0,10.1,0,74.3,78.7,17.8,5.2,9280734.0
5195,Bogotá,Información,52.5,63.36,64.8,10,5.32,11.2,6.3,0,80.8,77.2,28.1,7.1,10276058.0
5196,Barranquilla,Transporte,20.8,59.0,51.3,29,3.51,25.2,7.0,0,56.0,57.8,76.5,6.7,9436887.0
5197,Bogotá,Profesionales,23.5,69.86,71.8,10,5.59,6.5,-0.0,2,69.4,72.4,57.0,5.9,10547057.0
5198,Medellín,Transporte,27.8,21.84,56.1,25,3.95,25.5,17.1,2,73.2,70.2,26.3,7.3,12254124.0
5199,Bogotá,Comercio,11.1,10.91,65.7,15,3.65,28.1,6.5,3,69.6,69.1,61.2,6.6,10220198.0
5200,Pereira,Manufactura,1.7,13.88,59.2,24,4.01,13.1,14.1,2,54.0,57.2,56.0,6.6,10456533.0
5201,Manizales,Profesionales,11.5,75.8,60.1,14,4.44,11.1,8.8,1,72.3,66.2,50.7,7.2,10113776.0
5202,Cali,Comercio,12.1,63.85,57.5,26,2.95,32.3,6.1,0,64.8,63.7,79.3,5.0,8976591.0
5203,Bogotá,Manufactura,4.1,70.63,67.5,32,4.82,20.3,7.0,4,55.6,79.4,82.8,7.6,14581847.0
5204,Bucaramanga,Manufactura,6.1,72.87,68.2,125,4.53,17.9,6.6,3,67.4,67.8,48.8,6.3,30446378.0
5205,Cali,Manufactura,9.6,69.92,46.7,5,4.01,13.6,10.3,2,61.7,49.0,86.9,6.3,6250737.0
5206,Pereira,Transporte,1.0,61.78,51.8,47,3.98,30.2,0.9,2,66.2,68.6,82.6,6.9,13316032.0
5207,Barranquilla,Construcción,38.8,37.83,44.3,3,2.94,22.1,-1.1,1,71.1,55.3,68.6,5.6,7705779.0
5208,Cali,Transporte,8.9,43.9,53.5,15,4.16,14.2,1.7,2,47.4,57.8,46.9,6.7,8168666.0
5209,Cali,Financiero,25.7,9.31,66.4,35,5.23,19.1,10.4,2,64.9,59.7,60.7,6.8,15473760.0
5210,Bogotá,Manufactura,14.3,67.12,67.0,9,4.6,15.6,0.1,1,75.7,72.4,92.4,7.3,9501208.0
5211,Bucaramanga,Comercio,8.9,71.23,60.4,16,3.01,25.8,11.6,3,68.4,56.8,34.9,6.8,9576344.0
5212,Bogotá,Construcción,18.9,12.52,42.8,19,4.19,19.9,9.4,0,57.2,60.8,24.0,6.2,8685284.0
5213,Medellín,Salud,5.0,19.48,64.1,4,2.86,11.6,16.8,1,68.8,69.3,83.4,5.8,8080962.0
5214,Medellín,Salud,13.3,20.78,65.1,14,4.57,19.3,-5.7,2,77.2,76.0,31.4,6.2,10075372.0
5215,Cali,Salud,8.4,62.72,69.5,7,3.98,7.3,12.2,2,65.6,72.2,36.9,7.4,9735978.0
5216,Bogotá,Comercio,60.0,62.98,55.4,29,3.77,20.5,6.8,2,88.0,74.9,25.5,7.4,13649208.0
5217,Bogotá,Manufactura,21.4,23.32,77.7,10,5.09,18.0,12.3,0,71.8,71.6,53.2,6.7,11008758.0
5218,Barranquilla,Agricultura,3.7,53.65,49.0,19,3.22,28.9,6.8,1,57.8,55.4,47.6,6.9,7801368.0
5219,Cali,Información,21.6,18.98,61.3,29,4.55,15.0,-2.1,1,66.6,60.3,38.4,6.3,17049597.0
5220,Medellín,Comercio,5.7,77.38,61.5,3,3.45,29.4,2.5,1,73.4,63.2,57.1,8.4,7240466.0
5221,Bogotá,Transporte,10.7,53.4,73.3,3,4.82,21.4,7.5,2,74.4,66.7,25.4,6.8,9042265.0
5222,Pereira,Manufactura,24.2,10.44,50.9,14,4.04,16.5,10.5,0,67.3,53.5,14.7,5.9,8382347.0
5223,Cali,Agricultura,32.1,44.42,29.1,4,2.6,14.5,-2.0,1,59.2,60.2,86.1,5.2,4398551.0
5224,Bogotá,Salud,8.2,1.57,73.2,14,4.44,19.1,3.7,1,68.5,84.5,35.9,6.5,10239181.0
5225,Medellín,Construcción,29.9,50.71,45.5,26,3.53,21.5,0.8,4,59.9,53.4,69.5,7.8,9202721.0
5226,Barranquilla,Información,7.5,46.88,61.7,64,3.96,15.7,10.6,3,71.1,59.7,35.3,7.2,18431688.0
5227,Bogotá,Profesionales,7.3,58.44,64.2,6,4.86,11.7,0.3,2,68.9,73.6,73.9,8.2,8741590.0
5228,Bogotá,Transporte,20.3,74.56,53.3,23,2.93,22.6,7.4,0,69.6,57.2,46.8,6.2,9256630.0
5229,Cali,Construcción,13.9,66.5,66.4,11,3.48,20.0,11.0,0,69.7,59.9,45.3,7.0,8868380.0
5230,Medellín,Comercio,20.1,59.8,61.9,6,4.11,20.3,-4.6,1,63.7,64.7,52.2,6.9,6937250.0
5231,Bogotá,Información,9.7,16.39,79.8,15,5.27,18.7,8.8,1,76.9,80.5,93.4,6.2,12279793.0
5232,Bucaramanga,Información,4.5,1.42,81.3,21,4.91,17.6,-1.0,2,72.4,65.6,95.7,5.7,12874695.0
5233,Bucaramanga,Información,25.9,33.49,66.5,20,5.14,13.1,10.6,2,70.5,65.3,77.5,6.7,12268718.0
5234,Bogotá,Comercio,37.2,56.03,67.4,16,3.57,26.8,2.8,2,68.1,75.1,71.9,6.6,9973866.0
5235,Otras,Comercio,5.5,31.33,68.1,4,4.14,23.3,3.1,1,64.6,48.7,18.4,5.6,7128098.0
5236,Bogotá,Profesionales,23.0,25.46,74.0,9,4.94,11.6,0.2,1,77.1,77.2,30.2,8.1,9927839.0
5237,Bucaramanga,Hoteles,18.4,60.08,55.1,3,3.19,29.7,3.9,0,62.0,59.6,45.7,6.7,5965973.0
5238,Bogotá,Salud,3.1,72.34,49.6,24,4.26,24.2,6.0,2,63.4,47.0,22.0,7.6,9583606.0
5239,Bogotá,Comercio,8.7,2.35,58.5,18,2.82,40.2,2.8,1,69.4,66.8,97.2,7.3,8327923.0
5240,Pereira,Salud,3.9,1.4,49.4,10,3.35,10.4,9.3,0,54.1,62.2,12.1,5.5,6467806.0
5241,Bogotá,Minas,10.2,23.34,77.0,18,5.44,22.7,-2.0,0,78.6,78.9,90.5,6.3,11903113.0
5242,Cali,Comercio,22.3,79.26,53.0,60,2.55,25.9,13.4,1,60.3,57.1,82.6,6.2,12431529.0
5243,Pereira,Hoteles,3.4,24.33,57.6,10,2.96,29.6,12.9,2,58.1,65.7,45.5,6.8,7850240.0
5244,Bogotá,Hoteles,14.5,31.29,62.9,11,2.52,18.7,8.2,2,77.4,67.4,94.1,6.5,8974883.0
5245,Bogotá,Profesionales,5.7,4.14,78.9,65,4.76,19.8,9.2,2,70.8,78.5,3.1,7.1,21165763.0
5246,Manizales,Profesionales,15.1,70.88,72.6,38,4.47,9.5,9.7,0,72.0,68.7,68.6,5.7,15247115.0
5247,Cartagena,Información,6.0,73.72,63.2,15,4.84,17.6,8.0,0,70.5,69.8,13.6,4.8,9786220.0
5248,Medellín,Hoteles,17.5,33.58,42.6,14,3.21,20.5,9.2,1,63.7,59.8,66.6,7.0,7407458.0
5249,Bogotá,Comercio,15.0,53.39,61.5,19,4.22,33.2,1.5,1,65.8,73.3,44.7,7.5,9595773.0
5250,Cali,Financiero,9.0,15.76,72.8,3,4.45,8.5,6.5,1,63.8,73.1,43.2,6.8,8306685.0
5251,Cartagena,Construcción,4.4,18.62,51.8,18,2.96,25.1,-1.9,1,51.2,58.5,13.8,6.8,6924491.0
5252,Manizales,Manufactura,12.5,36.34,75.2,41,4.1,14.0,12.1,2,79.5,65.8,15.5,6.6,15834366.0
5253,Bogotá,Información,10.4,34.54,77.9,11,4.76,17.3,5.7,1,69.8,73.3,16.9,6.8,10742538.0
5254,Cali,Construcción,9.8,75.72,52.3,7,3.35,23.4,5.6,3,66.4,57.7,48.3,8.1,7295035.0
5255,Bogotá,Profesionales,22.8,6.42,80.8,14,4.62,14.7,10.4,2,84.5,79.5,75.7,5.5,13319811.0
5256,Bogotá,Profesionales,7.4,68.99,79.2,15,4.44,20.9,10.5,1,64.7,69.2,30.4,6.3,10886164.0
5257,Bucaramanga,Comercio,7.1,56.57,44.3,26,3.38,31.8,0.2,0,54.3,59.4,57.2,4.7,7617270.0
5258,Cali,Hoteles,10.1,74.42,43.6,15,3.53,30.0,-2.3,0,61.0,51.7,87.0,5.9,6192372.0
5259,Pereira,Profesionales,5.7,27.37,53.6,17,4.21,10.4,17.4,1,62.3,63.6,7.2,6.2,13464092.0
5260,Cali,Comercio,13.7,8.48,49.5,5,4.62,33.3,9.8,2,70.9,61.2,40.0,6.4,7610578.0
5261,Medellín,Agricultura,6.8,68.49,59.3,3,4.04,24.7,3.4,0,68.0,60.0,29.5,6.2,6239210.0
5262,Cali,Minas,3.2,35.18,72.3,6,5.43,16.1,-2.2,1,82.6,66.1,4.4,7.4,9526713.0
5263,Cali,Información,12.8,10.79,55.2,13,4.49,14.0,3.1,1,58.7,58.2,65.6,6.2,8304577.0
5264,Bucaramanga,Comercio,7.9,4.58,47.8,2,3.4,35.0,5.2,0,54.6,63.3,60.4,6.0,4988022.0
5265,Pereira,Información,18.9,76.71,77.5,12,4.6,6.0,10.6,1,71.8,62.3,96.9,6.5,11058852.0
5266,Bogotá,Comercio,8.2,18.83,49.1,5,3.53,25.5,-5.5,3,65.1,60.9,14.6,7.3,6809581.0
5267,Cali,Manufactura,3.3,66.8,48.9,16,3.85,16.1,2.6,1,54.7,67.3,43.0,5.8,7749537.0
5268,Bogotá,Transporte,2.3,5.2,58.6,10,4.96,16.4,-4.4,0,56.1,72.1,75.2,7.4,7320046.0
5269,Bogotá,Construcción,14.3,37.54,64.5,19,4.92,23.4,-3.4,1,70.5,71.2,61.2,6.3,10423788.0
5270,Bogotá,Minas,16.1,71.59,66.6,15,5.31,13.6,8.4,2,69.2,77.2,4.5,6.0,11222913.0
5271,Barranquilla,Información,23.9,37.79,66.3,50,4.43,8.0,11.0,4,74.5,76.4,19.1,7.8,18228050.0
5272,Medellín,Comercio,38.1,23.42,49.9,4,3.62,15.8,14.8,0,67.2,55.3,1.3,6.9,7973245.0
5273,Bogotá,Energía,13.2,36.12,94.8,16,6.02,10.8,3.8,0,93.2,80.2,76.4,6.0,20386522.0
5274,Bogotá,Manufactura,11.0,15.35,55.4,90,3.88,22.2,9.2,3,58.3,62.4,94.0,7.0,20391589.0
5275,Bogotá,Agricultura,8.6,21.06,43.2,5,2.88,34.0,23.0,1,61.2,73.0,46.3,5.7,6216075.0
5276,Cali,Construcción,12.0,36.75,51.2,6,3.89,23.7,-0.6,2,60.9,61.5,91.9,6.3,6867111.0
5277,Bogotá,Comercio,6.2,45.22,64.8,15,3.91,23.4,3.6,2,75.2,59.3,20.6,6.3,9498295.0
5278,Cali,Manufactura,14.9,8.34,66.7,53,4.22,14.7,7.8,0,82.4,62.3,35.3,6.0,16901165.0
5279,Bogotá,Información,27.0,16.13,78.4,18,4.89,12.2,3.1,0,71.7,86.6,92.4,7.1,12345622.0
5280,Pereira,Manufactura,1.8,16.55,66.4,11,4.36,23.8,8.4,2,74.4,59.7,23.4,7.2,9651754.0
5281,Bogotá,Profesionales,12.0,9.02,68.3,9,5.25,17.0,3.0,0,65.3,68.2,32.8,5.2,8591304.0
5282,Otras,Hoteles,2.7,23.53,39.7,17,3.22,36.3,-3.6,2,49.8,50.5,88.6,6.7,6369941.0
5283,Bogotá,Comercio,32.1,4.94,76.1,72,4.07,19.2,20.6,3,89.0,74.7,25.2,7.3,23804796.0
5284,Bucaramanga,Manufactura,17.3,32.46,50.9,2,3.91,15.4,9.5,1,56.6,71.7,87.9,7.8,6312730.0
5285,Bogotá,Transporte,8.0,44.78,57.6,17,4.63,19.2,11.3,5,67.2,64.1,26.1,8.5,11031727.0
5286,Medellín,Agricultura,13.1,7.23,42.7,16,2.61,19.2,16.9,0,56.1,58.1,12.5,5.2,7083807.0
5287,Bogotá,Construcción,53.7,75.04,57.6,30,4.17,14.0,1.8,1,76.9,68.7,89.4,6.5,12398560.0
5288,Medellín,Manufactura,10.8,7.77,67.4,13,3.02,18.3,-1.4,1,68.8,76.9,98.3,6.1,9322977.0
5289,Manizales,Manufactura,6.7,79.41,42.8,78,3.61,23.4,11.0,1,63.5,57.4,28.6,5.8,16925678.0
5290,Bogotá,Transporte,28.4,6.84,52.5,7,3.35,14.4,6.6,3,69.3,55.1,80.2,7.3,8029297.0
5291,Cali,Transporte,2.5,20.95,53.3,13,3.48,21.1,12.4,1,63.3,50.9,88.2,6.4,7421203.0
5292,Bucaramanga,Energía,35.0,45.71,76.2,17,4.77,1.9,0.3,1,81.8,79.7,58.1,5.0,12033136.0
5293,Bucaramanga,Información,12.4,4.21,67.6,20,4.95,19.8,7.8,2,65.2,61.8,9.6,6.4,11700702.0
5294,Barranquilla,Comercio,6.5,64.44,45.0,16,3.74,27.4,2.6,1,55.8,44.5,26.7,5.7,6899617.0
5295,Bogotá,Financiero,8.1,29.76,58.5,7,6.46,11.9,10.6,2,71.8,66.2,0.5,6.7,9261771.0
5296,Manizales,Manufactura,3.6,71.22,69.5,8,4.43,28.3,11.3,1,68.2,65.0,91.1,6.6,8773094.0
5297,Bogotá,Comercio,4.1,52.57,65.5,5,3.63,18.8,11.5,3,64.9,73.7,2.0,6.9,8852532.0
5298,Cartagena,Información,4.0,76.21,69.0,18,5.51,25.9,4.0,2,65.0,68.2,34.2,8.4,11317041.0
5299,Bogotá,Comercio,24.2,61.47,60.3,6,3.93,21.1,6.7,1,70.3,68.9,87.2,6.3,8380695.0
5300,Cali,Hoteles,4.3,70.44,37.5,37,3.13,36.1,3.7,0,41.6,59.9,40.8,7.1,7759169.0
5301,Medellín,Manufactura,5.2,21.43,69.9,47,4.5,22.9,12.4,1,68.1,69.1,97.9,6.3,24511258.0
5302,Otras,Información,8.5,32.86,53.6,11,3.65,20.7,2.6,1,54.9,50.0,96.5,6.5,7353479.0
5303,Bogotá,Financiero,17.6,44.39,74.9,18,5.73,4.9,6.3,3,77.5,83.8,35.3,6.5,14371503.0
5304,Cartagena,Manufactura,6.0,62.83,52.6,98,3.22,20.2,9.1,1,60.6,67.1,16.7,6.4,19368629.0
5305,Cali,Minas,19.2,70.54,73.5,117,4.39,10.8,8.5,3,74.4,64.6,95.9,7.1,29853019.0
5306,Otras,Agricultura,5.7,60.75,33.3,4,2.9,26.1,13.7,0,47.5,39.6,82.5,5.7,4141674.0
5307,Medellín,Manufactura,9.4,21.49,74.1,7,5.09,18.2,7.8,0,60.1,74.2,3.3,6.2,8640484.0
5308,Barranquilla,Comercio,2.6,67.49,69.8,33,3.65,29.5,6.2,0,65.0,63.8,80.0,4.8,11084193.0
5309,Cali,Comercio,11.8,73.47,66.2,40,4.04,27.3,4.9,1,81.1,61.2,79.5,6.6,13734482.0
5310,Bucaramanga,Financiero,18.8,62.37,68.1,42,4.86,12.4,20.9,2,67.4,62.6,50.0,6.8,16720725.0
5311,Barranquilla,Financiero,13.6,40.04,71.0,17,4.83,6.6,10.7,1,61.1,51.7,39.8,6.3,10704173.0
5312,Manizales,Comercio,24.7,78.59,52.3,11,3.29,21.8,0.8,0,69.7,49.7,80.1,6.5,6885207.0
5313,Medellín,Comercio,9.3,28.64,69.3,23,4.37,30.5,11.1,3,80.8,64.0,93.8,6.6,12678603.0
5314,Medellín,Comercio,9.3,65.01,52.3,27,3.47,27.0,6.5,2,53.7,76.2,81.5,6.4,9056190.0
5315,Manizales,Comercio,10.7,15.41,41.2,17,3.12,34.5,18.7,1,56.7,58.7,92.4,7.0,7553068.0
5316,Manizales,Construcción,13.4,47.83,50.3,2,3.47,15.2,7.2,2,59.5,65.9,16.7,7.0,6711840.0
5317,Bucaramanga,Comercio,7.0,41.27,60.8,15,2.8,24.2,10.8,2,55.2,56.6,6.2,6.3,7861875.0
5318,Bogotá,Profesionales,4.0,57.73,71.6,1,4.85,15.1,13.9,1,72.2,83.8,68.7,6.4,8943758.0
5319,Cali,Comercio,12.0,23.42,50.2,19,3.92,24.0,2.8,1,60.9,52.5,7.3,5.7,8291168.0
5320,Barranquilla,Salud,8.7,12.15,56.5,28,4.18,20.8,12.2,1,49.1,56.4,43.5,5.2,10608954.0
5321,Medellín,Comercio,8.4,28.26,54.4,11,3.35,17.5,3.3,2,62.2,71.9,83.4,7.2,8036635.0
5322,Medellín,Información,8.9,77.31,77.7,3,5.19,15.9,13.3,0,72.9,84.6,20.1,5.9,9508651.0
5323,Cali,Manufactura,8.1,34.31,69.4,25,3.99,19.8,-0.4,2,62.4,68.0,84.6,6.2,11561271.0
5324,Cali,Transporte,22.4,30.66,53.4,2,3.9,22.1,18.1,1,72.6,60.2,49.1,6.1,8049191.0
5325,Bogotá,Manufactura,13.0,55.64,67.4,50,4.83,24.1,13.4,3,68.9,67.3,37.8,6.3,17938367.0
5326,Bogotá,Salud,12.6,36.71,59.3,4,4.69,17.7,11.8,0,67.5,77.3,1.3,5.8,7817948.0
5327,Cartagena,Hoteles,20.2,67.68,43.7,93,3.0,20.9,0.1,2,62.5,49.3,7.5,6.6,16454587.0
5328,Bucaramanga,Hoteles,11.4,11.56,37.8,21,1.83,28.8,13.1,1,69.5,55.5,90.6,7.7,10508580.0
5329,Manizales,Minas,25.1,57.87,59.9,10,4.39,15.1,9.2,1,66.0,56.2,66.1,7.1,8869544.0
5330,Medellín,Comercio,2.7,66.17,40.5,7,3.37,19.7,-4.1,1,46.2,59.5,55.8,6.2,4850463.0
5331,Medellín,Profesionales,9.3,14.54,77.6,61,4.87,14.4,3.5,3,72.7,79.0,49.9,6.3,21568339.0
5332,Bucaramanga,Minas,17.7,10.04,74.9,17,4.03,13.6,10.8,2,65.5,65.9,53.9,6.4,11084575.0
5333,Cali,Comercio,8.1,68.66,71.4,10,4.64,23.1,2.5,3,66.9,66.5,47.2,8.5,9557543.0
5334,Medellín,Energía,20.6,11.13,85.4,11,6.13,0.7,-0.2,0,70.3,71.8,10.1,6.6,11560530.0
5335,Bogotá,Transporte,11.8,79.42,59.6,14,3.9,16.3,8.2,0,63.2,60.7,8.6,6.3,8931674.0
5336,Medellín,Comercio,9.3,33.29,51.2,20,3.92,26.1,6.9,1,59.6,63.5,69.8,7.0,9056717.0
5337,Bucaramanga,Salud,8.6,15.77,68.6,35,3.93,5.5,-0.6,0,69.0,68.3,3.9,6.6,11931290.0
5338,Pereira,Comercio,26.7,53.32,64.8,5,3.42,30.0,-3.3,0,65.2,62.2,5.0,5.7,6479169.0
5339,Cali,Comercio,22.5,73.57,46.5,3,3.67,23.0,6.5,2,65.0,54.1,79.4,5.7,6400225.0
5340,Medellín,Financiero,3.9,41.83,75.1,15,5.05,1.0,5.5,1,65.3,73.9,79.6,7.1,10842713.0
5341,Medellín,Construcción,14.6,56.94,53.6,6,3.73,16.9,1.0,2,60.8,68.1,43.1,5.2,7430200.0
5342,Cali,Comercio,7.6,78.72,69.8,26,4.1,28.7,9.8,1,70.0,76.7,78.7,6.5,12166288.0
5343,Pereira,Comercio,10.0,10.74,52.5,9,3.31,15.7,7.5,2,66.3,62.2,76.6,7.8,7982403.0
5344,Cali,Transporte,60.0,5.04,60.9,18,3.76,20.6,-5.4,1,78.2,66.9,29.7,6.4,9366285.0
5345,Medellín,Transporte,15.6,71.7,56.9,7,3.79,16.9,8.8,0,65.9,58.8,40.2,7.1,9872912.0
5346,Cali,Información,6.0,73.7,69.1,3,5.22,22.9,5.2,0,66.3,61.7,71.0,4.9,7379890.0
5347,Bogotá,Transporte,7.8,22.38,48.0,10,3.75,24.6,14.5,2,58.6,54.2,27.7,7.1,7701188.0
5348,Bogotá,Hoteles,7.1,56.33,52.4,17,3.04,27.7,-0.6,0,59.0,66.2,82.1,6.0,7485288.0
5349,Medellín,Agricultura,6.8,26.94,57.8,16,2.9,35.9,0.9,3,60.7,72.0,58.6,7.6,8218845.0
5350,Bogotá,Financiero,9.7,38.75,83.5,2,6.07,3.2,-2.8,3,77.2,68.9,21.1,6.3,12668023.0
5351,Bogotá,Manufactura,7.6,38.23,83.0,9,4.7,15.1,7.0,1,68.1,83.0,80.5,5.6,10385748.0
5352,Otras,Construcción,26.5,23.2,47.9,23,3.26,21.1,9.7,1,58.8,52.3,50.3,6.7,8983353.0
5353,Otras,Profesionales,9.4,78.26,65.7,32,4.84,6.7,-4.1,1,66.2,54.6,14.5,6.6,12782315.0
5354,Bogotá,Hoteles,7.0,46.84,70.7,8,4.09,24.0,5.5,3,75.7,68.8,48.0,6.2,9718414.0
5355,Barranquilla,Comercio,13.3,2.21,57.0,36,3.91,32.1,7.0,4,62.1,57.5,8.0,6.7,12412151.0
5356,Bogotá,Comercio,10.4,75.55,68.2,2,4.31,27.4,14.6,1,70.1,73.9,32.7,6.5,8090272.0
5357,Pereira,Comercio,9.5,66.04,56.5,17,2.9,20.2,11.3,3,65.5,59.7,57.6,7.3,9172727.0
5358,Bogotá,Profesionales,17.8,5.18,68.9,27,4.11,14.8,4.7,1,63.1,81.6,47.2,6.5,11817465.0
5359,Bogotá,Comercio,10.2,64.36,60.4,5,3.87,24.2,3.4,0,62.5,72.3,28.1,5.3,7501549.0
5360,Cali,Agricultura,55.9,51.85,44.7,10,2.86,19.5,6.8,0,72.3,61.3,93.0,5.3,7816112.0
5361,Bogotá,Información,7.1,58.7,75.2,40,5.68,17.2,6.7,2,69.8,76.3,10.1,6.6,17506393.0
5362,Bogotá,Agricultura,26.4,21.74,66.3,5,2.71,10.4,13.5,2,67.8,69.6,40.1,5.7,9282186.0
5363,Bogotá,Información,25.5,60.16,73.5,92,5.68,9.4,-4.6,1,79.8,74.7,25.5,6.2,29474787.0
5364,Medellín,Comercio,5.3,44.64,62.5,14,3.83,27.5,9.9,0,59.5,72.2,95.1,5.7,8219635.0
5365,Bogotá,Energía,5.5,23.15,76.3,54,4.8,0.0,2.5,0,70.1,73.1,38.7,5.8,18650290.0
5366,Bogotá,Transporte,14.7,30.48,29.8,12,3.65,21.8,13.4,3,45.7,48.4,52.0,6.9,6252816.0
5367,Bucaramanga,Agricultura,28.5,21.27,63.7,25,3.32,19.4,-0.3,0,68.7,63.9,2.1,5.7,10334842.0
5368,Pereira,Construcción,9.9,15.95,66.4,17,3.81,11.6,1.3,2,60.5,67.9,33.5,5.5,9539645.0
5369,Bogotá,Profesionales,8.3,24.67,66.7,37,5.54,14.5,0.0,0,64.8,79.9,77.7,5.4,14842769.0
5370,Bogotá,Manufactura,30.3,47.18,64.8,39,5.16,7.0,-1.5,1,71.5,73.8,15.8,6.6,15383898.0
5371,Medellín,Manufactura,7.4,23.68,77.6,10,5.14,19.9,-9.4,3,63.8,82.2,23.6,7.4,10329773.0
5372,Barranquilla,Manufactura,8.3,72.61,67.4,40,3.39,25.6,1.3,1,68.2,70.6,1.4,7.8,12258295.0
5373,Medellín,Agricultura,4.2,67.2,35.1,2,2.46,28.9,12.5,3,52.4,64.8,0.5,6.0,5310937.0
5374,Manizales,Hoteles,6.4,70.99,35.0,22,3.1,30.3,2.0,0,49.4,45.3,10.4,7.5,6143909.0
5375,Bucaramanga,Construcción,14.5,21.02,59.0,3,4.16,14.9,-1.2,3,47.2,74.5,60.5,5.4,6764304.0
5376,Pereira,Agricultura,6.5,50.61,56.3,17,2.41,25.8,11.0,2,72.9,71.6,69.1,6.3,9265050.0
5377,Bucaramanga,Manufactura,15.6,32.31,58.6,67,4.38,16.1,6.4,0,56.7,58.2,18.8,6.4,17746536.0
5378,Medellín,Comercio,23.8,1.82,60.2,6,4.44,13.7,9.4,0,71.4,61.4,11.0,6.4,8170623.0
5379,Bogotá,Hoteles,12.0,68.45,74.9,1,3.33,33.0,9.7,1,65.6,74.3,37.5,5.4,12344375.0
5380,Bogotá,Comercio,4.7,71.63,48.3,5,3.44,16.7,5.2,1,53.3,79.7,54.8,5.7,6240907.0
5381,Medellín,Información,7.3,48.88,71.4,11,5.65,14.4,4.2,0,67.2,69.0,66.9,5.6,9600268.0
5382,Bogotá,Manufactura,11.7,3.53,77.2,38,4.19,18.9,9.0,1,76.1,73.5,79.3,6.1,15330932.0
5383,Bogotá,Manufactura,4.6,4.23,65.4,23,4.73,14.4,1.0,1,69.9,68.7,21.2,5.4,11702507.0
5384,Bogotá,Profesionales,4.8,47.7,69.4,14,4.32,9.0,1.7,1,74.2,77.7,80.0,6.1,10595989.0
5385,Medellín,Comercio,12.7,49.43,54.1,9,3.71,27.2,7.8,2,62.1,67.4,14.8,6.3,7550422.0
5386,Cali,Financiero,5.8,45.88,67.6,7,4.64,5.1,7.3,0,58.0,63.8,91.1,7.0,7878828.0
5387,Medellín,Transporte,10.4,6.66,54.1,24,4.26,18.8,-3.6,0,55.2,72.4,53.0,5.3,9462351.0
5388,Cali,Comercio,9.8,48.38,53.6,24,3.1,19.7,-1.7,0,59.2,60.3,12.9,6.1,8208722.0
5389,Cartagena,Hoteles,15.9,56.83,57.3,8,3.47,26.6,5.1,1,65.3,66.2,75.0,4.6,7690206.0
5390,Cali,Comercio,2.4,34.39,57.8,6,4.19,34.7,3.5,3,58.5,61.6,6.6,7.0,7267887.0
5391,Bogotá,Comercio,4.9,20.59,56.6,12,4.36,20.3,6.1,1,59.1,67.1,61.5,5.1,7963238.0
5392,Bogotá,Manufactura,1.7,13.7,66.3,20,5.25,16.0,-0.6,1,62.7,75.6,16.4,5.8,11254392.0
5393,Bogotá,Financiero,31.2,59.7,95.0,13,5.34,7.1,8.2,0,86.4,79.1,67.9,6.9,13878399.0
5394,Barranquilla,Comercio,27.7,60.71,48.3,4,3.33,18.3,4.4,5,76.6,65.9,44.3,7.4,8511261.0
5395,Medellín,Información,5.2,21.25,78.2,19,4.77,7.9,0.0,2,70.7,62.8,80.4,6.8,12319013.0
5396,Cartagena,Hoteles,13.5,32.87,60.7,13,3.06,28.1,8.0,2,64.9,51.9,8.6,6.5,8458947.0
5397,Cali,Información,13.9,37.42,66.4,12,4.55,16.9,10.3,0,61.7,64.7,65.8,6.3,9095740.0
5398,Cali,Información,6.8,64.37,64.0,83,3.81,18.4,18.1,0,68.6,72.2,37.0,5.4,19778053.0
5399,Cali,Hoteles,15.3,31.39,62.6,6,3.22,24.8,11.6,1,67.2,68.8,76.1,6.4,8078205.0
5400,Bogotá,Comercio,17.6,11.07,58.1,23,4.29,26.3,-1.5,1,72.3,70.6,80.8,5.8,10546078.0
5401,Manizales,Transporte,3.8,8.71,56.1,44,3.01,27.4,2.0,0,49.3,66.9,95.1,6.5,10154398.0
5402,Medellín,Información,9.2,31.86,64.8,10,5.4,16.2,2.7,0,76.7,76.9,76.0,5.6,9851894.0
5403,Cartagena,Energía,10.0,27.0,84.2,12,5.3,16.9,4.6,1,84.4,66.5,56.6,6.4,12461987.0
5404,Bogotá,Hoteles,21.8,63.61,47.8,5,3.46,42.1,8.5,1,60.2,63.5,36.0,6.1,7291162.0
5405,Barranquilla,Construcción,4.6,21.95,42.9,27,4.33,25.8,1.9,0,47.2,52.3,77.1,5.7,7939583.0
5406,Bogotá,Transporte,11.8,7.42,62.0,22,3.73,13.7,-9.9,2,74.4,65.4,4.5,6.5,10137235.0
5407,Bogotá,Construcción,7.7,11.56,69.1,18,4.06,19.6,6.9,2,69.1,71.4,82.4,6.3,11176921.0
5408,Cali,Comercio,60.0,69.58,63.2,7,3.81,20.2,6.9,0,80.7,72.6,30.1,4.9,9606029.0
5409,Pereira,Comercio,39.0,46.18,65.7,30,3.56,22.4,4.8,0,77.0,53.4,49.8,6.5,11844332.0
5410,Bogotá,Energía,1.6,63.76,81.1,1,6.32,9.5,3.2,4,84.1,84.8,72.5,6.9,11189119.0
5411,Barranquilla,Manufactura,4.1,78.18,68.0,67,3.25,15.7,0.8,3,68.4,57.4,66.8,6.7,16493458.0
5412,Pereira,Manufactura,22.8,33.33,45.1,58,4.27,17.0,2.5,4,66.4,70.2,17.0,7.1,16962011.0
5413,Bucaramanga,Financiero,5.8,55.46,65.8,7,4.9,11.0,5.8,2,62.9,72.0,63.1,6.5,9082181.0
5414,Bucaramanga,Transporte,5.0,39.79,41.0,14,3.55,21.7,12.4,0,53.1,53.9,18.8,7.1,6583789.0
5415,Cali,Información,60.0,9.51,70.1,57,4.8,7.5,8.6,0,87.9,66.9,94.9,5.0,20407355.0
5416,Bogotá,Transporte,23.5,69.22,63.5,14,5.07,16.5,7.9,1,66.5,72.3,96.5,6.3,10782859.0
5417,Bogotá,Comercio,13.7,31.6,57.5,20,4.05,36.0,17.7,4,60.3,76.1,27.6,7.8,11426502.0
5418,Medellín,Comercio,28.2,42.81,49.7,9,3.61,24.0,7.9,0,66.1,70.1,8.6,6.2,7086410.0
5419,Medellín,Hoteles,8.4,13.17,53.8,12,3.2,37.4,8.5,1,76.2,70.6,65.0,6.3,8032858.0
5420,Medellín,Comercio,57.7,17.12,58.2,12,2.55,18.1,9.4,0,72.5,67.1,6.2,5.9,9165694.0
5421,Barranquilla,Construcción,8.2,1.44,44.5,47,3.98,8.9,8.4,1,60.3,49.6,47.5,7.8,12788397.0
5422,Medellín,Manufactura,19.3,7.97,48.5,8,4.29,22.9,4.9,2,67.8,66.2,27.8,6.8,7599400.0
5423,Bucaramanga,Agricultura,14.4,18.94,45.6,14,2.66,24.8,13.2,0,59.8,54.1,6.6,5.7,7089891.0
5424,Bogotá,Comercio,5.9,61.29,64.6,26,4.58,35.5,8.0,2,63.9,67.4,37.0,7.4,11299292.0
5425,Bucaramanga,Manufactura,12.9,39.7,55.5,119,4.86,28.4,10.5,4,72.0,57.4,36.2,8.6,30708077.0
5426,Bogotá,Agricultura,2.7,68.23,60.4,14,4.1,33.3,9.5,0,65.5,79.5,94.8,7.0,8394173.0
5427,Bucaramanga,Salud,19.0,42.58,65.6,10,4.29,17.4,12.2,3,71.9,65.1,63.5,5.7,10188166.0
5428,Cali,Comercio,5.5,16.73,53.0,27,3.21,33.8,-6.7,0,74.9,58.7,43.9,6.7,8997454.0
5429,Bogotá,Minas,13.7,40.21,73.4,3,6.53,7.6,2.3,0,68.8,71.2,66.5,6.2,8161425.0
5430,Bogotá,Financiero,15.2,23.0,62.6,8,5.17,12.2,-3.1,1,74.4,71.3,6.7,5.1,9094361.0
5431,Barranquilla,Información,2.1,20.44,80.5,2,5.14,19.3,-1.8,3,83.5,72.5,59.3,7.4,10230914.0
5432,Medellín,Información,3.8,61.54,67.0,20,4.88,16.5,2.9,1,64.9,68.6,92.6,7.3,10722729.0
5433,Bogotá,Comercio,7.6,17.31,72.0,6,3.31,36.0,-3.7,1,74.9,71.8,15.6,6.2,8384264.0
5434,Bogotá,Salud,27.2,15.92,70.0,64,4.97,14.0,7.5,1,66.2,69.9,19.0,5.5,21261566.0
5435,Bogotá,Hoteles,12.2,78.13,64.1,39,4.08,24.6,3.6,1,72.2,72.2,93.1,7.0,13356251.0
5436,Medellín,Construcción,14.4,56.19,65.9,24,3.56,21.8,5.3,1,66.6,73.2,88.0,7.3,11066223.0
5437,Medellín,Financiero,4.6,12.79,81.1,5,5.3,5.3,-3.6,1,67.9,80.9,3.8,6.8,10003589.0
5438,Bogotá,Comercio,4.2,29.46,65.4,4,4.9,25.3,7.8,0,69.0,80.2,2.9,6.7,7663126.0
5439,Cartagena,Agricultura,7.5,18.99,51.6,6,3.56,23.3,6.6,1,62.8,54.2,55.6,6.2,6227396.0
5440,Otras,Información,17.2,71.61,73.5,15,4.96,4.2,5.7,2,78.3,67.0,33.4,6.7,12009617.0
5441,Medellín,Manufactura,7.3,77.73,60.1,8,4.23,11.2,4.4,2,65.8,73.9,0.7,6.8,8827543.0
5442,Bogotá,Energía,11.2,28.28,70.8,11,4.71,11.9,1.5,3,61.3,75.1,17.2,6.1,10384760.0
5443,Bogotá,Construcción,12.8,8.45,47.3,26,3.82,25.9,-4.1,0,71.6,59.6,98.4,6.6,9648870.0
5444,Bogotá,Construcción,6.9,7.09,57.4,4,3.69,31.5,0.7,1,59.1,75.5,43.0,6.7,9095938.0
5445,Pereira,Información,17.2,17.39,62.2,7,3.64,11.8,9.8,4,67.2,58.3,66.7,8.0,9526073.0
5446,Bogotá,Transporte,13.8,45.36,77.1,33,4.08,29.4,3.8,1,83.5,72.6,30.3,6.6,14092226.0
5447,Bogotá,Comercio,19.8,58.1,57.0,13,3.77,15.5,7.2,0,75.1,62.6,53.9,7.0,9424759.0
5448,Manizales,Agricultura,32.1,15.05,49.1,6,4.16,17.0,9.4,1,70.6,66.8,89.4,5.5,8243369.0
5449,Bogotá,Comercio,5.1,49.77,50.1,30,2.87,20.4,-3.0,1,64.7,66.5,47.7,7.2,9207434.0
5450,Bucaramanga,Hoteles,10.5,67.65,48.6,18,3.23,25.5,4.0,0,59.7,54.3,62.7,6.7,7520739.0
5451,Otras,Manufactura,16.9,45.49,57.4,5,3.71,12.3,7.3,1,66.5,53.0,3.0,6.1,7311642.0
5452,Bogotá,Agricultura,24.2,22.99,43.3,5,2.75,18.9,4.4,0,56.9,64.3,53.6,6.4,5403308.0
5453,Cali,Agricultura,9.1,21.74,51.2,9,2.77,25.3,4.3,2,64.1,56.5,51.9,6.5,6921044.0
5454,Medellín,Transporte,15.5,44.38,56.2,15,2.78,18.3,3.4,0,64.0,68.0,81.9,6.9,7819460.0
5455,Bucaramanga,Financiero,16.0,63.24,70.4,14,4.69,7.2,7.4,1,73.5,75.2,62.3,6.3,11206960.0
5456,Bogotá,Profesionales,1.8,56.54,75.2,3,5.43,10.4,4.1,2,83.6,74.8,20.7,6.4,10193921.0
5457,Bogotá,Financiero,3.6,36.87,75.6,10,5.51,2.0,3.5,1,63.4,81.8,25.4,5.5,10744870.0
5458,Barranquilla,Comercio,15.8,30.38,50.2,5,3.71,31.9,5.2,1,55.6,65.2,12.4,6.4,6410654.0
5459,Medellín,Hoteles,8.1,33.66,51.5,69,2.86,38.2,10.4,4,60.2,61.4,23.0,7.8,14456765.0
5460,Bogotá,Hoteles,18.5,63.54,61.5,7,3.92,25.5,2.1,1,69.5,66.5,2.7,6.3,7922667.0
5461,Barranquilla,Transporte,5.9,4.7,60.8,6,3.23,24.7,-2.4,1,66.8,61.3,97.4,6.0,6827573.0
5462,Bogotá,Profesionales,17.7,77.39,74.7,2,4.55,13.0,5.8,0,77.7,79.4,71.2,5.4,9184944.0
5463,Pereira,Comercio,7.7,15.17,68.0,13,2.72,22.3,7.2,1,74.8,51.4,65.6,5.8,8907181.0
5464,Bogotá,Profesionales,16.8,31.48,66.3,12,5.17,14.9,3.0,0,69.6,76.5,14.6,5.7,9709468.0
5465,Medellín,Comercio,5.4,9.87,62.8,13,4.56,25.1,-1.5,0,58.3,54.9,19.5,5.2,7610631.0
5466,Barranquilla,Agricultura,9.2,29.15,40.9,13,3.97,24.5,0.8,1,60.0,50.3,56.5,7.1,6252768.0
5467,Cartagena,Hoteles,18.6,45.38,46.7,17,4.64,35.5,-3.6,4,72.1,54.1,4.7,7.5,9138516.0
5468,Pereira,Manufactura,5.3,31.64,50.0,13,4.04,20.1,-3.7,1,53.5,67.9,54.1,6.8,7196976.0
5469,Bogotá,Información,10.2,53.32,60.7,14,4.72,11.4,17.8,2,61.5,72.6,38.5,7.4,9964691.0
5470,Cali,Información,4.8,76.37,57.4,11,4.74,21.5,-1.1,0,60.7,57.3,73.1,7.6,7699280.0
5471,Barranquilla,Comercio,14.3,41.36,53.7,2,2.61,25.4,-1.3,2,64.7,56.0,12.0,8.0,6246675.0
5472,Cali,Salud,4.4,16.29,62.1,1,4.65,21.9,-4.7,2,67.9,58.0,24.2,6.9,6776821.0
5473,Cali,Hoteles,2.5,12.66,52.1,30,3.47,30.9,11.5,2,63.2,60.7,98.6,5.7,10356430.0
5474,Bogotá,Hoteles,9.3,53.33,59.3,11,3.76,30.1,-4.6,2,57.5,60.2,72.7,7.0,6915097.0
5475,Medellín,Construcción,9.4,9.33,61.4,33,4.09,30.3,2.5,1,63.6,68.0,21.3,6.9,11810063.0
5476,Medellín,Comercio,2.8,51.18,46.5,1,2.29,21.7,2.7,0,42.4,62.2,41.6,5.2,4102618.0
5477,Medellín,Comercio,16.8,0.78,50.7,20,3.18,32.4,8.0,2,61.7,78.8,78.4,6.0,9048992.0
5478,Medellín,Información,14.2,50.51,62.5,11,5.49,11.8,13.1,1,64.4,65.8,11.0,5.5,9604458.0
5479,Bogotá,Comercio,2.7,33.4,69.4,27,4.54,26.2,6.6,4,78.8,63.2,38.9,8.6,14093504.0
5480,Pereira,Profesionales,6.1,36.12,68.0,1,4.54,17.0,3.9,1,66.9,57.1,84.1,7.1,7423709.0
5481,Bogotá,Manufactura,7.8,23.69,65.8,5,3.82,24.2,11.6,1,65.1,67.6,29.1,7.6,7694424.0
5482,Medellín,Salud,5.9,4.05,73.4,13,5.2,18.1,5.5,0,62.5,76.1,87.3,6.7,9678461.0
5483,Pereira,Financiero,19.7,8.51,74.7,20,4.94,4.4,-2.5,1,79.2,58.3,18.7,5.5,12236570.0
5484,Bogotá,Transporte,12.6,17.38,49.0,8,3.53,23.5,7.0,2,64.3,59.9,80.2,7.9,6880518.0
5485,Manizales,Comercio,15.1,51.7,58.4,23,3.65,31.0,10.2,1,72.7,59.3,62.7,5.1,10433574.0
5486,Bogotá,Comercio,29.9,59.04,64.9,43,4.48,19.0,12.8,0,71.2,73.8,2.6,5.2,16096430.0
5487,Cali,Comercio,16.1,23.8,60.1,9,3.6,26.6,3.8,1,60.1,65.2,22.9,5.6,7745264.0
5488,Medellín,Manufactura,2.3,51.08,63.3,38,4.43,16.0,6.1,2,54.7,65.2,36.1,7.6,13399922.0
5489,Bogotá,Comercio,18.2,79.6,65.3,20,3.93,31.1,-6.5,0,74.7,71.3,55.1,6.3,9599708.0
5490,Cartagena,Agricultura,16.1,29.59,44.9,41,2.9,17.9,11.2,1,60.4,49.7,59.7,6.5,10533190.0
5491,Barranquilla,Información,21.3,28.53,65.1,16,3.92,10.3,3.1,2,77.7,55.3,4.9,4.9,10259474.0
5492,Cali,Manufactura,7.6,16.51,51.1,30,4.54,25.7,7.4,1,58.3,61.5,70.4,7.5,11440525.0
5493,Otras,Transporte,19.3,60.75,37.8,19,2.4,26.7,15.4,0,59.8,48.5,62.6,7.2,7288705.0
5494,Bogotá,Comercio,21.5,45.3,45.0,8,3.3,23.4,7.1,1,64.6,43.9,14.4,5.8,6137115.0
5495,Medellín,Construcción,11.7,77.78,37.4,6,4.94,22.3,9.9,1,68.3,55.0,26.3,6.1,6903737.0
5496,Bogotá,Financiero,4.9,79.29,76.4,12,6.49,8.1,12.4,3,74.2,86.5,82.4,6.3,13079010.0
5497,Bucaramanga,Salud,5.7,52.32,46.8,9,4.39,27.1,3.1,0,65.1,56.7,55.7,7.6,6617957.0
5498,Otras,Salud,18.3,75.43,53.8,11,3.88,17.9,6.5,2,73.8,56.2,53.3,6.1,8808130.0
5499,Bogotá,Manufactura,25.6,20.38,72.6,118,4.28,16.1,-0.4,2,85.2,77.5,99.2,6.6,29159944.0
5500,Manizales,Transporte,11.2,32.26,58.7,19,3.29,27.9,8.0,3,60.8,53.6,80.4,7.2,9387921.0
5501,Medellín,Manufactura,13.1,40.33,62.0,4,4.84,13.8,-1.5,1,67.1,64.1,18.7,5.9,7536570.0
5502,Manizales,Manufactura,15.7,42.05,59.7,32,4.2,20.4,8.4,1,66.6,61.8,3.5,6.2,12707030.0
5503,Bogotá,Comercio,44.1,36.71,47.3,14,3.52,23.9,20.6,2,71.6,66.2,14.8,5.8,10818435.0
5504,Medellín,Comercio,16.0,68.31,64.9,64,3.77,22.7,8.8,1,63.8,57.4,59.8,6.8,16617269.0
5505,Medellín,Financiero,4.9,5.26,79.2,8,5.96,5.3,11.5,0,67.7,71.7,1.2,5.8,10272685.0
5506,Bucaramanga,Comercio,3.7,3.93,54.2,8,2.34,22.2,8.3,1,43.8,68.1,46.3,5.4,5592834.0
5507,Bogotá,Comercio,12.9,0.02,57.0,26,3.55,16.6,-1.0,0,69.0,70.0,34.0,6.8,12112244.0
5508,Cali,Comercio,34.5,67.97,59.7,8,3.19,10.1,4.2,0,75.5,54.8,33.5,6.7,8247311.0
5509,Pereira,Manufactura,12.6,41.21,60.3,36,3.93,20.6,18.8,2,61.0,60.5,7.7,7.7,13359058.0
5510,Cali,Transporte,8.7,26.95,52.7,19,3.38,11.9,1.7,1,58.8,61.4,93.9,6.1,8694876.0
5511,Bucaramanga,Hoteles,21.5,50.74,62.8,9,3.25,28.5,-5.1,1,66.6,73.0,72.4,8.2,7178532.0
5512,Pereira,Manufactura,11.5,79.07,61.2,51,3.93,13.6,14.5,2,62.2,59.7,52.5,7.0,15186436.0
5513,Bucaramanga,Información,25.5,37.51,76.0,12,5.29,8.8,9.8,2,85.8,62.4,22.9,8.0,12455648.0
5514,Bogotá,Información,6.9,26.96,53.6,4,5.37,12.3,-1.6,4,77.3,65.4,29.0,6.9,8689602.0
5515,Bogotá,Profesionales,7.8,63.51,61.4,18,4.57,11.3,0.9,2,73.2,66.0,22.6,6.2,10732040.0
5516,Barranquilla,Comercio,58.2,25.66,53.0,49,2.8,9.3,8.0,2,74.6,55.6,82.5,6.6,13842478.0
5517,Bogotá,Comercio,9.8,12.76,56.7,2,3.75,31.7,-0.7,3,74.7,70.3,43.5,6.6,10520550.0
5518,Medellín,Hoteles,7.5,68.84,46.3,7,3.34,40.6,7.7,2,43.6,61.2,59.6,8.0,5450543.0
5519,Pereira,Salud,16.1,37.11,71.7,28,4.85,19.9,12.8,0,72.8,64.8,57.2,5.1,13874194.0
5520,Medellín,Construcción,9.7,3.21,60.2,19,4.17,14.4,-1.9,5,63.1,67.5,14.4,9.2,10112108.0
5521,Bogotá,Profesionales,15.6,53.27,85.9,5,4.55,13.0,5.8,1,84.0,78.9,18.3,6.5,11128302.0
5522,Medellín,Minas,5.9,65.03,77.2,5,4.97,11.2,1.2,2,68.2,83.3,2.8,6.2,9548161.0
5523,Medellín,Agricultura,6.1,8.0,53.8,10,2.49,18.2,-0.2,1,55.3,55.2,7.6,5.5,6528808.0
5524,Bogotá,Financiero,54.5,19.21,65.7,21,5.38,0.0,3.0,1,79.6,74.1,10.2,7.7,12994306.0
5525,Bogotá,Profesionales,20.2,52.81,79.6,17,4.74,6.8,6.0,1,81.8,77.3,17.8,6.5,13462442.0
5526,Bucaramanga,Comercio,2.6,38.18,64.9,11,4.41,22.6,7.0,2,74.4,72.4,34.3,7.0,9440803.0
5527,Bogotá,Profesionales,37.8,1.14,55.8,15,5.22,13.6,5.0,2,75.7,62.8,6.8,6.4,10892221.0
5528,Cali,Manufactura,9.6,23.96,63.7,34,3.84,26.9,4.9,0,61.6,54.6,69.1,5.3,10904803.0
5529,Bogotá,Comercio,20.8,48.15,65.2,12,3.84,22.6,6.2,1,66.8,68.5,98.7,7.2,9405487.0
5530,Barranquilla,Financiero,17.8,18.05,52.9,9,4.8,2.4,14.9,0,68.1,60.3,6.2,4.4,8952584.0
5531,Cartagena,Comercio,11.4,27.58,58.0,15,4.48,24.1,-7.6,2,65.5,58.0,11.6,6.7,8924690.0
5532,Cali,Financiero,34.5,44.66,83.6,24,4.67,4.5,12.5,1,88.4,63.6,8.9,5.5,16219485.0
5533,Barranquilla,Transporte,14.4,27.69,55.7,17,4.32,25.4,3.1,2,67.9,65.6,42.0,6.0,10121227.0
5534,Bogotá,Profesionales,18.1,56.18,66.4,1,5.25,13.9,-6.8,5,67.9,73.4,20.8,8.4,7961905.0
5535,Cali,Financiero,6.3,27.92,65.2,10,5.2,10.1,1.2,1,62.7,70.9,82.7,6.4,9005621.0
5536,Bogotá,Comercio,8.4,47.31,65.0,3,3.72,25.9,3.1,0,72.7,75.8,7.4,5.9,7291832.0
5537,Bogotá,Comercio,10.7,45.27,57.3,1,4.5,23.3,10.9,1,62.3,61.8,85.3,6.9,6561706.0
5538,Bogotá,Manufactura,6.5,66.52,56.0,39,4.59,13.6,8.2,1,72.5,69.6,48.9,6.7,14659682.0
5539,Medellín,Transporte,15.8,45.88,47.4,42,4.42,21.4,5.0,2,56.0,68.0,35.8,6.8,13227373.0
5540,Cali,Manufactura,9.2,65.03,63.9,13,3.45,24.3,11.3,2,66.2,70.3,2.5,6.2,9233767.0
5541,Bogotá,Agricultura,2.9,57.36,64.0,5,3.48,28.1,-0.4,2,57.3,79.7,54.6,7.0,7550576.0
5542,Medellín,Transporte,11.1,16.62,70.4,9,3.28,15.8,3.0,0,69.0,78.2,37.8,5.4,8514176.0
5543,Bogotá,Salud,9.1,22.48,65.0,19,4.3,20.6,6.5,2,59.8,75.3,70.9,6.8,10069649.0
5544,Manizales,Financiero,7.5,25.62,67.1,15,4.4,23.5,5.1,2,63.2,57.2,15.8,7.8,10165482.0
5545,Cali,Transporte,11.1,16.89,51.7,18,3.72,31.0,9.0,0,56.8,50.2,79.3,5.3,7962891.0
5546,Medellín,Comercio,4.9,69.78,42.8,9,3.22,19.9,5.5,1,47.2,52.9,95.9,7.0,5492639.0
5547,Bogotá,Comercio,6.3,24.53,48.8,8,3.75,28.1,4.4,2,59.8,69.2,67.6,6.8,7248026.0
5548,Barranquilla,Comercio,25.8,51.31,45.9,44,3.04,32.8,-0.8,2,73.8,57.9,37.7,6.1,11069998.0
5549,Cartagena,Manufactura,13.8,35.48,63.5,4,3.08,21.2,-1.0,0,64.4,56.4,56.5,4.8,6471370.0
5550,Otras,Minas,60.0,74.25,57.3,18,4.74,0.0,1.4,2,77.7,52.1,18.0,5.8,10639293.0
5551,Bogotá,Hoteles,5.1,46.78,65.2,8,4.04,33.7,7.2,2,60.8,57.7,28.8,7.5,8050766.0
5552,Cali,Información,10.8,61.33,62.2,26,4.63,0.0,6.3,1,68.7,55.6,50.3,6.9,11645775.0
5553,Bucaramanga,Comercio,8.3,7.4,55.8,75,4.27,35.8,8.8,3,57.9,51.6,14.2,6.4,18685115.0
5554,Bogotá,Hoteles,13.8,55.92,55.9,16,3.65,27.6,-2.6,1,68.9,69.9,56.9,5.6,8158621.0
5555,Bogotá,Profesionales,6.1,65.25,70.6,3,4.98,17.6,6.0,0,54.9,70.6,50.2,5.6,6984355.0
5556,Medellín,Manufactura,17.7,64.18,67.4,32,4.56,19.8,-2.1,0,62.3,59.9,54.3,6.1,12003066.0
5557,Barranquilla,Minas,14.8,63.0,76.0,14,4.87,12.5,9.3,0,79.1,60.5,60.4,5.8,11378809.0
5558,Bogotá,Manufactura,7.1,65.66,63.4,28,4.7,23.2,8.8,3,67.9,71.4,28.6,7.3,13448815.0
5559,Cali,Información,11.1,11.72,71.4,11,4.19,8.9,13.4,1,75.3,80.5,97.2,6.7,10682299.0
5560,Bogotá,Transporte,18.0,62.18,77.5,12,5.63,17.9,-3.6,2,75.1,71.7,18.7,7.1,11276089.0
5561,Cali,Construcción,3.3,1.65,59.5,11,2.69,21.6,4.2,1,68.6,56.7,55.1,5.4,7359793.0
5562,Cali,Financiero,4.7,13.53,57.0,23,5.12,12.5,6.4,2,65.6,55.3,91.3,5.4,11160683.0
5563,Bogotá,Información,31.1,77.35,78.1,3,5.43,12.7,1.5,0,80.7,77.2,18.6,6.0,9777154.0
5564,Cartagena,Manufactura,21.8,56.85,64.1,15,5.1,16.4,-0.6,1,72.3,67.0,36.2,7.5,9980029.0
5565,Bogotá,Profesionales,6.1,39.23,71.1,9,4.56,14.3,6.8,0,59.1,76.9,19.6,6.8,8622954.0
5566,Bogotá,Financiero,26.1,66.78,77.6,7,5.33,6.7,-5.2,0,78.3,84.6,97.2,6.0,9917635.0
5567,Bogotá,Comercio,27.3,36.71,53.8,18,3.76,18.2,2.3,1,71.6,70.4,86.9,7.4,9597117.0
5568,Cartagena,Salud,28.5,12.94,71.8,47,4.56,20.1,6.0,1,71.8,55.5,66.4,6.8,16371337.0
5569,Bogotá,Manufactura,17.6,39.8,61.0,128,4.63,15.0,1.2,1,69.9,73.0,47.2,6.6,31337151.0
5570,Medellín,Comercio,19.1,66.42,59.8,15,3.36,26.0,9.3,2,60.0,67.1,10.6,6.7,9145801.0
5571,Bogotá,Comercio,5.8,1.62,61.8,37,2.76,32.1,11.1,1,64.1,71.9,60.0,7.6,10240052.0
5572,Medellín,Hoteles,10.5,76.6,56.1,16,3.62,28.7,4.3,1,55.6,64.1,48.5,5.7,7807768.0
5573,Cali,Comercio,12.0,26.78,49.3,8,4.18,34.4,7.2,2,57.7,55.3,51.3,6.9,7060385.0
5574,Bogotá,Manufactura,3.8,62.92,41.9,13,4.15,18.8,8.7,4,50.4,59.2,47.0,6.6,7984883.0
5575,Bucaramanga,Financiero,1.3,30.18,63.6,5,4.55,13.6,1.6,0,63.0,76.4,21.1,5.5,7309548.0
5576,Bogotá,Comercio,3.5,34.24,50.9,2,2.84,37.7,7.6,1,62.5,66.9,89.3,6.4,6284956.0
5577,Medellín,Hoteles,11.7,67.3,55.0,4,3.1,37.5,5.4,1,67.4,66.0,4.6,6.1,6477551.0
5578,Otras,Construcción,30.4,66.61,37.9,43,3.31,23.1,12.5,0,69.6,47.9,21.7,7.3,11506455.0
5579,Medellín,Comercio,8.5,50.35,50.4,9,3.55,19.7,7.6,0,63.2,61.2,49.7,5.7,6209693.0
5580,Cali,Profesionales,6.3,67.4,56.5,27,5.25,14.3,13.6,0,65.4,62.3,2.4,6.4,12270502.0
5581,Cali,Información,8.5,43.27,67.9,40,4.57,9.7,-0.9,1,70.1,59.6,20.2,6.7,14748845.0
5582,Bucaramanga,Transporte,3.3,15.93,48.6,3,4.02,28.7,4.2,1,56.0,63.3,10.3,6.3,5423673.0
5583,Cali,Construcción,8.4,39.88,60.5,16,3.32,11.3,-1.1,1,62.6,68.5,99.9,6.4,8881250.0
5584,Bogotá,Comercio,3.1,46.43,52.2,40,4.39,35.0,6.0,2,59.7,64.8,30.1,6.9,12637530.0
5585,Medellín,Comercio,14.0,3.57,69.7,13,3.49,30.4,5.4,0,72.2,71.9,22.4,5.3,9237322.0
5586,Bucaramanga,Comercio,5.3,30.9,70.4,9,3.25,21.6,19.4,1,73.0,61.1,5.1,6.4,8885191.0
5587,Cali,Financiero,20.6,28.07,68.2,18,5.12,9.8,3.1,1,73.4,67.9,26.3,6.4,11770208.0
5588,Bogotá,Salud,43.3,36.17,66.1,19,4.11,9.2,2.6,0,71.4,60.5,67.2,5.5,10333861.0
5589,Cali,Agricultura,29.1,24.72,48.4,54,2.61,8.8,6.2,0,60.6,45.5,25.8,5.5,11331156.0
5590,Medellín,Construcción,19.5,70.06,71.7,3,4.21,18.0,4.0,2,76.6,78.6,17.2,7.8,9720669.0
5591,Bogotá,Transporte,4.0,7.91,53.0,3,4.33,19.1,0.4,1,55.1,55.7,17.5,7.3,5978538.0
5592,Otras,Transporte,17.4,34.08,62.2,8,3.91,23.1,8.8,2,62.9,64.2,99.7,7.0,8389129.0
5593,Otras,Manufactura,10.8,62.11,68.1,25,3.48,23.2,4.9,0,67.7,52.5,74.7,6.1,9870721.0
5594,Cali,Comercio,30.1,67.79,53.3,51,3.74,30.5,9.8,2,61.5,70.0,0.2,7.1,14413920.0
5595,Bogotá,Manufactura,14.6,17.26,73.3,36,4.35,18.7,8.9,0,75.5,72.3,19.9,6.9,14382019.0
5596,Bogotá,Manufactura,15.5,72.29,80.4,12,4.52,15.2,7.8,0,73.3,71.2,12.1,6.2,10671064.0
5597,Cali,Hoteles,8.6,64.7,44.5,3,2.33,33.1,5.6,0,57.9,58.0,82.3,7.2,4600066.0
5598,Cali,Energía,23.8,25.56,68.4,11,4.75,2.2,-2.9,0,75.5,68.9,15.5,6.9,9336639.0
5599,Bogotá,Comercio,15.2,2.25,60.8,7,3.96,31.5,11.0,2,66.0,74.2,80.3,7.0,8894835.0
5600,Pereira,Minas,4.4,79.23,71.4,6,5.11,4.4,11.0,1,67.9,73.5,9.9,7.3,9806425.0
5601,Medellín,Información,1.1,57.31,62.3,6,4.28,17.6,6.3,0,66.6,76.8,41.6,6.9,7638040.0
5602,Pereira,Transporte,3.8,48.05,55.4,19,3.51,19.9,12.2,1,68.6,56.5,41.2,6.9,9274332.0
5603,Bucaramanga,Energía,14.0,42.5,76.5,23,5.11,4.6,17.4,2,69.5,68.0,0.5,8.2,14002420.0
5604,Cali,Manufactura,9.4,66.97,56.7,22,4.22,23.5,15.1,1,61.7,59.4,38.1,6.7,10451161.0
5605,Bogotá,Manufactura,6.3,69.67,70.6,7,3.98,21.0,2.7,0,63.8,64.1,31.0,5.1,7897175.0
5606,Bogotá,Agricultura,25.2,47.21,66.8,1,2.74,16.9,12.1,1,74.9,68.6,24.8,7.1,8873941.0
5607,Bucaramanga,Manufactura,12.5,44.6,65.5,120,3.17,18.4,5.8,2,58.8,64.6,39.3,5.9,21710706.0
5608,Medellín,Financiero,5.9,29.78,80.5,9,6.1,3.1,2.2,0,63.9,64.9,64.3,5.5,9967265.0
5609,Cali,Profesionales,11.9,50.7,81.5,3,3.99,15.2,-6.8,0,73.9,74.1,34.7,5.3,8073480.0
5610,Barranquilla,Profesionales,3.3,75.29,65.5,4,4.22,22.3,5.5,1,59.3,55.3,54.3,7.8,6991218.0
5611,Bucaramanga,Transporte,13.0,47.16,47.0,14,3.13,19.6,0.6,4,56.5,57.0,75.1,7.3,7815985.0
5612,Bogotá,Comercio,13.7,37.78,54.8,32,3.86,18.2,2.4,3,58.5,70.3,27.2,7.1,11389934.0
5613,Bogotá,Transporte,7.9,48.8,52.7,71,3.35,20.4,6.9,3,57.2,72.7,45.1,7.9,16109574.0
5614,Cali,Manufactura,2.3,21.85,53.1,17,3.52,21.6,4.2,1,62.4,60.3,40.4,6.6,8204692.0
5615,Manizales,Manufactura,21.5,38.08,60.6,7,4.37,19.1,7.1,0,80.7,63.2,21.1,5.8,9511025.0
5616,Bogotá,Información,4.6,5.59,69.1,22,5.1,23.0,7.9,2,71.6,72.9,62.2,7.7,12632444.0
5617,Cartagena,Manufactura,4.7,46.73,63.4,90,4.31,24.2,0.3,2,71.3,71.1,87.7,6.1,22911151.0
5618,Bogotá,Comercio,6.8,75.4,69.7,69,3.85,23.5,1.5,1,68.8,72.9,79.2,5.9,18021833.0
5619,Bogotá,Transporte,4.7,78.65,53.4,12,4.26,23.5,5.3,0,50.5,72.7,12.9,5.8,6610123.0
5620,Cali,Salud,11.8,63.05,64.2,17,4.48,20.4,12.5,3,61.3,70.2,1.1,6.8,10922957.0
5621,Bogotá,Construcción,14.7,31.38,67.9,33,5.12,29.6,2.4,0,72.6,73.0,70.7,5.9,21726519.0
5622,Otras,Comercio,6.6,16.54,44.9,11,3.16,23.6,2.7,0,57.2,61.1,85.4,6.8,6264915.0
5623,Bucaramanga,Agricultura,15.9,64.85,49.5,26,3.15,13.6,16.7,0,66.4,46.2,80.3,6.1,9709120.0
5624,Medellín,Financiero,7.6,55.2,66.6,99,5.75,4.8,6.1,0,79.5,62.0,18.5,6.4,30633759.0
5625,Bogotá,Salud,6.7,43.66,70.3,7,4.15,18.5,8.0,1,74.0,74.8,9.7,7.2,9462156.0
5626,Bogotá,Salud,4.6,13.31,61.6,3,4.13,15.7,-2.0,3,50.0,82.1,46.7,6.7,7196514.0
5627,Cartagena,Comercio,9.0,59.3,41.8,15,3.46,33.5,7.3,1,56.8,50.3,32.4,5.4,6568060.0
5628,Medellín,Manufactura,25.2,36.55,64.9,19,4.74,15.8,12.6,3,60.4,78.8,88.5,7.8,12380611.0
5629,Cali,Información,9.2,5.82,67.5,7,4.44,8.5,9.7,1,74.8,69.1,43.8,6.8,9297546.0
5630,Cali,Financiero,5.5,30.96,66.7,6,4.25,10.5,-4.7,1,66.4,65.9,77.8,6.3,8053458.0
5631,Pereira,Salud,7.6,75.22,65.5,12,3.79,17.3,10.8,4,55.9,61.9,77.9,8.7,9524525.0
5632,Bogotá,Comercio,15.9,38.33,59.4,11,4.04,24.7,12.3,2,70.6,61.0,22.1,7.8,9360706.0
5633,Medellín,Construcción,6.3,17.16,59.1,17,4.31,26.2,-2.2,2,50.9,64.1,43.3,7.1,8624761.0
5634,Cali,Profesionales,9.9,16.57,64.3,19,4.65,12.8,16.4,1,70.6,72.3,65.6,5.9,11378997.0
5635,Cartagena,Comercio,1.9,2.92,59.7,9,4.17,26.6,-5.1,1,75.7,60.7,62.2,7.2,8494362.0
5636,Bogotá,Manufactura,17.6,53.92,72.3,6,4.82,19.8,16.1,0,75.5,68.1,27.7,6.4,9749159.0
5637,Bogotá,Financiero,33.5,66.94,72.9,24,5.02,2.0,9.3,0,83.6,76.8,31.4,5.8,14894674.0
5638,Medellín,Comercio,4.8,10.63,60.3,9,3.35,24.9,11.0,4,68.2,66.7,69.9,8.2,8772794.0
5639,Cali,Manufactura,2.2,64.43,63.1,6,4.37,15.3,5.2,0,60.0,64.5,12.4,5.5,7144328.0
5640,Bogotá,Manufactura,6.1,68.43,62.4,64,4.33,27.9,12.9,1,56.9,75.2,44.2,5.6,17071922.0
5641,Barranquilla,Manufactura,4.1,77.7,45.4,11,3.76,15.8,2.3,0,70.2,49.0,55.3,4.9,7185139.0
5642,Bogotá,Comercio,9.3,67.42,50.4,9,3.37,26.6,-2.1,0,60.4,68.2,22.2,4.7,6196523.0
5643,Medellín,Comercio,28.1,50.61,72.5,76,4.2,16.9,9.6,1,72.6,59.9,34.4,6.9,21310945.0
5644,Bogotá,Profesionales,16.3,22.71,69.8,47,4.61,24.2,16.1,3,69.3,71.9,92.1,7.3,17073741.0
5645,Otras,Comercio,6.6,78.06,51.6,44,2.36,24.6,-5.7,0,64.7,49.0,73.1,5.9,9303086.0
5646,Bogotá,Comercio,15.6,46.6,62.1,32,3.75,36.5,10.4,0,80.3,59.0,10.1,6.4,12194679.0
5647,Bogotá,Transporte,4.6,57.11,61.9,131,3.96,21.7,10.1,3,62.5,70.9,25.3,7.9,28251618.0
5648,Medellín,Financiero,14.9,21.8,76.4,33,5.09,9.7,18.6,1,73.0,72.8,13.8,6.8,15783945.0
5649,Bogotá,Comercio,10.0,21.26,62.8,12,4.39,27.6,21.0,1,63.3,63.3,73.2,7.2,9211001.0
5650,Medellín,Construcción,10.5,59.67,59.3,4,2.93,20.4,2.6,1,65.1,63.4,83.8,6.4,6595861.0
5651,Barranquilla,Comercio,5.9,42.74,49.6,4,2.61,20.6,5.8,0,62.4,47.9,71.5,5.7,5493302.0
5652,Bogotá,Manufactura,10.8,31.47,66.1,2,3.78,24.8,-6.4,2,68.2,56.2,26.1,5.5,7072621.0
5653,Medellín,Profesionales,7.6,18.05,66.2,2,5.33,9.2,12.3,1,61.9,74.5,24.3,6.7,8015119.0
5654,Barranquilla,Salud,4.7,17.26,67.6,27,3.72,21.3,0.9,2,61.3,71.9,24.7,5.6,11657165.0
5655,Cali,Comercio,14.6,71.18,63.7,122,3.11,23.6,1.1,3,64.5,61.4,69.4,7.3,21624825.0
5656,Bogotá,Hoteles,2.1,22.27,74.9,10,3.34,21.3,3.9,1,70.4,76.9,39.0,7.1,9548786.0
5657,Cali,Manufactura,13.6,53.04,58.8,57,4.1,26.7,7.8,1,58.9,59.2,1.0,6.0,15907367.0
5658,Bogotá,Manufactura,2.9,23.18,68.6,19,4.92,18.3,4.9,1,78.3,64.6,45.3,6.5,11396413.0
5659,Barranquilla,Comercio,10.7,41.93,46.6,10,3.16,23.7,14.7,1,63.6,50.6,98.0,6.7,7232615.0
5660,Cali,Financiero,7.3,18.23,70.7,26,4.96,14.5,3.9,3,70.5,63.9,93.4,7.6,13892026.0
5661,Medellín,Comercio,10.8,1.39,38.3,11,3.6,32.5,8.3,0,54.2,50.6,68.8,5.1,5653685.0
5662,Bucaramanga,Comercio,14.3,14.77,55.5,3,2.97,25.8,-0.0,2,69.7,70.7,11.2,7.5,6922237.0
5663,Barranquilla,Comercio,33.8,72.38,50.5,9,3.0,19.8,8.2,0,75.6,54.3,9.3,5.0,8252573.0
5664,Cali,Comercio,6.5,67.76,44.6,4,3.53,27.2,2.3,2,65.5,49.8,24.6,7.1,5789218.0
5665,Cali,Financiero,3.2,26.59,77.9,6,5.07,14.8,6.8,1,76.9,80.2,8.1,6.0,9964208.0
5666,Bogotá,Energía,13.3,45.98,69.7,14,5.72,13.0,1.2,4,70.6,66.9,4.9,6.8,11906456.0
5667,Cali,Hoteles,4.9,46.36,49.8,12,3.16,20.3,5.5,1,61.0,58.3,23.6,7.0,6885978.0
5668,Bucaramanga,Comercio,11.3,11.86,55.5,21,2.79,28.4,7.5,4,61.3,56.5,57.8,8.0,9091216.0
5669,Cartagena,Transporte,18.6,35.77,42.5,6,3.82,21.3,8.7,1,59.3,55.5,85.9,5.9,6099266.0
5670,Bogotá,Manufactura,14.8,9.84,78.4,18,5.48,18.7,-12.6,0,66.9,79.3,30.6,4.6,10750105.0
5671,Bogotá,Información,3.8,4.79,72.9,20,4.95,19.2,-7.6,1,70.5,86.0,92.7,6.2,12227127.0
5672,Bogotá,Comercio,22.1,76.63,59.5,33,3.61,21.4,12.9,0,66.7,70.4,30.4,6.0,12177354.0
5673,Bogotá,Construcción,7.9,59.27,52.3,7,3.95,19.1,11.2,1,72.4,65.8,50.7,6.5,7911429.0
5674,Cartagena,Construcción,15.1,62.93,50.4,16,4.23,29.7,10.3,2,69.5,51.2,47.2,7.7,9056921.0
5675,Bogotá,Comercio,6.5,65.56,64.5,6,3.86,25.3,15.5,2,63.9,74.4,91.0,7.3,8585203.0
5676,Cartagena,Transporte,51.6,62.41,63.3,91,3.54,15.9,2.8,2,71.8,72.7,43.2,7.1,20898225.0
5677,Medellín,Comercio,2.3,55.44,65.8,3,3.7,28.1,7.4,0,58.6,81.0,66.6,6.6,7166990.0
5678,Barranquilla,Comercio,10.9,5.34,56.2,2,3.29,27.0,11.9,0,65.2,55.8,36.6,5.0,6515915.0
5679,Bucaramanga,Comercio,7.2,67.64,53.6,9,3.55,31.5,7.2,3,55.2,65.1,13.2,7.2,10141523.0
5680,Cali,Profesionales,6.3,33.73,62.5,14,4.73,13.1,-4.4,3,63.3,67.9,5.4,6.6,9702679.0
5681,Cali,Hoteles,13.6,53.58,55.5,4,3.92,28.2,3.7,0,66.1,55.7,89.8,5.3,6544678.0
5682,Bogotá,Salud,7.5,17.21,65.3,24,4.59,19.1,3.7,1,75.3,74.0,12.6,7.0,12213660.0
5683,Medellín,Transporte,7.5,17.9,44.6,18,4.25,29.6,2.5,2,60.2,52.9,73.2,5.6,8253920.0
5684,Manizales,Manufactura,6.6,47.64,45.8,37,3.53,21.4,2.3,3,59.9,57.6,42.8,7.5,10718633.0
5685,Bogotá,Agricultura,10.1,15.06,45.3,5,2.72,16.7,8.2,0,51.9,67.8,59.1,6.4,5437070.0
5686,Bogotá,Comercio,2.8,10.6,64.8,76,3.78,29.9,-2.2,1,58.7,68.2,53.6,6.4,23200693.0
5687,Bogotá,Transporte,2.7,1.9,48.6,9,3.95,20.6,4.3,3,57.7,59.1,55.6,7.2,6951813.0
5688,Barranquilla,Comercio,6.9,49.52,56.9,17,3.22,29.2,10.4,0,65.4,65.0,41.1,6.3,8200604.0
5689,Cali,Manufactura,6.3,79.35,84.7,33,4.12,20.3,15.0,1,71.7,76.8,56.6,6.1,14754076.0
5690,Cali,Comercio,6.6,46.71,56.3,41,3.78,32.3,14.7,3,65.7,64.1,46.3,6.5,13429139.0
5691,Medellín,Comercio,3.5,40.19,62.2,85,3.49,25.7,2.9,1,70.3,61.1,5.4,5.8,18897736.0
5692,Bogotá,Salud,60.0,0.93,92.6,99,5.04,10.1,0.9,4,91.9,76.6,60.7,7.4,44544505.0
5693,Bogotá,Comercio,8.4,62.39,66.0,8,4.07,8.8,-9.6,2,71.4,70.0,70.0,6.4,8703497.0
5694,Otras,Comercio,27.2,27.17,49.0,4,2.87,28.6,10.4,3,60.3,49.2,22.0,6.9,6990124.0
5695,Barranquilla,Comercio,6.2,61.23,57.0,10,3.86,27.3,5.0,1,55.3,59.8,71.5,7.9,6983762.0
5696,Cali,Comercio,12.6,51.7,51.1,12,3.52,26.5,-1.6,0,53.1,62.8,31.2,5.3,6278120.0
5697,Bogotá,Comercio,11.9,44.2,59.0,6,2.7,24.1,-4.1,1,60.4,72.5,8.2,7.5,6528199.0
5698,Bucaramanga,Comercio,7.3,35.3,36.9,4,3.59,32.1,17.5,2,54.5,54.7,93.4,5.3,5541642.0
5699,Bucaramanga,Comercio,12.8,55.51,49.8,15,3.57,24.9,11.6,1,69.7,58.5,12.0,6.1,8241464.0
5700,Bogotá,Transporte,22.4,23.05,66.0,78,4.0,25.2,6.1,2,69.0,72.4,94.0,6.4,32301232.0
5701,Barranquilla,Agricultura,3.7,2.52,41.2,21,2.29,29.0,26.6,1,62.1,51.9,57.6,6.8,6952726.0
5702,Bucaramanga,Comercio,14.8,57.33,68.4,66,4.09,26.5,-0.4,3,54.3,70.0,17.2,7.0,16752316.0
5703,Cali,Comercio,18.2,37.09,59.5,19,4.75,20.9,4.3,2,66.8,60.0,36.8,6.2,10874615.0
5704,Bogotá,Transporte,2.0,37.4,60.8,24,3.58,26.1,8.9,2,59.6,71.5,23.9,6.6,9854974.0
5705,Medellín,Agricultura,17.5,64.32,59.5,6,2.53,15.7,7.2,1,69.6,76.3,28.6,7.0,8074306.0
5706,Bogotá,Comercio,3.2,32.27,67.3,6,4.26,25.7,8.4,1,72.2,71.7,89.6,6.4,8367417.0
5707,Bogotá,Minas,13.5,76.41,72.1,10,5.85,12.2,8.2,1,67.1,66.9,97.7,6.3,10465603.0
5708,Medellín,Transporte,20.8,64.04,50.5,24,4.28,25.3,12.3,2,57.5,71.6,64.5,7.1,11026517.0
5709,Cali,Energía,47.3,53.76,75.5,9,5.6,5.7,15.2,0,81.6,69.5,7.4,4.6,12803196.0
5710,Medellín,Comercio,14.9,61.09,46.4,14,3.3,20.4,9.7,2,50.5,68.2,59.7,6.5,8139491.0
5711,Medellín,Comercio,2.5,36.88,56.1,1,3.64,27.7,-7.1,0,59.4,60.1,49.2,5.9,5150114.0
5712,Bogotá,Manufactura,16.2,63.3,71.1,11,4.44,22.0,8.1,0,83.7,70.1,98.6,6.6,10422760.0
5713,Cali,Comercio,10.8,25.63,49.5,27,3.87,18.5,15.1,1,57.9,59.4,85.0,7.6,10510403.0
5714,Barranquilla,Financiero,4.4,22.37,63.7,1,4.4,5.2,4.3,1,59.0,61.0,85.3,5.9,6955094.0
5715,Bogotá,Comercio,8.9,56.94,43.1,6,3.29,28.1,10.4,3,56.4,62.7,57.0,7.2,6842677.0
5716,Bogotá,Energía,32.8,41.04,68.6,20,4.61,5.2,5.6,3,72.5,63.7,54.8,7.1,12671895.0
5717,Cali,Comercio,9.7,32.44,63.9,63,3.99,21.2,-3.0,0,67.9,60.8,90.0,5.3,16129642.0
5718,Cartagena,Construcción,6.9,15.16,55.2,8,3.22,16.9,-2.3,0,57.8,63.3,44.7,7.1,6337456.0
5719,Medellín,Manufactura,3.8,20.85,63.3,13,4.1,19.8,-3.6,2,69.2,68.6,44.2,6.3,9678584.0
5720,Bogotá,Transporte,3.7,22.82,44.6,24,3.7,26.8,5.2,0,63.0,58.8,25.5,6.4,8300424.0
5721,Barranquilla,Comercio,25.7,27.93,40.2,167,2.96,12.3,-3.5,4,65.8,51.5,97.1,7.4,24805775.0
5722,Medellín,Transporte,8.9,60.42,53.6,3,2.84,20.0,0.5,6,66.4,69.9,31.1,7.3,8196997.0
5723,Cali,Profesionales,2.5,10.61,64.9,3,3.88,10.8,3.2,0,65.6,59.5,56.5,6.2,7219229.0
5724,Bogotá,Comercio,35.6,25.73,60.4,10,3.6,30.0,3.1,0,65.0,67.6,98.6,7.7,7880977.0
5725,Bogotá,Comercio,23.6,52.73,54.7,4,3.49,27.3,7.5,0,74.9,68.1,35.3,6.0,7280594.0
5726,Medellín,Comercio,4.6,5.5,59.2,14,3.89,30.3,4.4,2,59.5,61.3,80.7,6.3,8784077.0
5727,Bogotá,Transporte,4.6,27.72,68.6,23,4.49,22.7,6.6,1,67.0,65.4,53.6,5.0,11375510.0
5728,Bogotá,Construcción,13.0,45.67,62.3,32,4.45,22.3,6.9,2,70.1,69.2,51.8,6.0,13440559.0
5729,Pereira,Comercio,12.9,64.01,53.7,6,3.39,14.7,7.6,1,53.8,54.2,55.9,6.1,6179834.0
5730,Manizales,Construcción,19.8,31.38,55.0,23,3.28,20.7,3.2,1,64.1,60.7,63.2,7.0,9108784.0
5731,Cali,Información,14.6,14.21,67.5,7,4.48,14.0,12.5,1,70.4,71.3,42.2,5.9,9915247.0
5732,Medellín,Financiero,17.6,51.06,65.7,1,4.69,5.0,3.0,0,75.5,70.0,29.0,5.9,7682077.0
5733,Cali,Profesionales,6.6,30.92,56.7,7,4.22,14.1,9.4,3,62.4,71.0,12.4,7.3,8800690.0
5734,Bogotá,Manufactura,3.6,1.13,67.2,9,4.82,14.7,4.7,0,67.8,71.7,63.0,5.4,8893228.0
5735,Medellín,Transporte,52.2,54.98,65.4,28,4.06,11.0,-4.2,1,79.1,71.7,89.5,6.9,11711446.0
5736,Bucaramanga,Profesionales,8.1,14.32,86.4,20,3.87,6.4,8.3,3,69.3,76.2,92.9,7.9,13243947.0
5737,Bogotá,Transporte,25.5,61.22,69.8,18,3.5,24.6,8.1,2,68.3,83.4,58.1,8.0,11354308.0
5738,Pereira,Construcción,3.0,14.35,60.1,2,3.3,27.8,4.6,0,57.9,64.5,20.7,5.7,6025126.0
5739,Bogotá,Agricultura,6.5,39.28,37.2,74,3.72,15.9,8.4,3,49.6,53.5,69.0,7.2,16073357.0
5740,Bogotá,Minas,7.2,22.15,76.3,11,5.56,6.6,10.1,0,69.0,81.0,6.8,5.4,10691352.0
5741,Bogotá,Transporte,8.2,48.38,79.1,8,4.41,24.9,6.0,1,73.7,78.1,32.2,6.2,9929971.0
5742,Pereira,Comercio,10.3,62.5,42.0,6,3.02,22.2,8.0,2,50.0,50.2,59.8,8.1,5443150.0
5743,Bogotá,Energía,4.8,73.52,79.7,23,4.52,4.5,14.0,4,70.0,70.4,47.3,6.3,14487422.0
5744,Manizales,Manufactura,6.7,0.74,47.9,65,3.96,16.4,13.8,0,65.2,52.9,57.3,5.9,15820692.0
5745,Otras,Comercio,23.1,17.02,57.6,23,3.31,18.4,5.2,0,71.6,57.5,35.3,5.6,9575724.0
5746,Pereira,Manufactura,10.5,78.39,68.2,5,3.16,14.1,7.8,0,76.2,64.3,82.5,5.8,8647531.0
5747,Bogotá,Profesionales,2.8,2.89,85.4,12,5.42,18.3,7.8,2,66.5,76.3,46.6,7.3,11390760.0
5748,Cali,Profesionales,5.7,12.88,69.6,53,4.74,14.8,-1.1,2,65.1,68.5,64.6,6.8,17610661.0
5749,Cali,Manufactura,28.4,68.22,50.1,12,4.07,15.9,2.0,1,65.9,62.2,36.9,6.0,7682941.0
5750,Otras,Transporte,5.2,48.69,38.4,32,2.71,36.3,7.4,0,61.9,46.7,66.4,6.6,7561122.0
5751,Cartagena,Profesionales,19.9,17.47,72.4,16,4.33,20.3,6.5,2,78.6,52.8,8.4,5.8,10849134.0
5752,Barranquilla,Transporte,9.6,27.25,62.3,18,3.31,25.4,11.2,1,66.0,64.7,42.0,7.5,9891658.0
5753,Bogotá,Construcción,5.9,24.4,60.0,100,4.43,31.7,1.4,2,59.7,73.5,80.7,6.0,24375190.0
5754,Bogotá,Transporte,12.9,9.55,64.0,4,3.83,27.4,1.0,0,70.2,70.7,1.0,6.0,7116093.0
5755,Pereira,Profesionales,8.7,75.82,58.2,17,4.79,12.1,9.1,2,60.4,62.0,68.8,7.3,10093766.0
5756,Bogotá,Transporte,16.7,42.24,67.0,9,4.07,27.3,10.8,1,70.6,70.0,36.1,4.9,9573654.0
5757,Bucaramanga,Comercio,33.2,6.37,57.4,41,3.47,31.3,8.0,1,89.7,54.2,73.9,6.9,13467488.0
5758,Pereira,Manufactura,2.7,54.76,61.5,14,3.24,20.9,15.4,1,68.5,61.9,53.2,5.7,8419633.0
5759,Pereira,Comercio,5.3,76.62,58.3,22,3.39,38.1,8.8,2,50.5,55.6,37.9,5.7,8853649.0
5760,Otras,Construcción,13.3,61.44,53.3,16,2.53,25.9,5.9,0,60.4,47.6,30.5,5.4,6866572.0
5761,Medellín,Transporte,7.0,48.25,52.7,15,3.09,19.6,13.9,1,63.2,68.0,24.7,5.9,8249082.0
5762,Cali,Comercio,7.7,35.16,55.1,11,3.93,31.4,-1.0,1,56.5,71.0,95.6,6.2,7243233.0
5763,Cali,Comercio,8.5,50.91,55.1,8,3.05,30.7,3.1,2,61.6,71.1,30.6,5.9,6890615.0
5764,Cali,Agricultura,14.6,40.6,46.8,27,3.27,17.5,18.4,3,58.6,47.6,85.2,5.8,10158267.0
5765,Bogotá,Comercio,5.3,16.71,58.9,9,3.88,26.7,6.5,2,66.1,72.4,69.0,6.7,8146908.0
5766,Bogotá,Comercio,6.4,72.17,61.8,7,4.34,21.8,7.0,2,57.7,75.7,81.1,8.1,8117022.0
5767,Bogotá,Hoteles,18.5,79.5,58.4,3,3.06,29.4,13.6,0,59.4,64.5,81.2,6.8,6750385.0
5768,Manizales,Profesionales,4.1,7.35,61.3,7,4.73,15.4,23.6,1,60.7,63.6,81.7,6.6,8574365.0
5769,Pereira,Financiero,3.8,65.31,56.5,4,4.69,7.0,-1.1,4,65.2,66.4,27.5,7.3,8293001.0
5770,Bogotá,Minas,18.1,69.32,81.0,12,5.78,3.6,13.2,3,81.1,84.1,32.4,6.9,13977750.0
5771,Barranquilla,Salud,7.2,54.34,53.2,30,4.84,11.4,-0.1,3,58.0,62.5,73.3,6.5,15883927.0
5772,Medellín,Construcción,6.9,44.07,77.1,6,4.52,16.4,9.0,0,71.5,79.5,83.9,6.4,9373999.0
5773,Cali,Profesionales,16.8,60.22,68.9,41,4.88,15.6,-0.9,1,79.5,73.2,4.5,5.7,16295297.0
5774,Cali,Comercio,4.8,50.94,49.7,2,4.1,30.1,5.2,0,74.1,61.5,81.5,7.2,6289496.0
5775,Bogotá,Construcción,26.2,45.0,56.7,31,3.37,24.8,7.2,1,68.3,67.8,65.1,6.4,11008118.0
5776,Bogotá,Comercio,35.1,68.77,66.4,18,3.49,20.9,5.0,1,61.9,78.0,38.1,6.3,10110638.0
5777,Bogotá,Manufactura,5.7,68.24,70.5,45,5.07,16.2,5.3,2,75.6,73.4,76.8,6.7,17011110.0
5778,Pereira,Profesionales,3.7,60.37,61.9,5,4.23,10.8,8.9,0,48.9,59.3,45.9,5.1,6551990.0
5779,Bogotá,Hoteles,5.3,75.98,63.7,37,4.51,35.6,6.3,0,75.8,80.3,81.6,5.1,13593688.0
5780,Barranquilla,Minas,7.6,66.44,65.2,11,4.92,14.0,10.7,1,68.2,56.9,2.9,5.8,9773717.0
5781,Barranquilla,Financiero,17.3,57.8,66.7,8,3.96,3.0,4.0,1,71.1,56.8,74.4,7.1,8519537.0
5782,Cali,Manufactura,5.2,59.23,64.3,14,4.17,13.2,8.8,0,57.5,64.4,63.8,6.2,8702909.0
5783,Manizales,Comercio,2.6,8.65,41.7,4,4.14,28.0,0.5,0,56.1,58.9,83.4,7.3,4960217.0
5784,Bogotá,Minas,17.8,36.47,71.0,40,4.85,7.6,4.7,4,69.7,80.0,42.0,6.9,17323950.0
5785,Bogotá,Profesionales,19.9,37.65,75.5,4,5.09,6.6,3.6,2,80.1,65.5,67.9,6.5,14180958.0
5786,Cali,Comercio,4.1,46.92,38.9,10,3.65,38.9,14.3,1,54.0,53.0,10.4,6.5,6187347.0
5787,Bucaramanga,Agricultura,12.4,3.16,46.6,23,3.05,22.0,3.2,1,58.8,69.8,97.0,7.2,8135582.0
5788,Bucaramanga,Manufactura,8.7,62.38,55.8,15,3.96,26.2,0.4,1,64.5,48.5,98.3,6.9,7829199.0
5789,Bogotá,Manufactura,11.6,19.15,61.3,10,4.82,15.5,0.6,1,67.2,69.4,68.3,6.6,8313213.0
5790,Bogotá,Manufactura,17.1,64.73,57.4,4,3.22,21.8,10.6,2,62.3,68.3,72.4,5.6,7602472.0
5791,Bogotá,Manufactura,32.0,58.83,75.2,43,4.66,12.0,-0.3,2,85.4,81.3,70.4,5.4,17465508.0
5792,Barranquilla,Construcción,6.6,53.38,44.5,5,4.26,21.2,8.5,2,58.4,55.2,80.1,6.3,6278626.0
5793,Bogotá,Financiero,30.3,49.08,80.5,9,6.13,4.0,9.4,1,69.4,85.0,72.4,7.4,11822307.0
5794,Otras,Construcción,16.0,48.34,49.0,13,3.19,17.3,13.0,1,70.4,47.9,6.9,6.7,8469381.0
5795,Bogotá,Agricultura,26.0,52.96,41.8,14,2.68,19.2,11.0,0,49.3,69.5,13.2,5.9,6353456.0
5796,Manizales,Transporte,43.9,34.7,46.8,35,2.95,19.9,6.6,2,66.0,57.9,29.2,5.5,11047796.0
5797,Medellín,Comercio,23.6,69.59,53.3,14,4.19,34.7,14.4,1,76.0,68.8,45.3,7.5,9787909.0
5798,Bogotá,Información,4.8,13.43,60.9,15,4.65,19.8,10.7,2,67.6,78.2,97.4,7.8,10442147.0
5799,Pereira,Comercio,5.3,60.43,56.9,3,3.15,23.6,6.8,0,68.7,58.6,2.3,5.3,9756799.0
5800,Medellín,Comercio,13.2,17.55,50.9,27,3.17,24.3,-2.1,1,69.9,64.2,5.8,7.0,8977493.0
5801,Bogotá,Comercio,7.6,46.53,51.6,2,3.64,29.1,18.4,0,65.1,71.6,48.0,5.9,6570158.0
5802,Bogotá,Manufactura,8.4,63.36,66.2,20,3.15,24.2,5.3,2,62.7,67.7,37.7,6.0,9723429.0
5803,Bogotá,Agricultura,10.5,60.12,47.2,16,3.02,18.9,-0.8,2,64.8,73.4,71.1,7.3,7932472.0
5804,Medellín,Agricultura,7.8,30.8,49.6,3,3.25,23.2,8.2,1,68.7,62.6,39.4,6.6,6480081.0
5805,Cartagena,Comercio,7.8,13.68,60.2,5,3.62,32.2,6.4,0,63.5,58.8,88.8,5.8,6589518.0
5806,Bogotá,Transporte,4.1,19.08,72.4,7,3.64,23.0,12.8,0,69.2,72.4,29.7,7.2,8673733.0
5807,Otras,Agricultura,14.2,12.82,44.0,16,2.18,21.5,1.4,1,59.5,46.4,36.1,6.9,6040477.0
5808,Medellín,Salud,2.7,51.11,55.6,28,3.25,23.8,18.1,0,69.3,62.0,86.2,5.1,10178248.0
5809,Manizales,Manufactura,3.1,61.78,77.4,33,3.75,10.9,4.7,0,80.5,64.4,27.9,6.0,13928285.0
5810,Medellín,Comercio,3.7,35.33,58.1,6,3.81,21.2,5.7,3,72.3,68.5,99.6,6.3,8490812.0
5811,Pereira,Manufactura,25.1,16.04,75.6,27,3.71,20.8,14.5,1,75.1,69.9,32.9,6.2,13314957.0
5812,Bogotá,Comercio,6.9,43.63,76.3,3,4.29,22.4,-3.1,1,61.9,89.2,20.0,6.4,8273223.0
5813,Cali,Transporte,8.6,54.78,54.7,3,3.6,16.0,1.3,0,55.1,68.3,89.5,6.0,5636395.0
5814,Bogotá,Transporte,28.2,29.28,76.4,31,4.46,19.3,6.0,3,73.1,72.3,35.5,7.1,14912998.0
5815,Bogotá,Agricultura,18.1,72.62,54.3,34,3.29,16.6,-1.8,1,66.8,62.3,6.0,6.4,10402852.0
5816,Medellín,Salud,3.8,37.32,66.1,17,3.46,18.7,4.8,1,71.4,69.1,19.2,4.9,9957201.0
5817,Otras,Financiero,11.2,73.64,63.3,12,4.18,8.8,15.3,1,61.8,55.1,72.5,7.3,9467472.0
5818,Bogotá,Salud,12.6,48.35,70.2,5,3.75,14.5,12.9,0,86.4,65.6,65.3,5.4,9537013.0
5819,Bogotá,Comercio,9.5,44.75,56.1,3,3.31,30.5,10.3,1,67.3,63.5,2.7,6.0,7058391.0
5820,Barranquilla,Financiero,21.0,18.3,62.7,6,4.53,7.0,2.6,1,66.2,64.9,62.6,5.7,8075685.0
5821,Bogotá,Comercio,33.7,26.01,59.8,81,4.0,26.9,1.7,1,69.8,62.3,45.8,6.5,19649834.0
5822,Cali,Comercio,8.1,18.78,51.7,3,4.34,27.5,2.6,0,60.9,61.7,19.0,6.2,5944687.0
5823,Bogotá,Comercio,11.2,27.08,62.0,12,3.85,31.6,8.8,3,65.6,77.7,40.4,7.0,9542006.0
5824,Bucaramanga,Construcción,11.9,40.4,52.7,22,3.77,21.7,-4.9,1,59.4,55.9,78.5,6.2,8643188.0
5825,Bogotá,Comercio,5.8,31.77,54.7,11,3.75,19.5,-7.0,2,62.0,63.3,51.8,5.5,7587658.0
5826,Medellín,Financiero,34.6,12.35,71.5,4,4.84,15.2,1.8,0,80.4,77.0,81.7,4.4,9113552.0
5827,Cali,Comercio,6.7,37.08,42.4,8,3.52,30.4,4.7,2,69.7,62.4,22.6,6.7,7170675.0
5828,Bogotá,Energía,13.3,71.46,84.7,24,5.48,17.5,3.2,2,66.6,78.8,24.8,8.4,14372431.0
5829,Bogotá,Comercio,22.5,39.69,51.4,15,4.46,28.3,-0.5,0,55.7,63.2,82.2,5.3,7379908.0
5830,Barranquilla,Hoteles,7.5,69.16,50.9,12,4.02,29.1,11.6,0,61.1,54.7,15.5,6.7,7568169.0
5831,Otras,Información,4.5,77.87,45.7,43,3.98,22.3,8.8,0,58.9,58.6,54.4,5.4,12150620.0
5832,Medellín,Transporte,6.2,9.15,57.7,16,4.04,23.1,4.4,0,70.8,72.4,72.1,6.6,8662624.0
5833,Barranquilla,Agricultura,19.8,69.58,24.1,9,2.13,16.0,5.4,2,56.4,43.4,24.4,7.7,4817626.0
5834,Bucaramanga,Información,9.1,27.7,67.8,8,4.55,13.0,-3.4,1,68.7,74.7,3.8,7.3,8628540.0
5835,Cali,Comercio,11.0,3.86,54.9,14,2.74,25.1,0.9,1,66.4,59.2,0.3,6.2,7389740.0
5836,Bogotá,Transporte,6.1,55.15,56.1,41,3.4,28.9,14.7,2,54.7,81.7,65.7,7.3,12305623.0
5837,Pereira,Profesionales,12.4,9.5,66.1,7,5.07,23.0,10.0,1,76.0,67.7,3.1,5.8,9262975.0
5838,Bogotá,Energía,3.1,72.39,77.8,3,6.2,10.8,2.4,0,73.6,82.8,4.6,6.3,8937600.0
5839,Manizales,Comercio,11.1,73.95,46.5,3,2.84,29.0,19.7,2,68.3,58.9,67.1,5.3,6874436.0
5840,Medellín,Financiero,5.2,26.31,65.7,14,4.86,7.3,6.8,2,68.3,57.2,23.4,7.4,10436118.0
5841,Bogotá,Transporte,9.2,12.66,56.8,12,3.69,18.4,15.4,1,67.9,66.1,15.0,7.6,9096138.0
5842,Medellín,Transporte,12.5,70.5,61.4,31,4.14,13.2,7.7,2,72.1,67.7,32.3,6.4,12940489.0
5843,Cali,Comercio,12.0,19.62,68.3,2,3.52,29.0,-1.3,1,68.1,79.4,47.3,5.6,7281753.0
5844,Medellín,Transporte,30.6,50.35,51.7,30,4.13,21.8,-2.1,2,70.7,59.6,92.5,7.6,11248854.0
5845,Medellín,Financiero,8.4,37.98,69.1,11,5.39,4.6,10.3,1,64.3,59.1,48.0,6.6,10012659.0
5846,Otras,Profesionales,9.8,13.72,68.8,13,4.41,14.3,3.8,2,66.1,51.9,75.9,8.4,9214539.0
5847,Barranquilla,Comercio,6.6,36.47,39.4,40,3.18,22.7,-7.1,3,53.2,55.8,95.2,7.9,9502643.0
5848,Bogotá,Información,28.8,45.41,84.6,2,5.25,17.8,8.0,0,81.8,87.7,13.2,5.3,10559336.0
5849,Bogotá,Profesionales,6.6,58.82,63.7,5,4.2,17.5,9.8,1,69.9,64.6,84.0,7.3,8246279.0
5850,Bogotá,Comercio,19.4,37.95,54.8,15,4.14,21.7,3.6,3,67.8,71.7,4.4,8.1,9954165.0
5851,Barranquilla,Hoteles,11.1,14.61,41.7,31,3.08,20.7,3.0,0,46.3,63.8,57.9,5.1,7410899.0
5852,Otras,Construcción,4.3,14.36,51.6,5,3.54,23.5,-0.1,3,62.0,49.5,10.9,8.9,6334630.0
5853,Cali,Manufactura,4.4,16.13,71.2,11,4.18,20.6,-1.8,0,61.2,64.1,66.6,7.1,8552658.0
5854,Medellín,Información,4.5,67.5,72.6,3,4.34,6.7,9.2,1,62.8,85.0,78.9,7.5,8742074.0
5855,Bogotá,Manufactura,21.2,48.65,63.1,18,4.6,10.9,9.2,2,63.9,56.9,40.9,7.2,10968419.0
5856,Bogotá,Profesionales,16.8,27.9,60.6,7,4.83,16.7,14.5,1,69.4,62.8,27.0,7.3,9057623.0
5857,Bogotá,Transporte,9.7,10.52,64.7,17,3.82,21.4,0.6,0,61.7,69.5,10.4,6.1,8775799.0
5858,Barranquilla,Energía,9.2,52.2,76.0,6,4.78,11.6,0.4,0,65.8,73.6,98.7,4.5,8491658.0
5859,Pereira,Profesionales,3.9,32.98,62.3,10,4.68,14.7,9.7,0,58.8,46.7,56.6,6.0,7522539.0
5860,Cali,Construcción,2.3,59.25,38.5,9,2.83,23.1,2.9,0,52.6,54.4,10.6,4.9,5258609.0
5861,Cali,Hoteles,8.6,49.73,64.7,25,3.03,23.5,3.3,3,61.1,74.3,22.8,6.9,10793134.0
5862,Barranquilla,Comercio,7.0,11.58,63.2,17,3.57,25.7,-8.6,0,58.8,61.3,78.1,5.3,7807781.0
5863,Bogotá,Comercio,3.1,45.15,37.0,10,3.01,27.3,4.4,1,50.9,53.0,47.2,5.1,5087435.0
5864,Cali,Transporte,12.1,79.34,54.1,11,3.69,28.2,11.1,1,59.4,52.4,60.6,5.3,7187554.0
5865,Manizales,Hoteles,21.8,46.17,43.2,14,1.98,14.6,2.3,2,65.3,59.2,49.3,7.0,6901546.0
5866,Barranquilla,Profesionales,5.0,15.62,47.5,223,4.86,11.2,3.0,6,60.2,47.1,53.3,7.6,49258454.0
5867,Bogotá,Energía,3.7,42.33,66.3,31,5.02,6.6,10.4,0,77.1,71.1,10.2,6.3,13864824.0
5868,Bogotá,Hoteles,7.2,34.16,48.9,6,3.49,27.2,9.6,2,61.3,64.3,68.0,7.9,6602889.0
5869,Bogotá,Manufactura,8.7,33.44,77.3,18,4.14,6.0,11.2,1,68.1,81.5,90.8,6.7,11702034.0
5870,Cali,Comercio,6.7,24.62,50.1,3,3.22,32.0,8.5,1,57.6,53.6,82.1,7.2,5527202.0
5871,Medellín,Transporte,11.4,0.56,54.4,5,4.23,27.0,10.5,3,65.7,66.4,98.6,7.3,7939795.0
5872,Cartagena,Transporte,5.9,72.43,56.6,4,3.52,23.5,17.7,2,51.6,64.3,76.8,7.0,6781748.0
5873,Barranquilla,Salud,3.4,45.55,57.3,9,4.03,25.3,3.6,0,63.5,53.8,92.8,6.5,7196977.0
5874,Pereira,Manufactura,7.4,4.4,53.5,34,4.19,15.1,10.0,1,69.3,65.3,53.0,7.8,12037392.0
5875,Bogotá,Comercio,19.7,38.38,58.6,48,4.06,21.2,10.6,0,70.7,74.8,91.2,5.7,14915496.0
5876,Bucaramanga,Profesionales,3.5,8.92,64.5,6,4.45,10.3,18.9,0,54.6,61.8,88.1,5.9,7690889.0
5877,Bogotá,Transporte,23.7,20.39,63.9,21,4.46,17.8,10.3,2,59.3,69.4,0.7,7.9,11344237.0
5878,Cali,Manufactura,19.5,27.5,57.0,265,5.24,19.0,7.1,6,65.5,59.8,53.9,8.2,63299225.0
5879,Barranquilla,Transporte,2.5,0.35,42.9,10,3.56,24.0,12.7,0,31.3,60.7,16.3,6.0,4754974.0
5880,Cali,Transporte,9.0,30.72,51.8,23,3.26,17.5,0.6,2,63.4,61.4,33.6,5.8,9041577.0
5881,Bogotá,Hoteles,14.9,22.01,57.5,16,2.94,26.4,4.9,0,72.1,71.2,60.6,5.3,8219549.0
5882,Cali,Comercio,7.2,24.01,41.6,7,3.49,24.4,3.9,1,49.9,63.2,6.4,7.7,5266215.0
5883,Medellín,Información,5.3,31.42,60.2,15,5.63,15.7,11.0,2,63.4,66.9,22.2,5.6,10684248.0
5884,Barranquilla,Comercio,4.6,65.4,48.3,2,2.91,29.3,5.0,1,65.7,50.7,79.4,5.5,5730478.0
5885,Bogotá,Comercio,5.5,42.46,59.7,61,3.87,16.2,13.4,2,69.9,74.1,17.2,7.0,17420484.0
5886,Medellín,Minas,8.1,15.15,68.3,4,4.13,11.3,7.9,0,65.8,61.8,38.9,6.4,8387391.0
5887,Medellín,Construcción,8.3,55.36,46.8,8,3.83,28.3,10.1,1,59.3,62.1,98.1,5.4,6284317.0
5888,Bogotá,Hoteles,5.9,45.68,63.8,8,4.12,25.9,0.1,1,54.0,83.8,49.8,7.0,7414060.0
5889,Bogotá,Minas,12.5,33.63,84.4,15,6.69,9.5,-1.8,0,78.0,76.1,78.5,5.4,12341672.0
5890,Bogotá,Comercio,4.0,51.9,55.4,2,4.58,35.3,4.4,0,61.3,73.9,21.1,6.2,5935980.0
5891,Bucaramanga,Minas,16.6,66.69,65.6,6,4.56,15.0,9.9,0,70.3,61.7,29.9,7.3,8516055.0
5892,Bogotá,Profesionales,12.3,44.75,72.2,14,5.23,12.4,7.8,1,69.8,70.7,49.5,6.0,10906843.0
5893,Cali,Comercio,2.0,58.17,52.2,8,2.2,36.4,6.4,1,53.2,61.2,23.7,7.7,6014011.0
5894,Pereira,Manufactura,3.9,53.97,59.8,10,3.39,26.0,14.9,2,65.5,53.9,68.1,5.2,8129629.0
5895,Bogotá,Transporte,1.0,45.11,64.2,6,4.6,26.4,3.6,1,73.9,67.5,36.3,5.7,10792461.0
5896,Cali,Comercio,11.5,73.55,49.3,9,3.42,20.1,5.1,0,59.9,60.5,43.3,4.7,6619080.0
5897,Bogotá,Profesionales,21.5,56.55,80.0,14,4.35,1.8,-5.8,0,77.9,76.5,22.4,5.9,10462249.0
5898,Bucaramanga,Construcción,20.2,68.94,52.3,17,4.16,26.8,-1.3,1,59.8,47.4,19.0,6.8,8277742.0
5899,Medellín,Manufactura,19.5,13.46,53.2,154,3.87,13.7,-1.8,1,79.2,58.1,16.4,5.1,30295831.0
5900,Medellín,Comercio,13.2,65.66,52.4,11,2.85,20.7,-3.0,0,66.0,65.2,42.5,6.6,6629864.0
5901,Cali,Construcción,7.5,27.8,41.0,8,4.07,28.3,1.3,1,69.4,54.3,2.1,5.9,6697088.0
5902,Bucaramanga,Construcción,7.2,17.49,59.8,9,3.93,26.2,11.3,0,73.6,63.1,34.9,5.7,8253322.0
5903,Cali,Comercio,5.9,29.39,63.9,8,3.25,23.8,-3.7,3,68.2,63.1,41.0,8.2,8343978.0
5904,Barranquilla,Hoteles,13.2,68.15,53.8,9,2.82,33.6,16.7,1,67.2,54.4,28.8,7.3,7417486.0
5905,Medellín,Manufactura,31.9,78.99,51.4,51,5.04,11.3,2.1,0,76.1,74.7,6.9,6.2,16460687.0
5906,Cali,Agricultura,12.5,16.45,32.5,4,2.13,16.5,14.8,1,61.6,54.2,72.5,7.0,5975071.0
5907,Bogotá,Salud,16.9,28.78,72.3,3,3.92,11.7,3.0,2,73.5,79.8,75.7,6.7,9393049.0
5908,Otras,Manufactura,33.9,30.72,60.1,80,3.6,14.7,24.1,3,76.6,49.4,41.0,6.3,22355848.0
5909,Manizales,Comercio,13.0,46.48,71.3,74,2.96,23.1,10.3,3,71.4,73.8,89.3,6.7,17599672.0
5910,Bogotá,Transporte,20.3,58.11,55.3,6,4.0,22.4,0.7,0,60.1,73.0,10.5,8.0,6472548.0
5911,Cali,Comercio,8.9,64.82,65.5,24,3.2,26.9,8.4,2,73.1,60.6,70.3,7.2,11039098.0
5912,Bogotá,Comercio,16.5,17.88,58.3,4,4.76,24.6,6.2,1,57.5,69.6,81.0,6.3,7288961.0
5913,Manizales,Hoteles,7.7,65.21,48.8,12,3.48,23.5,10.8,0,55.3,67.6,51.2,5.9,6720922.0
5914,Bogotá,Profesionales,6.1,41.17,75.2,13,5.33,15.7,1.2,3,69.8,69.8,27.1,6.1,11385587.0
5915,Manizales,Profesionales,8.4,24.98,65.6,6,4.48,20.0,12.1,1,72.7,65.6,23.2,6.3,9094825.0
5916,Bogotá,Comercio,4.4,36.75,57.6,5,3.5,27.5,13.1,2,58.6,62.8,38.5,6.7,7123564.0
5917,Bogotá,Energía,20.2,21.35,72.9,14,5.82,0.0,-3.4,3,80.9,75.4,4.2,7.0,12704636.0
5918,Bogotá,Financiero,4.6,61.44,83.8,52,5.75,15.9,3.3,0,71.8,85.8,11.7,4.4,21234289.0
5919,Cali,Agricultura,5.7,69.68,45.5,1,3.22,17.5,-2.1,0,67.9,59.5,54.5,5.8,5230266.0
5920,Bucaramanga,Comercio,10.4,0.89,41.2,20,3.32,39.5,0.6,0,59.2,60.1,87.1,5.9,6531839.0
5921,Bogotá,Comercio,23.7,63.51,72.3,4,3.63,19.1,1.6,2,77.3,81.2,17.8,7.8,9069269.0
5922,Otras,Transporte,5.3,62.76,35.3,5,3.32,27.5,9.0,3,55.3,49.2,81.4,8.0,5618755.0
5923,Medellín,Comercio,9.9,61.51,64.9,13,3.91,22.3,1.9,1,74.2,63.8,39.1,6.7,9238683.0
5924,Bogotá,Comercio,5.3,19.17,49.9,5,3.72,36.5,9.1,1,53.7,64.4,62.4,6.5,5738441.0
5925,Bucaramanga,Manufactura,8.2,23.51,66.4,1,4.68,25.8,5.1,1,67.0,71.5,10.4,7.5,7265861.0
5926,Bogotá,Agricultura,32.7,18.98,65.2,8,3.04,23.8,7.5,0,80.1,65.6,37.4,6.7,9135592.0
5927,Pereira,Comercio,15.3,70.76,49.1,2,2.69,29.9,-1.9,0,59.3,56.4,82.8,5.1,4472089.0
5928,Barranquilla,Salud,5.4,27.55,54.0,7,4.38,10.1,6.7,1,64.3,54.6,34.0,6.6,7555890.0
5929,Cali,Manufactura,13.6,53.53,70.3,25,4.21,14.1,-2.6,2,71.5,55.1,72.6,7.2,12112790.0
5930,Cali,Comercio,2.6,39.3,56.2,8,2.68,34.2,15.8,1,56.7,56.4,92.7,5.8,6452503.0
5931,Bogotá,Hoteles,18.3,14.82,59.2,11,4.29,29.2,15.7,1,69.3,72.3,54.3,5.8,9388982.0
5932,Cartagena,Comercio,25.1,34.81,42.2,18,2.22,21.5,-6.9,1,56.1,47.4,15.4,6.7,5065143.0
5933,Bucaramanga,Profesionales,19.6,10.05,62.7,7,4.84,7.3,10.0,2,69.4,62.1,43.2,6.3,9531688.0
5934,Bogotá,Profesionales,17.6,53.54,62.4,24,5.11,18.5,5.5,1,59.6,64.0,20.1,5.7,11512592.0
5935,Cartagena,Financiero,8.8,21.25,69.0,59,4.5,14.0,5.1,1,79.4,77.2,36.6,6.6,19626033.0
5936,Medellín,Manufactura,3.9,60.93,67.6,12,3.95,13.2,3.5,2,59.1,73.7,12.2,7.1,9196012.0
5937,Pereira,Información,15.2,45.46,70.2,29,4.43,12.7,1.3,0,75.9,66.1,86.1,4.5,12845309.0
5938,Cali,Manufactura,7.5,48.14,77.0,19,4.6,15.4,3.5,2,80.5,71.3,6.3,5.9,13133414.0
5939,Cali,Información,21.4,21.12,67.2,7,3.94,16.6,14.4,3,72.0,69.9,47.1,8.0,9978265.0
5940,Bogotá,Información,12.2,40.94,79.2,17,5.37,15.6,-6.9,1,75.1,73.8,78.6,5.8,12006212.0
5941,Cartagena,Manufactura,5.0,35.75,71.7,36,4.08,26.7,9.3,1,67.5,72.9,22.7,6.5,13876400.0
5942,Cali,Comercio,29.9,0.41,65.6,5,3.72,21.4,0.8,0,69.4,73.5,85.2,6.3,7751133.0
5943,Cali,Información,4.0,29.44,70.6,13,5.22,22.8,8.2,1,53.7,65.2,90.4,6.1,9589837.0
5944,Bogotá,Energía,4.0,51.0,69.0,18,6.17,13.3,1.1,0,62.1,70.4,81.2,5.7,11349786.0
5945,Medellín,Manufactura,2.2,64.94,70.8,12,4.1,23.8,10.9,1,60.6,71.9,30.4,6.3,9304115.0
5946,Barranquilla,Comercio,13.4,6.26,55.1,3,2.45,30.4,18.7,3,63.4,48.5,52.7,7.6,7263100.0
5947,Bogotá,Comercio,6.9,45.08,60.1,29,4.64,35.9,4.7,0,67.9,71.1,36.8,6.6,11736545.0
5948,Medellín,Comercio,28.0,26.58,55.7,21,4.0,27.6,10.4,0,70.0,66.8,74.4,5.4,10059608.0
5949,Bogotá,Comercio,4.4,23.9,62.1,15,3.71,28.5,2.6,1,70.2,61.4,24.7,7.0,9047118.0
5950,Cartagena,Información,8.6,43.33,68.5,4,4.37,21.5,-3.1,0,68.0,64.1,93.8,6.8,7337025.0
5951,Bogotá,Profesionales,10.4,20.92,77.6,3,5.93,17.0,2.6,1,71.1,76.6,61.5,6.2,9359536.0
5952,Bucaramanga,Hoteles,11.5,28.73,48.3,18,3.15,29.7,15.8,1,62.5,60.3,65.7,6.3,10306057.0
5953,Cali,Comercio,13.8,58.61,66.2,16,4.47,22.7,-2.7,0,63.6,77.9,72.8,5.3,9014099.0
5954,Medellín,Comercio,8.1,50.3,71.3,10,4.26,29.6,5.0,0,70.3,79.6,93.9,5.7,9575814.0
5955,Bogotá,Comercio,3.9,71.94,69.8,7,4.05,23.1,2.5,1,72.7,74.4,54.6,5.7,8748042.0
5956,Bogotá,Comercio,60.0,76.37,67.5,19,3.54,25.3,6.9,0,93.2,80.1,54.0,5.6,12300486.0
5957,Medellín,Información,3.4,50.02,71.0,6,4.86,19.3,8.7,0,67.2,70.4,59.0,5.2,7994489.0
5958,Cali,Comercio,6.8,0.11,54.9,139,2.81,27.5,-1.5,5,51.5,58.9,50.0,7.7,22696993.0
5959,Bucaramanga,Hoteles,4.8,13.09,63.2,40,3.11,30.3,3.4,2,72.4,63.9,93.4,8.1,12597663.0
5960,Cali,Manufactura,8.3,48.5,71.2,200,4.52,18.1,-2.6,0,67.4,67.6,83.0,5.5,43233081.0
5961,Bogotá,Manufactura,8.0,65.28,66.9,66,3.96,16.9,6.4,0,70.7,70.7,76.8,6.1,17561850.0
5962,Barranquilla,Manufactura,12.5,50.57,68.2,23,4.02,21.5,-2.6,0,67.7,71.2,37.5,4.5,10349067.0
5963,Bogotá,Manufactura,5.4,63.03,75.6,88,4.99,21.2,-2.0,4,73.9,77.7,84.8,7.7,26501738.0
5964,Medellín,Comercio,7.5,31.23,59.7,31,4.07,20.9,-5.8,2,62.3,61.2,2.8,7.5,10682060.0
5965,Bogotá,Información,13.3,25.99,64.0,18,5.93,20.9,14.7,1,68.0,67.6,27.1,6.5,11768870.0
5966,Barranquilla,Transporte,11.8,46.78,61.5,6,4.49,14.3,-0.1,3,59.7,70.8,89.7,6.6,8225832.0
5967,Manizales,Manufactura,10.6,6.05,55.0,20,3.73,19.3,9.7,2,67.0,57.5,94.8,7.6,9903878.0
5968,Medellín,Profesionales,26.2,19.94,70.8,11,3.66,22.5,-1.9,1,67.2,64.1,38.1,6.7,8439722.0
5969,Manizales,Comercio,12.7,70.25,48.1,10,3.45,14.2,10.5,1,60.1,68.1,30.5,7.0,7979450.0
5970,Bogotá,Comercio,10.9,71.19,54.0,8,4.22,21.0,15.4,4,62.2,63.8,4.7,7.4,9095207.0
5971,Medellín,Profesionales,9.1,28.54,71.3,9,5.29,11.1,5.4,0,62.0,77.8,24.1,6.5,9349770.0
5972,Medellín,Comercio,1.3,12.98,53.9,5,2.86,34.1,10.5,0,58.8,67.9,43.5,5.9,5838571.0
5973,Cali,Energía,6.8,9.58,71.3,95,4.86,2.0,2.1,5,70.3,66.6,68.4,8.5,27532289.0
5974,Medellín,Comercio,60.0,3.83,49.4,23,3.7,19.7,5.1,2,65.3,69.1,23.8,5.8,10887891.0
5975,Cali,Comercio,10.0,66.69,60.2,5,3.6,37.8,17.1,0,61.3,59.2,8.1,5.2,7357118.0
5976,Cali,Salud,17.8,68.58,64.8,4,4.34,30.9,2.7,0,70.3,64.5,84.2,4.1,7922173.0
5977,Pereira,Hoteles,10.3,54.17,39.4,15,2.39,27.6,2.8,1,54.5,49.6,56.2,6.2,5203832.0
5978,Bogotá,Información,18.7,59.84,70.3,13,5.67,10.0,5.5,0,68.3,78.3,68.5,6.6,10685335.0
5979,Cartagena,Manufactura,16.5,60.0,66.0,24,3.72,23.7,5.2,1,68.0,67.7,7.7,5.4,10511185.0
5980,Bogotá,Agricultura,5.0,48.32,53.8,5,2.78,24.5,7.8,1,52.6,78.5,7.3,7.4,6205174.0
5981,Medellín,Financiero,29.6,79.23,89.0,12,4.86,8.8,-0.2,5,78.7,82.6,48.1,6.7,14002147.0
5982,Bogotá,Transporte,15.2,16.71,57.1,6,3.79,17.2,4.9,1,65.8,71.9,73.3,6.8,7174889.0
5983,Pereira,Hoteles,14.8,43.91,52.6,4,2.84,26.4,-4.4,1,66.2,58.2,86.6,6.0,6216725.0
5984,Medellín,Información,18.1,2.98,58.8,21,4.8,14.1,10.3,2,63.8,66.7,46.5,6.4,11010566.0
5985,Pereira,Comercio,3.9,31.02,67.0,20,3.9,29.5,7.6,0,61.2,69.1,24.7,5.3,9767179.0
5986,Medellín,Manufactura,14.2,19.52,74.4,16,4.65,16.1,0.3,1,73.4,60.8,84.9,6.7,10519537.0
5987,Medellín,Información,3.3,67.49,74.3,9,5.22,12.0,16.2,0,67.5,69.8,32.3,5.8,9865474.0
5988,Medellín,Construcción,16.7,11.95,66.5,13,3.83,26.5,5.8,1,72.9,56.2,26.4,6.1,9479221.0
5989,Bogotá,Comercio,5.8,23.45,52.5,6,3.83,25.4,2.5,0,65.1,72.1,34.5,5.6,6544735.0
5990,Cali,Comercio,9.4,13.51,68.1,32,3.84,36.7,-4.6,1,64.6,70.3,68.9,6.8,11889470.0
5991,Bogotá,Financiero,22.6,10.38,79.8,59,5.49,18.3,5.0,0,82.0,73.0,27.4,6.3,22636534.0
5992,Bogotá,Información,4.6,0.39,69.1,9,4.91,15.7,14.7,0,61.1,82.5,69.8,4.8,8747725.0
5993,Bogotá,Transporte,7.8,69.1,56.1,16,3.56,24.1,11.8,1,73.4,59.6,1.9,6.5,8797357.0
5994,Bogotá,Profesionales,3.5,31.78,75.7,5,4.71,17.0,8.2,1,64.3,80.3,1.1,6.3,14009414.0
5995,Medellín,Comercio,32.1,32.38,77.3,1,3.79,22.6,-3.1,0,77.7,82.8,60.7,6.1,8171860.0
5996,Cali,Comercio,3.4,29.73,48.7,23,3.11,25.6,2.8,3,74.8,44.5,16.3,7.5,9111051.0
5997,Bogotá,Comercio,2.0,73.37,53.7,12,3.84,30.9,1.5,0,58.6,84.1,26.7,6.8,7353356.0
5998,Medellín,Hoteles,26.7,22.83,49.6,15,3.19,30.5,14.9,2,71.4,68.8,40.1,7.2,9476997.0
5999,Bogotá,Agricultura,4.3,56.42,59.8,30,2.8,26.3,6.9,0,68.2,62.3,24.8,7.0,9822365.0
6000,Medellín,Profesionales,18.4,79.83,73.2,27,4.78,13.4,-0.7,5,72.1,66.2,38.3,8.2,14457928.0
6001,Pereira,Comercio,10.2,21.73,63.8,2,3.25,30.3,14.0,1,67.9,70.8,26.1,6.8,7468022.0
6002,Bogotá,Comercio,11.0,72.17,61.3,30,3.59,23.9,7.8,1,64.2,70.8,66.4,5.9,11406312.0
6003,Pereira,Energía,5.6,71.9,67.0,7,5.47,12.4,7.1,1,75.7,59.0,68.6,6.6,9253289.0
6004,Bogotá,Agricultura,2.3,18.51,41.7,1,2.57,19.3,10.9,1,65.3,66.9,93.3,6.3,5730202.0
6005,Medellín,Salud,7.7,24.53,64.9,14,3.75,15.9,-0.6,1,76.3,65.6,10.9,6.3,9485785.0
6006,Manizales,Construcción,34.7,50.45,54.1,84,3.12,13.8,4.2,3,56.6,54.1,84.6,7.5,22407964.0
6007,Bogotá,Hoteles,5.9,75.51,70.1,12,3.56,24.2,13.9,2,70.9,75.0,93.6,6.1,10784743.0
6008,Manizales,Información,9.5,16.52,59.3,11,4.4,24.2,4.7,0,56.3,62.6,76.5,5.2,7596016.0
6009,Manizales,Salud,27.5,74.2,62.4,11,3.1,21.9,15.1,0,74.6,66.1,40.2,5.9,9289201.0
6010,Bogotá,Hoteles,10.2,74.39,57.8,14,3.72,24.9,6.2,1,67.9,65.5,11.8,6.6,11181968.0
6011,Bogotá,Información,21.2,58.37,74.1,28,5.34,12.7,6.4,3,83.4,74.5,3.2,7.7,16550525.0
6012,Bogotá,Agricultura,19.7,8.13,54.6,5,3.55,20.9,14.2,1,61.9,71.9,20.1,5.9,7672627.0
6013,Medellín,Transporte,6.2,8.44,63.8,6,3.54,24.7,2.6,1,70.6,66.9,62.2,5.8,7885479.0
6014,Medellín,Comercio,9.2,29.36,64.3,2,3.45,23.0,5.9,0,65.6,61.9,16.6,5.3,6720838.0
6015,Medellín,Comercio,9.6,64.54,58.7,5,4.37,29.6,6.9,1,73.7,73.5,89.8,5.8,8354944.0
6016,Bogotá,Agricultura,5.9,19.49,52.3,3,3.52,28.7,4.0,0,62.2,59.2,80.3,4.3,5570450.0
6017,Medellín,Comercio,13.4,68.05,63.3,12,2.8,27.6,-0.7,2,67.6,68.2,28.5,7.7,8362511.0
6018,Barranquilla,Comercio,21.7,64.4,43.2,32,3.27,27.3,3.8,2,55.3,52.0,96.9,6.7,9209159.0
6019,Bogotá,Financiero,7.2,68.54,76.4,12,4.85,11.7,-4.1,1,67.5,69.4,66.6,7.1,9919173.0
6020,Medellín,Comercio,25.9,2.97,56.3,12,3.45,23.4,11.2,1,65.2,72.9,25.3,6.6,9052184.0
6021,Bogotá,Construcción,29.8,3.07,73.4,44,4.62,19.7,3.8,1,77.1,70.9,76.8,5.4,16777115.0
6022,Bogotá,Minas,11.8,49.65,86.3,16,5.46,15.5,4.5,0,75.4,82.6,77.0,6.3,13470573.0
6023,Bogotá,Comercio,13.0,64.52,50.4,9,3.87,24.4,7.0,0,64.7,64.4,67.9,5.7,9150629.0
6024,Otras,Manufactura,20.7,56.3,58.7,63,4.17,19.9,4.6,1,72.0,64.1,65.5,5.9,18050192.0
6025,Bogotá,Salud,6.4,34.59,63.2,8,4.77,11.7,-2.9,1,61.1,72.0,67.8,5.7,8109380.0
6026,Pereira,Comercio,13.1,60.62,54.7,14,3.75,23.2,6.8,1,65.8,51.5,58.7,5.0,8108543.0
6027,Bogotá,Comercio,26.8,6.98,66.4,9,3.83,30.8,8.7,0,82.6,72.5,0.9,6.4,10043190.0
6028,Cartagena,Comercio,26.2,78.03,50.6,4,3.65,28.9,9.5,1,57.4,61.1,66.1,6.1,6730386.0
6029,Bogotá,Comercio,6.4,35.88,60.3,29,4.53,25.7,1.8,4,71.2,60.7,96.8,7.0,12875397.0
6030,Bogotá,Hoteles,12.0,67.25,61.0,5,4.2,28.4,6.6,2,49.6,64.2,52.6,6.6,6973927.0
6031,Otras,Comercio,9.6,13.75,47.4,38,3.35,23.2,-0.9,2,59.5,44.4,27.7,7.6,10190251.0
6032,Medellín,Manufactura,5.0,6.83,58.5,123,3.47,15.9,2.6,3,56.6,73.1,94.8,7.0,23165074.0
6033,Bucaramanga,Financiero,23.1,73.09,60.2,26,4.1,5.8,6.3,2,74.2,65.3,17.6,5.8,12342198.0
6034,Bogotá,Minas,4.3,2.88,88.3,23,5.12,15.2,6.5,3,76.0,88.4,52.4,8.1,14927711.0
6035,Bucaramanga,Construcción,17.5,5.55,58.6,5,4.32,24.5,3.6,1,69.2,64.8,79.3,6.4,7764755.0
6036,Otras,Construcción,3.3,38.55,50.4,12,3.2,19.9,23.1,3,53.9,62.9,13.1,6.9,8328123.0
6037,Medellín,Comercio,13.0,39.19,61.4,64,3.5,21.5,7.6,3,67.9,70.1,66.1,7.5,16743988.0
6038,Cartagena,Energía,5.6,19.89,78.7,13,5.28,1.9,9.9,0,72.8,66.9,78.1,6.1,11266237.0
6039,Pereira,Comercio,16.4,54.56,66.6,8,3.18,20.3,10.1,1,67.7,60.0,29.7,6.2,8777595.0
6040,Medellín,Información,13.7,57.53,69.7,46,4.77,20.4,10.2,3,74.5,77.0,36.8,7.9,17985968.0
6041,Otras,Construcción,17.6,76.46,66.5,47,3.02,26.8,5.0,0,68.1,56.8,35.9,7.5,12305597.0
6042,Cartagena,Comercio,11.3,15.35,73.4,47,4.21,26.6,5.4,2,69.6,66.9,24.0,6.5,16784657.0
6043,Cali,Comercio,3.5,4.46,61.6,9,2.82,27.9,10.3,2,78.3,63.8,58.1,7.1,8515250.0
6044,Cartagena,Comercio,14.2,50.02,57.9,13,4.26,25.8,13.7,1,72.4,66.3,9.2,5.8,9262860.0
6045,Medellín,Transporte,11.0,53.39,63.8,11,3.89,16.9,-3.9,1,56.5,70.2,68.9,5.8,12638823.0
6046,Pereira,Comercio,3.4,31.13,59.5,17,3.51,27.8,4.5,2,68.3,63.1,95.7,7.6,9002581.0
6047,Barranquilla,Transporte,16.6,54.41,57.8,20,4.59,19.5,5.0,3,68.0,51.1,40.6,7.1,10294951.0
6048,Medellín,Agricultura,6.9,69.13,52.5,32,2.92,21.9,4.2,1,64.2,63.2,65.8,6.1,9606328.0
6049,Bogotá,Profesionales,1.6,46.49,64.4,11,4.84,16.6,-5.3,1,65.7,75.1,77.0,5.8,8820525.0
6050,Medellín,Comercio,4.9,79.16,61.7,16,3.59,26.0,8.1,0,58.0,63.4,86.5,7.2,8003487.0
6051,Cali,Profesionales,2.4,36.83,70.0,10,5.05,10.1,6.4,2,66.2,62.7,21.7,7.8,9449183.0
6052,Bogotá,Comercio,18.9,29.99,56.8,5,3.93,32.6,10.1,0,66.7,67.3,12.6,6.6,7054788.0
6053,Bucaramanga,Comercio,14.7,63.98,39.0,26,3.41,27.4,1.4,1,59.2,65.5,2.0,5.5,8026265.0
6054,Manizales,Manufactura,10.3,63.7,59.3,65,3.31,17.4,-0.1,2,71.3,65.0,84.6,5.8,15802416.0
6055,Barranquilla,Comercio,3.8,46.92,52.9,14,3.51,30.8,2.0,1,72.2,56.9,83.2,6.3,7972478.0
6056,Bogotá,Hoteles,6.4,2.08,51.3,2,4.65,26.3,3.9,0,53.7,62.1,16.7,7.3,5593812.0
6057,Bogotá,Comercio,20.1,59.96,60.3,5,3.49,17.3,6.1,2,67.7,79.9,27.6,6.5,8514148.0
6058,Bogotá,Manufactura,13.7,66.66,57.5,25,4.65,11.5,2.0,0,66.6,63.0,61.7,5.1,10959142.0
6059,Cali,Construcción,8.4,37.07,43.0,37,3.34,19.6,15.0,3,51.5,55.6,72.8,6.3,10980892.0
6060,Medellín,Profesionales,24.1,34.76,59.9,20,5.46,18.0,2.6,3,80.2,73.3,89.8,6.7,13080787.0
6061,Bogotá,Agricultura,1.0,8.71,55.1,4,2.92,17.7,13.7,0,56.0,69.8,55.3,6.5,6049954.0
6062,Cartagena,Energía,8.0,43.05,65.3,19,5.03,7.8,8.8,1,64.0,59.6,57.1,7.0,11042526.0
6063,Cali,Comercio,14.0,56.72,52.7,11,3.86,30.1,10.1,3,64.8,57.6,40.3,7.4,8732215.0
6064,Otras,Profesionales,6.1,63.04,54.1,30,3.54,11.8,12.3,2,62.2,62.8,4.7,5.8,10904338.0
6065,Medellín,Salud,48.3,28.36,73.9,54,4.59,8.2,-0.4,5,66.3,69.4,22.5,6.9,19040866.0
6066,Bucaramanga,Profesionales,5.3,26.04,60.7,45,5.42,16.9,12.0,3,59.2,60.2,83.2,6.6,16826617.0
6067,Bogotá,Comercio,35.7,45.37,53.3,10,3.88,14.1,21.1,0,55.5,65.6,46.2,5.4,9082677.0
6068,Bucaramanga,Agricultura,6.8,60.44,48.1,14,2.03,25.9,-2.3,1,55.8,56.7,55.2,6.1,5756796.0
6069,Bogotá,Transporte,5.3,20.3,39.1,21,4.22,29.7,-1.8,3,59.1,52.8,13.0,6.3,8854637.0
6070,Cali,Manufactura,3.4,49.94,67.4,9,3.5,16.2,-3.9,0,66.5,66.2,42.3,5.5,7739871.0
6071,Medellín,Minas,23.7,79.68,71.6,15,4.25,21.7,-4.7,2,67.8,68.9,51.0,6.8,9581209.0
6072,Cali,Transporte,3.8,43.95,43.4,2,2.62,22.1,2.5,3,47.3,77.9,56.1,8.0,6046718.0
6073,Manizales,Transporte,8.8,65.35,52.1,4,4.52,16.7,13.8,1,64.5,63.0,48.9,5.9,6859455.0
6074,Barranquilla,Comercio,26.4,49.47,51.0,4,3.36,28.1,4.7,2,69.1,60.6,96.7,4.9,7552378.0
6075,Bogotá,Manufactura,25.8,43.56,69.7,22,4.73,17.6,6.6,0,74.5,78.1,76.5,6.3,12043017.0
6076,Pereira,Agricultura,5.6,62.7,50.4,4,3.25,35.4,5.0,4,58.3,68.8,95.8,7.0,7061980.0
6077,Cali,Manufactura,10.7,39.22,70.1,7,4.28,20.4,1.6,1,74.4,73.7,33.9,6.0,8769057.0
6078,Cali,Manufactura,11.7,33.41,73.5,42,4.31,26.6,10.1,3,66.6,62.5,91.3,7.3,15703275.0
6079,Cartagena,Transporte,19.2,61.82,65.9,28,4.0,21.2,17.3,7,72.0,52.9,92.1,8.6,14582606.0
6080,Barranquilla,Comercio,12.9,24.91,59.0,61,3.73,33.9,12.6,3,66.1,54.4,43.2,6.6,16365124.0
6081,Cali,Transporte,10.3,37.08,56.3,34,4.06,24.2,1.6,0,60.9,64.6,31.2,6.4,11251200.0
6082,Bogotá,Agricultura,11.8,32.89,60.6,2,3.21,23.6,1.2,3,64.7,62.6,1.6,6.5,7349427.0
6083,Cali,Agricultura,5.5,36.59,35.6,8,3.23,26.7,3.2,0,54.4,55.8,92.4,6.6,4524528.0
6084,Cali,Información,6.6,61.57,73.7,57,5.05,8.4,-2.7,1,66.2,65.4,14.4,6.1,18742617.0
6085,Bogotá,Salud,9.2,70.26,66.8,6,4.08,23.7,7.0,2,75.5,75.2,63.4,6.6,9468817.0
6086,Bogotá,Profesionales,8.9,41.35,91.3,15,5.93,17.8,-4.3,0,71.7,75.3,64.0,5.9,11894648.0
6087,Cali,Construcción,33.0,44.66,62.2,17,3.18,19.5,1.9,2,76.4,69.9,16.6,7.3,9732206.0
6088,Bucaramanga,Construcción,7.7,21.48,62.3,15,3.53,26.8,4.6,0,62.1,62.9,67.7,5.7,8276110.0
6089,Bogotá,Financiero,11.9,4.05,84.9,25,6.68,13.7,-3.2,1,73.4,66.9,10.5,5.1,15420940.0
6090,Pereira,Manufactura,4.1,67.63,67.8,81,2.94,15.0,12.4,1,64.7,68.7,9.0,6.1,17209840.0
6091,Bogotá,Transporte,12.5,71.76,57.8,18,4.14,21.7,10.0,1,59.8,70.6,89.0,6.1,10158804.0
6092,Bogotá,Agricultura,17.5,79.05,36.3,12,3.66,14.1,-0.8,0,58.1,54.3,15.4,6.5,5585440.0
6093,Bogotá,Manufactura,4.9,30.86,79.6,10,4.76,16.5,10.3,0,72.7,72.7,75.0,6.6,10630679.0
6094,Otras,Información,6.2,8.88,58.4,68,3.97,10.7,6.0,2,65.2,52.3,50.6,6.9,17008478.0
6095,Barranquilla,Comercio,25.8,74.69,58.5,14,3.49,36.9,15.5,1,69.5,55.7,56.2,6.0,9327227.0
6096,Cali,Comercio,17.5,37.93,49.5,27,3.61,17.9,6.3,3,69.2,68.2,75.0,6.7,10653125.0
6097,Medellín,Energía,8.6,73.42,85.8,6,6.33,3.9,8.7,0,71.5,69.3,62.7,7.0,10657841.0
6098,Pereira,Manufactura,5.5,56.92,65.7,56,3.06,20.6,3.7,3,54.3,58.5,49.4,7.4,13997572.0
6099,Bogotá,Construcción,2.1,36.29,58.9,41,3.46,34.4,2.4,1,66.6,69.0,8.4,5.9,11913371.0
6100,Medellín,Manufactura,8.9,8.11,75.3,33,4.13,14.5,15.1,0,78.6,75.6,45.3,5.9,13943199.0
6101,Bogotá,Información,20.3,67.66,57.6,9,5.81,19.6,-0.1,0,71.1,61.4,49.8,5.7,8234446.0
6102,Cali,Transporte,2.9,53.35,55.5,14,3.88,25.3,10.1,0,67.0,71.9,98.1,5.8,8487291.0
6103,Cali,Información,12.0,63.63,71.8,32,5.65,6.4,9.0,2,69.8,75.6,71.0,7.4,16091426.0
6104,Otras,Comercio,12.5,53.93,68.7,6,3.46,38.1,-2.2,3,65.5,51.4,59.8,6.7,7993316.0
6105,Medellín,Hoteles,5.7,1.08,46.7,13,2.87,28.5,4.0,1,53.0,50.8,99.5,6.5,6428967.0
6106,Bogotá,Comercio,25.1,2.34,63.9,33,4.77,29.4,9.0,1,71.3,68.8,20.2,5.8,13418733.0
6107,Medellín,Salud,9.7,31.75,58.2,11,4.37,19.1,1.4,3,68.5,72.6,1.6,6.1,9105184.0
6108,Cali,Manufactura,10.6,18.02,58.9,15,4.15,12.1,-0.5,0,58.0,72.6,51.1,6.8,7833156.0
6109,Medellín,Comercio,7.6,9.5,38.9,24,3.29,25.5,10.2,2,52.0,49.2,10.0,7.1,8040595.0
6110,Medellín,Comercio,60.0,8.08,61.0,147,3.78,13.8,-1.9,2,65.6,61.3,56.5,7.2,28338863.0
6111,Barranquilla,Comercio,3.3,73.68,52.3,13,4.06,20.6,2.2,1,67.3,54.4,97.4,5.3,7862101.0
6112,Bucaramanga,Transporte,18.3,24.44,57.3,7,3.82,22.8,-4.2,2,64.7,63.5,59.6,7.0,6921077.0
6113,Otras,Agricultura,11.6,68.1,45.0,6,2.18,23.1,0.8,0,58.3,49.8,90.8,5.7,4930964.0
6114,Bogotá,Minas,8.0,29.49,73.7,38,6.41,12.2,12.6,0,70.9,65.6,34.1,6.2,17957191.0
6115,Otras,Transporte,17.3,13.37,51.9,15,2.88,18.5,6.4,1,72.7,52.7,52.7,6.9,8717142.0
6116,Otras,Hoteles,21.7,67.91,43.1,16,3.05,23.0,2.7,1,59.2,53.2,5.5,5.8,7305133.0
6117,Bucaramanga,Comercio,26.4,56.23,59.1,15,4.08,27.8,10.3,1,68.5,54.0,23.0,6.9,9780438.0
6118,Medellín,Comercio,8.9,69.62,66.2,21,2.89,24.7,6.7,1,69.3,80.1,73.3,7.7,9995818.0
6119,Bogotá,Manufactura,30.4,54.3,68.6,6,4.31,21.4,6.6,1,80.4,60.2,73.4,6.6,9454616.0
6120,Medellín,Comercio,16.1,49.8,59.3,8,4.32,34.4,11.3,2,70.0,71.0,67.5,5.7,8995644.0
6121,Pereira,Agricultura,9.6,3.49,74.4,33,2.92,20.5,3.7,1,66.3,76.0,78.6,6.9,11361393.0
6122,Bogotá,Comercio,12.0,13.76,60.6,12,4.68,23.9,9.2,3,67.7,68.9,31.9,7.7,9844298.0
6123,Bogotá,Comercio,6.3,29.62,57.9,13,4.28,17.8,13.3,1,51.2,80.1,91.9,6.2,8842294.0
6124,Bogotá,Comercio,6.3,49.5,73.0,14,4.18,28.3,-2.4,0,81.9,84.0,57.6,5.8,10372162.0
6125,Bogotá,Minas,11.2,57.0,68.5,30,4.94,12.7,4.0,1,67.4,78.8,17.8,6.3,13772189.0
6126,Bogotá,Comercio,45.3,2.01,50.6,8,2.93,17.9,6.5,1,77.3,76.0,70.6,6.0,8157751.0
6127,Cali,Información,8.0,56.39,60.3,48,5.49,13.4,-15.0,1,66.5,61.2,84.0,5.2,16694470.0
6128,Bogotá,Información,6.3,36.35,69.2,2,5.4,14.9,-1.5,0,73.1,72.7,23.4,5.8,7775604.0
6129,Bogotá,Información,12.6,32.75,63.7,5,5.06,6.3,9.1,1,61.5,75.3,9.1,6.1,7998439.0
6130,Cali,Manufactura,43.1,64.25,60.9,47,4.02,9.0,8.0,1,89.1,65.0,30.8,5.9,16731433.0
6131,Medellín,Comercio,4.1,78.04,58.8,10,2.82,30.3,2.3,0,65.2,63.8,87.5,6.2,6659064.0
6132,Barranquilla,Manufactura,19.0,56.78,54.1,13,4.04,19.7,6.0,2,61.6,59.7,72.3,6.1,8207048.0
6133,Manizales,Profesionales,10.1,66.77,79.0,10,4.07,23.4,12.5,1,69.3,64.8,81.4,6.8,10104052.0
6134,Otras,Comercio,22.9,17.78,68.6,18,3.5,27.4,16.3,1,79.8,68.4,80.8,6.6,11903318.0
6135,Cali,Comercio,7.6,70.58,40.8,18,3.57,22.0,6.9,1,65.0,57.3,10.6,6.1,7683155.0
6136,Cali,Profesionales,5.5,71.58,67.1,13,4.47,16.6,-0.4,3,67.9,63.3,48.9,6.6,10106422.0
6137,Bogotá,Financiero,60.0,35.29,56.4,5,4.4,0.0,-1.0,2,85.7,68.1,63.6,8.0,8508453.0
6138,Cali,Construcción,7.3,64.54,64.7,20,4.6,18.2,7.5,2,59.3,70.9,48.4,6.8,10946217.0
6139,Bogotá,Comercio,8.8,44.69,59.1,49,4.11,30.7,-6.5,1,63.6,75.6,74.0,6.4,13854909.0
6140,Bogotá,Agricultura,10.4,34.73,50.9,8,2.19,23.1,-2.1,4,55.8,68.0,75.1,7.8,6685372.0
6141,Barranquilla,Profesionales,19.7,48.17,56.9,14,3.46,11.3,-5.0,0,64.1,53.8,47.9,5.8,7328334.0
6142,Bogotá,Transporte,7.1,18.02,59.1,2,4.06,10.7,5.7,4,65.2,77.4,73.3,7.2,8827233.0
6143,Cali,Manufactura,28.0,60.03,68.6,27,4.62,11.4,4.1,2,73.8,63.9,31.6,7.2,13402790.0
6144,Bogotá,Agricultura,6.1,46.33,50.0,3,3.5,29.5,4.6,0,62.5,62.2,38.8,6.4,5590398.0
6145,Bogotá,Manufactura,10.6,3.64,56.9,26,4.12,17.4,11.4,1,54.3,75.5,60.0,6.1,10614025.0
6146,Bogotá,Construcción,18.5,71.84,60.7,6,4.09,30.7,6.1,0,69.9,64.5,0.9,5.9,7538237.0
6147,Bogotá,Energía,5.6,31.33,70.2,29,5.17,12.1,1.8,1,60.8,72.2,42.0,5.1,13334048.0
6148,Bogotá,Profesionales,24.5,32.74,89.6,25,4.88,14.5,13.4,2,94.6,84.0,51.0,6.9,16837208.0
6149,Bogotá,Financiero,8.6,35.94,71.2,13,6.18,11.1,-3.8,1,72.1,64.8,93.2,6.3,10771866.0
6150,Barranquilla,Transporte,1.8,7.75,54.4,22,3.96,24.0,0.6,1,56.9,57.5,1.4,6.8,8592567.0
6151,Bogotá,Comercio,16.6,58.97,59.8,3,3.93,25.6,4.9,1,69.7,66.5,55.2,6.0,7215013.0
6152,Cali,Información,9.5,64.12,61.8,17,5.17,7.0,14.8,1,69.4,69.7,95.9,6.1,11049282.0
6153,Pereira,Construcción,30.2,24.85,40.0,31,3.74,16.6,14.4,2,61.4,51.5,50.1,6.1,11488206.0
6154,Bucaramanga,Transporte,11.2,8.55,42.4,7,3.3,29.5,1.7,2,53.9,52.3,43.2,7.2,5277731.0
6155,Cartagena,Manufactura,7.1,76.51,60.8,12,4.01,14.0,5.4,1,63.8,70.2,81.0,6.6,8879335.0
6156,Cali,Manufactura,2.4,9.11,60.2,17,4.75,19.0,3.6,2,57.4,62.3,50.8,7.2,9581845.0
6157,Bucaramanga,Manufactura,1.2,1.46,53.5,17,3.49,18.8,12.2,2,57.2,51.3,93.9,7.1,8081449.0
6158,Medellín,Manufactura,25.0,69.37,67.7,154,4.54,17.3,0.2,6,76.2,61.5,97.7,9.4,37034504.0
6159,Bogotá,Comercio,5.4,11.9,53.7,9,3.46,23.6,13.0,6,55.2,63.7,38.4,7.8,8707262.0
6160,Bogotá,Comercio,2.1,40.09,66.7,36,3.71,24.8,5.9,1,74.7,77.8,58.7,7.0,13311095.0
6161,Bucaramanga,Comercio,60.0,41.58,45.6,34,3.95,18.3,3.4,2,68.2,61.3,89.0,7.2,12035173.0
6162,Medellín,Transporte,5.4,48.58,55.2,6,3.28,22.4,17.4,0,64.4,63.2,53.4,5.9,6832952.0
6163,Manizales,Comercio,25.1,48.26,52.9,8,3.15,25.0,-6.6,1,63.3,65.4,77.1,6.1,8577992.0
6164,Bogotá,Comercio,3.1,78.93,54.2,8,3.77,31.0,8.5,1,54.5,71.4,59.0,8.1,6794235.0
6165,Otras,Manufactura,37.7,33.89,65.7,9,3.83,13.3,5.0,2,78.0,64.8,74.3,7.4,10070239.0
6166,Medellín,Manufactura,5.2,18.91,59.4,9,4.07,22.1,8.8,0,58.0,61.1,82.3,6.8,7365345.0
6167,Cartagena,Minas,18.3,32.48,77.1,92,4.58,13.5,-11.2,1,72.0,62.3,39.0,4.8,24438111.0
6168,Barranquilla,Manufactura,32.2,53.41,67.7,73,3.56,18.8,-4.9,3,90.4,68.0,59.5,8.1,19543711.0
6169,Pereira,Hoteles,12.5,26.78,52.1,23,2.7,37.7,-6.4,1,65.4,62.5,4.4,5.8,7613291.0
6170,Pereira,Financiero,6.3,6.89,80.1,1,4.24,7.0,21.2,1,69.5,64.7,4.9,7.6,9361405.0
6171,Cartagena,Comercio,7.3,37.99,65.0,5,3.2,36.4,-3.5,4,65.6,74.7,25.6,7.7,8407553.0
6172,Barranquilla,Información,23.4,6.88,64.0,69,3.86,5.0,14.4,1,70.6,66.3,50.4,7.2,19578814.0
6173,Bogotá,Hoteles,4.7,17.67,57.2,22,4.67,28.3,-7.8,1,59.9,69.1,67.0,6.5,9541500.0
6174,Otras,Información,7.6,53.26,60.7,16,3.52,17.9,-6.4,1,78.2,59.7,32.3,6.8,9295510.0
6175,Bogotá,Hoteles,10.5,31.28,55.8,15,3.66,24.7,4.5,3,55.6,73.6,5.9,6.7,8938746.0
6176,Pereira,Comercio,12.4,25.6,62.7,4,3.33,21.3,3.4,1,79.6,62.8,2.3,5.6,7993649.0
6177,Pereira,Manufactura,36.8,10.0,59.0,40,3.59,19.1,6.5,0,72.6,61.0,0.1,6.0,17468640.0
6178,Medellín,Manufactura,7.5,45.2,62.0,12,3.79,24.0,10.9,1,75.2,70.4,35.7,7.0,9468298.0
6179,Cartagena,Información,10.6,33.67,76.9,39,5.27,10.8,12.4,0,62.7,49.7,57.7,6.2,15665868.0
6180,Bogotá,Salud,14.1,13.05,73.3,91,4.91,25.6,0.5,2,69.1,76.9,57.3,6.8,25738488.0
6181,Pereira,Manufactura,2.4,6.44,72.2,10,3.35,30.4,5.3,0,71.2,65.3,98.2,6.1,8225287.0
6182,Medellín,Información,27.4,4.09,73.4,14,4.49,7.1,-0.7,2,81.8,70.8,19.6,6.6,11300219.0
6183,Bogotá,Comercio,4.4,37.17,52.2,9,4.73,27.6,-4.7,0,55.3,71.3,16.8,6.6,6583385.0
6184,Bogotá,Manufactura,50.3,37.55,76.7,120,3.79,7.6,10.0,2,92.0,69.4,31.6,5.7,29246875.0
6185,Bogotá,Transporte,11.1,18.81,56.0,21,3.82,20.3,4.4,0,60.0,68.7,74.8,7.0,9128482.0
6186,Barranquilla,Financiero,13.0,9.92,55.2,6,4.55,12.8,10.8,0,55.1,64.4,94.3,7.1,7065109.0
6187,Medellín,Manufactura,9.2,31.13,75.2,25,4.5,15.1,14.0,0,81.3,68.4,90.5,6.3,13215438.0
6188,Cali,Hoteles,6.1,11.9,45.4,18,3.6,25.9,-4.4,1,55.3,67.6,65.0,7.0,7152791.0
6189,Barranquilla,Financiero,22.4,19.17,55.2,5,5.18,7.2,13.0,0,66.9,46.5,43.3,6.5,7735250.0
6190,Medellín,Manufactura,7.5,57.11,56.2,56,4.76,18.8,13.2,2,60.4,65.7,98.8,7.3,17407835.0
6191,Otras,Profesionales,39.6,60.13,66.2,21,4.52,3.6,2.1,0,75.7,50.2,20.6,6.9,11719634.0
6192,Bogotá,Comercio,9.2,11.28,54.4,8,3.58,25.5,9.5,0,62.5,68.5,91.3,6.0,6991312.0
6193,Bogotá,Información,14.1,68.22,66.0,11,4.64,11.5,9.0,1,64.4,69.6,84.2,6.2,10019019.0
6194,Bogotá,Manufactura,13.7,63.79,66.9,16,5.19,19.9,4.5,2,64.3,67.6,22.7,6.2,10952287.0
6195,Barranquilla,Manufactura,12.7,79.67,62.6,29,4.6,20.0,1.9,2,60.8,59.6,87.7,7.7,11779672.0
6196,Bogotá,Manufactura,15.9,56.95,54.4,11,3.48,19.3,4.0,2,70.8,76.0,66.0,6.8,8815281.0
6197,Medellín,Comercio,21.7,52.13,55.5,16,3.97,25.7,9.7,1,67.3,69.6,58.6,7.1,9502290.0
6198,Barranquilla,Construcción,9.8,11.47,57.8,4,3.29,31.4,18.1,0,50.0,63.5,2.9,5.7,6290996.0
6199,Cali,Comercio,44.0,40.2,62.2,10,3.88,17.7,6.3,0,65.9,81.5,54.7,7.1,8901645.0
6200,Bogotá,Comercio,19.6,65.86,64.0,5,3.79,27.4,8.5,0,63.1,76.5,78.7,6.7,7784113.0
6201,Bucaramanga,Agricultura,9.4,18.32,55.8,21,2.36,28.7,6.7,1,44.5,64.8,94.2,6.6,7356434.0
6202,Bucaramanga,Información,6.8,0.53,72.4,27,4.89,18.2,5.9,1,70.2,61.7,40.8,7.1,13816527.0
6203,Bucaramanga,Construcción,9.4,10.82,51.0,21,3.07,21.7,15.7,0,51.7,54.0,27.1,5.7,7372329.0
6204,Medellín,Comercio,9.7,71.26,63.3,20,4.74,23.8,11.4,2,76.5,64.8,6.6,6.7,11964055.0
6205,Cali,Comercio,6.2,64.74,59.8,31,3.38,16.6,3.7,3,68.4,68.9,96.5,7.8,11709736.0
6206,Barranquilla,Comercio,4.3,77.18,56.2,19,3.37,26.6,2.3,1,59.9,63.9,58.1,6.2,8179869.0
6207,Bogotá,Manufactura,19.1,33.27,65.3,44,4.75,2.3,-0.0,3,65.8,72.1,94.6,7.2,16247700.0
6208,Bogotá,Transporte,9.3,61.75,73.2,9,4.07,20.0,-0.6,1,67.1,72.4,12.1,6.6,9318938.0
6209,Bucaramanga,Construcción,9.2,5.8,62.5,9,3.71,30.7,2.8,0,67.5,73.0,4.2,5.2,7262339.0
6210,Barranquilla,Hoteles,22.1,75.46,49.8,19,3.33,25.2,2.5,3,58.8,53.0,16.4,6.2,8445103.0
6211,Bucaramanga,Construcción,11.8,2.73,59.9,50,3.78,28.7,7.3,1,65.2,52.2,70.8,6.2,13842458.0
6212,Bogotá,Información,16.9,72.84,72.3,77,5.82,11.6,1.5,0,60.2,69.8,75.1,5.0,24907644.0
6213,Medellín,Hoteles,25.0,65.14,37.0,7,3.79,19.5,5.1,1,49.3,62.3,63.4,5.8,5022598.0
6214,Bogotá,Información,6.2,4.63,78.8,11,6.01,19.0,-11.3,0,69.7,67.2,10.8,6.4,9830351.0
6215,Bogotá,Información,4.9,16.72,75.4,68,5.17,19.9,-1.7,1,75.1,75.3,2.5,6.3,21599721.0
6216,Medellín,Comercio,12.0,66.35,43.0,10,2.96,22.5,2.2,3,54.4,65.4,16.5,7.2,6630566.0
6217,Medellín,Hoteles,12.4,1.57,50.8,19,3.51,24.9,13.0,2,75.3,58.0,4.9,7.1,9223093.0
6218,Cali,Financiero,5.4,59.24,72.5,20,5.7,17.4,10.9,0,68.4,71.5,53.5,6.9,11607725.0
6219,Pereira,Comercio,20.3,29.24,54.4,27,3.77,15.4,6.0,0,60.5,55.8,88.4,7.3,9726826.0
6220,Bucaramanga,Construcción,5.7,25.97,51.0,9,3.79,16.9,0.5,0,53.5,62.7,18.0,6.0,8169567.0
6221,Bogotá,Agricultura,4.2,34.3,63.1,5,3.27,13.2,3.9,0,67.3,65.3,33.8,5.5,7192303.0
6222,Cartagena,Financiero,49.8,56.78,52.9,25,4.67,4.7,4.7,1,64.4,55.7,40.9,5.6,11819166.0
6223,Barranquilla,Comercio,8.8,12.61,60.7,4,3.88,28.8,4.6,1,61.1,49.5,87.8,5.4,6750135.0
6224,Otras,Financiero,32.4,26.88,64.2,7,4.38,8.5,1.3,0,84.9,59.1,48.8,5.2,9297406.0
6225,Medellín,Hoteles,11.0,4.26,43.6,4,3.52,29.3,5.0,0,62.8,59.6,61.0,6.8,5483591.0
6226,Bogotá,Transporte,29.8,52.68,67.0,44,4.24,17.0,-2.1,1,71.3,64.0,34.6,5.5,14407327.0
6227,Manizales,Financiero,14.4,23.03,66.3,3,4.82,3.9,10.9,1,74.2,58.4,93.4,5.4,8530331.0
6228,Bogotá,Construcción,53.5,13.69,63.4,108,4.16,12.5,-5.0,0,80.1,62.6,5.4,5.5,24891997.0
6229,Cartagena,Comercio,3.1,15.6,55.7,6,3.43,19.2,16.0,0,54.0,62.9,54.7,5.7,6311918.0
6230,Bogotá,Manufactura,23.6,26.32,62.5,33,3.61,21.3,4.9,1,66.7,67.0,46.9,7.1,12202152.0
6231,Barranquilla,Minas,4.5,31.42,58.3,49,4.8,8.8,4.3,2,57.5,52.6,47.6,7.5,15688572.0
6232,Bogotá,Energía,2.8,74.03,66.4,33,5.25,7.4,-3.5,1,54.3,79.7,99.4,5.8,13473048.0
6233,Medellín,Comercio,6.1,49.81,39.6,11,3.48,23.4,14.5,2,45.8,62.7,32.1,5.8,6345220.0
6234,Bogotá,Hoteles,2.6,69.86,53.8,1,2.67,30.8,4.0,0,64.1,69.0,27.8,5.5,5506588.0
6235,Medellín,Manufactura,9.7,11.86,74.5,11,4.19,26.0,8.5,1,76.2,61.4,35.5,6.2,10072779.0
6236,Bogotá,Comercio,19.5,13.37,60.0,13,3.81,32.2,5.3,2,70.7,62.7,57.9,7.0,9245424.0
6237,Medellín,Minas,15.0,37.22,71.0,8,4.98,7.1,-1.9,0,74.8,68.8,25.7,6.5,9414134.0
6238,Cali,Información,6.1,35.82,67.6,15,4.11,21.4,5.7,1,76.6,66.4,15.4,7.3,10727448.0
6239,Otras,Comercio,10.8,11.0,43.7,16,3.31,23.7,10.7,2,52.1,56.7,4.3,6.1,7508929.0
6240,Bogotá,Profesionales,7.5,60.85,60.7,6,5.89,18.5,7.0,1,67.9,84.0,25.6,7.8,8407108.0
6241,Bogotá,Agricultura,8.7,74.26,57.2,21,2.89,18.9,12.2,1,64.7,66.4,97.3,6.7,9033487.0
6242,Bogotá,Manufactura,11.1,65.72,69.3,15,2.82,14.6,7.4,2,79.4,83.3,35.2,8.5,10918496.0
6243,Medellín,Transporte,19.5,41.14,44.9,35,3.65,17.1,15.5,0,52.9,65.6,80.4,6.9,10059748.0
6244,Bogotá,Salud,3.9,60.83,72.8,2,4.97,20.9,15.8,0,71.1,78.6,74.1,6.2,8387622.0
6245,Bogotá,Comercio,8.3,45.5,61.9,36,3.89,24.0,16.1,0,71.4,72.9,17.7,6.7,12709941.0
6246,Bogotá,Construcción,10.1,54.75,65.1,20,4.28,27.2,3.0,4,64.1,76.8,96.1,7.9,11317437.0
6247,Medellín,Comercio,3.7,3.29,58.8,9,4.61,19.3,0.1,1,71.0,62.0,61.0,6.1,8610715.0
6248,Bogotá,Comercio,12.2,64.37,61.4,10,3.4,31.9,17.8,1,66.7,69.4,57.3,6.1,8713676.0
6249,Bogotá,Salud,8.7,50.64,73.4,33,3.99,13.3,1.4,1,76.2,68.0,38.3,6.3,13593041.0
6250,Bogotá,Comercio,9.8,60.27,62.1,4,4.09,25.4,11.4,0,58.4,62.5,28.3,5.1,6667317.0
6251,Cartagena,Manufactura,12.7,52.3,61.1,3,3.95,22.4,9.8,0,69.8,55.7,76.6,5.9,7207040.0
6252,Pereira,Manufactura,7.9,63.81,45.2,32,2.43,22.8,4.7,0,57.3,55.0,29.3,5.8,8112350.0
6253,Manizales,Profesionales,7.9,36.65,56.7,95,4.07,18.5,22.2,1,65.2,63.4,69.3,4.6,22368882.0
6254,Cali,Manufactura,6.7,13.97,61.0,12,3.61,18.4,4.2,2,58.6,56.4,8.5,6.8,8015844.0
6255,Medellín,Hoteles,19.8,61.52,48.4,15,2.99,30.9,14.9,1,71.3,68.4,36.1,6.3,8239443.0
6256,Medellín,Comercio,4.9,42.58,63.1,12,3.79,23.0,6.1,1,59.8,59.5,7.4,6.6,8096838.0
6257,Bogotá,Salud,4.2,36.85,64.0,10,4.95,20.6,11.1,0,61.6,66.4,80.6,5.9,8335719.0
6258,Bogotá,Profesionales,8.5,39.53,70.6,43,4.58,10.6,23.2,0,78.4,65.2,70.8,7.0,16107685.0
6259,Bogotá,Manufactura,2.0,34.91,85.7,15,5.0,20.8,9.6,2,71.5,86.2,75.7,6.8,13012152.0
6260,Bucaramanga,Información,7.6,2.18,70.4,9,4.97,16.6,9.8,2,55.3,61.9,2.6,6.8,9168109.0
6261,Medellín,Información,13.8,6.7,67.0,30,6.17,5.5,-6.1,0,67.5,69.5,52.0,5.8,14454342.0
6262,Medellín,Profesionales,16.0,70.7,79.3,1,3.66,14.8,9.0,0,68.7,75.0,46.0,5.7,8631268.0
6263,Medellín,Hoteles,1.9,67.2,47.9,2,3.78,23.3,-6.6,1,64.7,67.0,62.6,6.8,5784768.0
6264,Medellín,Información,5.9,63.16,71.8,26,5.28,15.3,5.2,0,67.1,73.3,98.0,7.3,12909705.0
6265,Cali,Financiero,7.1,43.3,69.7,5,4.2,0.0,10.8,2,65.0,78.5,99.2,7.8,9356818.0
6266,Pereira,Comercio,5.3,34.27,44.6,12,2.74,26.3,5.7,0,66.1,51.6,32.0,6.7,5906930.0
6267,Pereira,Comercio,7.3,32.36,56.0,7,3.43,45.6,7.4,2,70.0,59.9,92.3,6.1,7526843.0
6268,Bucaramanga,Comercio,5.2,67.52,40.2,20,3.32,31.1,1.8,1,56.0,47.9,10.1,5.5,6695490.0
6269,Bogotá,Comercio,5.9,18.39,66.6,12,3.61,26.8,-1.9,3,66.8,69.6,6.0,6.1,12148603.0
6270,Pereira,Agricultura,6.3,21.46,52.9,26,2.07,19.5,13.3,3,54.9,66.4,29.8,7.9,9115383.0
6271,Bogotá,Manufactura,53.9,17.71,67.7,107,3.91,15.4,0.8,4,69.8,82.4,15.5,6.6,26318770.0
6272,Cali,Profesionales,11.4,23.34,54.5,31,4.72,9.6,7.6,0,59.6,76.6,83.7,4.4,11623642.0
6273,Bogotá,Agricultura,9.7,45.28,63.1,3,3.98,27.3,6.1,0,68.7,70.4,80.1,5.6,7416965.0
6274,Bogotá,Transporte,21.5,58.31,61.4,33,3.7,27.4,3.2,1,62.9,78.4,71.2,7.5,11697235.0
6275,Barranquilla,Hoteles,4.3,31.23,43.3,15,3.6,20.5,6.1,4,58.3,52.8,99.1,8.4,7777597.0
6276,Cartagena,Financiero,16.3,30.66,63.1,2,5.05,0.0,7.9,1,67.3,68.9,4.6,5.3,7874896.0
6277,Cali,Salud,15.0,49.24,75.2,5,4.12,11.9,6.4,2,81.2,75.0,79.0,7.6,10724941.0
6278,Bogotá,Construcción,13.3,18.26,58.8,27,4.69,18.6,1.1,1,75.2,57.5,2.3,5.6,11688829.0
6279,Bogotá,Comercio,11.1,54.72,54.8,11,3.11,31.3,1.6,1,67.3,72.5,37.7,7.3,7576253.0
6280,Barranquilla,Comercio,10.9,9.77,45.2,39,3.91,28.3,4.3,3,60.0,62.9,23.2,7.5,12048041.0
6281,Barranquilla,Transporte,4.0,7.43,67.3,14,5.03,13.2,18.7,1,73.1,70.3,71.0,6.2,10520609.0
6282,Otras,Transporte,10.8,22.53,55.0,8,3.0,30.2,5.7,3,66.8,61.5,95.7,7.9,7583051.0
6283,Cali,Agricultura,14.3,10.22,53.4,8,3.01,22.4,-1.5,1,58.2,70.0,61.7,7.4,6391435.0
6284,Bucaramanga,Manufactura,14.0,16.24,60.9,16,4.21,19.0,6.2,1,69.7,64.2,71.8,6.3,9727340.0
6285,Bogotá,Construcción,8.8,68.28,59.3,7,3.36,31.5,1.2,0,57.4,65.7,65.0,7.2,6194222.0
6286,Bogotá,Transporte,19.0,31.28,53.4,19,3.55,23.1,13.3,2,66.7,60.2,54.3,6.7,10233191.0
6287,Medellín,Financiero,20.7,40.49,65.1,12,5.5,16.9,10.1,0,62.2,72.4,91.9,6.1,9814587.0
6288,Cali,Información,11.4,68.29,66.3,40,4.03,11.0,4.1,2,67.3,73.1,65.1,7.9,14380394.0
6289,Bogotá,Hoteles,19.7,24.31,64.0,2,3.7,20.7,0.3,1,59.6,71.0,95.5,7.4,6455173.0
6290,Otras,Salud,17.8,18.55,72.7,87,4.66,17.5,2.4,5,69.1,75.5,88.0,9.2,25800409.0
6291,Bogotá,Manufactura,9.7,45.33,69.9,11,4.77,23.9,16.9,1,61.5,69.6,12.9,5.7,9891157.0
6292,Medellín,Agricultura,12.4,41.71,62.4,1,2.78,26.7,4.9,1,73.8,73.7,99.6,7.4,7455169.0
6293,Medellín,Comercio,2.3,37.85,55.9,8,3.93,18.6,18.5,3,58.1,67.6,35.4,7.1,8110446.0
6294,Bogotá,Manufactura,13.3,72.45,64.0,58,3.92,25.5,10.4,2,74.8,71.4,83.1,7.2,17939630.0
6295,Cali,Transporte,14.9,79.27,58.8,17,4.01,20.4,-0.1,0,62.4,65.3,52.3,5.5,8681877.0
6296,Bogotá,Comercio,19.3,24.64,74.1,11,4.28,21.8,4.3,2,72.5,74.1,10.6,6.6,10133528.0
6297,Bogotá,Salud,7.7,44.75,62.5,13,4.56,15.8,16.7,4,76.7,65.1,36.2,7.4,11235603.0
6298,Otras,Construcción,7.3,22.36,46.3,15,3.53,26.4,16.3,0,58.3,49.5,84.8,5.7,7188148.0
6299,Cali,Transporte,9.5,64.19,45.8,15,2.89,32.3,15.1,1,63.0,63.2,6.4,5.7,7934991.0
6300,Bogotá,Manufactura,10.9,15.56,77.2,14,5.04,26.1,0.6,0,71.6,72.3,31.2,6.4,10564970.0
6301,Medellín,Transporte,27.9,57.37,47.9,54,3.69,22.1,8.3,1,68.0,59.5,23.4,5.9,14551377.0
6302,Cartagena,Financiero,4.0,12.09,59.1,31,4.33,8.7,9.1,1,62.6,63.9,10.3,6.8,12474079.0
6303,Medellín,Construcción,20.4,18.96,63.3,5,3.43,22.0,5.9,3,70.5,64.7,84.0,6.6,8638012.0
6304,Bogotá,Comercio,28.9,11.32,68.8,33,4.22,20.8,4.7,5,73.5,78.1,59.9,7.7,15418054.0
6305,Otras,Comercio,12.0,19.22,46.5,6,2.63,27.7,17.9,1,57.5,56.9,4.4,7.0,6085086.0
6306,Medellín,Comercio,8.4,18.97,57.5,4,4.33,21.2,4.9,2,62.0,62.0,19.5,6.6,7382816.0
6307,Bogotá,Información,9.3,75.16,59.7,3,4.76,18.1,-0.3,1,68.2,73.1,59.9,5.0,7432622.0
6308,Cali,Comercio,9.0,25.64,55.8,14,4.0,28.3,8.1,3,55.3,53.0,52.1,6.6,8296013.0
6309,Cali,Transporte,32.6,24.38,51.6,61,4.24,18.8,0.7,3,56.5,63.9,85.2,7.1,16617511.0
6310,Medellín,Manufactura,4.4,59.1,67.5,26,4.58,15.3,-0.3,3,62.0,58.7,98.9,6.0,12188044.0
6311,Bogotá,Profesionales,20.3,43.97,67.7,9,4.7,5.2,2.0,0,73.1,79.7,45.1,5.4,9389828.0
6312,Medellín,Financiero,8.1,62.09,79.4,16,5.01,7.5,2.8,3,66.7,76.0,39.5,8.1,12326249.0
6313,Bogotá,Construcción,7.2,8.94,44.6,9,4.8,31.1,3.7,3,66.7,68.7,96.0,7.1,7825050.0
6314,Bogotá,Salud,7.3,44.35,68.0,20,4.69,19.8,3.5,4,76.9,75.4,72.9,6.1,12292100.0
6315,Bogotá,Profesionales,43.9,67.49,61.7,12,4.59,8.8,5.8,0,71.2,63.7,56.1,5.6,10005634.0
6316,Cali,Comercio,8.9,23.42,60.0,27,3.34,33.7,7.6,1,66.4,71.1,38.8,5.7,10226277.0
6317,Bucaramanga,Transporte,26.8,27.33,61.7,3,4.68,28.3,14.3,2,70.0,54.5,64.8,6.9,8468879.0
6318,Cali,Comercio,9.1,60.25,51.2,6,3.2,31.0,16.5,1,60.4,47.3,65.1,6.5,6495443.0
6319,Medellín,Comercio,5.4,21.94,47.4,6,4.07,15.9,3.0,2,53.7,60.9,85.1,5.1,6132622.0
6320,Bogotá,Manufactura,48.5,12.76,67.1,223,4.98,16.5,0.2,3,66.3,61.1,71.1,7.5,52057104.0
6321,Medellín,Transporte,5.0,74.21,47.8,13,3.85,18.2,5.7,4,59.4,71.5,0.4,6.3,8861397.0
6322,Bogotá,Manufactura,6.2,31.6,71.9,34,5.45,26.2,5.7,1,81.5,79.8,97.1,6.6,15766259.0
6323,Bucaramanga,Financiero,23.8,54.59,66.9,2,4.71,9.2,6.9,1,83.0,72.4,78.9,5.0,9389983.0
6324,Cali,Manufactura,14.0,73.27,50.8,62,4.03,8.9,-3.9,0,70.3,58.1,78.3,5.2,15699170.0
6325,Bogotá,Salud,38.5,62.4,76.1,4,5.1,0.6,6.9,2,85.0,85.2,86.7,7.3,10978344.0
6326,Bogotá,Agricultura,23.1,1.61,44.3,34,2.65,17.9,1.8,2,53.3,61.7,73.0,6.6,9333591.0
6327,Cali,Información,10.9,49.54,59.6,7,5.02,9.7,-7.3,1,69.7,70.3,8.6,6.4,7754694.0
6328,Bogotá,Transporte,16.1,5.22,56.4,17,4.17,13.4,-2.0,1,59.9,61.9,67.3,6.7,8711696.0
6329,Bucaramanga,Información,14.9,19.38,65.6,6,4.73,2.9,3.8,0,67.7,62.0,7.7,6.8,12745657.0
6330,Bogotá,Transporte,35.5,28.21,72.1,33,3.02,12.4,5.4,2,82.0,72.3,93.2,7.2,13822685.0
6331,Medellín,Transporte,10.1,74.26,64.3,6,3.77,21.2,1.9,0,68.9,72.8,40.7,6.2,7763030.0
6332,Otras,Energía,7.7,7.53,59.3,16,4.76,5.1,-1.8,0,64.1,52.7,3.6,5.9,9032889.0
6333,Otras,Financiero,7.4,73.09,61.5,3,3.9,9.2,4.8,3,77.1,54.6,80.9,7.3,8409499.0
6334,Cali,Profesionales,14.5,54.67,41.9,31,3.87,17.0,-1.8,2,53.6,55.9,66.9,7.5,9302185.0
6335,Bucaramanga,Comercio,36.8,1.39,53.9,6,3.31,14.3,2.2,0,72.0,59.0,57.0,7.0,6977814.0
6336,Bogotá,Transporte,33.1,16.78,58.0,15,4.16,20.0,8.1,1,80.4,70.2,60.6,5.3,10187413.0
6337,Manizales,Construcción,22.9,72.79,40.0,10,2.51,28.7,3.9,1,58.6,60.2,23.9,5.4,5708885.0
6338,Barranquilla,Energía,5.2,43.59,82.6,7,4.88,10.8,10.6,1,77.9,71.4,73.5,5.6,10487819.0
6339,Bogotá,Profesionales,13.6,40.86,69.8,18,4.22,19.0,-3.4,2,76.8,72.2,93.5,7.7,11412482.0
6340,Cali,Hoteles,7.1,76.69,63.6,4,3.67,24.9,9.1,0,60.1,65.2,94.6,6.7,6911930.0
6341,Medellín,Profesionales,4.8,75.3,66.5,3,5.72,7.8,9.0,1,66.5,74.6,64.2,5.5,8250345.0
6342,Barranquilla,Manufactura,14.7,65.22,54.6,57,3.6,10.9,7.8,3,59.1,68.1,11.3,8.6,15687564.0
6343,Otras,Profesionales,13.4,75.24,73.1,18,4.69,17.1,2.7,1,70.8,53.8,0.1,6.2,11323722.0
6344,Bucaramanga,Construcción,7.3,20.97,40.6,2,4.04,25.8,0.8,0,66.6,56.9,0.3,5.5,4751564.0
6345,Pereira,Profesionales,25.9,12.93,74.9,27,3.66,16.5,-11.1,0,77.3,68.2,5.4,5.6,11205744.0
6346,Barranquilla,Manufactura,2.9,69.25,56.8,44,4.35,20.7,7.5,1,71.8,54.8,52.4,6.6,14387933.0
6347,Bogotá,Financiero,2.7,27.76,70.5,6,5.68,12.5,13.9,2,68.2,81.8,44.3,7.2,10023125.0
6348,Cali,Comercio,7.2,79.12,63.4,9,3.23,25.0,6.1,0,56.8,56.4,90.6,5.0,6676955.0
6349,Bucaramanga,Hoteles,18.4,63.48,50.4,5,3.31,29.6,3.2,0,66.9,52.3,3.7,5.1,5997490.0
6350,Barranquilla,Profesionales,11.1,73.87,75.0,8,5.1,7.4,0.2,1,69.9,63.7,12.7,6.4,9564323.0
6351,Cartagena,Financiero,12.9,36.74,82.0,22,5.3,3.7,13.7,4,70.0,81.4,38.6,7.1,15504249.0
6352,Bucaramanga,Comercio,2.4,29.36,53.9,7,3.52,33.4,-3.3,1,56.7,59.2,82.5,6.6,6323051.0
6353,Medellín,Comercio,28.1,11.64,62.7,73,3.63,25.5,15.1,3,64.8,68.4,87.1,6.7,19369768.0
6354,Medellín,Profesionales,6.5,29.98,76.3,11,5.18,12.0,19.2,1,66.8,61.6,14.2,6.1,10311711.0
6355,Bogotá,Agricultura,31.2,0.42,67.0,14,4.12,17.8,2.8,2,71.2,64.5,14.2,6.6,10062369.0
6356,Bucaramanga,Hoteles,5.6,37.84,37.0,2,2.99,19.7,6.7,1,47.2,60.2,5.7,6.5,4660324.0
6357,Medellín,Transporte,15.8,73.15,56.9,2,3.33,21.4,6.9,1,76.1,68.5,41.2,5.8,7474704.0
6358,Bogotá,Hoteles,7.8,10.3,45.2,10,2.92,30.0,13.9,1,72.0,57.7,70.4,5.7,6725342.0
6359,Bucaramanga,Transporte,10.8,47.38,51.1,10,4.77,20.4,2.5,1,59.6,72.3,90.4,6.2,7898361.0
6360,Bogotá,Información,14.3,66.3,59.9,21,4.8,12.3,7.2,0,72.4,60.2,47.3,5.7,10675628.0
6361,Otras,Comercio,13.7,6.06,45.3,13,3.12,30.7,3.2,0,61.5,42.8,12.9,6.2,7680059.0
6362,Manizales,Comercio,12.1,70.63,50.8,11,3.23,29.5,14.8,1,53.7,57.8,3.3,7.1,7530455.0
6363,Bogotá,Manufactura,8.9,69.06,76.0,10,4.23,16.0,1.6,1,76.9,74.3,70.4,6.3,10613761.0
6364,Bucaramanga,Minas,28.1,47.24,79.2,21,5.23,7.8,5.6,1,87.6,64.2,83.3,6.2,14676613.0
6365,Cartagena,Construcción,3.8,1.67,66.2,23,3.81,32.4,9.9,3,60.3,58.8,34.8,7.7,10745287.0
6366,Bogotá,Agricultura,15.7,60.72,80.2,26,3.32,18.7,16.4,0,80.0,68.8,30.9,6.6,12877978.0
6367,Bogotá,Manufactura,35.6,68.95,81.8,3,4.32,13.2,9.7,2,85.9,78.6,51.8,8.3,11673265.0
6368,Bogotá,Información,24.3,70.32,74.1,10,5.56,18.2,7.2,0,79.7,69.3,56.5,5.7,10808370.0
6369,Bogotá,Agricultura,13.8,19.32,58.5,24,2.92,22.1,-1.9,1,58.0,58.5,23.5,6.6,8327657.0
6370,Manizales,Manufactura,13.2,1.68,49.1,76,3.96,20.7,-0.8,2,54.7,56.1,55.4,6.1,17895343.0
6371,Bogotá,Comercio,30.3,13.72,55.7,40,3.35,24.0,12.2,1,65.7,72.8,85.6,6.2,12670070.0
6372,Bogotá,Información,23.0,9.57,76.0,9,5.48,17.6,9.8,1,79.3,76.1,72.2,5.6,11570012.0
6373,Medellín,Comercio,6.4,40.01,54.9,33,4.29,29.1,2.1,0,65.1,60.4,86.3,6.4,10889882.0
6374,Medellín,Transporte,11.3,63.42,49.8,4,3.78,24.4,13.2,1,70.4,62.5,92.1,6.0,7269198.0
6375,Otras,Transporte,27.5,38.68,45.0,11,3.58,27.0,15.3,0,66.5,58.3,92.8,6.6,7459701.0
6376,Bogotá,Financiero,2.1,63.57,80.3,25,5.66,9.3,6.9,2,67.6,69.3,29.5,6.2,14332762.0
6377,Bogotá,Hoteles,13.2,6.67,61.6,4,3.0,32.0,-0.7,1,63.4,71.9,88.0,5.4,6846215.0
6378,Pereira,Comercio,4.7,49.38,57.7,33,3.54,24.8,3.2,1,56.9,60.3,34.8,6.4,9973463.0
6379,Barranquilla,Información,6.9,4.56,55.5,13,4.06,3.4,10.6,2,68.6,56.1,64.2,5.9,9320410.0
6380,Bogotá,Salud,8.4,23.09,70.6,16,4.58,21.0,-4.8,1,76.7,63.2,29.2,6.1,10511156.0
6381,Bogotá,Comercio,51.9,28.72,69.8,9,3.61,27.8,19.1,2,76.7,70.4,26.7,6.9,12464576.0
6382,Bogotá,Manufactura,22.3,35.47,71.0,72,4.0,18.7,18.9,3,73.3,65.3,25.6,7.7,21908956.0
6383,Medellín,Comercio,26.3,4.06,61.1,75,4.03,29.6,11.6,2,68.9,65.5,31.5,6.7,19722521.0
6384,Bogotá,Agricultura,15.1,64.63,43.4,57,3.5,33.9,7.4,0,56.1,55.7,65.0,4.2,12388991.0
6385,Bogotá,Transporte,16.8,41.51,65.5,11,4.44,18.9,14.7,2,73.0,78.7,77.2,5.2,10910331.0
6386,Cali,Transporte,47.9,51.15,56.3,13,3.82,16.8,20.9,0,74.8,55.3,77.9,5.7,10551537.0
6387,Bogotá,Comercio,8.2,15.13,58.9,3,3.72,21.2,4.6,0,69.9,60.3,45.1,5.8,6763001.0
6388,Pereira,Construcción,3.8,47.02,53.6,164,3.95,23.8,8.8,3,59.9,64.7,91.3,6.6,32525085.0
6389,Otras,Manufactura,20.4,30.1,47.0,8,3.07,5.1,3.5,2,58.2,48.9,61.1,5.5,6731338.0
6390,Bogotá,Transporte,16.7,46.58,61.3,4,4.7,33.3,15.4,0,53.5,64.2,41.5,6.3,7099048.0
6391,Bogotá,Profesionales,23.6,12.92,73.0,10,3.91,6.7,0.2,2,73.6,74.7,74.4,8.3,9941984.0
6392,Bogotá,Comercio,21.9,10.14,50.1,16,4.23,20.5,12.1,0,72.7,51.2,67.4,5.7,9236728.0
6393,Cali,Profesionales,14.3,51.6,68.9,3,4.15,9.4,4.8,1,74.1,62.7,85.2,5.8,8337977.0
6394,Barranquilla,Construcción,4.8,32.38,57.9,7,3.09,31.2,-8.0,2,62.1,65.0,58.4,4.8,7015501.0
6395,Bucaramanga,Hoteles,26.3,19.39,51.1,8,2.63,24.3,14.1,0,75.5,67.6,6.8,6.7,8139998.0
6396,Bogotá,Comercio,6.7,58.13,55.3,27,3.49,29.4,6.0,1,56.9,64.0,87.7,6.6,11979041.0
6397,Bogotá,Agricultura,4.8,29.26,70.5,3,2.77,17.7,9.3,2,63.1,75.6,53.0,6.5,8134477.0
6398,Cali,Profesionales,45.8,33.19,72.6,48,3.71,7.7,-3.9,2,79.3,61.6,73.0,8.0,15790425.0
6399,Barranquilla,Construcción,10.7,5.39,46.5,42,3.59,24.3,9.8,0,64.1,47.1,50.3,6.3,11763883.0
6400,Cali,Manufactura,3.1,45.04,52.8,3,4.08,23.1,2.4,1,58.2,58.6,43.4,6.1,5925909.0
6401,Manizales,Información,27.2,9.09,72.1,23,4.54,17.5,2.4,0,71.5,71.3,17.3,6.5,12216156.0
6402,Cartagena,Agricultura,5.5,67.92,34.6,15,3.09,23.5,8.9,0,49.2,52.9,62.6,5.6,5476527.0
6403,Manizales,Manufactura,12.1,2.36,66.3,22,3.62,20.3,5.3,2,74.4,57.3,94.1,6.2,10871939.0
6404,Bucaramanga,Profesionales,2.3,74.81,72.1,42,4.99,15.0,5.8,2,74.4,64.5,77.9,7.9,16546041.0
6405,Bogotá,Agricultura,5.7,57.33,55.4,19,2.88,24.4,9.2,1,60.5,65.2,35.2,6.3,8326544.0
6406,Bogotá,Comercio,1.7,45.37,64.6,21,2.86,31.1,12.1,0,66.7,70.8,11.6,5.9,9054527.0
6407,Bogotá,Construcción,50.3,20.29,59.5,20,4.63,29.5,3.6,1,73.3,71.1,31.4,5.5,10959862.0
6408,Bucaramanga,Manufactura,5.7,28.51,65.9,25,4.27,16.6,6.2,0,57.7,63.5,84.1,6.1,10126835.0
6409,Cali,Información,8.8,47.0,56.3,10,4.2,17.1,5.1,1,69.5,55.4,41.9,5.9,8008412.0
6410,Bucaramanga,Transporte,8.3,28.0,63.9,19,4.06,27.9,9.1,1,66.6,63.7,11.2,6.4,10337320.0
6411,Medellín,Financiero,14.5,17.05,71.6,7,5.38,7.0,10.9,1,68.5,71.3,32.4,6.9,10018236.0
6412,Cali,Construcción,21.6,18.61,63.6,15,3.29,22.2,9.7,0,77.0,61.0,83.2,5.7,9304023.0
6413,Bogotá,Comercio,8.1,2.0,58.1,5,3.97,28.4,9.3,1,61.6,69.3,82.2,5.2,6743487.0
6414,Barranquilla,Comercio,2.0,67.08,54.4,21,3.55,24.9,8.7,0,59.5,38.2,84.3,5.4,7818433.0
6415,Cali,Agricultura,13.4,46.33,41.7,67,2.64,17.7,5.3,3,49.8,65.6,42.9,7.2,12716060.0
6416,Cali,Comercio,4.4,77.77,45.3,7,2.47,16.6,9.9,1,44.6,42.2,27.9,6.3,5359257.0
6417,Manizales,Manufactura,9.7,41.0,68.2,21,3.71,13.6,10.3,0,66.3,61.6,67.7,6.6,10313393.0
6418,Medellín,Salud,4.7,15.54,78.9,6,4.63,16.6,5.9,1,69.2,61.3,66.6,6.5,9549502.0
6419,Bogotá,Manufactura,29.0,63.39,66.4,20,4.77,12.2,5.8,2,71.8,70.0,75.1,6.5,12524929.0
6420,Bogotá,Profesionales,16.8,74.65,73.0,5,4.69,15.5,5.4,0,72.0,75.6,64.0,5.4,9231971.0
6421,Manizales,Transporte,22.5,60.56,46.4,52,3.74,22.4,1.0,1,62.1,62.3,56.7,7.6,12982195.0
6422,Bogotá,Comercio,35.5,3.74,38.7,20,3.75,17.5,0.3,0,59.2,72.1,14.4,6.0,7754642.0
6423,Bucaramanga,Salud,12.4,49.04,67.6,8,3.52,19.4,7.3,2,66.5,51.3,83.8,6.4,8219209.0
6424,Cali,Comercio,44.2,39.97,57.2,6,3.17,17.9,7.1,2,71.9,50.0,27.8,7.7,8268104.0
6425,Bogotá,Hoteles,9.1,52.09,53.4,10,3.27,29.9,9.1,2,81.3,54.0,23.1,7.4,8343265.0
6426,Bogotá,Comercio,3.4,45.12,60.3,4,3.79,30.9,6.7,0,68.3,76.6,98.6,6.6,7291456.0
6427,Bucaramanga,Comercio,5.2,17.07,50.8,4,3.63,21.0,14.8,1,57.8,60.3,32.5,6.7,6101179.0
6428,Cali,Comercio,29.8,26.65,41.5,41,3.15,31.6,-5.7,1,73.9,53.7,94.0,5.9,9633739.0
6429,Cali,Información,6.8,31.23,59.4,5,3.74,11.2,9.5,2,55.9,61.2,13.2,6.3,7473544.0
6430,Bogotá,Manufactura,11.9,44.82,66.0,108,4.55,15.9,-0.7,1,65.8,63.3,28.7,6.2,26458219.0
6431,Medellín,Comercio,6.7,25.43,55.2,2,3.31,20.0,3.4,1,60.5,72.7,67.6,6.2,6236911.0
6432,Bogotá,Transporte,11.0,10.69,48.9,17,4.38,28.6,5.4,4,63.3,64.5,52.5,7.5,9645184.0
6433,Bogotá,Comercio,5.0,53.75,48.2,60,3.29,31.2,8.5,1,52.4,57.9,27.3,5.9,12890119.0
6434,Manizales,Comercio,39.8,70.53,66.9,2,4.25,28.4,5.3,1,86.8,55.7,93.6,6.1,8661445.0
6435,Medellín,Comercio,7.9,70.58,62.3,14,4.2,21.0,-3.9,0,62.0,58.7,40.5,4.8,8043251.0
6436,Bogotá,Comercio,17.5,47.86,65.1,2,3.85,20.0,4.5,4,71.3,71.7,65.9,6.9,8927971.0
6437,Bucaramanga,Hoteles,5.4,15.85,57.4,2,3.29,26.6,5.5,0,60.8,61.6,54.0,6.1,5938747.0
6438,Bogotá,Información,7.5,73.84,75.6,2,5.74,6.1,10.3,1,73.5,81.5,5.8,4.8,9137785.0
6439,Medellín,Comercio,13.9,20.11,54.9,29,3.13,32.0,-11.0,2,58.2,63.0,74.9,7.4,8718586.0
6440,Pereira,Información,60.0,5.4,62.5,42,4.16,7.9,20.4,2,88.5,66.8,52.3,6.1,18880068.0
6441,Barranquilla,Agricultura,3.1,3.49,38.1,2,2.92,22.6,-6.9,0,62.9,54.2,66.3,3.9,4097697.0
6442,Cali,Hoteles,38.4,22.75,48.6,11,3.38,23.6,11.5,2,73.0,57.3,83.7,7.6,8928409.0
6443,Cali,Agricultura,51.7,28.55,42.6,38,3.12,9.5,1.2,0,73.6,55.1,77.4,6.1,10031901.0
6444,Medellín,Transporte,8.5,0.21,67.7,16,4.24,20.2,12.2,1,73.3,70.7,24.5,6.2,10794001.0
6445,Medellín,Profesionales,6.9,48.21,62.1,3,4.89,13.4,-0.1,2,64.0,63.2,60.6,6.1,7974671.0
6446,Medellín,Comercio,13.3,1.1,75.0,19,4.26,22.1,8.8,3,76.5,80.4,41.5,6.9,13551928.0
6447,Medellín,Manufactura,7.0,35.23,57.5,20,5.12,17.4,8.2,0,66.3,65.3,78.7,6.8,10485632.0
6448,Bogotá,Profesionales,2.4,12.68,77.0,49,4.99,18.4,11.3,2,66.1,71.1,44.4,6.9,17986616.0
6449,Bogotá,Comercio,18.6,62.24,58.8,10,3.48,22.7,-8.6,1,60.9,79.6,61.5,7.0,7242262.0
6450,Bucaramanga,Manufactura,6.5,75.54,79.3,8,3.47,14.1,12.9,2,73.8,72.5,49.1,7.4,10764081.0
6451,Bogotá,Salud,8.6,5.93,66.0,18,4.53,15.8,0.2,1,71.5,80.2,24.6,7.5,10765612.0
6452,Bogotá,Salud,8.1,39.56,57.1,8,4.23,23.8,6.7,1,65.2,70.3,72.4,5.7,7845209.0
6453,Barranquilla,Manufactura,2.2,72.8,71.8,53,3.99,19.6,11.2,2,71.0,77.1,12.3,6.1,17218780.0
6454,Cali,Construcción,20.6,69.35,43.4,7,3.58,28.3,-7.1,1,61.8,48.7,78.0,6.1,5219290.0
6455,Barranquilla,Comercio,6.4,67.38,70.7,1,4.2,30.9,-3.7,1,68.1,62.8,14.7,5.4,6865856.0
6456,Bogotá,Comercio,4.3,4.33,68.3,4,4.18,26.5,-1.7,0,73.8,73.6,92.6,5.0,8082706.0
6457,Barranquilla,Salud,14.5,73.56,70.9,74,3.7,13.8,4.1,1,66.4,70.4,7.5,5.1,18718235.0
6458,Bogotá,Información,6.4,4.68,66.1,12,5.04,11.8,1.5,0,66.6,69.3,67.1,5.2,9025287.0
6459,Cali,Financiero,21.6,72.58,87.8,10,5.82,13.6,1.0,1,81.4,79.8,86.5,6.1,12556598.0
6460,Cali,Manufactura,5.9,41.08,63.8,52,3.72,17.1,-3.1,1,74.5,65.4,32.6,7.5,23271400.0
6461,Otras,Comercio,12.8,71.25,45.8,14,3.3,25.3,10.9,0,66.0,43.9,53.8,6.6,7124941.0
6462,Bogotá,Manufactura,19.6,46.03,62.5,24,4.07,10.0,8.0,0,63.8,66.2,30.8,5.1,11136738.0
6463,Cali,Información,24.1,36.47,80.9,19,4.76,3.8,16.1,1,90.9,81.2,28.2,7.0,15432074.0
6464,Bogotá,Comercio,3.1,70.63,58.4,6,4.1,20.6,9.3,3,55.3,78.2,3.7,7.3,8068329.0
6465,Bogotá,Comercio,8.5,10.18,69.0,8,3.86,28.8,13.3,3,72.6,66.7,22.8,6.8,9838308.0
6466,Cali,Comercio,60.0,19.24,49.5,15,2.98,22.2,9.0,1,74.7,65.6,80.0,7.7,10038406.0
6467,Cali,Agricultura,9.5,38.58,50.4,27,3.87,28.9,3.4,2,65.9,58.5,16.5,6.6,9877540.0
6468,Bogotá,Comercio,26.5,10.76,44.9,11,3.84,17.0,5.0,1,71.3,64.8,96.3,6.2,7947583.0
6469,Cali,Construcción,13.1,73.84,46.9,10,3.37,21.2,0.9,2,46.6,57.8,86.9,7.2,6063740.0
6470,Otras,Construcción,11.6,8.17,47.3,57,3.25,25.5,5.2,2,49.3,46.3,74.6,6.9,11581047.0
6471,Barranquilla,Construcción,7.9,61.82,52.1,12,4.0,26.1,11.4,0,53.7,59.9,45.9,6.9,7192942.0
6472,Bogotá,Comercio,42.0,57.96,59.5,40,3.58,28.0,8.8,0,82.0,65.4,31.2,5.9,13730617.0
6473,Cali,Construcción,5.7,33.4,52.8,26,3.16,13.7,5.5,0,65.4,51.5,40.9,7.0,8621812.0
6474,Bogotá,Hoteles,11.8,48.7,54.0,23,3.54,32.6,10.3,1,54.1,71.4,94.1,6.4,9482987.0
6475,Cali,Información,19.8,71.2,70.2,23,5.24,9.2,-2.4,2,77.9,70.7,32.5,5.3,13014824.0
6476,Bogotá,Profesionales,12.6,66.09,71.6,25,4.39,21.8,1.7,0,66.0,69.6,13.6,5.5,11478462.0
6477,Otras,Comercio,13.4,78.77,50.2,10,3.61,21.6,8.0,0,68.0,45.6,89.1,6.7,7277114.0
6478,Bogotá,Hoteles,6.6,75.81,65.5,24,3.76,21.6,6.6,0,61.9,65.3,91.5,6.4,9954492.0
6479,Medellín,Manufactura,9.2,20.93,59.9,28,4.31,18.9,8.7,2,66.4,75.2,23.3,6.1,12312728.0
6480,Manizales,Información,3.8,7.33,56.9,22,5.42,19.4,6.8,2,49.8,61.4,91.0,5.8,10561050.0
6481,Bogotá,Manufactura,5.9,26.74,69.4,13,4.63,26.1,12.3,2,61.2,71.2,54.1,7.4,10139248.0
6482,Barranquilla,Construcción,6.8,50.0,45.1,4,3.18,23.1,4.6,1,62.1,51.3,73.5,7.7,5450669.0
6483,Cali,Transporte,24.1,16.7,52.9,24,3.89,13.1,9.3,2,60.4,59.7,93.9,6.1,10794697.0
6484,Bogotá,Salud,5.7,42.31,70.3,7,6.19,16.5,-0.3,2,63.6,72.7,57.9,7.1,9300478.0
6485,Barranquilla,Agricultura,5.3,36.01,40.9,9,3.46,23.1,-1.2,0,55.4,51.1,81.5,6.3,5214065.0
6486,Otras,Comercio,10.8,76.11,56.6,6,3.59,26.4,7.6,1,62.8,54.2,62.8,5.9,6788309.0
6487,Medellín,Profesionales,10.7,61.93,56.8,17,4.25,4.4,9.4,2,59.2,66.8,99.9,6.2,9779582.0
6488,Bogotá,Comercio,6.2,33.92,59.5,12,4.26,12.1,9.5,2,68.7,63.0,92.4,7.9,9090725.0
6489,Barranquilla,Hoteles,8.0,52.42,55.0,8,3.02,32.0,8.4,1,61.4,65.2,79.7,6.6,6893799.0
6490,Cali,Construcción,13.8,11.38,52.4,12,3.31,31.8,2.1,1,67.7,55.0,36.0,5.3,7552023.0
6491,Bogotá,Comercio,11.7,77.1,55.9,45,4.21,29.0,3.3,1,60.4,65.4,59.4,6.5,13094758.0
6492,Bucaramanga,Manufactura,7.9,41.06,65.0,63,3.6,18.3,1.0,2,64.3,69.9,49.5,6.7,16483118.0
6493,Bogotá,Comercio,6.8,16.99,53.7,3,3.18,25.4,0.3,2,60.1,57.7,98.3,7.7,6454010.0
6494,Manizales,Hoteles,9.6,67.8,43.6,29,3.53,27.7,3.1,1,43.5,47.6,36.0,7.3,12245176.0
6495,Bogotá,Agricultura,1.8,0.63,45.7,24,2.33,21.3,8.4,1,51.0,57.0,89.3,6.4,6880140.0
6496,Medellín,Hoteles,31.6,51.14,79.5,18,4.22,27.4,-0.3,0,81.8,73.5,10.3,6.0,11610029.0
6497,Medellín,Financiero,23.6,62.61,71.2,37,5.09,11.9,8.8,1,72.5,67.5,6.0,7.1,15800208.0
6498,Medellín,Información,20.1,8.26,51.1,24,4.23,4.8,18.5,1,67.7,75.5,66.5,7.3,11820400.0
6499,Cali,Transporte,7.7,27.12,55.2,18,3.75,25.8,6.9,1,60.4,71.7,78.4,5.8,8620256.0
6500,Medellín,Comercio,12.0,29.4,49.4,8,3.45,33.1,1.2,2,69.5,69.1,25.4,5.1,6884732.0
6501,Cali,Información,27.6,57.16,60.0,42,4.55,9.8,-11.6,0,71.5,69.2,59.3,4.5,13156441.0
6502,Medellín,Agricultura,7.4,77.6,38.9,10,2.99,23.9,1.1,0,61.3,61.7,29.7,5.8,6031664.0
6503,Medellín,Hoteles,1.4,71.69,69.7,10,3.69,27.3,2.8,3,74.5,70.2,72.8,7.1,9703143.0
6504,Pereira,Hoteles,14.2,55.73,49.4,37,3.63,29.4,13.0,1,62.7,55.2,0.9,4.4,11339861.0
6505,Medellín,Financiero,10.7,32.38,84.4,23,5.45,1.9,4.9,0,75.9,73.8,12.9,5.8,13881425.0
6506,Manizales,Profesionales,12.4,2.17,60.5,1,3.97,10.7,9.8,0,75.3,56.9,3.8,5.0,7582787.0
6507,Bogotá,Comercio,60.0,54.47,61.4,35,3.0,23.9,9.9,5,96.0,69.1,7.1,7.3,15039771.0
6508,Barranquilla,Comercio,17.5,33.78,49.9,3,3.38,21.2,10.3,1,51.8,57.6,97.3,6.8,5783832.0
6509,Pereira,Comercio,12.9,35.73,37.2,20,2.51,17.8,11.6,0,57.6,45.0,68.4,5.8,6516327.0
6510,Medellín,Comercio,2.9,52.96,59.8,11,2.97,26.2,1.6,0,60.8,67.0,45.6,5.0,7086958.0
6511,Barranquilla,Manufactura,10.6,55.68,51.0,20,3.54,19.1,9.1,2,66.0,54.9,78.6,7.4,9013172.0
6512,Barranquilla,Hoteles,37.6,67.85,53.4,14,2.48,27.3,-2.9,1,62.5,53.1,65.0,4.7,6742169.0
6513,Otras,Comercio,18.4,61.3,43.8,5,3.65,28.0,22.4,2,53.1,49.0,96.0,5.8,6612614.0
6514,Bogotá,Comercio,4.9,3.7,49.2,49,3.51,30.6,5.9,0,56.5,80.0,0.9,6.0,11870117.0
6515,Cali,Agricultura,10.4,65.69,35.0,9,2.36,22.5,1.4,3,48.3,51.1,46.3,6.3,5229704.0
6516,Cali,Comercio,13.0,18.66,41.7,8,3.75,20.5,9.7,1,50.1,53.4,91.8,5.0,5863580.0
6517,Cali,Salud,8.6,2.26,57.7,8,4.75,18.0,8.0,0,73.0,67.9,65.5,4.7,8343094.0
6518,Bogotá,Construcción,23.9,52.83,71.8,5,2.73,12.9,2.6,0,65.1,83.3,96.9,6.4,8321183.0
6519,Bogotá,Agricultura,10.0,40.99,58.3,7,3.69,23.4,-13.5,1,63.1,68.7,52.5,6.7,6662224.0
6520,Otras,Comercio,15.3,47.01,43.7,12,2.35,21.0,4.5,0,56.6,48.3,68.6,7.1,5554929.0
6521,Bucaramanga,Construcción,9.4,38.56,68.4,10,3.61,16.1,10.6,0,64.3,60.9,12.1,5.2,12072163.0
6522,Medellín,Información,5.2,32.96,63.9,2,4.6,27.4,8.5,1,69.2,69.1,1.1,6.7,7569672.0
6523,Bogotá,Comercio,1.2,68.59,66.0,10,3.79,25.4,1.3,1,70.1,71.9,82.7,7.4,8923335.0
6524,Medellín,Agricultura,6.2,46.81,44.1,36,3.86,26.8,5.4,1,52.2,71.3,29.6,7.5,10208309.0
6525,Barranquilla,Financiero,26.5,68.87,59.9,5,4.37,5.3,5.0,3,78.1,48.6,29.0,7.7,8682379.0
6526,Bogotá,Manufactura,14.0,2.5,88.6,5,4.1,19.3,6.9,1,75.3,75.3,14.4,5.8,10272553.0
6527,Bogotá,Agricultura,11.3,24.55,53.0,13,3.07,22.1,3.5,0,56.4,68.8,26.3,6.0,7052506.0
6528,Medellín,Comercio,7.8,29.25,53.2,25,3.17,23.3,12.5,0,65.0,56.4,26.4,7.5,9493088.0
6529,Bogotá,Profesionales,6.7,79.48,71.9,19,3.9,16.8,6.5,0,68.2,71.9,47.0,4.8,10188419.0
6530,Bogotá,Transporte,12.2,67.29,68.6,11,4.65,24.2,-9.8,1,64.1,69.6,98.0,6.5,8635356.0
6531,Cali,Comercio,21.1,7.01,50.3,17,2.82,21.2,0.1,2,52.1,64.9,13.0,6.6,7354347.0
6532,Medellín,Información,4.9,23.5,53.1,26,3.9,16.1,5.0,1,46.5,63.3,59.0,6.1,8979677.0
6533,Bogotá,Salud,11.9,46.01,70.7,52,4.17,12.2,-2.8,3,59.2,69.5,55.5,6.9,16903361.0
6534,Bogotá,Financiero,14.4,6.81,79.0,15,5.25,2.0,-2.4,1,74.9,68.2,32.3,6.9,11705792.0
6535,Bogotá,Manufactura,13.6,59.33,70.9,33,5.27,15.8,11.4,0,70.5,77.6,25.5,5.3,15012370.0
6536,Barranquilla,Hoteles,4.8,44.47,54.2,1,3.61,22.7,9.9,2,64.8,60.9,52.3,6.9,6493047.0
6537,Cali,Manufactura,10.8,39.89,67.0,7,4.53,15.2,7.3,2,61.7,70.1,27.4,7.2,8888413.0
6538,Cali,Profesionales,16.7,53.27,75.2,52,4.27,15.2,-0.9,2,77.2,74.8,30.9,5.6,18071207.0
6539,Bogotá,Profesionales,13.6,36.43,74.6,10,5.54,19.0,1.3,2,65.0,79.6,45.0,7.8,10317064.0
6540,Medellín,Energía,22.9,23.74,70.1,21,5.34,7.0,4.5,1,76.9,82.3,79.4,6.0,12916857.0
6541,Cartagena,Transporte,7.2,24.0,58.9,21,3.88,22.1,7.5,2,68.3,55.3,20.1,7.3,10474678.0
6542,Bogotá,Profesionales,16.3,74.7,53.8,11,4.51,14.7,16.7,0,61.2,68.5,53.8,5.3,8263971.0
6543,Bogotá,Comercio,11.9,24.25,58.5,10,3.11,22.4,5.7,0,54.3,69.7,29.2,6.0,6869432.0
6544,Barranquilla,Construcción,10.3,45.31,71.2,3,3.59,24.6,8.6,1,75.8,63.2,69.4,6.1,8514587.0
6545,Bogotá,Comercio,7.3,5.91,64.4,6,4.51,33.5,2.0,2,63.1,60.6,76.8,6.8,7756634.0
6546,Pereira,Información,41.9,73.8,67.0,25,4.03,3.9,2.8,0,83.2,60.5,19.0,5.4,12711582.0
6547,Bogotá,Hoteles,4.5,50.42,54.1,7,4.06,32.3,5.8,3,73.9,68.2,48.2,6.6,8245380.0
6548,Bogotá,Profesionales,10.0,58.24,66.2,6,5.67,11.9,1.9,0,71.7,69.1,62.0,6.6,8598571.0
6549,Bogotá,Información,6.4,7.6,83.4,10,5.42,8.7,2.3,1,70.9,81.3,31.9,6.1,11242050.0
6550,Cali,Manufactura,50.5,57.29,68.1,41,3.63,6.6,13.2,4,81.9,69.8,33.2,6.8,17341748.0
6551,Cali,Comercio,29.0,33.51,59.7,26,4.36,25.9,17.5,3,71.8,68.7,92.2,7.0,13804611.0
6552,Cartagena,Manufactura,7.3,3.38,46.8,40,3.84,12.5,-0.1,0,61.5,56.6,4.1,6.3,10820989.0
6553,Cali,Información,5.0,50.72,52.5,3,4.07,13.4,-1.4,0,54.3,56.9,81.9,5.6,5221827.0
6554,Barranquilla,Comercio,5.0,45.17,49.9,7,3.87,31.6,9.9,1,57.6,62.7,46.1,4.6,6532836.0
6555,Medellín,Comercio,21.3,75.13,52.0,18,3.07,20.6,2.5,1,67.8,56.8,66.1,6.4,8321950.0
6556,Cali,Agricultura,2.2,38.0,40.8,6,3.54,27.5,4.1,1,51.6,58.8,9.2,6.8,5173435.0
6557,Bucaramanga,Construcción,10.6,54.12,58.6,4,4.19,26.5,-7.0,1,51.6,71.4,38.3,6.2,5875989.0
6558,Bogotá,Información,28.3,70.44,87.0,11,5.21,13.8,8.5,1,82.6,81.2,15.9,7.1,12798184.0
6559,Medellín,Información,9.0,76.41,68.0,2,5.46,10.1,5.7,1,66.1,77.7,63.1,5.2,8002324.0
6560,Bogotá,Minas,9.5,16.28,70.3,69,6.08,7.9,2.1,1,65.4,72.3,67.1,7.2,29943427.0
6561,Bogotá,Información,16.0,2.57,77.2,13,5.07,8.2,4.5,1,75.1,71.4,31.1,5.8,12044472.0
6562,Bogotá,Manufactura,27.7,47.94,73.7,38,4.76,21.4,3.6,1,82.1,86.7,0.3,5.2,25844969.0
6563,Bogotá,Hoteles,11.7,8.37,64.8,2,2.95,32.9,7.4,0,65.5,85.1,56.4,6.9,7095210.0
6564,Medellín,Comercio,37.9,19.78,61.1,9,2.96,22.9,6.2,1,77.3,63.8,20.1,5.2,8891389.0
6565,Bogotá,Transporte,13.3,45.59,51.5,9,4.09,28.8,1.9,4,60.6,69.1,26.8,6.5,7761347.0
6566,Bucaramanga,Manufactura,4.5,72.61,65.1,40,3.56,13.9,14.9,2,63.9,66.0,18.1,6.9,13240825.0
6567,Bogotá,Comercio,21.5,28.72,58.3,27,4.43,26.6,1.1,2,67.6,81.0,32.0,7.8,11561125.0
6568,Bogotá,Comercio,7.5,8.91,56.3,5,3.88,29.6,7.3,2,64.7,64.2,56.6,6.4,7345586.0
6569,Bogotá,Comercio,14.3,10.8,72.4,5,3.58,25.1,-3.0,0,68.8,66.9,86.8,4.9,7706495.0
6570,Bogotá,Transporte,7.6,56.61,65.2,23,4.32,23.8,15.8,1,65.6,80.9,46.5,5.8,11573597.0
6571,Medellín,Manufactura,3.1,47.78,72.7,57,4.81,23.2,10.5,1,65.2,72.2,90.4,6.6,18721365.0
6572,Bogotá,Salud,5.7,25.51,68.6,8,3.75,12.1,7.9,3,67.7,57.3,35.1,8.0,9828456.0
6573,Cali,Información,6.7,2.43,61.0,31,4.08,12.6,-0.8,0,75.1,69.9,77.4,5.5,11912967.0
6574,Medellín,Manufactura,8.5,61.85,55.5,25,3.98,21.0,9.6,1,61.0,68.3,55.2,6.4,9952562.0
6575,Otras,Información,8.5,54.13,55.8,22,4.85,17.5,2.6,4,56.8,44.9,64.8,7.6,10307798.0
6576,Cali,Profesionales,3.5,47.36,69.6,10,4.95,15.7,21.8,2,57.8,69.8,10.0,6.2,9831545.0
6577,Cali,Hoteles,53.7,16.45,64.0,22,3.56,29.4,8.3,0,84.6,63.3,34.5,7.1,11050670.0
6578,Bogotá,Comercio,7.9,64.33,51.1,13,3.87,21.9,7.2,4,65.3,59.3,60.4,6.9,11968623.0
6579,Medellín,Financiero,19.9,37.78,86.2,4,5.62,0.0,3.1,1,81.1,73.4,26.1,5.8,10872264.0
6580,Medellín,Profesionales,2.3,0.22,55.7,3,4.32,6.8,3.8,1,62.0,62.4,24.0,6.9,6437231.0
6581,Bogotá,Transporte,18.9,43.81,49.8,8,4.02,15.9,-1.3,3,67.5,63.4,74.6,7.7,7687528.0
6582,Bogotá,Comercio,21.7,18.2,61.3,19,3.66,27.5,2.9,2,67.1,72.1,64.3,5.9,10354745.0
6583,Medellín,Información,6.9,23.87,69.0,10,4.1,18.1,10.0,0,71.8,69.7,31.3,6.4,9233517.0
6584,Medellín,Transporte,4.8,49.87,65.6,21,3.55,21.6,2.7,1,58.9,74.5,30.7,5.2,9535816.0
6585,Bucaramanga,Minas,60.0,70.08,73.7,21,5.21,6.0,-1.0,3,91.4,65.3,69.8,8.0,14055792.0
6586,Bucaramanga,Información,8.4,41.81,63.1,20,4.7,9.1,13.8,0,65.1,63.8,23.0,5.0,10828812.0
6587,Bogotá,Salud,3.3,36.91,78.4,64,4.85,17.9,7.6,4,76.8,82.9,96.5,8.0,22876025.0
6588,Otras,Salud,5.1,10.32,67.2,9,4.73,16.4,8.0,1,70.0,66.9,59.7,5.6,8955236.0
6589,Bucaramanga,Hoteles,22.0,15.48,49.1,22,3.37,30.4,-1.4,1,55.3,59.8,41.1,5.5,7817759.0
6590,Barranquilla,Comercio,13.9,39.79,51.6,12,3.36,25.3,6.6,0,63.8,65.4,38.3,5.4,7432696.0
6591,Cali,Transporte,12.9,39.9,40.6,9,3.75,22.6,7.4,3,63.8,53.2,33.8,7.1,7559458.0
6592,Bogotá,Profesionales,9.5,43.85,66.1,22,4.97,19.5,3.9,0,56.0,81.2,57.6,7.6,10790539.0
6593,Cali,Comercio,6.2,6.62,57.0,40,2.87,26.2,8.9,3,63.7,68.2,51.3,7.0,12075143.0
6594,Bogotá,Comercio,19.9,16.87,52.4,54,4.63,34.0,7.0,2,62.7,63.9,53.1,6.3,16354435.0
6595,Cali,Comercio,10.4,31.02,53.9,27,3.4,31.7,11.3,4,57.6,70.7,84.9,7.5,10966891.0
6596,Bogotá,Construcción,9.3,8.98,54.9,12,4.33,25.3,2.9,3,55.5,59.8,99.8,7.2,8275773.0
6597,Barranquilla,Manufactura,16.1,33.88,61.1,31,3.57,18.3,4.4,0,69.6,70.8,80.3,6.3,11206730.0
6598,Cali,Comercio,4.7,9.85,63.6,24,3.92,28.9,-6.3,0,67.1,60.6,68.4,6.1,9747072.0
6599,Pereira,Comercio,28.1,65.07,57.8,4,3.78,31.0,6.0,1,76.0,63.3,32.0,6.1,7988214.0
6600,Pereira,Salud,11.0,62.74,53.8,28,4.02,12.3,9.8,2,65.1,53.0,75.0,7.5,11135307.0
6601,Bogotá,Agricultura,3.5,25.63,58.3,8,3.38,19.8,2.8,0,64.3,68.3,20.1,6.3,7159309.0
6602,Bogotá,Manufactura,13.6,38.32,67.9,8,4.22,12.3,11.3,4,76.4,76.2,3.1,6.2,11329601.0
6603,Medellín,Comercio,10.4,41.43,61.3,21,4.37,27.0,13.5,1,69.9,55.5,90.9,5.3,10840547.0
6604,Otras,Comercio,9.4,30.99,58.8,37,3.88,23.9,-1.8,0,63.7,41.5,20.3,6.8,11330167.0
6605,Bogotá,Comercio,17.7,23.11,56.7,5,4.19,26.8,8.2,2,71.0,71.5,69.0,6.5,8625297.0
6606,Bogotá,Transporte,5.6,54.92,61.3,15,3.52,25.5,8.5,2,60.8,68.1,68.2,7.2,9429294.0
6607,Bucaramanga,Profesionales,8.3,52.82,57.3,15,4.51,21.7,11.7,3,72.7,52.7,29.5,7.5,9835697.0
6608,Medellín,Agricultura,9.8,66.62,45.0,7,2.04,24.1,4.4,2,58.3,55.3,72.8,5.7,6092353.0
6609,Bogotá,Comercio,16.8,74.78,58.1,13,3.22,31.8,7.3,1,55.6,64.8,64.5,6.6,7727036.0
6610,Pereira,Manufactura,11.6,47.37,62.5,75,4.77,23.0,18.6,1,57.7,64.1,83.9,5.1,21590907.0
6611,Bogotá,Transporte,21.7,65.18,59.6,25,4.38,17.9,7.5,1,65.7,65.1,19.9,6.1,11441110.0
6612,Cartagena,Manufactura,10.0,66.91,68.3,14,4.29,22.7,4.8,1,69.9,74.3,56.2,6.6,9682886.0
6613,Bogotá,Manufactura,3.9,34.15,59.0,16,3.47,14.0,1.2,1,59.9,66.3,61.5,7.7,8531266.0
6614,Manizales,Hoteles,13.7,26.23,41.1,1,2.59,25.8,1.3,1,57.2,52.6,86.5,5.3,4383713.0
6615,Bogotá,Transporte,7.5,55.57,53.6,10,3.52,22.6,7.1,1,64.3,68.8,8.3,6.4,7157896.0
6616,Cali,Información,29.6,17.06,68.1,12,4.38,12.8,16.8,0,71.0,75.2,57.2,5.7,15311303.0
6617,Bogotá,Salud,10.2,61.05,62.6,41,4.69,21.0,-6.1,0,69.2,63.5,77.9,6.0,13612616.0
6618,Barranquilla,Comercio,2.7,23.92,57.0,1,3.68,28.8,8.8,2,72.5,54.3,94.0,6.1,6992139.0
6619,Bogotá,Salud,11.3,64.37,61.8,5,4.01,17.0,-1.8,1,60.3,78.2,64.0,7.0,6967096.0
6620,Bogotá,Construcción,11.1,51.81,68.3,3,3.96,22.2,4.3,1,64.8,66.5,60.5,7.4,8062437.0
6621,Pereira,Minas,25.0,77.49,64.2,20,5.23,9.2,5.1,1,76.2,63.3,23.3,6.4,12227431.0
6622,Bogotá,Información,7.2,25.09,83.8,28,5.58,8.3,7.5,2,82.4,62.6,28.2,7.4,16278205.0
6623,Bogotá,Comercio,5.5,70.29,51.9,22,2.92,26.6,1.1,0,61.0,69.7,32.9,5.7,7999027.0
6624,Cali,Manufactura,14.8,51.36,59.7,21,4.32,21.9,8.3,0,75.1,62.6,5.7,5.8,11079473.0
6625,Bogotá,Comercio,9.3,52.02,66.6,1,3.78,25.8,7.5,0,70.8,68.3,63.4,4.7,7492247.0
6626,Bucaramanga,Manufactura,1.9,21.05,51.2,36,3.98,17.9,7.4,0,62.4,67.7,39.2,6.4,10427581.0
6627,Bogotá,Salud,20.1,35.17,65.7,24,4.7,16.2,5.9,0,68.3,80.9,9.7,6.0,11718928.0
6628,Bogotá,Información,10.5,40.08,49.3,9,4.88,5.5,7.7,2,61.1,53.7,31.9,7.0,7776180.0
6629,Barranquilla,Transporte,13.7,17.98,43.1,2,3.95,16.9,11.6,0,53.8,57.1,81.2,6.7,5385369.0
6630,Barranquilla,Salud,35.3,16.97,62.0,26,4.33,13.0,5.5,3,77.3,61.3,3.6,6.6,12964162.0
6631,Bogotá,Comercio,4.3,73.4,56.5,23,3.41,22.2,-1.6,4,66.9,79.4,43.0,6.8,10132170.0
6632,Bogotá,Energía,17.2,1.3,78.6,7,5.2,10.6,4.0,0,75.4,71.2,65.7,5.9,9818057.0
6633,Bogotá,Hoteles,27.7,49.53,64.9,6,3.27,33.7,15.8,1,69.8,73.5,81.2,6.4,8841399.0
6634,Cali,Información,4.2,33.84,54.6,39,4.34,18.1,7.0,0,56.2,55.3,66.6,6.0,12272770.0
6635,Barranquilla,Construcción,19.3,69.18,55.7,7,3.23,20.6,14.9,0,62.3,46.8,79.1,6.0,6973402.0
6636,Medellín,Comercio,2.9,19.79,64.2,7,2.79,29.0,-1.2,3,65.2,71.1,72.3,6.9,8112986.0
6637,Barranquilla,Transporte,7.3,19.37,60.2,10,4.12,26.4,-2.5,0,58.5,63.4,41.8,6.7,7379229.0
6638,Manizales,Transporte,11.1,60.65,50.5,3,3.99,21.0,3.9,0,58.9,52.9,44.5,5.8,5464513.0
6639,Cali,Financiero,19.1,71.22,74.1,5,4.52,7.1,-0.8,0,77.5,67.2,98.1,6.1,9237348.0
6640,Bogotá,Transporte,8.7,26.38,66.8,5,4.13,31.6,-2.6,1,66.8,73.1,21.1,5.9,7803602.0
6641,Bucaramanga,Comercio,2.4,64.75,62.3,21,3.16,34.5,6.9,1,65.8,72.7,60.3,6.0,9200188.0
6642,Bogotá,Comercio,10.4,25.0,60.2,13,4.54,28.8,2.2,1,64.3,68.5,54.6,6.0,8787971.0
6643,Pereira,Salud,2.8,41.22,64.6,63,4.76,25.2,-1.5,1,60.5,62.0,77.1,5.8,18297911.0
6644,Bogotá,Agricultura,3.8,13.49,57.7,9,3.28,21.8,7.8,1,60.7,72.3,29.9,6.2,7625840.0
6645,Pereira,Comercio,11.5,24.24,44.2,7,3.55,28.5,11.1,0,59.9,61.1,90.5,4.9,6202232.0
6646,Barranquilla,Hoteles,12.8,70.84,80.8,4,3.4,27.9,10.8,1,79.6,77.3,92.5,6.0,10120031.0
6647,Cali,Comercio,3.3,5.04,52.1,42,3.99,30.0,16.6,3,59.0,59.0,1.9,8.3,12866510.0
6648,Bogotá,Energía,22.2,43.52,92.4,36,6.07,0.0,7.2,1,76.1,86.3,88.7,6.0,19770418.0
6649,Medellín,Profesionales,8.1,63.43,71.1,8,5.37,22.0,-3.1,1,69.7,74.4,69.2,5.7,13531825.0
6650,Cali,Manufactura,12.3,79.66,56.4,11,4.59,23.7,-4.6,1,63.8,65.9,8.1,6.1,7867181.0
6651,Medellín,Comercio,12.4,6.92,65.2,7,3.31,25.8,2.2,1,66.7,65.8,99.4,6.6,8047264.0
6652,Bogotá,Construcción,5.0,38.2,59.7,27,3.51,25.4,0.6,0,72.3,74.3,9.3,6.1,9758173.0
6653,Bogotá,Comercio,17.2,54.37,60.5,4,3.43,37.0,-1.4,2,69.5,68.7,93.8,6.3,7160352.0
6654,Bogotá,Profesionales,9.5,56.24,68.4,3,5.57,13.3,11.1,2,65.4,69.7,33.0,7.3,8567050.0
6655,Cali,Información,4.5,52.01,70.9,9,3.86,14.4,7.1,0,65.2,72.0,32.6,7.5,8364572.0
6656,Medellín,Comercio,8.2,62.86,60.1,1,3.92,31.4,11.1,1,67.2,61.0,76.3,5.6,6781051.0
6657,Cali,Hoteles,12.9,78.67,39.8,47,3.36,26.4,3.0,2,63.6,48.0,92.5,5.4,11200245.0
6658,Cali,Comercio,24.7,34.88,64.3,8,3.02,25.7,-7.3,1,68.6,57.7,27.3,7.0,6942865.0
6659,Bucaramanga,Salud,14.8,48.11,64.3,10,4.49,16.1,-0.7,1,67.0,64.8,46.3,5.8,8438046.0
6660,Medellín,Comercio,15.2,39.67,57.2,9,2.87,19.8,19.0,1,64.2,56.5,88.4,6.9,8320020.0
6661,Cartagena,Construcción,6.1,66.42,61.0,12,4.39,29.2,1.2,2,66.2,53.7,78.8,5.2,8543360.0
6662,Cali,Manufactura,24.1,73.82,51.9,19,3.41,24.8,0.1,2,64.8,64.2,6.9,7.0,8555280.0
6663,Pereira,Financiero,11.1,75.21,57.0,3,5.44,8.6,7.4,1,64.3,51.9,2.3,7.7,6779234.0
6664,Bogotá,Información,16.5,63.4,79.6,1,5.34,13.8,12.6,2,89.1,85.4,57.7,6.0,11233590.0
6665,Cali,Comercio,17.3,2.65,47.6,14,3.17,31.1,7.7,1,65.3,58.9,4.4,6.9,7656288.0
6666,Bucaramanga,Comercio,5.4,2.45,60.3,4,3.06,27.4,4.4,2,55.7,65.0,23.2,6.8,6323033.0
6667,Barranquilla,Salud,6.1,65.46,51.9,4,3.57,15.3,3.6,2,62.6,64.5,21.6,7.1,6856879.0
6668,Bogotá,Manufactura,8.7,28.24,67.6,17,4.94,24.3,4.8,2,59.7,64.5,55.1,7.8,10362021.0
6669,Cali,Comercio,5.2,10.27,58.8,8,3.35,21.3,6.7,3,62.6,67.2,31.2,6.8,7962355.0
6670,Bogotá,Minas,8.6,4.74,76.8,37,6.07,13.2,14.4,3,73.5,65.6,5.8,7.6,18550635.0
6671,Bogotá,Financiero,7.7,31.85,95.0,17,5.87,0.0,-3.6,0,79.4,83.3,75.2,7.2,13831031.0
6672,Bogotá,Comercio,7.9,67.67,59.1,9,4.79,30.0,6.5,2,64.2,72.1,64.1,6.4,8393785.0
6673,Medellín,Manufactura,6.2,51.25,61.5,14,4.56,10.9,6.0,0,63.2,52.8,36.2,5.2,8884210.0
6674,Cali,Información,12.2,73.5,88.1,13,4.92,6.9,2.6,1,77.8,71.4,81.2,7.4,12186391.0
6675,Bogotá,Financiero,6.6,4.94,77.0,7,6.05,9.8,14.2,0,77.2,76.0,2.1,6.2,10817525.0
6676,Medellín,Profesionales,9.6,75.05,91.5,7,5.4,15.5,8.3,0,82.6,80.6,42.3,5.1,11638971.0
6677,Barranquilla,Hoteles,10.9,24.15,35.6,23,2.55,40.9,-4.3,0,56.3,45.5,15.4,7.5,5820453.0
6678,Barranquilla,Minas,11.1,62.55,77.9,22,5.4,17.1,-1.2,2,79.4,65.8,57.5,6.2,13932353.0
6679,Pereira,Hoteles,34.9,49.32,59.7,2,2.84,29.2,5.5,1,74.8,57.2,36.5,6.0,7501864.0
6680,Medellín,Construcción,8.6,77.99,54.6,6,3.62,19.6,4.3,1,54.0,56.3,92.3,6.2,6177126.0
6681,Bogotá,Comercio,27.0,18.92,52.9,22,3.95,18.6,-1.2,0,83.8,57.3,61.6,5.6,9460008.0
6682,Bucaramanga,Comercio,27.4,25.34,69.7,34,3.17,33.6,12.0,0,78.1,78.6,46.2,6.1,12995048.0
6683,Otras,Comercio,10.2,18.68,43.6,55,2.61,30.2,17.0,1,60.5,55.3,46.7,5.3,10954839.0
6684,Medellín,Minas,7.2,65.65,67.4,7,4.51,13.7,-1.5,1,71.7,57.8,90.8,6.2,8306026.0
6685,Otras,Construcción,7.8,49.52,51.6,89,3.95,20.4,2.2,2,57.5,57.1,37.0,7.5,19342605.0
6686,Cartagena,Comercio,27.6,12.37,50.6,51,3.33,26.6,17.4,1,66.2,50.5,10.5,6.6,13432532.0
6687,Bucaramanga,Transporte,18.8,47.66,32.3,14,2.97,19.9,17.2,0,56.3,47.1,21.1,5.7,6756928.0
6688,Bogotá,Construcción,6.8,72.61,60.6,2,3.05,23.5,12.1,0,67.8,57.8,80.8,6.0,6933223.0
6689,Cali,Profesionales,16.8,3.39,48.1,3,4.83,20.3,9.3,1,61.9,63.0,76.7,6.5,6675115.0
6690,Manizales,Agricultura,60.0,7.26,49.5,17,2.92,11.2,4.6,1,74.9,47.9,6.9,6.4,8933068.0
6691,Bucaramanga,Profesionales,7.4,26.97,69.9,44,5.52,16.2,2.1,1,60.7,76.4,97.3,7.0,17328803.0
6692,Cali,Comercio,7.0,50.33,49.2,17,3.46,27.1,-5.1,1,60.4,74.5,92.6,5.4,7424029.0
6693,Medellín,Comercio,6.3,13.86,66.9,7,3.51,28.5,-2.2,1,64.2,71.9,64.1,7.2,7525764.0
6694,Bogotá,Salud,12.6,63.21,72.7,4,4.85,13.6,5.3,1,68.6,60.6,56.7,5.7,8820563.0
6695,Medellín,Comercio,8.2,27.4,63.6,48,3.39,30.3,-5.4,1,65.6,67.1,39.8,6.1,12832585.0
6696,Bogotá,Manufactura,9.4,41.55,66.5,6,4.23,23.1,5.0,0,65.1,70.7,74.9,6.1,7807534.0
6697,Bogotá,Comercio,6.0,54.5,76.6,3,4.21,20.7,10.4,2,72.6,75.8,44.0,6.4,9610038.0
6698,Barranquilla,Comercio,5.4,61.22,46.0,8,2.73,31.6,11.6,0,60.9,58.9,49.0,5.5,6175599.0
6699,Manizales,Comercio,8.5,35.37,56.5,20,3.9,31.0,7.5,0,61.8,70.4,92.8,5.8,9106226.0
6700,Bogotá,Hoteles,5.8,26.5,60.2,10,2.83,25.2,-4.5,1,64.7,68.6,99.6,6.8,7459187.0
6701,Otras,Transporte,46.1,13.34,47.7,24,3.4,13.0,-7.7,1,74.4,49.5,57.2,6.9,8144778.0
6702,Manizales,Financiero,28.1,30.03,56.5,28,4.77,0.4,2.9,2,68.5,49.6,34.0,6.0,12272384.0
6703,Otras,Comercio,16.7,28.41,42.6,3,3.61,17.5,10.6,2,48.6,53.7,94.8,7.2,5881296.0
6704,Medellín,Comercio,3.4,13.94,77.2,16,3.63,35.8,-1.3,0,68.6,58.8,29.0,5.6,9026564.0
6705,Medellín,Financiero,8.9,1.11,75.7,3,5.5,14.2,9.9,3,79.5,72.4,32.8,7.8,10392412.0
6706,Bucaramanga,Manufactura,3.8,60.4,55.4,18,3.76,22.2,8.4,2,56.5,64.2,80.9,8.4,8969267.0
6707,Bucaramanga,Hoteles,4.5,50.39,47.7,28,2.48,32.7,5.0,2,54.2,50.1,55.1,6.2,7989490.0
6708,Barranquilla,Información,3.4,29.36,64.1,7,4.4,9.2,0.7,0,57.2,62.0,93.1,5.3,7352766.0
6709,Medellín,Comercio,11.6,77.46,51.4,3,3.73,31.6,2.2,0,60.8,77.6,11.5,5.9,5682917.0
6710,Medellín,Manufactura,6.0,2.8,55.1,24,3.78,17.4,4.0,1,63.2,69.6,29.8,5.7,10149705.0
6711,Medellín,Energía,10.4,21.49,80.2,7,5.33,15.2,9.9,2,75.5,74.2,84.9,5.9,11258360.0
6712,Bucaramanga,Comercio,9.8,38.99,50.3,47,2.33,22.7,-2.1,2,60.9,55.5,23.5,6.8,9994560.0
6713,Bogotá,Comercio,4.2,52.19,75.3,16,4.32,22.7,-1.4,2,72.8,73.0,15.1,6.8,11368912.0
6714,Bogotá,Información,11.1,21.41,70.5,37,5.47,1.0,14.9,0,64.5,70.2,2.8,6.1,16443429.0
6715,Otras,Manufactura,12.3,15.43,65.9,34,3.69,19.3,5.3,2,68.8,57.5,30.7,6.8,12007112.0
6716,Medellín,Financiero,2.7,58.12,73.0,23,5.11,7.2,1.7,0,59.4,76.8,47.1,4.2,11788037.0
6717,Pereira,Información,5.9,60.92,51.9,9,3.92,17.0,12.8,1,46.7,65.2,15.2,6.4,6354891.0
6718,Bogotá,Manufactura,26.3,19.91,54.7,15,5.08,20.1,6.7,0,71.7,55.4,91.6,7.2,9115626.0
6719,Cali,Comercio,9.9,67.66,52.8,14,4.43,25.1,3.2,0,65.5,69.2,75.8,4.3,7800059.0
6720,Cali,Comercio,18.2,36.14,60.1,61,3.48,32.7,10.6,4,61.2,66.2,28.2,8.0,16036282.0
6721,Pereira,Comercio,6.6,16.94,53.1,29,3.34,32.4,19.1,0,60.6,62.5,90.7,7.3,9537849.0
6722,Bucaramanga,Comercio,8.2,16.43,56.2,4,3.78,27.7,3.9,1,58.0,52.7,84.6,7.3,6143450.0
6723,Otras,Comercio,6.8,4.4,49.1,13,3.79,31.3,11.7,2,48.2,52.4,74.3,8.4,6881786.0
6724,Pereira,Financiero,4.2,62.36,74.2,4,5.34,4.4,9.9,0,80.5,63.5,70.6,6.7,9114836.0
6725,Bogotá,Comercio,42.8,56.05,78.8,5,3.73,23.6,10.5,3,76.6,77.6,6.4,7.4,10931227.0
6726,Medellín,Construcción,31.1,75.44,72.1,8,3.48,24.2,5.8,1,68.9,73.1,95.6,7.2,9084499.0
6727,Manizales,Agricultura,15.4,17.86,51.9,5,3.23,24.1,1.6,0,69.5,51.8,4.3,5.6,6348082.0
6728,Barranquilla,Comercio,4.7,5.79,45.3,5,2.3,23.1,6.2,1,59.4,55.1,19.3,6.4,5650506.0
6729,Medellín,Comercio,16.1,70.74,62.0,4,3.34,25.4,5.8,2,61.9,74.8,51.3,7.0,7972984.0
6730,Bucaramanga,Comercio,24.4,5.14,44.6,22,3.12,29.3,14.1,1,59.6,47.9,9.0,6.0,8618730.0
6731,Cali,Hoteles,16.7,48.15,52.7,10,3.09,26.7,7.9,1,59.7,63.6,4.5,5.5,7137684.0
6732,Bogotá,Comercio,10.6,60.13,65.1,21,3.75,26.3,1.2,2,70.5,58.0,17.0,6.1,10450684.0
6733,Manizales,Profesionales,23.4,29.66,49.7,7,4.89,16.0,-1.1,0,64.3,60.3,33.6,5.8,6955341.0
6734,Bogotá,Financiero,11.0,50.32,69.7,35,5.27,2.8,8.2,1,71.8,68.9,49.5,5.9,15969433.0
6735,Bogotá,Información,9.0,1.88,86.7,13,5.84,13.1,14.4,0,77.0,81.2,5.9,5.3,12650030.0
6736,Otras,Información,7.1,67.06,58.7,4,4.38,10.7,5.7,1,66.2,52.3,91.7,7.2,7292816.0
6737,Bogotá,Comercio,27.8,21.61,54.5,14,3.59,21.4,10.4,1,70.9,73.7,26.3,5.0,9402963.0
6738,Bogotá,Financiero,14.8,61.77,70.2,4,5.72,13.0,9.9,1,69.7,72.9,35.6,6.2,9097803.0
6739,Medellín,Manufactura,9.6,22.18,62.1,34,4.05,21.9,3.2,0,64.6,74.0,23.5,6.6,12094016.0
6740,Bogotá,Hoteles,39.8,50.85,63.8,31,3.21,31.6,3.9,0,78.4,69.6,63.6,5.6,11306749.0
6741,Medellín,Información,5.6,45.1,84.9,18,4.21,15.3,10.6,2,66.9,80.1,87.2,6.8,12427504.0
6742,Bogotá,Manufactura,25.2,64.44,57.3,14,4.38,12.1,2.4,1,67.5,71.7,5.8,6.2,9180939.0
6743,Bogotá,Comercio,16.2,33.19,62.4,43,4.02,17.6,-3.8,2,71.5,68.4,3.7,5.6,14737805.0
6744,Bogotá,Profesionales,5.4,3.69,72.8,24,5.14,11.9,2.4,2,73.3,71.9,92.0,6.7,13657806.0
6745,Medellín,Financiero,4.7,78.04,79.2,6,5.25,7.9,11.5,0,68.1,70.3,99.4,7.1,9776273.0
6746,Cartagena,Comercio,8.5,50.83,47.2,6,3.4,30.0,11.0,4,69.1,52.5,2.5,8.5,7539318.0
6747,Bogotá,Comercio,14.9,65.51,59.6,30,3.45,31.0,-0.8,1,71.6,63.7,12.9,7.4,10644266.0
6748,Pereira,Hoteles,40.0,33.35,55.1,118,3.59,25.8,8.3,2,78.6,52.4,67.4,7.2,29554158.0
6749,Bogotá,Comercio,10.6,71.03,50.0,7,3.91,30.0,7.5,0,52.7,63.3,25.1,5.9,5994769.0
6750,Bogotá,Financiero,9.1,44.35,88.4,124,6.51,10.5,-0.4,1,69.8,90.2,59.2,7.0,41580436.0
6751,Medellín,Profesionales,18.3,66.09,61.0,7,5.27,4.2,3.0,1,68.8,82.8,13.6,6.4,9375289.0
6752,Bucaramanga,Salud,12.6,0.63,48.7,3,3.56,3.9,9.6,0,55.0,78.0,89.1,5.1,6192697.0
6753,Bucaramanga,Transporte,9.8,16.31,70.7,63,3.69,24.2,10.8,0,69.3,70.6,76.7,6.8,16712996.0
6754,Medellín,Manufactura,8.5,26.39,71.4,45,4.55,17.8,13.6,2,80.1,70.7,26.5,6.5,17449279.0
6755,Bucaramanga,Comercio,7.1,56.05,64.3,11,2.82,33.1,9.9,2,73.1,66.2,25.4,6.1,9110533.0
6756,Medellín,Transporte,18.5,26.53,52.1,7,3.15,21.0,8.6,2,61.4,65.5,48.2,5.6,7207309.0
6757,Manizales,Manufactura,14.2,52.47,56.1,10,3.61,15.3,7.3,0,71.1,64.8,25.0,6.7,8510895.0
6758,Cali,Agricultura,3.1,19.23,46.8,22,3.02,27.5,2.8,1,45.9,53.0,88.8,5.0,10430299.0
6759,Medellín,Comercio,33.7,15.19,59.1,12,4.37,21.8,11.5,1,63.3,66.8,5.7,6.6,9845280.0
6760,Cartagena,Comercio,57.2,47.35,48.1,31,2.76,21.2,-2.1,1,73.4,47.8,34.8,6.2,8904396.0
6761,Cali,Construcción,7.8,63.52,69.8,11,3.96,20.4,5.5,0,70.8,65.1,33.7,6.4,9136450.0
6762,Bogotá,Comercio,2.9,0.28,57.7,29,3.9,25.4,3.9,0,59.1,63.9,83.1,6.3,9930929.0
6763,Bogotá,Comercio,22.2,16.18,68.5,14,3.67,25.1,5.7,2,70.5,58.6,95.4,7.1,10017680.0
6764,Barranquilla,Salud,5.4,62.26,55.5,2,4.35,10.9,4.9,2,69.8,55.3,82.4,7.1,7246327.0
6765,Medellín,Construcción,5.0,13.21,55.0,70,3.68,21.0,9.6,3,76.1,62.5,89.8,6.4,17696958.0
6766,Medellín,Hoteles,19.7,51.01,53.8,1,2.96,30.0,8.5,0,70.7,76.7,51.5,5.0,6613007.0
6767,Bogotá,Información,25.2,64.59,73.5,16,4.19,5.7,13.5,2,75.2,72.9,57.6,7.2,12462645.0
6768,Bogotá,Manufactura,8.1,14.35,72.9,15,4.98,18.5,9.2,1,78.4,79.4,72.8,6.3,11938270.0
6769,Cartagena,Minas,8.3,14.59,60.2,19,4.75,11.2,5.0,0,72.6,60.1,98.8,4.5,10656786.0
6770,Cali,Financiero,3.3,22.36,70.3,13,5.61,5.3,18.9,1,56.9,59.6,66.5,6.5,10521361.0
6771,Medellín,Comercio,20.3,48.85,51.5,6,3.7,23.9,8.9,2,60.5,64.7,35.2,6.0,7338801.0
6772,Bogotá,Agricultura,4.4,60.18,53.6,4,2.88,17.0,8.8,2,54.6,61.6,37.6,5.9,6549311.0
6773,Otras,Comercio,9.5,26.99,53.2,16,3.89,32.8,14.8,0,51.1,50.1,26.1,6.1,7155369.0
6774,Bogotá,Hoteles,14.7,70.6,59.3,7,2.89,24.2,2.4,1,59.5,62.1,82.1,6.7,6826313.0
6775,Manizales,Manufactura,4.0,27.8,58.2,17,3.44,29.9,-6.4,3,49.4,63.2,38.8,5.8,7876503.0
6776,Cali,Construcción,3.2,49.32,64.2,4,3.32,25.0,11.1,1,79.7,73.6,46.3,5.9,8495918.0
6777,Bogotá,Comercio,3.1,58.22,63.9,15,2.89,28.2,10.3,0,63.2,74.4,56.3,5.7,8031809.0
6778,Medellín,Transporte,1.6,2.75,49.8,29,3.36,27.3,8.2,1,48.5,64.7,30.5,6.3,8838100.0
6779,Cali,Información,34.1,16.26,67.2,12,5.71,10.4,9.4,2,79.9,64.4,37.4,7.5,12366301.0
6780,Medellín,Comercio,47.2,27.1,54.3,36,3.76,23.6,4.5,1,70.7,63.8,69.8,7.7,12759805.0
6781,Bogotá,Comercio,3.5,61.85,60.5,3,4.43,29.8,5.1,1,63.3,63.1,85.5,6.9,6719723.0
6782,Bogotá,Comercio,15.5,77.9,68.6,6,4.89,18.9,3.2,0,66.4,76.0,36.1,6.0,8175218.0
6783,Bucaramanga,Comercio,3.3,11.06,61.1,2,2.7,28.0,8.9,0,62.5,63.5,40.5,6.6,6269648.0
6784,Bogotá,Profesionales,8.0,78.35,64.9,42,5.1,16.7,5.7,3,66.9,76.5,25.9,7.4,16324669.0
6785,Manizales,Profesionales,7.8,62.58,59.4,1,4.11,17.3,6.8,1,56.0,57.8,76.4,5.0,6432679.0
6786,Manizales,Profesionales,3.3,41.19,67.8,2,3.24,14.4,-0.6,0,59.0,52.3,44.7,6.2,6306807.0
6787,Bogotá,Comercio,2.0,13.18,59.5,2,4.23,24.4,-1.5,0,53.8,70.7,84.7,5.8,5240161.0
6788,Cali,Comercio,16.7,44.0,44.0,5,2.5,27.0,-3.5,1,57.3,64.8,49.9,7.2,5243919.0
6789,Manizales,Hoteles,4.2,21.84,56.2,60,3.33,24.1,18.8,0,53.7,57.0,64.0,5.5,13766950.0
6790,Bogotá,Transporte,12.6,58.74,63.7,2,3.61,19.8,0.3,2,64.6,62.9,28.7,6.9,7407451.0
6791,Barranquilla,Manufactura,3.7,79.83,75.5,110,4.08,24.0,2.8,4,77.5,74.8,32.4,8.5,27377862.0
6792,Bucaramanga,Manufactura,8.8,66.1,78.4,30,4.32,17.5,7.6,2,67.9,70.7,43.1,6.1,14234600.0
6793,Manizales,Minas,60.0,66.89,69.9,31,5.0,9.8,3.9,0,78.1,63.3,88.3,6.8,14542326.0
6794,Bogotá,Salud,12.0,20.14,69.8,27,4.58,19.0,-0.3,1,72.3,73.8,25.3,7.4,12238417.0
6795,Otras,Transporte,2.4,22.71,45.3,7,2.52,33.0,1.5,2,54.8,42.6,4.6,6.6,4819738.0
6796,Bogotá,Hoteles,6.5,9.01,53.6,3,4.16,25.9,1.7,1,65.3,71.0,80.5,6.5,6321164.0
6797,Bucaramanga,Financiero,11.6,45.57,54.4,15,4.71,2.9,6.0,2,56.5,60.0,22.1,8.2,8960918.0
6798,Bogotá,Información,5.7,11.96,67.7,5,5.45,15.5,3.4,1,74.1,75.1,46.0,7.8,8702979.0
6799,Bogotá,Hoteles,25.8,75.1,59.2,11,3.29,30.2,13.0,0,66.1,63.7,35.3,6.6,8658180.0
6800,Bogotá,Manufactura,22.1,53.88,70.8,33,3.63,21.0,6.0,1,74.7,63.5,29.1,6.6,12401978.0
6801,Manizales,Manufactura,10.1,47.68,42.2,13,4.34,27.9,7.6,2,61.3,52.2,17.0,6.3,9312901.0
6802,Medellín,Construcción,6.1,38.06,49.8,3,2.85,23.5,3.8,1,64.9,68.7,92.0,7.0,8953791.0
6803,Cali,Hoteles,3.9,11.87,59.1,11,3.09,33.1,10.6,2,73.4,68.6,82.1,6.2,8690957.0
6804,Medellín,Manufactura,13.3,13.62,54.9,12,4.44,13.3,9.4,0,63.4,70.4,22.7,6.6,8606974.0
6805,Manizales,Comercio,7.1,67.6,50.7,5,2.99,24.1,4.1,3,61.4,51.7,14.8,6.7,6486920.0
6806,Medellín,Manufactura,6.3,47.27,65.9,4,4.92,17.1,4.9,1,72.4,64.4,26.8,7.2,8081592.0
6807,Medellín,Comercio,24.0,2.52,57.6,22,4.67,20.5,2.6,3,72.0,69.7,60.0,6.7,11525271.0
6808,Bogotá,Manufactura,16.9,34.16,61.6,81,4.35,15.6,5.4,4,59.5,78.6,63.5,6.7,22444147.0
6809,Cartagena,Minas,11.2,38.65,71.8,3,4.86,8.4,6.2,1,67.4,58.2,4.8,7.3,8317662.0
6810,Medellín,Transporte,5.8,55.23,68.5,17,3.26,22.2,13.6,1,64.5,88.4,76.0,6.7,9958686.0
6811,Bogotá,Hoteles,8.2,25.39,59.0,40,4.01,32.2,8.8,0,68.4,71.2,36.0,6.7,12724275.0
6812,Medellín,Información,3.3,20.82,69.3,11,4.59,15.2,0.8,2,70.4,77.1,80.9,6.3,10418060.0
6813,Bogotá,Minas,2.0,25.42,74.8,2,5.02,19.7,7.3,0,73.3,81.9,43.1,5.8,8661448.0
6814,Barranquilla,Financiero,26.9,5.77,66.0,24,4.28,8.3,1.2,1,62.6,71.1,99.5,5.6,10854602.0
6815,Bogotá,Comercio,9.9,38.91,55.2,17,4.57,22.4,1.2,3,59.8,60.2,36.1,7.4,9240313.0
6816,Cali,Salud,7.9,39.68,68.2,64,4.81,20.2,3.6,3,61.6,66.6,22.4,7.0,19891110.0
6817,Manizales,Financiero,18.5,9.2,55.0,27,5.5,4.0,4.5,1,60.4,64.7,96.0,6.6,12290447.0
6818,Cali,Manufactura,3.8,44.83,67.6,9,4.93,18.1,4.6,0,61.4,75.4,87.8,6.5,8371081.0
6819,Bogotá,Manufactura,7.3,57.94,72.3,112,4.47,19.3,15.1,2,64.4,75.3,77.4,7.5,29235152.0
6820,Bogotá,Profesionales,35.5,41.01,85.1,10,4.92,4.2,8.3,1,95.1,68.6,64.8,6.2,13269203.0
6821,Barranquilla,Información,18.5,13.91,65.0,7,4.69,13.1,8.5,1,67.8,65.6,61.4,6.9,9118159.0
6822,Manizales,Construcción,9.3,14.9,52.6,12,2.78,21.2,-0.4,0,58.6,57.6,25.1,7.4,6251290.0
6823,Bucaramanga,Manufactura,13.1,19.05,59.2,7,4.61,15.4,13.0,0,69.8,47.6,72.6,5.7,7785404.0
6824,Medellín,Transporte,10.7,45.79,55.2,9,4.01,22.3,8.3,2,62.1,60.4,49.4,6.7,7880272.0
6825,Medellín,Transporte,20.8,49.93,55.4,34,3.52,18.5,12.3,2,71.9,64.6,74.4,5.2,12863887.0
6826,Bogotá,Hoteles,5.2,42.72,59.7,19,4.08,33.7,13.8,1,57.4,70.0,77.2,6.2,9451137.0
6827,Medellín,Construcción,20.0,75.63,69.5,20,4.56,19.4,18.0,2,84.0,67.6,18.4,7.7,13559043.0
6828,Barranquilla,Agricultura,5.9,65.52,47.2,15,2.67,33.8,6.4,0,64.2,63.5,23.4,5.7,6653621.0
6829,Barranquilla,Comercio,15.0,3.6,63.8,4,2.9,26.3,6.0,2,66.9,66.0,99.7,7.1,7844499.0
6830,Cali,Agricultura,12.0,23.16,56.7,6,3.27,15.7,7.0,1,66.1,61.1,30.9,7.0,7686570.0
6831,Cali,Comercio,7.8,38.2,43.6,14,3.37,24.4,16.0,3,54.9,50.3,91.3,7.3,7327950.0
6832,Medellín,Profesionales,2.8,52.77,75.3,10,5.87,22.0,6.2,0,73.2,65.4,61.7,6.4,9893417.0
6833,Otras,Comercio,8.5,45.65,43.5,15,3.36,31.8,2.0,0,61.4,48.5,52.2,6.5,6448449.0
6834,Pereira,Transporte,10.9,66.94,57.2,2,3.41,29.0,8.3,0,71.0,57.2,71.9,6.3,6142503.0
6835,Medellín,Información,12.9,5.3,76.1,38,4.77,11.5,4.8,1,68.3,85.3,9.9,6.5,16006474.0
6836,Medellín,Construcción,13.0,46.56,70.0,12,4.15,26.8,2.1,1,73.2,73.5,7.6,6.7,9672756.0
6837,Cartagena,Agricultura,6.0,5.27,45.3,14,1.69,17.1,9.4,1,59.0,51.1,66.0,6.8,5910472.0
6838,Otras,Comercio,5.1,57.31,39.6,2,2.88,27.2,9.2,0,56.6,43.9,10.7,5.3,4297849.0
6839,Bogotá,Transporte,10.0,38.87,59.6,3,4.09,24.1,1.1,4,62.6,63.0,51.7,8.5,8068996.0
6840,Bogotá,Información,18.2,11.66,69.7,17,5.59,14.6,-3.5,3,72.3,70.1,31.0,6.0,12078377.0
6841,Medellín,Transporte,20.4,60.82,79.9,1,4.05,18.5,-7.1,0,81.3,81.4,98.8,7.1,8553184.0
6842,Bogotá,Construcción,15.4,79.18,67.7,26,3.93,23.9,0.2,1,70.4,71.4,41.0,6.4,10831012.0
6843,Medellín,Manufactura,9.3,24.54,52.4,19,4.82,17.7,-2.6,2,59.5,75.2,1.1,6.2,10206975.0
6844,Cali,Salud,11.4,17.43,71.6,18,4.29,17.5,5.1,2,78.6,72.9,27.2,6.9,11739340.0
6845,Bogotá,Energía,6.4,32.4,82.2,44,5.33,18.0,9.4,3,81.0,80.7,82.8,6.5,19668084.0
6846,Barranquilla,Comercio,11.7,48.53,46.9,6,3.29,20.0,-5.9,0,59.8,43.0,15.1,5.3,5183336.0
6847,Bogotá,Manufactura,17.6,63.0,65.8,10,4.43,23.9,2.3,3,71.6,63.9,65.2,7.1,9697437.0
6848,Bogotá,Agricultura,24.0,58.33,56.9,22,3.38,15.3,8.2,2,72.3,70.1,20.7,6.4,15518342.0
6849,Bucaramanga,Manufactura,31.3,9.93,54.9,7,2.81,19.3,7.0,2,73.4,59.8,59.6,7.8,8350048.0
6850,Bogotá,Comercio,7.9,51.1,67.0,11,3.83,35.2,5.3,1,60.9,65.3,24.9,5.8,8448136.0
6851,Manizales,Financiero,12.2,8.82,68.3,23,4.61,9.7,5.1,0,67.0,61.3,35.9,6.8,11491999.0
6852,Manizales,Comercio,9.0,52.15,46.8,23,2.1,21.2,-1.6,3,59.4,53.8,44.7,7.9,7666988.0
6853,Bucaramanga,Hoteles,26.6,76.15,55.2,20,2.5,30.2,10.5,1,68.5,61.0,29.1,6.2,12988010.0
6854,Medellín,Salud,33.5,50.65,75.5,201,5.56,18.6,-0.5,1,81.0,71.3,18.5,6.0,52817798.0
6855,Cali,Información,9.2,66.62,80.1,6,4.65,16.3,-3.7,0,72.3,68.5,82.6,5.7,12548531.0
6856,Pereira,Manufactura,2.3,8.1,60.7,13,3.39,23.0,8.3,1,73.1,54.4,14.6,6.0,8250712.0
6857,Cali,Comercio,6.3,69.34,62.3,5,3.9,26.7,9.9,2,59.7,58.0,26.6,6.3,7440130.0
6858,Pereira,Financiero,11.9,1.05,75.3,4,5.54,13.4,13.3,2,67.8,70.7,12.2,6.4,9875498.0
6859,Bogotá,Transporte,19.2,33.17,52.1,19,3.55,29.9,-0.2,0,57.3,62.2,9.0,6.2,7814969.0
6860,Medellín,Información,5.8,16.59,50.4,10,4.51,15.6,17.0,0,67.1,58.5,94.8,6.3,7399956.0
6861,Cali,Comercio,6.9,27.99,42.4,16,2.9,34.9,1.3,1,52.0,49.3,52.2,6.8,5816902.0
6862,Medellín,Manufactura,4.1,17.7,59.9,16,4.4,26.6,8.0,0,63.1,68.5,12.2,6.8,9192904.0
6863,Bogotá,Manufactura,19.8,18.0,69.7,32,4.88,21.4,14.7,1,69.7,66.5,45.6,5.4,14424963.0
6864,Otras,Manufactura,60.0,53.6,44.1,39,3.51,7.1,-5.3,0,71.3,56.8,57.9,5.3,16100999.0
6865,Bogotá,Manufactura,7.7,51.67,57.3,33,4.79,17.9,7.4,2,58.2,75.8,74.1,6.4,12838851.0
6866,Bucaramanga,Profesionales,42.1,37.69,72.3,60,4.55,5.4,6.2,2,85.3,68.7,60.7,6.8,20482577.0
6867,Bogotá,Manufactura,10.6,14.41,65.4,12,3.93,21.4,4.3,3,61.2,75.7,51.0,5.9,9365740.0
6868,Cali,Transporte,32.5,13.15,57.5,2,3.55,6.1,4.2,1,71.3,63.8,10.3,5.6,7461003.0
6869,Medellín,Información,9.0,50.42,56.3,20,5.11,13.3,12.9,1,66.7,70.1,43.3,7.0,11139112.0
6870,Bogotá,Minas,39.3,41.18,73.5,20,5.34,8.0,7.6,0,81.1,78.5,24.1,6.9,13619166.0
6871,Bogotá,Comercio,6.7,41.04,55.2,14,3.67,22.6,4.3,0,52.6,73.6,24.0,7.3,7284124.0
6872,Medellín,Profesionales,60.0,69.44,65.3,75,4.47,15.5,7.5,1,81.7,78.5,35.4,7.2,23082555.0
6873,Barranquilla,Minas,24.0,67.43,74.1,45,5.48,7.7,11.4,2,68.3,66.4,42.1,7.4,19056791.0
6874,Medellín,Financiero,7.3,78.92,75.8,11,4.71,5.6,1.4,0,73.1,72.1,50.7,6.7,10170819.0
6875,Cali,Financiero,14.6,37.22,60.2,17,4.73,8.1,12.2,3,56.9,65.6,77.4,7.5,10578422.0
6876,Cartagena,Agricultura,4.8,75.22,59.0,12,2.64,26.6,3.6,0,56.4,61.6,74.3,6.3,6791911.0
6877,Cali,Comercio,4.4,49.76,53.7,3,3.08,28.0,7.4,1,66.2,59.1,17.6,6.4,6223457.0
6878,Bogotá,Transporte,18.7,0.36,65.8,7,4.34,10.0,7.2,0,73.3,65.1,65.1,6.8,8465454.0
6879,Bogotá,Manufactura,15.9,74.09,60.7,4,3.95,22.5,15.0,0,59.7,61.3,28.0,6.2,6525135.0
6880,Cartagena,Agricultura,12.0,34.88,42.7,31,3.8,16.4,2.9,1,66.6,51.1,41.8,5.5,10091097.0
6881,Pereira,Construcción,9.0,76.3,45.0,25,3.73,17.8,0.2,2,54.1,46.9,96.6,5.9,9094264.0
6882,Medellín,Comercio,17.5,54.18,62.7,49,3.72,23.7,7.4,2,73.9,78.8,78.4,7.1,15046314.0
6883,Medellín,Información,8.1,34.86,71.2,6,6.89,17.8,8.7,1,76.2,64.8,60.2,6.1,9491568.0
6884,Medellín,Construcción,13.4,46.91,65.7,7,3.7,29.2,10.9,1,63.0,74.0,78.7,6.0,8194166.0
6885,Barranquilla,Manufactura,7.2,70.32,52.2,10,3.39,15.8,1.1,1,60.2,65.6,25.5,6.0,7198502.0
6886,Barranquilla,Comercio,4.7,19.17,40.7,3,3.28,16.6,-4.2,0,60.4,58.2,98.8,6.3,4507214.0
6887,Bogotá,Profesionales,9.5,43.99,70.9,25,4.14,19.4,3.8,0,72.5,74.0,87.8,4.2,11667976.0
6888,Bogotá,Manufactura,2.5,21.66,84.4,24,4.38,20.0,0.2,3,76.9,75.8,56.1,6.3,13957729.0
6889,Bogotá,Información,20.9,40.86,74.6,22,4.75,9.1,6.1,1,78.7,76.3,81.0,6.2,13339007.0
6890,Cartagena,Hoteles,5.6,5.65,60.1,22,3.03,27.2,10.7,2,62.7,59.1,53.1,6.3,9433244.0
6891,Bogotá,Comercio,25.6,3.89,62.9,25,3.09,23.5,12.7,1,70.8,63.2,41.4,7.0,13659805.0
6892,Bogotá,Construcción,6.5,66.36,73.3,23,4.33,21.6,8.0,2,69.9,66.3,53.8,6.4,12637834.0
6893,Bogotá,Manufactura,7.2,9.43,58.1,45,4.55,26.3,-2.1,2,69.0,65.0,15.2,6.5,15075270.0
6894,Cali,Comercio,13.6,37.04,47.3,3,2.63,27.6,6.6,1,60.8,61.7,43.9,6.2,5900890.0
6895,Cali,Construcción,7.2,74.76,62.8,22,3.83,29.4,20.5,0,56.9,55.1,5.4,5.9,9436803.0
6896,Cartagena,Agricultura,30.1,6.79,60.2,2,2.99,26.6,6.6,0,70.5,62.0,18.6,7.1,6695916.0
6897,Bucaramanga,Comercio,28.2,75.92,40.8,3,3.82,20.5,5.2,1,63.4,63.7,19.9,4.7,5818817.0
6898,Bogotá,Manufactura,13.9,56.74,67.2,68,4.42,19.5,7.9,0,69.5,71.5,21.2,5.5,19535505.0
6899,Bucaramanga,Financiero,8.6,52.53,74.5,22,4.61,15.0,2.1,0,70.5,64.8,22.7,5.7,11592938.0
6900,Cali,Profesionales,11.7,78.29,78.8,19,4.99,16.2,7.9,1,78.9,73.2,4.8,6.6,18205766.0
6901,Cartagena,Profesionales,23.7,21.08,70.0,9,5.12,18.3,7.3,4,73.6,65.1,16.0,5.8,10942479.0
6902,Bogotá,Comercio,6.6,5.26,52.3,4,4.22,28.4,2.3,0,57.3,66.2,75.0,5.7,5579797.0
6903,Cali,Comercio,22.3,67.0,43.9,6,2.54,24.8,-9.2,2,62.1,53.8,48.4,6.6,5368113.0
6904,Barranquilla,Construcción,15.3,9.03,52.4,45,4.28,21.7,21.7,1,60.4,47.6,15.4,7.5,13810463.0
6905,Bogotá,Construcción,13.6,12.7,50.7,33,4.16,19.5,4.3,2,57.7,61.5,43.4,5.6,11491522.0
6906,Cartagena,Comercio,9.7,25.97,52.0,58,2.8,26.3,8.6,4,66.4,56.6,39.0,7.6,13470075.0
6907,Pereira,Profesionales,5.1,22.76,54.0,24,3.98,20.9,4.8,1,55.6,54.5,78.4,5.3,8763314.0
6908,Pereira,Energía,22.2,38.69,77.6,10,4.81,1.3,1.5,3,68.0,68.0,0.9,8.5,10715973.0
6909,Cali,Financiero,26.7,39.36,66.7,13,3.77,0.0,0.3,3,75.0,73.6,68.5,7.0,10494649.0
6910,Barranquilla,Información,5.9,52.09,64.2,29,4.64,8.4,6.0,1,53.1,78.0,79.3,5.9,11326758.0
6911,Bogotá,Información,1.0,25.76,76.7,5,5.81,15.4,-0.9,0,66.2,81.1,55.8,5.4,8903084.0
6912,Bogotá,Comercio,10.8,62.16,69.3,3,3.64,29.9,6.3,0,76.5,58.0,62.9,6.0,8013624.0
6913,Medellín,Comercio,11.2,5.51,66.7,8,4.18,27.2,4.2,0,79.3,83.7,19.2,7.1,8972064.0
6914,Bogotá,Transporte,7.3,7.97,55.3,48,4.07,15.6,9.3,1,64.2,62.2,87.1,6.1,14672719.0
6915,Medellín,Información,6.0,12.03,73.1,8,5.51,11.6,17.2,0,67.7,59.6,76.9,6.9,9876597.0
6916,Barranquilla,Minas,13.1,61.55,74.6,12,5.3,16.5,0.9,1,58.2,63.4,42.6,5.7,9218242.0
6917,Pereira,Comercio,20.9,37.64,49.7,21,3.01,24.7,3.3,1,72.3,60.8,65.8,6.5,8441452.0
6918,Otras,Comercio,2.8,33.45,46.0,13,3.07,24.7,-1.8,0,57.1,43.1,64.4,6.3,5762231.0
6919,Manizales,Manufactura,60.0,12.7,60.5,37,4.11,12.5,-0.1,1,86.6,57.6,29.7,5.9,21474717.0
6920,Medellín,Comercio,16.9,27.28,64.5,5,3.97,26.9,5.3,1,65.7,71.8,70.2,6.1,8074033.0
6921,Pereira,Comercio,29.6,60.55,48.1,13,3.29,25.2,9.0,1,67.1,51.4,92.5,6.0,7809317.0
6922,Bogotá,Profesionales,12.4,46.45,78.7,29,5.07,16.0,-2.8,0,63.4,79.2,41.7,5.5,13461086.0
6923,Medellín,Manufactura,17.1,73.98,65.0,47,3.31,11.3,4.6,1,72.7,77.5,69.9,5.8,14452420.0
6924,Bogotá,Financiero,17.0,40.14,81.2,18,5.87,3.3,-0.6,1,89.0,87.0,90.7,7.1,14139491.0
6925,Medellín,Información,8.2,69.3,73.7,38,4.47,11.8,4.1,2,78.8,72.1,49.2,7.4,15824375.0
6926,Cartagena,Agricultura,19.7,59.9,39.9,2,2.22,27.9,3.3,1,48.7,50.8,81.7,6.0,4080739.0
6927,Medellín,Comercio,27.5,17.67,58.2,1,3.25,26.3,-5.1,1,55.9,65.4,42.8,6.0,5659952.0
6928,Bucaramanga,Transporte,12.8,55.25,56.7,6,3.71,21.0,17.6,1,62.9,55.9,10.6,6.2,7619969.0
6929,Bogotá,Transporte,6.9,31.88,43.7,10,3.47,18.5,14.4,1,49.0,55.0,22.7,7.2,6095949.0
6930,Bogotá,Profesionales,30.3,69.69,68.4,7,5.08,16.1,1.3,1,79.8,78.5,3.2,6.0,9555723.0
6931,Bucaramanga,Información,8.7,18.47,70.6,69,5.2,14.4,0.3,5,71.4,58.5,16.5,8.1,23508291.0
6932,Bogotá,Construcción,26.5,18.89,55.4,3,4.04,22.6,7.2,0,74.4,69.8,25.9,6.2,7501684.0
6933,Bucaramanga,Transporte,5.3,45.19,55.5,11,3.67,31.6,-3.1,0,65.4,60.7,42.5,6.0,7037540.0
6934,Bogotá,Construcción,14.9,54.11,54.8,38,3.91,20.7,8.9,2,62.0,67.0,21.0,7.5,12919906.0
6935,Cali,Comercio,6.4,18.0,47.1,37,2.64,29.2,1.2,4,63.2,61.0,49.8,7.5,10445397.0
6936,Cali,Transporte,25.1,25.84,56.3,11,3.24,21.5,4.9,0,73.5,66.6,26.1,6.1,8419013.0
6937,Manizales,Manufactura,6.6,25.64,74.8,24,4.17,11.8,12.1,1,83.7,68.2,32.4,7.2,13658726.0
6938,Medellín,Comercio,6.6,3.15,58.6,8,3.56,35.1,6.7,3,61.6,70.1,74.7,6.6,8156599.0
6939,Medellín,Hoteles,16.2,59.47,56.0,7,4.0,32.7,16.7,2,65.8,63.5,44.8,8.1,8418887.0
6940,Medellín,Comercio,24.3,68.39,49.6,4,3.77,31.3,10.0,2,70.5,66.9,77.0,7.0,7529587.0
6941,Bogotá,Agricultura,10.1,37.33,68.1,6,3.3,15.4,12.0,2,59.3,68.3,6.5,7.2,8467586.0
6942,Manizales,Profesionales,26.2,74.33,59.4,4,3.98,10.7,3.7,1,64.8,72.6,46.6,7.0,7680281.0
6943,Pereira,Manufactura,7.0,61.99,71.9,4,3.89,16.0,10.4,2,69.7,57.2,90.5,6.4,8873029.0
6944,Cartagena,Profesionales,43.7,51.08,48.7,8,4.15,13.7,6.2,2,67.7,64.1,21.4,6.8,8322073.0
6945,Bogotá,Minas,13.4,72.99,75.9,16,5.66,12.6,10.0,2,71.4,70.9,83.9,6.7,15443599.0
6946,Manizales,Manufactura,11.7,59.99,52.9,14,3.95,19.4,1.5,1,63.6,44.0,69.2,5.7,7760655.0
6947,Barranquilla,Profesionales,6.5,36.9,72.5,37,4.78,13.9,10.0,1,69.3,68.9,30.0,6.0,14684302.0
6948,Bogotá,Construcción,7.2,11.87,59.6,5,4.59,29.7,5.9,2,56.7,66.8,2.6,7.3,7019567.0
6949,Bogotá,Manufactura,28.2,41.23,65.7,4,4.42,16.4,3.1,1,64.9,63.0,75.0,5.4,7688098.0
6950,Cartagena,Manufactura,5.1,40.67,64.6,20,4.28,29.5,9.6,0,55.9,63.0,22.9,5.3,9283323.0
6951,Manizales,Agricultura,33.8,22.12,33.8,17,2.19,24.7,6.8,1,65.7,67.2,16.3,7.4,6781639.0
6952,Pereira,Minas,7.9,23.27,63.7,6,5.56,9.8,-5.8,2,67.5,64.6,37.6,7.6,8642451.0
6953,Manizales,Hoteles,8.3,26.15,66.4,6,3.69,33.7,9.3,3,72.2,55.3,56.3,7.8,9138734.0
6954,Bogotá,Financiero,14.3,42.32,68.1,20,5.35,15.8,5.7,0,71.5,72.4,84.4,5.7,11962555.0
6955,Bucaramanga,Comercio,17.2,53.04,49.4,13,3.38,27.5,5.0,0,64.2,58.9,61.8,5.8,7289165.0
6956,Cali,Manufactura,8.8,6.97,53.8,42,3.59,15.9,-2.7,0,57.2,68.3,98.5,5.5,11379251.0
6957,Bogotá,Información,28.8,69.68,82.3,35,5.7,8.1,1.3,1,78.6,81.3,25.3,7.0,17486188.0
6958,Bogotá,Comercio,17.6,11.53,55.2,3,3.94,33.2,6.8,0,66.7,75.1,78.5,5.4,6441129.0
6959,Bogotá,Información,11.7,66.87,55.2,2,4.32,16.7,8.2,0,65.4,57.4,87.2,6.5,6293910.0
6960,Bogotá,Transporte,28.6,25.76,61.0,8,3.58,11.7,5.8,0,68.8,67.5,24.2,8.0,8378473.0
6961,Bogotá,Manufactura,4.4,56.42,60.7,7,4.19,14.7,9.9,0,60.3,77.9,88.7,5.5,7474462.0
6962,Medellín,Energía,4.0,68.51,77.7,32,5.46,7.7,4.6,1,68.0,64.3,78.8,4.8,15072513.0
6963,Bogotá,Información,8.0,75.83,66.6,3,5.04,18.0,10.5,0,62.2,66.7,95.6,5.8,7080833.0
6964,Bogotá,Construcción,19.7,50.62,52.9,11,3.41,16.0,13.0,3,54.0,59.2,78.1,6.4,8585829.0
6965,Medellín,Financiero,4.4,6.5,73.3,22,5.12,6.3,15.2,2,71.3,70.9,42.5,7.7,13590996.0
6966,Bogotá,Financiero,42.6,52.65,90.7,41,5.28,0.0,-3.2,0,97.1,81.6,32.8,5.7,19288682.0
6967,Bucaramanga,Comercio,4.8,4.7,63.3,6,3.74,19.6,-7.2,1,66.6,57.8,76.1,6.7,7378474.0
6968,Bogotá,Comercio,4.1,54.66,59.1,5,4.5,22.8,7.5,1,66.0,63.0,38.8,6.3,7252632.0
6969,Pereira,Minas,21.8,9.53,65.3,13,3.84,2.4,12.8,0,73.3,60.1,57.1,6.1,9912492.0
6970,Bogotá,Información,3.6,65.94,82.0,26,5.43,17.4,3.3,3,61.8,82.4,77.8,8.3,14280313.0
6971,Cartagena,Información,3.9,21.11,59.0,7,4.39,21.1,6.9,3,62.0,63.9,36.1,6.0,8276030.0
6972,Barranquilla,Información,7.7,46.46,61.4,47,4.57,15.7,3.4,2,67.6,70.2,22.5,6.1,15538477.0
6973,Cartagena,Manufactura,6.5,67.75,77.0,30,3.86,16.0,5.6,1,70.8,68.5,3.0,5.9,12667519.0
6974,Medellín,Comercio,13.9,78.01,62.2,24,3.56,29.6,12.2,2,73.3,73.4,35.0,6.6,15357536.0
6975,Bogotá,Comercio,6.3,47.31,54.9,11,3.31,25.7,2.2,2,65.7,61.9,2.2,7.2,7480129.0
6976,Barranquilla,Transporte,4.1,75.03,42.8,32,4.05,22.7,8.1,2,56.8,60.6,81.7,6.7,10686558.0
6977,Bogotá,Comercio,41.0,20.14,46.6,14,3.69,17.6,16.5,1,58.3,68.3,26.5,7.2,9463793.0
6978,Otras,Manufactura,16.6,28.96,64.1,36,4.55,17.0,7.3,4,69.7,56.0,35.5,7.6,14400940.0
6979,Cali,Comercio,1.1,55.15,57.2,2,3.31,31.7,4.9,0,72.6,61.6,78.4,5.5,6424696.0
6980,Bogotá,Salud,7.8,74.3,77.6,27,4.61,13.7,8.6,1,75.0,77.6,2.2,7.0,13441844.0
6981,Cartagena,Manufactura,5.6,73.04,57.8,27,3.94,15.2,21.6,0,60.1,61.7,11.6,6.2,11051252.0
6982,Otras,Comercio,18.0,55.34,39.5,37,3.59,31.8,9.9,0,62.0,39.0,42.9,5.0,10127683.0
6983,Cali,Energía,51.0,58.71,81.3,56,5.19,2.1,-0.9,0,86.0,63.5,11.7,5.7,20283513.0
6984,Otras,Información,7.9,43.9,67.4,22,5.17,18.0,7.2,2,61.8,61.0,78.7,6.9,11722552.0
6985,Otras,Información,17.6,29.99,72.3,13,4.87,20.9,-4.2,3,74.9,56.7,47.8,6.7,10592451.0
6986,Cali,Información,9.8,79.23,77.5,14,5.03,12.6,10.7,2,77.8,72.9,63.1,7.3,12495014.0
6987,Otras,Energía,18.1,42.61,62.8,6,4.98,0.0,4.2,3,62.8,57.1,32.6,7.3,8762404.0
6988,Pereira,Información,8.5,33.16,43.9,23,5.23,17.0,4.1,1,60.2,43.5,91.4,6.0,9601310.0
6989,Pereira,Comercio,23.4,64.29,44.4,33,3.82,20.1,7.1,1,66.4,52.7,38.8,5.2,10861621.0
6990,Barranquilla,Agricultura,11.9,28.66,43.0,7,1.69,14.4,2.9,2,64.2,53.6,41.3,6.4,6446284.0
6991,Medellín,Financiero,5.1,45.41,72.2,13,4.46,9.8,10.7,1,61.3,82.5,15.5,5.6,10631107.0
6992,Bogotá,Salud,12.0,35.23,62.7,3,4.77,10.4,5.2,4,77.0,70.8,64.8,6.8,9251504.0
6993,Bucaramanga,Manufactura,16.8,28.28,50.2,2,3.6,19.6,6.8,1,59.7,57.9,12.4,5.3,6190730.0
6994,Medellín,Transporte,19.5,45.57,60.5,1,4.08,19.0,12.5,0,67.5,60.8,90.1,7.6,7334437.0
6995,Cartagena,Manufactura,14.6,12.38,52.5,53,4.28,20.5,-4.9,4,59.3,60.3,60.7,6.2,15228877.0
6996,Cali,Comercio,9.4,66.66,41.2,6,4.03,21.3,3.3,1,56.1,68.6,84.8,6.5,5873038.0
6997,Pereira,Construcción,5.0,2.26,46.7,4,3.38,17.0,7.4,0,45.2,48.5,42.9,6.0,4619314.0
6998,Medellín,Comercio,7.8,22.59,66.5,9,3.13,24.4,8.2,0,67.5,67.7,57.6,6.2,8388471.0
6999,Cali,Salud,2.9,75.14,71.2,2,3.75,23.0,2.7,0,64.8,71.9,18.0,6.4,7422497.0
7000,Bogotá,Comercio,10.3,70.54,64.3,34,3.86,19.0,7.3,0,67.7,73.9,88.8,5.8,11654780.0
7001,Bucaramanga,Transporte,3.7,17.92,47.3,8,4.36,24.9,11.0,2,61.6,65.6,61.5,6.8,7049100.0
7002,Bogotá,Profesionales,11.7,31.38,79.2,15,5.97,24.1,7.5,1,74.6,70.3,78.0,6.7,12608994.0
7003,Medellín,Financiero,12.9,32.32,78.1,4,4.84,9.7,11.0,0,72.5,66.6,34.9,6.4,9191272.0
7004,Bogotá,Hoteles,29.3,78.02,61.1,11,2.77,30.8,-3.9,0,64.3,72.7,94.2,7.0,6761160.0
7005,Bogotá,Construcción,1.7,68.26,59.4,18,4.68,29.0,0.6,1,58.6,66.8,0.5,7.0,9208016.0
7006,Bogotá,Transporte,16.4,77.72,58.7,21,3.52,12.9,1.1,0,67.8,57.8,0.6,6.0,8860448.0
7007,Medellín,Construcción,12.0,64.35,70.2,49,4.3,29.4,1.9,4,68.9,79.9,88.8,7.6,17100229.0
7008,Bogotá,Comercio,6.3,37.6,54.9,9,3.13,23.9,0.3,1,66.3,65.8,81.8,8.0,7063342.0
7009,Bogotá,Hoteles,13.2,65.98,54.0,13,3.11,36.8,6.5,1,65.2,67.2,56.6,6.0,7998928.0
7010,Medellín,Comercio,5.7,44.88,52.2,6,3.05,20.6,-2.7,0,50.8,75.8,27.9,7.0,5208162.0
7011,Bogotá,Comercio,20.7,72.11,65.6,43,4.46,24.6,14.5,1,63.1,72.4,68.3,5.6,15397587.0
7012,Pereira,Construcción,6.6,61.4,51.2,17,3.3,30.2,-2.9,1,64.2,48.8,13.8,7.8,8104789.0
7013,Medellín,Comercio,9.3,43.81,57.3,18,3.31,25.4,11.1,1,67.0,66.6,73.9,6.4,9049566.0
7014,Medellín,Información,5.3,53.75,73.1,29,4.95,10.1,-0.8,2,78.2,75.5,3.5,6.3,14941603.0
7015,Medellín,Transporte,5.9,35.83,51.5,35,3.53,25.2,21.0,0,59.5,63.6,49.3,6.2,10977091.0
7016,Medellín,Comercio,60.0,24.67,40.8,30,3.89,28.2,18.4,1,76.2,54.3,11.2,7.7,12971034.0
7017,Medellín,Profesionales,2.0,22.17,73.8,27,5.29,12.5,-5.8,5,79.6,71.4,16.4,8.3,15569384.0
7018,Otras,Construcción,9.6,24.51,74.1,39,3.76,29.2,2.5,0,74.4,61.6,36.2,5.1,13168366.0
7019,Medellín,Comercio,4.5,33.4,58.6,13,3.48,34.3,2.4,1,61.5,64.6,59.8,5.8,7779688.0
7020,Cali,Minas,12.8,24.56,65.5,30,5.24,16.7,6.8,2,66.3,73.3,83.2,6.2,14115046.0
7021,Bogotá,Comercio,49.3,19.96,62.9,4,4.35,19.9,14.5,0,75.8,70.5,16.3,5.8,10026948.0
7022,Cali,Profesionales,20.9,32.75,57.3,9,4.17,12.8,4.0,0,70.0,66.5,10.2,5.1,8206617.0
7023,Bogotá,Comercio,4.7,54.96,53.3,8,4.31,26.5,7.4,3,70.8,74.2,63.3,7.2,8779111.0
7024,Bucaramanga,Minas,9.1,16.95,61.7,19,4.55,14.2,9.1,1,68.3,50.2,26.2,4.7,10223963.0
7025,Pereira,Comercio,18.6,79.45,57.8,21,3.53,21.8,-0.5,0,57.0,58.2,5.3,5.6,8278576.0
7026,Cali,Hoteles,32.3,75.77,62.6,10,3.43,24.0,15.9,1,83.1,58.7,56.7,6.9,10676406.0
7027,Manizales,Agricultura,43.9,11.57,30.1,24,1.97,23.3,0.1,0,64.5,48.6,22.2,5.6,5558119.0
7028,Cali,Comercio,18.6,29.86,44.6,5,3.81,18.5,5.2,1,57.5,56.9,90.6,5.5,6168242.0
7029,Bogotá,Salud,15.1,5.23,84.5,11,4.06,13.3,12.4,0,67.4,75.3,91.8,6.6,10753642.0
7030,Cali,Manufactura,7.8,16.05,68.7,120,4.1,11.8,9.4,4,71.5,57.1,95.3,7.7,28531786.0
7031,Bogotá,Comercio,56.0,1.37,42.4,13,3.6,21.0,-2.3,0,78.8,64.9,82.9,5.5,6674407.0
7032,Barranquilla,Agricultura,8.4,78.97,46.7,8,2.27,21.4,2.6,1,58.9,62.5,22.2,5.9,5987669.0
7033,Bucaramanga,Comercio,51.1,53.04,50.3,21,3.24,24.4,10.5,2,68.6,60.3,8.5,7.1,9835734.0
7034,Bogotá,Hoteles,12.1,58.69,71.3,46,3.68,30.2,-4.4,2,63.6,71.5,88.9,7.3,13437506.0
7035,Manizales,Comercio,10.5,58.85,54.0,2,3.87,25.0,9.0,1,83.2,56.9,64.1,6.2,7321405.0
7036,Barranquilla,Profesionales,5.7,61.35,72.3,3,4.98,19.1,7.8,0,71.2,72.0,46.9,7.1,8378460.0
7037,Bogotá,Comercio,8.7,23.22,53.7,49,3.0,26.2,-0.5,0,52.6,63.6,93.5,5.1,11124308.0
7038,Barranquilla,Manufactura,14.0,33.17,66.6,73,5.18,17.8,-0.5,3,68.2,67.1,65.7,6.7,22939863.0
7039,Bogotá,Construcción,17.2,44.87,61.3,10,4.19,25.5,1.8,0,63.9,64.3,47.5,7.1,7647491.0
7040,Bogotá,Comercio,13.1,33.42,66.3,1,4.53,25.2,2.2,0,71.7,82.7,15.1,6.4,7327804.0
7041,Bogotá,Agricultura,4.9,13.59,64.9,12,2.98,19.6,-5.7,0,85.7,70.7,78.5,5.6,8779427.0
7042,Cartagena,Comercio,8.4,40.61,60.6,5,3.94,30.1,11.2,2,58.2,63.5,26.7,7.0,7527158.0
7043,Barranquilla,Comercio,5.3,63.13,51.4,5,2.43,26.0,7.8,0,52.5,69.2,41.4,6.0,5768177.0
7044,Bogotá,Comercio,15.2,5.04,60.9,8,4.08,18.9,10.0,1,67.4,68.9,97.0,6.4,8436419.0
7045,Cali,Minas,6.6,2.81,81.2,19,4.27,21.1,10.6,1,77.6,64.7,21.1,6.5,11929687.0
7046,Bogotá,Información,16.7,49.19,64.6,56,5.59,20.1,9.2,0,59.5,70.7,75.1,5.9,18923033.0
7047,Bogotá,Comercio,16.5,11.03,64.0,8,3.54,24.5,13.9,2,72.3,74.8,82.1,7.4,9095535.0
7048,Cali,Comercio,9.3,15.66,47.9,8,3.64,24.3,-0.8,0,56.0,58.3,73.8,6.7,5813321.0
7049,Bogotá,Manufactura,4.3,70.31,63.6,8,4.61,25.8,2.3,2,69.2,70.5,27.0,6.9,8632384.0
7050,Bucaramanga,Comercio,2.9,45.31,56.9,7,2.82,27.3,6.1,1,49.1,64.4,68.2,5.9,6012896.0
7051,Otras,Manufactura,9.1,21.53,68.2,9,3.15,19.7,2.4,2,66.4,60.1,46.2,7.4,8665530.0
7052,Bucaramanga,Financiero,5.0,73.79,64.6,2,4.92,4.6,3.3,1,65.7,63.7,84.6,5.6,7671268.0
7053,Cartagena,Información,5.1,24.41,55.1,66,4.48,13.5,11.0,3,54.0,62.0,20.5,8.7,18373491.0
7054,Barranquilla,Hoteles,12.6,24.4,55.4,5,2.33,23.0,11.7,2,59.3,54.9,41.0,7.2,7104972.0
7055,Bogotá,Comercio,16.2,49.54,64.3,38,3.14,34.8,3.1,1,75.7,74.5,43.5,6.4,12083050.0
7056,Manizales,Energía,5.7,28.22,67.2,20,4.99,0.0,-1.2,0,61.3,68.2,31.6,5.2,10880532.0
7057,Cali,Comercio,15.0,19.03,46.2,24,2.7,33.5,9.0,0,55.9,48.7,29.8,5.5,7156231.0
7058,Bucaramanga,Construcción,13.4,25.37,48.7,6,3.75,24.2,0.5,3,68.1,59.6,30.7,8.2,7011782.0
7059,Barranquilla,Financiero,14.7,36.21,63.7,8,4.27,7.7,-2.8,2,67.9,63.8,42.4,7.3,8396148.0
7060,Medellín,Comercio,19.7,79.98,58.8,25,3.59,27.0,-8.5,0,71.0,70.7,58.1,6.7,8996360.0
7061,Medellín,Transporte,17.0,34.25,65.8,8,2.98,23.1,1.1,0,58.2,71.6,15.2,5.7,7241151.0
7062,Cali,Manufactura,8.3,55.76,59.4,25,4.97,17.9,-0.7,1,60.7,62.5,90.8,6.5,10616699.0
7063,Medellín,Salud,46.7,10.19,79.8,13,4.42,6.8,8.2,1,82.1,80.8,34.8,5.4,12764218.0
7064,Bucaramanga,Comercio,20.6,48.29,45.5,7,3.85,19.9,14.5,1,61.2,60.1,60.8,5.6,7554904.0
7065,Bogotá,Comercio,16.6,42.0,43.3,28,4.47,26.5,-2.6,2,60.6,49.9,94.8,6.9,9941466.0
7066,Barranquilla,Hoteles,9.9,10.45,40.1,28,2.96,31.2,9.3,1,55.3,44.4,23.9,4.9,7585524.0
7067,Cartagena,Manufactura,3.2,77.98,69.9,27,4.63,16.4,-3.2,2,75.3,54.0,59.0,7.4,19517024.0
7068,Barranquilla,Construcción,11.2,9.4,49.3,15,3.6,35.8,5.4,0,58.9,58.6,43.1,6.0,6801911.0
7069,Otras,Comercio,8.1,52.34,49.1,10,3.64,19.0,17.1,1,57.9,43.9,43.1,7.0,7067577.0
7070,Medellín,Manufactura,6.6,44.71,72.7,343,4.56,12.8,4.2,5,56.3,72.2,48.9,6.9,70740542.0
7071,Medellín,Transporte,14.8,16.68,41.3,8,3.42,29.0,8.4,1,53.7,70.5,78.4,6.3,6248731.0
7072,Medellín,Comercio,15.6,21.7,55.9,15,3.71,33.8,-4.7,1,56.6,62.9,37.0,5.4,7525738.0
7073,Bogotá,Transporte,3.8,30.76,60.7,6,4.29,25.3,0.7,1,62.6,66.5,51.1,5.8,7256405.0
7074,Barranquilla,Manufactura,7.1,69.29,64.7,6,3.91,10.8,6.6,1,75.7,61.1,87.4,7.2,8866397.0
7075,Bucaramanga,Comercio,10.7,4.45,46.4,5,3.36,26.7,11.3,0,53.8,69.1,55.3,5.6,5827074.0
7076,Medellín,Profesionales,3.4,69.02,59.0,24,4.93,21.4,0.5,3,65.3,63.9,44.7,6.5,11382296.0
7077,Cartagena,Comercio,15.1,69.91,46.9,7,2.81,25.5,6.1,1,59.7,56.2,4.7,7.2,6019371.0
7078,Bucaramanga,Comercio,4.7,64.21,66.1,4,2.98,28.1,11.8,3,75.4,66.7,73.7,6.1,8741866.0
7079,Bogotá,Comercio,8.7,42.12,50.6,22,4.47,31.9,5.3,0,66.4,61.7,30.6,6.7,9571453.0
7080,Barranquilla,Manufactura,19.1,16.31,65.1,50,3.65,17.8,14.9,2,66.4,53.6,64.2,7.1,15520664.0
7081,Bogotá,Profesionales,7.0,29.73,74.9,12,5.14,15.2,4.9,0,65.9,73.3,54.6,6.0,10037276.0
7082,Cali,Financiero,16.3,0.4,67.4,34,5.14,14.1,3.7,1,72.5,69.5,63.7,6.4,14779281.0
7083,Medellín,Manufactura,8.9,55.78,65.8,24,3.78,19.9,3.2,2,58.1,74.8,87.5,7.0,10527240.0
7084,Bucaramanga,Manufactura,5.5,55.1,63.0,20,4.39,11.8,14.9,0,60.9,53.3,17.5,5.1,9973970.0
7085,Barranquilla,Construcción,10.8,23.25,56.9,22,4.28,23.7,2.8,1,66.7,58.7,14.0,7.1,9892018.0
7086,Bogotá,Comercio,10.0,16.66,64.3,13,3.08,28.9,11.3,0,70.0,62.6,20.5,7.0,8530215.0
7087,Bogotá,Manufactura,40.0,0.01,58.2,19,4.99,3.7,19.2,2,76.1,67.8,65.8,6.7,14154396.0
7088,Bogotá,Minas,41.9,16.13,72.6,43,6.12,7.5,11.8,0,76.2,71.1,19.6,4.7,20215446.0
7089,Cali,Profesionales,18.6,11.23,59.8,164,4.18,8.4,5.8,5,63.9,70.1,47.3,7.8,36050928.0
7090,Cartagena,Minas,23.2,58.52,52.6,4,4.69,10.5,22.9,1,66.1,56.9,27.4,6.6,8590741.0
7091,Bogotá,Manufactura,7.1,32.85,69.0,16,5.19,20.1,14.9,2,61.7,61.5,45.7,6.6,11037318.0
7092,Bogotá,Comercio,15.1,72.24,59.1,19,3.71,32.1,9.2,2,76.3,68.0,13.7,8.1,10530747.0
7093,Bogotá,Manufactura,4.7,0.25,73.0,19,4.17,16.1,6.2,4,74.7,68.6,55.1,7.8,12589346.0
7094,Bogotá,Profesionales,27.1,39.79,71.8,10,3.68,12.7,9.0,4,66.9,71.7,38.9,7.5,13228560.0
7095,Cartagena,Salud,4.4,27.71,61.8,24,4.13,26.3,7.2,0,65.9,73.2,12.8,6.1,10140770.0
7096,Medellín,Transporte,16.6,9.95,48.0,4,3.61,32.2,0.2,0,55.3,45.5,45.0,5.5,4436948.0
7097,Cali,Profesionales,8.0,3.98,54.3,9,5.14,18.9,10.4,0,60.3,58.5,17.8,5.8,7943218.0
7098,Bogotá,Transporte,4.1,0.75,52.5,8,4.35,23.7,9.7,1,56.5,67.2,9.7,6.1,9757206.0
7099,Medellín,Manufactura,10.3,34.09,77.7,12,4.98,10.4,4.1,2,69.9,76.0,14.2,6.2,11605745.0
7100,Medellín,Energía,9.0,65.46,65.7,9,4.63,4.7,2.5,1,71.0,62.7,57.6,7.0,8928338.0
7101,Barranquilla,Manufactura,14.9,45.12,61.9,11,3.45,23.3,3.3,1,72.7,66.6,72.6,5.8,8785678.0
7102,Medellín,Información,8.5,28.17,73.1,5,4.8,12.9,10.6,2,67.1,75.9,74.2,6.7,9788550.0
7103,Pereira,Comercio,18.7,69.34,60.8,24,3.0,23.0,1.0,0,66.5,75.1,54.8,5.2,9196022.0
7104,Manizales,Agricultura,7.9,20.76,40.5,37,2.59,23.7,12.0,1,46.1,56.7,11.7,6.6,8613483.0
7105,Bogotá,Salud,11.8,60.52,73.9,7,5.18,24.7,-1.0,1,70.9,72.3,88.1,7.1,9275772.0
7106,Bogotá,Manufactura,12.1,48.4,72.3,45,4.77,17.8,4.0,4,69.9,68.0,72.9,7.0,17251684.0
7107,Cali,Manufactura,16.1,55.11,73.3,46,3.7,9.8,9.8,2,73.6,66.6,14.7,7.1,15890229.0
7108,Bucaramanga,Hoteles,5.3,20.38,50.4,9,3.36,29.5,10.7,1,56.8,59.7,76.4,5.8,6573075.0
7109,Bogotá,Comercio,8.1,53.93,53.0,17,3.97,32.1,13.3,1,46.6,66.8,4.2,6.6,8337964.0
7110,Bucaramanga,Transporte,3.1,25.8,53.2,7,3.3,22.1,6.6,0,45.2,65.7,84.6,4.9,5417098.0
7111,Bogotá,Comercio,3.4,50.21,52.3,20,3.24,28.7,6.1,1,54.8,60.8,99.9,5.0,7694957.0
7112,Cali,Comercio,4.8,9.89,42.8,4,3.03,34.1,5.5,0,59.9,65.1,39.2,7.6,5284083.0
7113,Medellín,Profesionales,12.8,38.06,85.6,11,4.47,17.4,14.7,0,84.5,73.9,92.8,4.8,17825819.0
7114,Cali,Información,28.2,70.79,67.1,15,3.86,13.6,10.8,0,83.3,60.7,81.4,6.5,10657045.0
7115,Medellín,Comercio,11.6,77.57,68.5,9,4.4,20.3,10.4,0,62.2,66.9,81.2,6.9,8809780.0
7116,Medellín,Comercio,19.8,57.17,59.2,17,3.01,21.5,6.8,1,77.9,74.5,80.9,6.2,9663112.0
7117,Medellín,Información,4.1,50.77,68.5,15,5.57,16.5,1.3,0,68.7,75.0,12.2,5.6,10704389.0
7118,Bogotá,Comercio,29.1,35.6,55.7,12,3.27,20.7,6.0,1,67.8,77.6,16.1,6.4,8460408.0
7119,Manizales,Comercio,18.4,62.65,57.1,9,2.55,32.1,-6.1,2,61.0,50.2,14.4,7.1,6132572.0
7120,Pereira,Profesionales,9.0,36.25,81.1,20,5.43,20.6,18.8,1,76.5,66.0,12.5,7.3,13383937.0
7121,Bogotá,Transporte,5.9,1.42,61.2,8,3.92,26.7,10.0,3,61.0,78.0,83.0,7.9,8810134.0
7122,Pereira,Manufactura,7.2,22.05,57.3,26,3.7,13.6,9.6,2,71.7,58.8,48.4,8.2,11208517.0
7123,Cali,Financiero,2.1,52.46,83.1,14,4.45,9.7,12.8,1,78.1,72.2,7.7,7.6,12443045.0
7124,Bogotá,Construcción,5.4,22.98,62.2,10,4.69,21.6,1.5,1,61.3,72.1,48.2,6.0,8846722.0
7125,Cali,Manufactura,8.8,16.97,62.8,15,4.77,16.7,14.0,2,59.0,59.6,90.9,6.6,9777862.0
7126,Bogotá,Comercio,13.8,46.82,59.6,14,3.68,34.4,11.8,0,59.1,74.8,72.8,6.0,8293934.0
7127,Medellín,Agricultura,5.0,32.44,56.3,34,3.27,34.8,5.5,5,64.5,63.0,79.2,7.8,15418105.0
7128,Bogotá,Agricultura,9.1,73.78,43.5,18,2.77,22.3,4.6,0,50.6,50.6,95.0,5.8,6011061.0
7129,Bogotá,Comercio,6.2,53.05,50.4,28,3.93,22.1,5.2,2,58.1,64.1,65.1,5.9,10474293.0
7130,Bogotá,Agricultura,5.7,51.24,50.3,19,3.15,11.5,14.0,2,53.0,63.7,79.3,6.7,8290976.0
7131,Cali,Minas,3.0,18.98,72.2,4,4.47,19.3,3.9,2,69.8,66.7,0.5,6.6,8773208.0
7132,Barranquilla,Hoteles,4.3,34.24,36.2,20,1.88,35.3,7.1,0,62.9,43.1,21.5,5.3,5456479.0
7133,Medellín,Comercio,2.8,64.02,57.4,7,3.39,35.0,-1.3,1,57.1,59.8,60.3,6.3,6493371.0
7134,Cartagena,Manufactura,27.1,77.11,60.9,66,4.06,18.7,-1.0,3,75.1,63.7,77.8,6.7,18272124.0
7135,Cali,Manufactura,27.4,13.33,61.0,27,4.09,7.6,12.2,0,66.1,66.0,46.9,6.0,11720460.0
7136,Manizales,Comercio,3.9,0.28,54.4,1,3.42,30.8,9.6,1,63.8,58.9,40.2,6.0,5826649.0
7137,Cali,Minas,15.0,33.72,68.3,23,5.5,15.1,4.4,0,69.3,57.1,54.8,5.5,12295268.0
7138,Bogotá,Comercio,3.0,1.99,70.1,3,3.22,30.5,9.5,0,64.8,69.7,25.8,5.3,7580959.0
7139,Bogotá,Transporte,3.1,18.89,47.3,3,4.36,21.4,11.9,2,60.9,61.7,83.1,6.9,6337899.0
7140,Bucaramanga,Información,18.6,16.88,74.1,38,5.52,12.0,13.6,1,77.9,78.9,4.7,5.8,17738952.0
7141,Manizales,Información,20.8,12.87,73.5,15,4.35,15.0,8.4,0,82.1,70.6,51.0,6.3,11676774.0
7142,Medellín,Comercio,2.7,79.06,56.0,75,2.91,30.8,8.0,0,51.6,63.0,33.7,6.2,13533480.0
7143,Barranquilla,Agricultura,16.8,59.89,54.0,14,2.68,19.7,5.4,1,70.9,67.1,53.8,6.4,8196411.0
7144,Medellín,Agricultura,6.8,3.49,47.0,6,1.89,23.7,11.7,1,57.2,64.3,23.5,6.9,5895848.0
7145,Medellín,Salud,37.0,59.99,63.9,49,5.05,10.4,5.5,1,81.9,67.4,80.7,6.2,18095852.0
7146,Bogotá,Comercio,10.6,46.52,55.1,21,3.51,22.5,4.7,0,58.8,68.0,67.1,6.0,8592513.0
7147,Cali,Profesionales,15.8,19.47,70.0,14,4.71,14.2,18.0,3,80.8,60.0,65.0,7.5,12743484.0
7148,Medellín,Agricultura,16.1,75.55,39.8,8,2.98,16.8,4.9,0,55.2,55.8,95.5,7.3,5020170.0
7149,Cartagena,Comercio,18.8,78.73,68.3,10,3.11,25.2,3.5,1,74.0,67.6,40.3,6.2,9159015.0
7150,Otras,Energía,5.0,34.49,82.0,13,5.1,5.0,-0.9,3,76.4,68.1,37.8,8.3,12416315.0
7151,Cali,Profesionales,15.1,39.48,66.7,29,5.36,21.2,7.4,1,59.2,70.1,61.8,8.5,13584811.0
7152,Bogotá,Comercio,22.9,71.37,70.6,10,5.36,21.5,11.9,1,76.6,78.6,70.8,5.9,13627254.0
7153,Pereira,Comercio,2.6,17.95,52.4,4,3.34,24.2,11.5,2,59.9,59.9,70.3,6.4,11038031.0
7154,Bucaramanga,Comercio,2.4,70.41,66.6,16,3.8,23.7,9.1,3,61.4,75.8,45.2,5.7,9892862.0
7155,Bucaramanga,Comercio,13.9,74.3,67.7,3,3.53,13.4,24.7,1,69.2,74.0,21.0,7.1,9030559.0
7156,Bogotá,Comercio,25.7,74.63,63.5,104,4.47,19.6,-4.2,2,87.5,68.2,63.9,6.5,26258251.0
7157,Bogotá,Profesionales,7.8,58.7,60.6,8,4.8,20.4,13.2,0,74.9,67.8,70.9,6.4,8717561.0
7158,Bucaramanga,Manufactura,3.6,48.99,52.7,3,4.13,19.4,5.0,0,64.8,64.0,57.5,5.6,6490586.0
7159,Bogotá,Comercio,2.5,47.2,59.6,38,4.02,26.9,6.6,1,57.6,69.1,60.1,6.2,12324118.0
7160,Manizales,Salud,16.8,6.77,73.4,8,4.02,13.9,9.7,0,75.7,65.8,47.3,5.2,10070153.0
7161,Bogotá,Hoteles,36.4,8.19,60.4,15,4.47,17.5,-1.0,1,76.8,72.1,50.9,5.8,9649112.0
7162,Bogotá,Comercio,6.5,70.3,70.7,7,4.53,29.4,2.5,0,63.3,70.7,98.6,6.0,8461502.0
7163,Cartagena,Minas,8.5,39.51,68.5,3,4.19,21.1,3.6,2,67.1,66.9,17.7,7.3,8205833.0
7164,Barranquilla,Financiero,8.3,63.9,69.2,20,4.68,3.5,7.3,0,63.7,61.2,34.0,5.9,11166450.0
7165,Cali,Hoteles,7.7,16.28,53.9,11,2.92,29.5,-0.3,1,65.9,66.3,0.7,6.6,7242986.0
7166,Bogotá,Agricultura,49.4,0.18,42.4,115,3.33,18.0,3.9,2,68.4,60.4,30.0,6.2,21326000.0
7167,Pereira,Construcción,14.8,44.47,73.0,62,4.09,26.6,10.3,0,74.4,70.0,89.9,6.4,17497550.0
7168,Manizales,Transporte,16.5,27.06,68.1,38,4.22,15.0,7.7,1,74.5,59.6,38.8,5.8,14849294.0
7169,Bogotá,Transporte,60.0,57.98,69.5,21,4.06,19.5,13.2,1,89.0,62.6,4.8,6.4,14094654.0
7170,Bogotá,Transporte,21.4,47.4,61.9,60,4.49,17.1,11.6,2,55.6,58.3,17.1,7.4,17693329.0
7171,Bucaramanga,Información,2.1,38.62,63.4,7,4.58,23.1,6.4,2,67.0,55.8,31.7,8.3,8205643.0
7172,Bogotá,Construcción,5.0,23.96,68.9,27,4.37,24.8,2.5,1,71.6,79.2,83.2,6.0,12684306.0
7173,Barranquilla,Manufactura,7.6,47.97,60.0,266,3.55,13.6,11.1,9,62.6,55.3,24.7,8.1,47078491.0
7174,Cali,Manufactura,14.3,36.93,58.2,53,3.84,17.1,-5.2,0,68.4,71.3,12.7,5.6,13582444.0
7175,Cali,Comercio,12.3,23.37,51.2,35,3.42,25.9,8.3,2,63.8,67.2,83.0,7.8,11460538.0
7176,Otras,Comercio,5.1,27.72,49.9,9,3.68,21.5,4.0,2,58.7,30.5,12.0,7.9,6680435.0
7177,Pereira,Información,10.3,12.97,70.3,6,3.91,7.3,-0.8,0,73.4,68.0,62.6,6.2,8620862.0
7178,Bogotá,Información,1.9,35.23,74.7,79,5.42,12.6,-2.2,1,72.7,73.6,84.2,6.8,25544407.0
7179,Bogotá,Información,1.5,26.23,71.9,5,5.17,18.1,12.2,4,67.9,67.3,52.6,7.2,9937283.0
7180,Bogotá,Manufactura,5.9,43.26,55.4,23,3.14,21.2,15.4,1,54.0,57.5,22.3,7.2,8845962.0
7181,Barranquilla,Manufactura,8.0,31.01,60.5,33,3.64,10.0,4.4,2,58.4,61.2,34.9,7.8,11395907.0
7182,Bogotá,Manufactura,13.9,15.54,79.0,39,4.33,21.9,9.9,1,68.4,74.7,60.7,5.3,15671560.0
7183,Bogotá,Comercio,5.6,69.66,60.1,26,4.29,23.7,7.6,3,68.6,68.0,69.5,7.1,12092972.0
7184,Medellín,Financiero,12.0,62.05,55.3,11,3.92,8.0,7.9,2,70.7,59.1,68.1,6.1,8801674.0
7185,Cali,Minas,14.0,16.11,65.8,9,5.58,14.6,-2.8,3,80.3,61.9,79.3,7.0,10341258.0
7186,Cali,Manufactura,19.2,0.02,63.8,49,4.3,9.6,-6.9,0,61.4,71.6,21.3,5.6,13581859.0
7187,Medellín,Comercio,11.2,64.12,64.3,19,3.68,26.9,9.5,0,60.3,79.7,63.0,5.5,9440481.0
7188,Bucaramanga,Construcción,17.3,51.1,53.8,39,3.17,17.8,3.5,0,62.2,53.9,75.9,5.7,10020460.0
7189,Barranquilla,Manufactura,45.9,50.26,51.6,17,3.03,11.3,-6.1,0,77.9,37.1,54.0,5.5,6863344.0
7190,Medellín,Comercio,5.3,56.46,50.5,3,2.92,24.7,5.8,0,45.9,62.8,83.1,6.1,5149669.0
7191,Bogotá,Profesionales,28.2,40.57,62.3,26,4.34,11.6,1.8,0,79.2,61.9,88.8,6.6,11984692.0
7192,Bogotá,Comercio,38.7,18.25,58.4,18,3.47,21.9,11.4,2,66.3,65.0,90.2,7.2,10606956.0
7193,Bogotá,Salud,4.5,1.58,78.8,8,4.67,23.0,5.2,0,72.7,80.6,93.7,5.8,9837837.0
7194,Cali,Manufactura,17.9,19.11,44.2,29,4.04,14.0,5.3,0,50.0,55.5,30.2,5.7,9484442.0
7195,Otras,Financiero,14.0,37.17,66.3,14,4.42,4.4,12.0,2,71.3,51.4,4.2,7.7,10414865.0
7196,Bucaramanga,Construcción,10.9,33.83,57.8,21,2.74,26.9,7.4,0,63.6,62.7,6.0,5.2,7604182.0
7197,Bogotá,Financiero,2.2,38.4,63.8,3,4.83,12.2,10.0,0,58.9,77.2,61.9,5.5,6966063.0
7198,Cali,Comercio,13.1,66.17,65.5,20,2.89,33.7,24.0,2,71.7,76.2,86.7,7.0,10791528.0
7199,Bucaramanga,Comercio,21.8,64.16,51.6,15,2.25,29.5,-0.4,1,64.0,61.5,0.1,7.5,7012718.0
7200,Bogotá,Hoteles,1.0,9.98,55.0,18,3.82,23.9,2.7,0,63.6,78.4,99.3,6.5,8912210.0
7201,Bogotá,Comercio,8.9,45.5,65.1,1,4.25,19.3,-8.0,0,59.0,77.3,13.0,6.0,6264642.0
7202,Cali,Comercio,7.1,71.09,44.0,13,3.15,16.5,23.5,4,53.3,66.0,74.8,8.1,8765006.0
7203,Bogotá,Comercio,20.0,75.58,62.4,33,2.93,15.6,1.0,1,70.1,73.3,20.8,5.8,11237864.0
7204,Otras,Profesionales,7.3,2.86,54.9,10,2.94,14.3,4.7,1,71.0,54.4,18.8,6.2,7905492.0
7205,Bogotá,Hoteles,10.8,36.25,55.2,6,3.06,26.3,5.0,1,69.3,62.8,74.3,7.0,7135302.0
7206,Medellín,Transporte,32.7,29.53,49.0,20,2.99,20.1,7.7,2,65.0,62.4,70.7,7.0,9508093.0
7207,Bogotá,Agricultura,9.9,43.11,40.2,17,2.91,13.8,22.5,0,57.3,58.1,84.0,5.4,7200485.0
7208,Bogotá,Comercio,28.6,32.82,56.3,20,3.68,26.2,10.0,1,74.8,76.0,83.7,6.3,10300762.0
7209,Bogotá,Financiero,10.8,52.59,73.4,15,5.81,7.1,6.4,1,73.6,63.9,91.5,6.5,11951988.0
7210,Medellín,Comercio,7.9,70.08,61.8,3,3.97,24.8,9.2,4,63.0,62.4,54.7,7.2,7978006.0
7211,Cali,Manufactura,6.5,49.11,67.8,7,4.84,16.7,10.3,1,64.9,67.7,73.4,6.2,9030981.0
7212,Cartagena,Comercio,23.0,31.51,55.6,63,3.24,21.3,9.0,3,65.5,57.2,67.3,7.9,15704129.0
7213,Cali,Transporte,19.1,77.11,55.3,9,3.7,12.9,6.5,0,58.7,54.0,25.1,6.1,7202581.0
7214,Pereira,Información,13.8,7.91,56.2,3,5.29,10.6,3.7,3,68.5,51.6,57.9,7.1,7854690.0
7215,Bucaramanga,Agricultura,4.3,32.65,42.8,5,3.04,24.5,-5.6,1,53.1,62.3,30.4,6.7,4857322.0
7216,Barranquilla,Comercio,21.4,34.13,48.8,9,3.65,19.0,18.2,1,65.4,48.6,74.8,7.2,11820163.0
7217,Bucaramanga,Comercio,60.0,30.37,58.7,28,3.84,6.2,3.8,4,78.7,54.0,22.2,6.9,12742831.0
7218,Cali,Profesionales,31.6,46.15,73.0,11,4.6,3.1,16.2,0,63.2,70.3,55.6,7.1,11029977.0
7219,Otras,Comercio,35.1,3.94,50.8,16,3.79,28.4,9.8,1,64.0,41.2,23.8,6.3,11627567.0
7220,Bogotá,Comercio,14.6,2.68,60.5,8,3.88,20.4,-2.3,0,59.8,59.3,73.7,5.4,6884206.0
7221,Cali,Manufactura,4.5,33.06,58.8,4,3.35,9.1,2.2,0,62.0,63.3,32.1,6.3,6306045.0
7222,Pereira,Manufactura,21.7,25.1,70.2,64,3.33,18.8,1.1,2,74.5,56.4,13.0,5.9,16857529.0
7223,Bogotá,Información,2.6,16.96,75.7,14,5.63,16.3,-1.5,1,73.8,79.2,78.4,6.4,11375248.0
7224,Medellín,Transporte,8.4,74.94,65.7,33,4.31,30.4,2.6,0,62.9,68.9,63.0,7.0,11670094.0
7225,Barranquilla,Información,11.3,32.62,81.5,29,5.09,17.1,3.8,1,66.9,73.6,41.2,5.9,14511182.0
7226,Manizales,Manufactura,6.5,62.82,68.5,23,4.29,19.3,10.1,0,55.0,64.3,72.1,6.0,10682836.0
7227,Medellín,Comercio,39.8,60.92,54.8,72,3.69,26.7,3.8,2,59.7,69.1,82.8,7.1,17159072.0
7228,Cali,Transporte,20.5,70.52,57.2,3,3.13,23.4,2.7,2,70.9,66.2,41.5,7.4,7555641.0
7229,Bogotá,Comercio,9.0,67.63,50.6,15,4.31,28.9,6.9,0,55.9,66.4,54.7,5.6,7400306.0
7230,Bogotá,Transporte,6.0,27.62,61.0,3,4.33,27.2,9.6,2,74.0,74.2,65.2,5.7,8169190.0
7231,Medellín,Información,26.6,15.42,54.4,22,4.85,13.5,14.8,0,61.4,66.6,38.4,5.8,11359362.0
7232,Medellín,Comercio,9.7,73.52,68.8,8,3.86,30.9,2.4,1,66.8,68.1,46.6,7.2,8386265.0
7233,Bogotá,Manufactura,4.8,42.8,66.5,4,4.14,18.4,17.1,0,66.0,65.2,79.9,5.1,7951223.0
7234,Barranquilla,Comercio,12.4,17.48,37.9,26,3.66,29.0,9.2,4,61.5,63.9,63.0,7.9,9978080.0
7235,Pereira,Comercio,6.6,21.3,54.7,1,2.99,17.5,-0.3,2,55.8,50.4,52.7,6.2,5688337.0
7236,Manizales,Salud,11.2,77.05,56.4,10,3.48,13.5,11.9,0,71.7,51.9,86.9,6.4,8189678.0
7237,Barranquilla,Comercio,8.5,46.95,59.5,6,4.26,28.1,7.9,1,63.2,59.2,67.6,5.4,7142520.0
7238,Pereira,Transporte,8.0,33.3,49.3,17,3.67,23.7,3.4,3,59.2,45.5,31.8,6.2,7854724.0
7239,Bogotá,Comercio,6.5,31.77,54.6,12,4.03,28.3,11.6,2,59.3,65.7,83.9,5.7,8157673.0
7240,Medellín,Agricultura,6.2,61.03,54.1,5,2.05,23.4,1.2,0,72.3,62.5,61.4,5.7,6385754.0
7241,Medellín,Construcción,13.1,71.4,65.6,11,3.88,30.2,15.2,2,68.2,72.9,27.2,7.9,9996156.0
7242,Otras,Manufactura,12.8,37.88,71.9,18,3.72,23.9,12.6,1,79.0,54.2,97.2,6.1,10760783.0
7243,Medellín,Energía,4.0,50.08,81.5,26,5.49,12.3,-0.2,0,80.9,77.3,18.2,7.1,14537922.0
7244,Medellín,Manufactura,31.8,4.64,52.4,23,5.11,13.7,20.4,2,70.8,63.6,39.6,6.6,13470008.0
7245,Bogotá,Manufactura,10.8,27.67,66.9,23,4.82,21.9,-0.7,0,62.0,69.5,63.8,6.8,10920056.0
7246,Barranquilla,Agricultura,14.7,6.6,57.8,33,3.33,16.6,-10.8,1,66.1,54.1,81.4,5.7,10416857.0
7247,Bogotá,Comercio,3.8,4.08,61.0,23,2.74,26.9,2.6,1,72.9,71.8,35.4,5.9,9940563.0
7248,Medellín,Salud,42.4,44.79,66.1,14,4.35,17.4,0.2,2,79.3,76.3,7.5,6.1,10610082.0
7249,Bucaramanga,Comercio,6.5,22.66,52.8,22,3.91,40.4,8.7,1,71.2,61.6,18.5,6.2,9867895.0
7250,Bogotá,Hoteles,25.3,3.48,67.1,47,4.42,17.7,12.1,3,70.9,69.2,93.8,6.0,17328072.0
7251,Bogotá,Comercio,5.2,27.34,59.0,11,3.94,35.3,0.5,1,64.6,65.4,50.7,5.5,8096756.0
7252,Barranquilla,Información,11.6,42.59,64.0,18,6.09,9.9,5.9,0,68.8,72.3,40.3,5.7,11479681.0
7253,Cali,Comercio,10.0,3.12,46.3,9,4.01,23.7,8.9,0,60.8,53.5,93.4,6.7,6166971.0
7254,Medellín,Construcción,37.3,53.87,53.6,20,3.72,30.4,15.4,0,69.4,63.6,2.9,7.7,10806548.0
7255,Bogotá,Transporte,15.1,2.97,49.0,8,4.1,23.9,-0.7,3,58.3,72.9,17.1,8.8,7126188.0
7256,Medellín,Construcción,20.6,16.36,69.0,14,4.22,20.7,4.5,1,75.7,65.8,34.5,6.9,9816809.0
7257,Medellín,Salud,23.6,59.76,65.4,27,3.67,18.8,9.4,2,69.6,71.3,17.3,6.6,12096129.0
7258,Cali,Comercio,4.3,13.36,51.8,4,3.52,23.1,-2.3,3,66.2,71.2,51.0,7.6,7110575.0
7259,Bogotá,Comercio,8.3,48.36,61.4,1,4.9,28.7,11.9,1,63.9,65.7,1.0,6.2,7116380.0
7260,Bogotá,Comercio,24.1,69.54,56.4,30,3.27,25.6,9.7,2,61.3,67.1,61.7,5.8,10629393.0
7261,Bogotá,Hoteles,9.0,13.4,63.2,8,3.66,25.1,5.7,0,66.7,74.2,15.5,5.8,7471252.0
7262,Cali,Construcción,18.4,28.34,50.0,15,4.81,25.5,0.6,2,60.3,66.8,37.2,5.9,8634573.0
7263,Medellín,Comercio,4.8,0.6,57.2,10,4.09,16.4,6.6,0,60.3,62.8,9.9,5.9,7288211.0
7264,Pereira,Profesionales,6.9,5.07,63.6,9,4.4,21.8,-3.1,3,67.6,58.4,48.4,6.3,8724659.0
7265,Medellín,Comercio,4.8,62.98,68.2,15,4.35,28.7,7.1,2,67.2,80.0,46.3,6.5,10300831.0
7266,Bogotá,Comercio,6.2,50.52,47.1,5,2.19,31.8,2.8,3,50.8,61.3,36.5,7.5,5763174.0
7267,Cali,Comercio,6.9,33.16,45.3,9,2.52,17.6,0.2,0,59.7,58.0,89.8,6.2,5692444.0
7268,Bogotá,Agricultura,23.0,17.88,50.5,7,3.15,22.7,11.4,2,64.7,60.9,92.0,6.9,7695290.0
7269,Cali,Financiero,21.2,64.68,78.2,17,5.18,6.2,24.5,1,80.8,66.7,10.6,5.5,14122242.0
7270,Bogotá,Agricultura,16.7,34.97,47.6,155,2.78,23.2,5.9,3,53.2,57.9,52.5,7.8,23144538.0
7271,Medellín,Manufactura,4.5,54.28,60.8,79,5.27,16.7,4.9,3,58.1,64.5,57.2,6.8,23946113.0
7272,Cali,Agricultura,22.2,18.89,53.0,10,3.45,24.7,2.6,0,74.5,60.1,24.4,4.6,7661308.0
7273,Bogotá,Información,11.3,73.9,73.4,69,4.59,16.4,6.0,3,77.2,82.5,86.8,7.2,22879184.0
7274,Medellín,Transporte,9.6,34.64,52.3,11,3.26,27.6,6.6,2,63.3,62.2,27.0,7.4,7997615.0
7275,Pereira,Comercio,17.6,0.98,54.4,18,4.2,25.0,0.4,1,73.3,72.0,1.0,7.1,9137826.0
7276,Bogotá,Información,12.3,74.88,89.5,2,5.17,12.3,8.6,0,74.1,71.9,38.0,5.7,9681656.0
7277,Bogotá,Agricultura,16.3,28.04,52.1,30,2.92,26.4,6.5,0,63.4,74.1,70.8,5.7,9317560.0
7278,Bogotá,Manufactura,11.9,71.98,76.3,61,4.78,20.2,12.3,0,69.2,73.5,79.4,5.6,19752059.0
7279,Pereira,Agricultura,7.7,7.07,47.7,12,2.64,16.9,8.5,0,73.5,61.8,13.2,6.4,7003678.0
7280,Bogotá,Información,8.5,13.8,56.6,8,4.56,8.2,6.4,1,67.9,74.2,72.3,5.5,8515443.0
7281,Medellín,Hoteles,6.7,77.17,54.0,5,3.2,32.6,-1.0,0,63.5,55.2,22.1,5.5,5721183.0
7282,Otras,Comercio,6.6,12.83,44.2,2,3.49,26.0,7.9,0,57.6,54.3,93.1,6.1,4914397.0
7283,Barranquilla,Profesionales,19.6,68.33,69.2,39,4.38,18.0,14.9,2,76.5,55.8,72.6,7.1,15436012.0
7284,Manizales,Comercio,13.9,56.41,50.0,19,3.58,35.8,2.8,1,58.9,56.4,29.3,5.4,7612450.0
7285,Cali,Construcción,5.0,38.7,55.7,24,3.52,26.2,2.8,1,57.8,54.0,66.1,7.3,8907160.0
7286,Bucaramanga,Salud,60.0,77.5,57.3,14,3.48,11.6,1.5,1,83.7,67.7,46.9,5.8,9561180.0
7287,Barranquilla,Construcción,8.5,47.01,58.6,17,4.12,31.5,4.9,0,60.6,66.0,55.3,4.6,8595595.0
7288,Bogotá,Comercio,31.2,60.13,67.1,10,4.31,21.8,9.0,1,76.7,83.2,86.2,6.8,10652844.0
7289,Cartagena,Agricultura,22.8,61.48,38.6,22,2.43,20.0,8.2,0,65.9,45.4,66.6,4.9,7024178.0
7290,Cartagena,Comercio,17.8,47.86,52.9,2,2.85,26.8,3.8,0,70.9,61.5,39.5,6.2,6131952.0
7291,Bucaramanga,Hoteles,15.7,8.72,49.0,13,3.53,24.9,-1.0,1,59.9,57.4,36.2,6.1,6618209.0
7292,Bogotá,Comercio,60.0,76.01,62.6,42,3.82,19.1,12.6,5,84.0,65.5,83.5,8.0,17592649.0
7293,Medellín,Información,18.0,38.41,75.8,63,4.47,10.0,-0.6,2,69.8,71.0,70.1,7.5,19260224.0
7294,Cali,Información,3.8,17.08,61.5,13,4.74,13.7,-2.2,0,84.5,54.7,30.0,6.9,9716273.0
7295,Bogotá,Comercio,6.4,4.48,57.2,1,3.99,26.8,12.2,2,63.4,66.0,76.4,6.2,7104800.0
7296,Bogotá,Información,8.6,27.91,55.6,26,5.81,15.8,9.0,2,63.3,62.3,54.1,6.8,12875456.0
7297,Bogotá,Financiero,18.3,4.82,78.7,150,6.92,2.3,10.1,6,74.4,71.0,66.7,6.6,53268638.0
7298,Bogotá,Manufactura,3.3,41.55,57.4,11,4.71,19.7,15.0,1,58.1,65.1,91.8,5.9,8668049.0
7299,Bogotá,Comercio,20.5,71.9,55.1,14,3.53,25.2,-2.6,0,59.1,70.5,89.4,7.2,6803216.0
7300,Cali,Manufactura,7.2,19.72,46.7,33,4.23,26.7,5.4,4,54.9,64.4,0.4,7.8,11765432.0
7301,Medellín,Salud,5.9,5.84,62.9,9,5.68,22.9,4.0,4,70.7,57.8,5.2,7.7,9978215.0
7302,Medellín,Manufactura,6.6,45.99,54.9,36,3.34,19.8,-10.7,0,60.0,59.3,50.7,6.2,9538664.0
7303,Cali,Construcción,6.0,37.44,45.5,5,3.75,27.9,-1.8,1,62.6,55.5,45.3,6.6,5314982.0
7304,Barranquilla,Profesionales,18.9,7.46,66.4,10,4.25,19.7,1.7,0,74.9,74.1,77.1,6.0,9371780.0
7305,Bogotá,Financiero,11.9,70.16,82.3,16,6.1,7.0,8.7,1,82.7,82.3,55.1,4.2,14360807.0
7306,Bogotá,Manufactura,3.6,68.88,62.8,34,4.31,17.8,1.6,1,66.7,69.8,67.2,6.3,12506283.0
7307,Cali,Financiero,3.9,48.23,78.1,27,5.62,7.6,10.7,1,68.3,66.2,45.8,7.0,14145470.0
7308,Bucaramanga,Información,43.8,48.22,63.3,18,4.57,5.5,1.2,1,66.1,60.4,83.7,5.5,10166712.0
7309,Barranquilla,Comercio,12.7,19.26,49.0,31,4.33,26.4,16.4,0,73.2,59.5,50.4,6.6,11965121.0
7310,Bogotá,Salud,12.3,1.75,62.8,18,3.84,20.0,18.7,1,64.6,57.1,86.5,6.9,9915058.0
7311,Cali,Manufactura,5.6,21.86,59.6,18,3.37,17.4,8.6,0,78.6,65.1,49.9,5.1,9630233.0
7312,Cali,Manufactura,9.3,34.73,62.0,32,3.57,8.9,10.7,1,62.9,62.3,95.4,7.0,11529626.0
7313,Bogotá,Comercio,1.6,32.77,59.9,12,3.04,21.1,4.0,2,66.6,59.5,0.0,6.5,8413066.0
7314,Medellín,Comercio,6.0,10.63,53.3,32,4.25,26.5,15.2,0,68.3,75.9,8.3,5.9,11431240.0
7315,Cali,Construcción,10.1,40.68,54.9,16,3.78,22.2,12.8,0,65.8,67.0,36.9,5.9,8949351.0
7316,Bogotá,Construcción,17.2,41.6,48.2,45,4.48,24.7,1.7,1,69.5,62.0,23.0,6.7,13353486.0
7317,Barranquilla,Profesionales,14.6,15.77,56.0,8,3.98,16.8,6.8,0,62.1,56.6,88.4,5.3,7339982.0
7318,Bogotá,Comercio,14.4,64.14,59.1,19,4.51,11.0,5.8,0,55.2,66.9,8.4,6.0,9160943.0
7319,Pereira,Profesionales,23.9,27.92,59.3,28,4.37,16.1,4.2,1,75.0,60.3,2.3,6.2,11989775.0
7320,Bogotá,Información,12.2,41.2,67.7,44,5.84,15.4,7.2,0,67.2,71.9,18.2,6.8,17573130.0
7321,Medellín,Agricultura,18.8,49.32,35.9,5,3.13,20.4,-1.9,0,60.2,55.3,75.4,7.1,4410149.0
7322,Bogotá,Manufactura,60.0,63.89,69.2,10,3.83,13.0,7.1,1,88.7,76.5,31.0,7.0,11913103.0
7323,Bogotá,Construcción,9.6,42.04,67.0,63,5.36,19.5,2.6,1,66.6,71.2,64.5,5.8,20531956.0
7324,Barranquilla,Profesionales,2.7,43.73,50.6,16,3.69,23.4,7.9,2,59.5,47.5,86.5,6.5,7525045.0
7325,Manizales,Financiero,7.1,31.36,76.5,8,4.13,6.2,7.8,1,78.8,72.3,55.5,6.1,10228743.0
7326,Otras,Construcción,13.6,8.43,46.7,5,4.49,20.2,-4.3,1,58.5,57.4,99.6,6.3,5741367.0
7327,Medellín,Construcción,16.7,59.71,60.1,11,3.76,22.4,13.9,0,65.9,67.3,53.3,6.7,8724666.0
7328,Bogotá,Construcción,44.8,44.61,63.0,116,4.17,16.5,18.1,3,75.8,64.5,99.0,7.7,29413083.0
7329,Bogotá,Manufactura,5.4,54.53,62.7,39,4.95,22.0,-9.9,2,61.5,75.0,14.0,7.4,14562652.0
7330,Bogotá,Comercio,3.6,5.59,66.0,6,3.69,27.8,5.7,1,67.5,64.8,62.7,7.2,7864698.0
7331,Cartagena,Manufactura,6.1,30.05,48.1,27,3.86,9.3,6.7,1,58.2,53.6,47.4,4.7,9101369.0
7332,Pereira,Información,6.4,77.71,63.7,20,4.07,12.5,1.9,1,65.7,71.0,55.6,6.1,10358206.0
7333,Otras,Hoteles,18.7,79.43,48.4,26,3.34,25.6,15.7,0,60.1,53.4,48.4,6.6,8804499.0
7334,Otras,Profesionales,24.7,50.73,54.1,18,4.07,12.9,11.2,0,75.1,46.4,90.3,6.3,9543660.0
7335,Pereira,Manufactura,28.6,55.44,55.8,11,3.5,13.9,10.8,1,73.6,62.8,95.7,6.0,9346639.0
7336,Cartagena,Profesionales,7.5,51.44,69.0,21,3.72,14.6,6.0,0,62.1,55.7,97.2,4.9,9876014.0
7337,Cali,Comercio,3.3,37.41,52.7,16,4.02,26.2,6.3,0,62.9,59.2,87.1,6.3,7637843.0
7338,Bogotá,Construcción,3.8,64.7,52.6,12,3.61,27.4,8.1,2,55.6,63.8,58.7,5.8,7767864.0
7339,Bogotá,Comercio,13.1,26.5,66.5,7,4.07,25.0,12.8,0,60.6,75.2,69.6,5.5,8212441.0
7340,Medellín,Información,8.6,76.7,84.9,23,4.93,6.1,9.7,3,74.6,79.2,51.6,7.6,15103909.0
7341,Bogotá,Comercio,8.4,36.64,37.4,29,3.57,31.5,6.4,2,57.4,62.4,30.4,6.9,8894759.0
7342,Bogotá,Salud,29.2,79.14,53.3,20,4.62,5.1,10.2,1,75.4,70.2,86.6,7.1,11366181.0
7343,Bogotá,Financiero,12.6,51.99,94.0,6,5.78,19.8,13.1,2,81.0,79.3,6.5,5.2,12792942.0
7344,Bogotá,Comercio,9.1,15.87,67.5,8,3.61,23.8,13.4,2,71.1,77.6,11.2,5.9,10098121.0
7345,Bogotá,Comercio,11.6,73.6,47.7,13,4.35,22.8,2.3,1,55.9,58.5,61.6,6.7,7162076.0
7346,Pereira,Financiero,21.9,27.05,62.1,46,5.18,16.7,8.2,0,78.7,61.4,34.2,7.0,17259541.0
7347,Bogotá,Comercio,3.7,8.92,54.0,20,4.33,24.0,15.0,1,59.3,65.0,40.6,5.2,9674268.0
7348,Manizales,Comercio,5.3,78.68,44.1,6,3.62,25.1,-4.0,0,54.2,62.9,36.1,4.4,5096854.0
7349,Manizales,Energía,60.0,46.89,79.5,14,4.97,7.1,12.6,1,88.7,77.9,43.5,5.5,14826641.0
7350,Barranquilla,Financiero,21.9,15.63,73.9,5,5.63,1.0,6.4,2,70.8,70.1,0.6,7.9,9928714.0
7351,Bucaramanga,Salud,19.7,38.52,65.8,34,3.68,7.0,-6.0,2,74.0,60.9,72.1,6.0,12012099.0
7352,Bogotá,Manufactura,10.0,32.21,72.8,128,4.63,19.2,6.9,2,72.1,84.0,45.5,5.2,32265084.0
7353,Medellín,Información,11.0,13.99,78.6,10,5.0,12.7,-2.7,0,69.1,80.4,24.7,5.9,16012268.0
7354,Bogotá,Manufactura,11.0,2.08,71.4,8,4.0,12.4,12.5,0,69.8,78.2,80.9,6.7,9150268.0
7355,Bucaramanga,Construcción,4.5,57.43,55.1,107,4.26,24.7,15.8,4,65.2,75.0,70.2,7.0,26357430.0
7356,Medellín,Comercio,11.7,52.19,61.0,12,4.46,23.7,8.2,0,64.0,60.2,84.7,5.3,8039268.0
7357,Bogotá,Profesionales,51.4,5.45,59.3,22,4.34,13.6,12.4,1,82.0,69.6,14.2,7.2,13325469.0
7358,Medellín,Comercio,4.6,31.5,54.1,26,3.47,26.8,4.6,0,60.5,64.3,87.9,6.1,9382369.0
7359,Bogotá,Agricultura,6.6,61.23,42.2,20,2.53,22.2,8.8,3,59.9,72.9,0.8,6.3,8564270.0
7360,Cali,Construcción,6.8,61.66,56.5,10,4.19,27.1,7.9,1,69.0,51.3,40.8,6.5,7978087.0
7361,Bogotá,Energía,5.4,8.32,81.3,55,5.44,0.8,-0.4,2,67.0,71.6,53.8,7.3,25158946.0
7362,Cali,Salud,22.6,73.92,67.4,10,4.4,14.2,4.3,1,76.7,71.1,3.0,6.7,9717873.0
7363,Medellín,Manufactura,10.4,64.65,52.2,21,4.19,17.4,3.8,1,67.8,60.5,39.4,5.8,9592783.0
7364,Bogotá,Manufactura,40.5,28.69,59.6,21,4.84,8.3,8.1,0,78.2,66.3,63.7,6.4,11714023.0
7365,Cali,Transporte,14.8,20.19,59.8,34,3.63,25.5,5.4,0,53.0,62.9,73.1,6.3,10257383.0
7366,Cali,Hoteles,3.0,59.2,64.2,13,3.05,30.4,15.2,0,67.7,61.3,85.4,7.3,8297460.0
7367,Bucaramanga,Manufactura,3.1,75.25,53.8,5,3.77,21.2,7.8,1,52.3,54.1,76.8,5.3,5607511.0
7368,Cali,Manufactura,18.1,67.67,76.0,7,4.22,15.5,3.5,0,72.1,81.1,96.7,6.1,9126458.0
7369,Bogotá,Salud,7.4,24.67,75.8,21,5.03,18.0,12.4,1,73.4,74.6,89.5,6.9,12939858.0
7370,Bogotá,Manufactura,8.0,30.03,71.8,10,4.92,22.5,6.6,0,74.3,63.5,70.1,6.6,12162625.0
7371,Bogotá,Transporte,5.3,13.62,46.1,19,4.39,25.9,11.1,3,56.8,67.4,17.9,7.6,9767418.0
7372,Cali,Construcción,7.9,44.81,62.8,19,3.37,26.0,11.9,1,79.7,73.0,37.4,6.2,10227553.0
7373,Bogotá,Transporte,18.2,8.96,53.1,30,4.69,22.9,3.5,2,64.5,60.3,5.5,7.0,11589990.0
7374,Pereira,Minas,9.6,75.0,74.4,9,4.83,15.1,7.0,1,74.9,62.2,36.6,7.2,10243812.0
7375,Bogotá,Profesionales,3.9,20.26,64.4,12,4.03,23.8,-2.1,1,57.1,63.1,29.9,5.2,7846448.0
7376,Medellín,Manufactura,7.1,20.43,71.3,31,4.05,28.0,3.8,1,81.6,63.2,44.7,5.9,13456189.0
7377,Medellín,Comercio,25.4,46.93,51.3,9,3.89,22.7,6.0,1,55.2,56.6,45.6,5.3,7226974.0
7378,Cali,Manufactura,10.3,55.3,67.7,41,4.17,13.7,14.5,1,64.2,70.8,12.6,6.2,14462760.0
7379,Bogotá,Comercio,6.5,59.05,54.8,11,4.01,22.8,9.4,0,66.8,60.1,60.2,5.8,7761182.0
7380,Bogotá,Hoteles,14.1,48.97,34.1,9,3.58,22.1,5.0,1,56.3,50.3,92.5,6.1,5584594.0
7381,Medellín,Profesionales,4.5,56.5,67.5,29,5.63,13.5,0.6,2,61.9,71.9,5.4,6.0,14087329.0
7382,Cali,Profesionales,2.0,42.62,63.1,26,4.51,14.5,15.2,2,76.9,79.5,22.7,6.1,12964708.0
7383,Bogotá,Manufactura,13.1,61.64,48.9,120,3.72,20.3,9.6,2,63.8,60.9,98.3,7.1,24763009.0
7384,Cartagena,Comercio,1.3,59.96,51.6,4,2.32,34.5,2.7,1,62.9,70.5,84.9,5.5,6040664.0
7385,Barranquilla,Salud,7.9,75.07,61.1,2,3.76,14.2,-2.4,1,71.8,64.7,51.7,6.6,7109651.0
7386,Medellín,Hoteles,5.5,39.43,51.1,9,2.92,23.2,4.9,0,54.0,56.5,99.7,6.3,5894667.0
7387,Cartagena,Información,7.7,4.71,78.9,7,4.93,14.1,0.1,1,83.8,72.7,65.3,6.7,10567455.0
7388,Cali,Manufactura,23.7,6.63,56.5,20,3.82,23.0,6.1,1,66.9,55.5,83.6,6.3,9452291.0
7389,Pereira,Comercio,4.5,75.64,46.3,20,2.93,23.6,13.2,3,51.5,54.0,41.7,6.6,7627835.0
7390,Bogotá,Manufactura,16.1,6.5,60.4,9,3.35,20.8,12.4,2,66.0,70.3,23.0,5.7,8785010.0
7391,Cali,Agricultura,15.5,59.23,55.4,11,3.01,20.0,1.5,2,60.3,51.4,98.3,6.6,7224678.0
7392,Medellín,Información,8.0,0.0,65.7,2,4.55,5.7,-4.1,1,70.4,65.0,7.6,6.5,7447255.0
7393,Bogotá,Comercio,18.0,30.42,66.8,8,4.37,20.0,7.2,2,75.7,70.5,39.3,6.7,9747406.0
7394,Cali,Construcción,5.1,5.48,53.8,29,3.64,28.2,7.0,1,61.2,59.7,40.6,6.4,10005411.0
7395,Bogotá,Financiero,10.2,76.95,77.2,5,5.3,9.9,8.4,1,78.1,80.1,26.6,4.8,10064585.0
7396,Medellín,Construcción,9.2,34.7,62.7,18,3.15,26.9,-4.4,0,68.0,64.2,80.4,7.2,8395074.0
7397,Cali,Comercio,10.9,75.93,61.4,6,3.61,19.8,11.3,1,67.2,68.3,10.9,6.1,8018768.0
7398,Bogotá,Información,12.2,46.58,76.5,24,5.15,10.0,8.1,0,75.0,73.6,20.7,6.3,13313048.0
7399,Manizales,Hoteles,17.6,16.86,57.0,16,4.79,25.5,9.1,2,58.1,57.0,12.6,6.6,9336793.0
7400,Manizales,Transporte,10.2,37.68,50.4,3,3.63,24.8,-9.2,3,58.5,64.8,46.1,7.3,5966197.0
7401,Otras,Hoteles,9.9,9.91,32.8,11,2.95,26.8,2.4,1,43.8,46.7,48.8,5.7,4926506.0
7402,Medellín,Información,2.6,31.14,69.5,9,4.14,13.3,20.3,2,66.5,67.9,67.8,6.8,9771410.0
7403,Bogotá,Transporte,6.3,16.58,52.8,2,3.85,18.7,14.6,0,61.6,72.3,64.7,5.7,6345658.0
7404,Bogotá,Comercio,4.8,23.07,67.9,7,3.92,31.9,0.9,1,68.6,68.3,87.5,5.4,7830544.0
7405,Bogotá,Construcción,14.8,51.18,57.3,28,3.29,25.1,1.1,1,63.0,65.7,88.7,7.4,9557351.0
7406,Medellín,Manufactura,4.8,23.51,53.7,9,3.44,19.7,9.7,0,57.4,69.1,58.6,7.0,6414548.0
7407,Bogotá,Comercio,10.4,0.6,50.9,49,4.17,29.6,15.0,2,58.7,60.6,21.0,6.8,14560609.0
7408,Bogotá,Energía,5.9,31.16,88.5,7,4.82,5.3,8.5,2,79.2,76.0,77.9,5.7,11680403.0
7409,Barranquilla,Transporte,38.4,6.32,64.6,21,4.63,14.4,-0.5,1,73.8,64.5,31.5,5.7,11301306.0
7410,Cali,Hoteles,19.2,37.36,48.1,9,3.81,28.8,7.2,0,58.3,54.8,61.0,5.8,6582388.0
7411,Bogotá,Información,6.2,74.84,77.9,8,5.55,10.0,11.6,3,75.2,70.9,96.7,8.3,11555653.0
7412,Manizales,Agricultura,14.0,14.28,46.9,2,2.9,14.1,11.4,0,69.5,53.0,51.0,5.8,6419702.0
7413,Medellín,Agricultura,3.8,10.16,39.3,22,2.53,25.2,2.5,2,55.4,58.9,83.5,7.4,7114079.0
7414,Otras,Transporte,14.2,13.66,49.9,2,3.29,20.2,4.2,0,63.1,47.0,92.2,7.0,5530114.0
7415,Medellín,Información,12.8,57.96,70.9,11,4.76,9.3,10.2,2,64.9,74.4,85.5,7.1,10447793.0
7416,Medellín,Energía,4.4,34.0,77.7,12,5.06,11.0,3.4,1,66.8,77.1,51.4,6.4,10517574.0
7417,Barranquilla,Minas,5.7,67.76,58.8,31,4.58,9.9,4.5,3,60.0,48.1,42.7,7.1,12454888.0
7418,Bogotá,Comercio,3.7,17.89,57.8,4,4.22,28.8,4.6,3,65.1,62.8,78.4,7.0,7589147.0
7419,Bogotá,Comercio,5.1,10.8,62.8,18,3.83,25.1,19.4,2,55.8,65.8,0.1,6.4,9961663.0
7420,Bogotá,Manufactura,14.4,8.56,81.9,37,3.74,19.2,4.2,1,72.8,67.6,18.1,6.3,14308841.0
7421,Barranquilla,Manufactura,8.0,67.32,52.1,169,4.55,31.9,4.1,4,61.0,56.8,22.5,6.8,37518080.0
7422,Bogotá,Agricultura,5.2,0.28,49.7,12,3.2,25.8,12.3,1,56.1,65.6,35.2,6.8,7086606.0
7423,Bogotá,Manufactura,9.4,36.76,77.4,118,3.88,23.7,10.1,6,68.1,72.0,3.0,8.5,28488278.0
7424,Bogotá,Manufactura,13.7,40.68,62.9,3,4.15,25.7,1.0,2,64.9,60.2,12.2,6.0,7375223.0
7425,Cali,Comercio,26.6,29.63,56.0,19,3.57,28.1,13.9,1,71.0,62.7,70.4,6.8,16417642.0
7426,Bogotá,Comercio,3.9,34.55,73.8,8,3.95,25.6,7.7,0,61.9,75.4,76.7,5.9,8281437.0
7427,Cali,Comercio,5.3,30.37,58.8,21,3.76,27.4,9.8,0,63.3,61.9,64.6,6.4,9051230.0
7428,Medellín,Financiero,33.2,6.56,72.2,10,5.14,1.8,-0.8,1,88.3,64.2,26.8,6.1,10931093.0
7429,Bucaramanga,Comercio,60.0,17.74,48.7,36,3.29,11.9,6.2,4,70.0,70.5,52.3,7.6,13120551.0
7430,Medellín,Profesionales,5.8,69.31,62.0,22,4.68,18.6,1.0,0,72.5,70.5,32.1,6.7,10770713.0
7431,Pereira,Hoteles,3.0,11.49,65.8,17,4.25,31.3,6.6,2,73.0,64.8,49.4,6.2,10347993.0
7432,Bogotá,Comercio,2.3,59.66,69.1,21,4.02,26.6,2.3,2,64.0,77.6,7.1,7.3,11002287.0
7433,Cartagena,Comercio,5.0,66.84,47.0,22,3.81,29.4,11.2,2,59.7,56.9,53.9,6.9,8694606.0
7434,Barranquilla,Comercio,3.3,50.16,56.7,9,4.09,23.8,10.4,0,65.1,60.1,8.1,5.9,7251504.0
7435,Bogotá,Salud,16.6,30.06,75.7,5,4.68,11.5,11.2,0,65.7,74.8,98.9,7.1,12126778.0
7436,Barranquilla,Construcción,6.2,37.49,51.7,28,4.02,35.7,1.7,2,53.5,50.0,98.6,6.5,9319748.0
7437,Cali,Profesionales,17.3,53.45,69.3,2,4.56,13.9,12.9,2,64.7,66.9,10.8,7.2,8405796.0
7438,Pereira,Comercio,5.3,2.73,45.8,57,3.56,27.8,8.8,1,61.9,49.3,9.0,6.6,13423738.0
7439,Bogotá,Información,6.3,27.36,79.9,14,5.19,10.5,3.9,2,70.9,79.2,28.3,8.5,11828939.0
7440,Cali,Manufactura,5.2,48.98,54.8,23,3.56,17.1,-1.0,0,61.2,61.5,21.8,5.4,8762293.0
7441,Medellín,Profesionales,5.4,24.38,64.8,18,4.45,9.0,11.9,1,56.7,67.5,46.0,6.2,9755362.0
7442,Bogotá,Información,10.0,7.51,69.5,15,5.62,7.6,0.8,1,75.0,78.2,25.6,6.2,11799593.0
7443,Bogotá,Manufactura,32.1,19.71,62.1,23,4.9,14.8,9.0,2,68.6,74.8,12.4,7.7,12376727.0
7444,Barranquilla,Comercio,9.9,60.36,49.5,5,3.59,29.2,18.2,2,65.2,51.1,44.1,5.8,7244514.0
7445,Medellín,Salud,4.0,67.35,68.4,7,4.6,25.6,2.7,1,73.9,72.7,1.7,6.4,9288314.0
7446,Bogotá,Comercio,7.9,5.11,64.6,4,3.29,31.0,7.3,2,64.8,83.7,52.5,6.6,7847978.0
7447,Otras,Transporte,5.0,63.7,44.0,21,2.96,16.4,-9.7,1,47.9,51.9,56.4,5.9,6656420.0
7448,Barranquilla,Construcción,21.0,32.54,54.4,69,3.55,23.3,16.1,1,57.0,49.2,80.5,6.1,15705298.0
7449,Bogotá,Comercio,8.7,15.39,67.4,18,2.84,24.9,9.4,2,70.0,72.5,52.4,8.2,9894430.0
7450,Pereira,Comercio,19.9,18.49,49.8,33,2.38,23.6,-0.2,2,67.5,52.2,3.4,5.7,9170843.0
7451,Otras,Transporte,14.8,38.92,54.0,28,3.79,27.6,9.2,0,59.5,43.3,91.5,6.6,9685741.0
7452,Bogotá,Profesionales,9.8,54.2,76.8,9,5.21,16.9,5.5,3,72.8,66.9,9.3,7.2,11130994.0
7453,Bogotá,Comercio,2.4,46.05,60.7,14,3.59,29.7,15.1,1,54.3,67.3,8.6,5.8,8074682.0
7454,Bogotá,Construcción,7.5,39.62,62.1,12,3.86,18.0,-9.0,1,68.0,68.9,74.6,6.4,8523429.0
7455,Cali,Manufactura,18.0,6.52,71.6,29,4.3,15.1,15.4,1,62.8,64.1,23.1,7.9,12868697.0
7456,Cali,Agricultura,17.5,66.6,53.3,12,3.31,23.6,5.4,0,60.4,56.6,72.0,5.4,7185526.0
7457,Otras,Comercio,16.9,3.21,51.1,31,3.34,25.1,0.3,2,57.9,46.7,74.0,6.3,9219935.0
7458,Cali,Comercio,3.3,20.84,65.4,8,3.21,27.0,2.8,1,68.6,65.9,50.7,6.8,8071104.0
7459,Medellín,Salud,26.4,59.14,64.3,12,4.45,16.6,12.9,1,64.4,59.8,41.7,6.2,9789723.0
7460,Cali,Información,6.2,47.43,74.1,12,5.03,19.3,8.1,2,69.3,61.7,72.8,6.3,10642547.0
7461,Cali,Financiero,6.2,44.17,68.6,4,4.28,20.0,0.6,1,65.0,82.1,24.9,6.2,8201763.0
7462,Barranquilla,Comercio,18.2,79.26,49.6,4,3.13,18.5,3.5,2,53.3,54.4,28.8,6.6,5941474.0
7463,Barranquilla,Comercio,1.5,60.21,65.9,10,3.89,24.2,9.3,1,65.1,67.6,75.8,6.8,8332529.0
7464,Cartagena,Manufactura,7.6,78.52,49.9,69,2.76,16.8,3.8,2,58.3,56.1,85.3,6.1,13169016.0
7465,Medellín,Hoteles,4.4,59.64,53.8,14,3.37,31.6,2.7,0,60.3,62.6,48.6,5.0,7137945.0
7466,Bogotá,Comercio,9.7,75.64,62.3,19,3.64,11.4,3.4,0,76.1,78.7,77.4,5.7,10571449.0
7467,Otras,Comercio,6.1,45.65,45.5,22,2.55,28.6,1.7,1,57.2,53.5,55.7,6.7,7405554.0
7468,Bogotá,Salud,10.8,53.55,68.9,14,3.35,15.7,7.9,0,68.8,70.2,56.3,5.9,9278246.0
7469,Medellín,Financiero,14.2,3.5,64.4,29,5.08,3.7,6.7,1,68.6,70.4,4.4,6.8,13484289.0
7470,Medellín,Construcción,7.8,29.2,58.1,8,4.28,22.8,4.5,0,69.3,64.4,70.2,6.1,7678138.0
7471,Cali,Construcción,45.7,26.75,46.8,69,4.08,11.8,19.0,4,76.0,55.8,41.6,6.8,20674563.0
7472,Cali,Comercio,2.6,40.42,51.8,1,2.82,32.0,3.3,2,59.8,60.0,67.2,5.3,5662004.0
7473,Bucaramanga,Hoteles,16.4,46.98,71.4,14,3.11,30.9,17.4,0,64.4,64.7,1.5,6.8,9710804.0
7474,Cali,Hoteles,4.8,38.32,60.6,8,4.19,39.6,11.3,3,59.9,61.2,18.4,7.5,8058549.0
7475,Bogotá,Comercio,38.7,28.14,54.4,33,3.87,24.6,8.4,0,72.8,63.1,32.5,5.8,12134459.0
7476,Manizales,Hoteles,16.8,69.84,47.6,6,2.47,30.6,-7.4,2,62.3,51.4,65.1,6.3,5358571.0
7477,Bogotá,Manufactura,5.2,58.9,58.4,13,3.5,13.1,19.3,2,65.8,67.2,0.8,5.6,9081016.0
7478,Bucaramanga,Comercio,6.2,49.66,53.5,10,3.48,23.0,5.1,1,54.3,60.5,51.2,5.7,6731981.0
7479,Bogotá,Comercio,6.1,14.11,56.1,10,4.44,31.7,-1.4,3,60.1,62.7,47.6,7.0,7734650.0
7480,Bogotá,Información,4.1,43.75,68.3,24,4.74,8.9,7.5,2,60.4,71.3,71.4,7.0,11755397.0
7481,Medellín,Construcción,14.6,42.3,61.4,32,4.66,20.7,-10.1,0,62.0,65.5,93.2,6.2,11240536.0
7482,Bogotá,Manufactura,21.1,0.96,51.2,37,4.9,16.2,5.6,2,64.9,72.4,88.6,6.4,13504926.0
7483,Bogotá,Comercio,5.8,27.13,68.8,13,4.78,32.6,-1.8,2,70.3,74.2,71.5,7.5,10191808.0
7484,Cartagena,Salud,20.4,34.92,53.5,10,3.39,16.8,-1.1,1,49.5,54.5,44.6,7.5,6452521.0
7485,Cali,Información,6.8,34.58,65.2,6,4.73,8.9,4.7,1,80.0,64.1,39.6,6.7,9416335.0
7486,Bogotá,Salud,17.1,39.83,68.6,18,4.94,17.7,6.0,1,64.8,66.5,30.2,7.9,11026028.0
7487,Cali,Manufactura,19.5,59.4,69.8,20,3.89,21.4,1.0,2,71.7,64.5,11.3,6.2,10640737.0
7488,Bogotá,Comercio,11.8,52.39,51.6,17,3.77,25.4,11.0,1,63.6,67.5,27.3,6.1,12725439.0
7489,Otras,Profesionales,21.1,6.14,65.8,112,3.97,14.9,8.3,2,69.8,52.4,94.0,6.3,25431579.0
7490,Pereira,Información,10.7,19.58,59.7,42,4.48,12.1,8.3,0,71.2,62.6,71.0,5.8,14173014.0
7491,Medellín,Profesionales,10.1,18.2,75.1,26,4.9,15.3,5.7,0,73.6,69.6,31.5,6.4,13251205.0
7492,Bogotá,Comercio,15.5,75.24,62.0,4,4.5,20.8,-1.0,0,76.2,68.0,1.4,5.4,7638428.0
7493,Medellín,Agricultura,4.2,41.66,57.0,2,3.26,18.3,-2.1,0,71.1,71.0,60.9,5.4,6352492.0
7494,Medellín,Comercio,9.7,5.53,67.3,3,3.98,26.0,-2.3,0,73.0,71.5,28.8,4.7,7216613.0
7495,Bogotá,Construcción,12.3,0.16,54.9,24,3.4,24.6,7.0,2,56.9,81.1,39.0,7.5,10101360.0
7496,Bogotá,Construcción,10.2,40.21,68.9,56,4.31,20.4,-0.7,0,66.5,68.5,42.9,6.1,16669067.0
7497,Cali,Comercio,2.1,33.0,57.4,7,3.53,33.7,11.5,1,56.5,64.8,56.3,5.9,6612417.0
7498,Bogotá,Agricultura,21.4,10.42,46.4,8,2.91,25.9,1.5,2,60.9,67.4,71.6,6.5,6408997.0
7499,Otras,Manufactura,18.7,42.1,43.4,17,4.06,10.7,7.8,1,53.7,50.0,83.6,6.7,8290194.0
7500,Cali,Manufactura,1.8,79.28,56.1,55,3.89,18.2,6.9,3,54.6,64.0,44.7,6.4,14890058.0
7501,Otras,Transporte,13.0,29.64,52.1,30,3.68,19.1,12.6,1,57.6,54.2,35.5,6.7,10026195.0
7502,Bucaramanga,Construcción,12.6,56.87,75.9,12,3.15,24.7,13.1,1,71.7,80.7,88.9,7.1,10094799.0
7503,Bogotá,Información,5.5,20.26,75.1,24,5.25,19.4,0.9,0,68.9,85.0,4.1,3.8,12086428.0
7504,Cali,Comercio,9.2,47.42,49.6,21,3.29,31.1,-5.6,1,55.7,50.2,40.0,5.6,7307980.0
7505,Medellín,Minas,18.8,26.88,65.5,26,5.64,17.1,5.5,0,72.8,51.2,99.2,5.2,20442847.0
7506,Manizales,Manufactura,10.3,64.35,68.2,18,4.27,19.0,9.7,1,72.9,64.8,12.9,6.3,10891673.0
7507,Bogotá,Comercio,7.8,34.7,51.7,18,3.74,31.1,-1.1,1,75.2,71.8,75.0,6.8,8736891.0
7508,Otras,Comercio,27.1,48.23,43.0,53,3.87,26.6,14.0,0,58.2,55.4,7.0,6.2,16963795.0
7509,Barranquilla,Comercio,9.7,27.28,46.3,5,3.14,19.8,10.6,0,61.8,54.9,48.7,6.4,6242824.0
7510,Bogotá,Salud,15.7,76.12,68.9,24,4.55,15.1,2.7,0,74.1,68.1,51.0,7.5,11957039.0
7511,Medellín,Financiero,3.7,63.92,81.5,15,5.82,14.7,-13.1,1,69.1,80.6,73.0,7.3,11515038.0
7512,Otras,Hoteles,6.0,36.49,39.8,23,2.62,22.5,0.1,2,51.9,44.8,54.4,6.6,6524713.0
7513,Otras,Agricultura,22.1,1.63,46.1,3,2.74,19.7,15.7,4,65.0,45.6,25.4,7.2,7790115.0
7514,Barranquilla,Profesionales,33.3,19.21,52.3,10,4.12,11.0,10.5,1,69.7,56.1,44.7,5.0,8435954.0
7515,Bogotá,Construcción,2.4,15.28,57.0,7,3.86,29.7,-3.6,0,58.4,55.4,43.6,6.0,5804562.0
7516,Cartagena,Comercio,9.5,40.02,47.5,11,3.8,26.0,-2.5,1,52.5,52.1,8.9,6.7,5950716.0
7517,Cartagena,Comercio,10.3,66.42,55.3,4,3.19,32.4,4.3,0,67.8,48.9,17.5,5.3,6019358.0
7518,Cartagena,Profesionales,17.6,4.14,72.0,4,4.8,18.8,2.8,0,73.6,63.6,38.4,6.3,8465948.0
7519,Manizales,Salud,19.8,30.3,55.9,28,3.9,17.7,17.7,0,64.5,58.0,51.5,4.7,11258850.0
7520,Bogotá,Comercio,10.6,39.88,66.8,26,3.76,22.8,5.7,3,62.6,68.0,1.1,7.8,11706282.0
7521,Barranquilla,Comercio,12.6,30.38,65.1,7,4.02,37.4,8.4,2,73.2,66.7,44.6,6.1,8878748.0
7522,Otras,Minas,6.8,62.55,51.7,29,4.38,12.2,3.5,2,64.9,50.8,19.6,6.5,11134777.0
7523,Otras,Comercio,8.1,63.56,48.2,19,2.82,25.0,13.5,0,53.7,47.9,17.7,5.4,6519833.0
7524,Bogotá,Información,23.9,42.22,67.5,6,5.27,10.4,4.1,2,75.1,72.8,77.8,5.6,9531787.0
7525,Cali,Minas,9.0,21.67,71.8,72,5.54,2.6,-2.6,2,68.6,70.6,84.8,6.6,23208318.0
7526,Pereira,Comercio,8.0,70.76,34.4,5,2.8,20.1,8.4,2,57.9,55.8,92.1,4.9,5327374.0
7527,Bogotá,Transporte,8.4,38.85,56.6,4,5.12,20.7,8.2,2,64.7,68.5,25.6,8.0,7867021.0
7528,Bogotá,Comercio,11.3,7.41,49.9,2,4.34,23.9,12.0,3,61.1,66.7,75.1,7.1,6942969.0
7529,Cali,Transporte,6.8,77.68,58.4,2,3.31,19.1,-1.3,1,67.0,60.4,89.6,5.3,6553910.0
7530,Medellín,Salud,2.2,5.93,66.7,14,3.61,12.0,13.9,1,62.4,65.5,30.4,5.8,8970341.0
7531,Barranquilla,Transporte,6.8,29.21,53.3,18,3.31,21.0,-5.0,0,48.3,57.4,94.3,6.4,6931262.0
7532,Bogotá,Construcción,3.9,38.06,68.0,73,4.66,32.3,15.1,1,66.3,66.8,68.2,5.6,21054955.0
7533,Medellín,Comercio,7.2,9.72,46.9,1,2.95,28.1,25.1,2,53.9,61.7,8.6,6.2,5929963.0
7534,Cartagena,Salud,30.9,15.05,49.5,2,2.77,8.6,8.2,1,58.8,53.4,57.9,5.7,6115049.0
7535,Medellín,Profesionales,14.0,70.14,71.9,7,5.09,13.7,5.2,3,83.8,66.6,12.5,7.5,11178141.0
7536,Barranquilla,Comercio,3.5,31.51,54.8,5,3.66,25.4,6.5,0,60.4,67.0,44.4,6.5,6137223.0
7537,Bogotá,Agricultura,8.6,43.33,54.0,28,3.22,27.5,7.2,1,71.2,50.8,54.9,6.4,9968155.0
7538,Medellín,Profesionales,3.0,34.76,64.2,11,4.81,12.3,1.1,3,58.2,65.1,82.6,7.8,9274857.0
7539,Bogotá,Profesionales,17.7,7.13,79.5,80,4.48,11.4,-0.7,0,70.1,69.6,57.9,7.9,21309255.0
7540,Bogotá,Comercio,22.3,1.71,70.9,15,4.19,23.0,3.4,1,67.3,74.2,33.5,6.1,10404414.0
7541,Cali,Comercio,6.3,63.01,50.4,8,3.23,37.1,9.4,0,59.0,66.4,21.2,5.7,6061437.0
7542,Cali,Profesionales,3.5,7.49,56.7,4,3.82,9.8,6.1,1,65.9,53.6,22.6,6.3,6946091.0
7543,Pereira,Comercio,8.0,6.98,55.4,4,3.28,29.5,-0.1,0,73.7,56.4,17.0,6.5,6397480.0
7544,Bogotá,Salud,5.8,24.66,67.6,100,4.79,17.6,1.5,3,58.5,67.0,37.9,7.1,26121355.0
7545,Cali,Comercio,25.8,54.71,64.5,22,2.61,25.6,13.5,0,67.5,67.4,7.4,5.6,9540032.0
7546,Bogotá,Comercio,3.3,30.61,64.0,1,3.55,24.0,3.6,1,67.3,75.0,47.3,7.0,7561498.0
7547,Bogotá,Transporte,31.7,67.01,69.9,8,4.75,20.2,11.8,0,85.8,68.8,1.2,6.4,10594681.0
7548,Bogotá,Salud,10.6,72.4,71.9,4,4.63,12.1,-2.4,1,67.5,74.9,76.1,7.3,8816104.0
7549,Manizales,Profesionales,5.4,7.71,68.6,1,4.65,21.6,3.1,1,66.7,69.6,14.5,5.7,7327523.0
7550,Bogotá,Comercio,22.6,58.53,58.0,11,4.56,16.7,4.1,0,63.4,66.0,20.6,6.4,8415080.0
7551,Barranquilla,Comercio,40.6,57.03,57.7,21,3.54,25.1,11.4,2,78.6,63.5,54.9,8.3,11255430.0
7552,Medellín,Manufactura,8.8,1.73,54.1,19,3.24,24.5,9.8,2,67.2,66.0,65.4,8.3,8971104.0
7553,Bogotá,Agricultura,5.9,10.0,62.3,6,3.06,14.5,16.7,0,64.4,63.5,9.4,5.3,7693247.0
7554,Bogotá,Información,8.9,10.22,77.0,20,5.55,12.5,-0.6,2,81.7,72.0,13.7,6.4,14034682.0
7555,Cali,Construcción,7.3,78.06,49.5,38,3.75,30.7,12.5,1,61.4,57.0,5.9,7.4,11404194.0
7556,Otras,Información,4.1,3.61,60.2,12,4.8,25.5,3.3,1,68.9,55.4,34.4,6.5,8139798.0
7557,Bogotá,Energía,6.7,23.69,80.5,31,6.41,9.9,14.4,1,76.0,80.7,23.7,6.1,17926182.0
7558,Bucaramanga,Manufactura,8.4,68.37,53.8,17,4.02,12.8,-1.6,1,58.4,58.8,93.7,7.8,8123899.0
7559,Bogotá,Salud,6.7,55.03,68.2,28,4.54,22.0,9.9,1,71.1,63.5,56.3,7.0,13131797.0
7560,Bogotá,Información,17.3,28.52,73.0,16,5.52,14.3,0.3,0,62.0,74.7,39.9,6.2,10621762.0
7561,Bucaramanga,Energía,14.2,19.45,77.2,9,4.94,12.1,2.2,1,79.6,70.5,34.4,6.1,10864772.0
7562,Bogotá,Financiero,4.5,28.88,83.7,13,5.33,14.0,0.7,0,61.7,84.1,36.8,4.8,10668749.0
7563,Barranquilla,Comercio,18.0,70.86,53.3,22,3.61,23.1,10.2,1,71.3,68.8,7.1,5.5,9785472.0
7564,Barranquilla,Comercio,11.7,41.03,62.8,22,3.41,30.4,3.6,2,74.5,71.4,51.9,7.4,10465715.0
7565,Cali,Comercio,10.6,71.37,47.7,16,3.64,25.5,0.8,1,46.6,62.9,14.7,6.3,6812051.0
7566,Bogotá,Financiero,3.2,62.19,83.7,24,6.12,11.8,-6.7,1,77.6,80.7,60.6,6.6,15248691.0
7567,Bogotá,Agricultura,4.8,19.71,59.9,14,2.88,23.2,-4.0,0,67.5,71.5,43.7,5.5,7711090.0
7568,Bucaramanga,Energía,14.8,60.4,75.3,22,5.58,1.0,4.3,1,68.4,73.4,57.7,4.9,14199256.0
7569,Otras,Financiero,3.2,24.23,59.5,6,4.24,9.2,3.2,1,61.0,61.5,70.6,6.0,7083565.0
7570,Cali,Agricultura,21.4,67.6,30.0,7,2.77,21.3,-1.4,4,56.5,46.9,89.7,6.9,4911761.0
7571,Bogotá,Información,6.5,32.6,80.9,22,5.74,7.9,-1.2,0,65.8,80.4,39.8,5.8,13219980.0
7572,Bogotá,Financiero,8.8,71.67,80.4,1,5.54,16.0,4.6,0,73.6,76.3,82.3,6.2,9073511.0
7573,Bogotá,Energía,20.6,65.48,66.9,17,5.14,6.1,13.0,2,74.1,66.6,40.5,6.9,17499947.0
7574,Cartagena,Comercio,23.2,18.22,70.2,18,3.02,22.7,14.0,1,66.8,61.0,34.2,6.8,10624485.0
7575,Medellín,Comercio,3.1,50.15,51.3,70,4.31,28.8,-1.0,2,56.4,69.8,66.1,7.4,18282390.0
7576,Cali,Comercio,14.0,29.77,55.9,4,3.37,21.7,8.2,1,59.1,61.7,16.0,4.8,6850149.0
7577,Bogotá,Construcción,7.9,49.48,66.3,14,3.98,34.3,1.6,5,77.9,81.6,86.7,8.2,11267524.0
7578,Barranquilla,Transporte,11.2,74.09,43.1,2,3.42,24.3,-9.3,1,55.0,56.3,35.2,6.9,4196612.0
7579,Bogotá,Información,8.1,5.38,86.3,3,4.93,17.4,17.1,0,69.2,91.3,31.3,6.3,9870259.0
7580,Medellín,Comercio,16.6,40.02,61.8,9,4.04,25.0,6.8,0,69.0,67.4,39.1,6.5,8325792.0
7581,Bucaramanga,Profesionales,3.9,4.51,79.1,5,4.22,20.8,10.0,0,61.6,81.1,62.7,5.6,8437178.0
7582,Bucaramanga,Manufactura,12.7,33.35,58.4,133,4.42,23.5,7.6,5,75.8,69.9,6.2,8.3,32544496.0
7583,Bogotá,Comercio,7.1,73.03,66.1,4,3.46,24.3,9.4,1,74.8,76.7,79.8,6.9,8449160.0
7584,Bogotá,Construcción,4.6,23.13,57.9,2,5.06,23.6,4.7,1,54.2,65.4,9.8,5.7,6450468.0
7585,Bogotá,Financiero,1.9,32.88,77.9,9,6.07,5.7,7.7,2,64.3,80.7,74.0,6.2,10890181.0
7586,Medellín,Transporte,2.8,16.4,55.7,4,4.37,23.9,4.9,1,66.4,67.8,37.7,6.3,6929116.0
7587,Cartagena,Financiero,23.1,71.79,79.7,23,5.26,2.7,2.6,4,69.5,72.4,5.2,7.7,14921651.0
7588,Pereira,Construcción,18.5,47.25,40.0,62,3.12,28.5,7.8,0,55.8,65.9,84.0,6.0,12308725.0
7589,Bogotá,Comercio,2.4,78.82,62.2,3,3.52,24.2,2.6,0,60.6,70.5,12.8,6.2,6295219.0
7590,Medellín,Profesionales,4.1,23.91,75.8,7,4.61,17.8,-2.0,1,61.2,76.6,68.9,7.1,9247895.0
7591,Bogotá,Profesionales,5.9,18.12,77.9,5,5.42,10.8,-4.2,0,89.0,66.2,21.4,6.1,9845219.0
7592,Bogotá,Comercio,10.1,67.11,50.3,13,3.29,18.4,12.5,1,54.9,63.5,95.7,6.8,7552016.0
7593,Bogotá,Manufactura,8.1,15.74,77.7,106,4.34,17.1,13.4,1,81.2,83.4,80.5,6.8,28345048.0
7594,Cali,Construcción,18.3,7.27,57.9,14,4.82,16.0,12.2,1,82.4,70.8,66.5,6.2,11081340.0
7595,Otras,Comercio,4.4,55.96,53.4,7,2.14,27.4,13.6,3,60.8,57.7,47.4,8.4,7148779.0
7596,Bogotá,Comercio,36.4,17.71,55.0,24,3.47,18.4,-0.3,0,66.0,71.6,96.1,5.1,9812182.0
7597,Barranquilla,Manufactura,13.2,72.03,50.9,37,4.58,20.3,10.8,2,69.4,64.9,26.6,6.3,14178709.0
7598,Cali,Transporte,5.6,56.3,53.5,11,4.67,23.4,2.2,0,57.4,56.4,42.2,5.2,7286377.0
7599,Bogotá,Comercio,2.5,17.69,56.0,8,4.19,24.4,8.7,2,58.0,69.8,53.1,6.1,7714397.0
7600,Medellín,Transporte,31.5,41.48,44.6,15,3.77,13.8,13.1,0,67.2,60.0,12.6,6.4,8562009.0
7601,Medellín,Energía,5.9,27.2,78.7,5,6.04,8.6,11.2,0,66.3,68.7,25.0,7.3,9473189.0
7602,Bogotá,Comercio,14.3,60.09,58.4,26,3.72,26.5,0.4,1,70.0,62.5,52.4,4.5,10315346.0
7603,Medellín,Agricultura,5.3,58.5,50.5,15,2.76,21.3,2.3,1,64.3,58.1,1.1,6.3,7231342.0
7604,Cartagena,Construcción,10.7,16.36,49.3,2,3.27,20.6,5.7,2,62.0,50.6,62.1,6.9,6110345.0
7605,Bogotá,Agricultura,1.0,2.92,45.8,9,2.44,27.4,4.9,2,62.1,57.7,45.4,5.6,6187307.0
7606,Medellín,Manufactura,5.9,52.54,56.4,4,5.07,23.8,3.5,1,59.5,72.2,55.1,7.3,7212610.0
7607,Bogotá,Comercio,5.4,12.85,67.6,5,4.0,19.5,1.9,1,73.2,66.9,99.7,6.7,8340453.0
7608,Bogotá,Energía,24.8,16.66,70.4,5,5.49,7.0,7.8,2,62.8,64.6,33.7,7.2,9159184.0
7609,Barranquilla,Comercio,6.7,25.36,55.4,26,3.22,30.3,1.5,3,57.9,76.2,11.8,7.2,10128178.0
7610,Bucaramanga,Hoteles,2.7,49.83,42.3,36,2.91,28.8,15.0,3,58.7,55.4,67.8,7.4,9936635.0
7611,Bucaramanga,Manufactura,11.7,21.75,55.9,28,3.17,18.5,6.2,1,71.2,49.4,10.0,6.0,9738609.0
7612,Bucaramanga,Comercio,11.3,45.81,55.1,15,4.18,35.2,9.0,2,70.1,54.9,90.8,7.1,9341153.0
7613,Bogotá,Transporte,7.2,66.4,61.2,18,3.45,18.3,6.7,1,73.4,60.3,55.6,6.3,10021686.0
7614,Cartagena,Construcción,6.3,55.36,51.6,7,3.85,29.0,-0.4,0,71.2,65.7,47.7,6.4,7004953.0
7615,Medellín,Manufactura,11.3,62.04,72.3,25,3.7,13.1,-1.9,1,60.2,66.8,60.6,7.1,10953825.0
7616,Cali,Financiero,12.0,11.21,77.7,4,4.78,15.8,-0.9,1,71.6,80.0,4.5,7.1,9024604.0
7617,Bogotá,Profesionales,38.2,33.19,57.6,22,4.24,5.2,15.0,1,69.4,74.2,84.3,5.8,12026531.0
7618,Medellín,Información,3.9,3.07,72.7,11,5.26,17.6,5.0,2,77.1,71.5,18.9,7.2,11091823.0
7619,Bogotá,Hoteles,24.3,2.01,49.3,13,2.71,31.6,11.2,5,59.1,60.6,8.5,7.6,9085816.0
7620,Cali,Hoteles,3.9,30.16,42.5,121,2.6,25.8,11.6,3,51.5,53.4,83.1,6.5,17804679.0
7621,Cartagena,Comercio,10.0,46.97,74.2,7,3.76,30.4,0.6,0,69.6,55.3,33.4,5.1,7845100.0
7622,Barranquilla,Manufactura,7.2,11.88,64.9,65,3.59,30.9,-4.4,2,68.8,62.0,88.0,6.9,15988456.0
7623,Bogotá,Salud,3.8,4.4,73.9,3,4.31,18.7,17.6,0,80.8,72.3,62.1,6.2,8777222.0
7624,Cali,Manufactura,8.9,3.78,58.5,13,3.24,15.5,8.2,1,56.1,70.6,99.4,7.1,8081235.0
7625,Barranquilla,Comercio,13.8,70.29,47.7,29,3.41,33.7,18.5,0,63.3,57.4,20.7,6.7,9454048.0
7626,Cali,Construcción,26.7,59.43,70.4,10,3.45,26.1,8.7,1,80.0,70.6,72.7,5.7,10261497.0
7627,Cali,Comercio,41.2,4.5,51.3,27,3.07,21.4,-1.0,1,71.4,60.7,48.8,7.2,9037401.0
7628,Manizales,Comercio,19.4,46.42,45.5,15,3.49,32.0,-0.8,3,57.9,59.2,87.0,8.5,7490264.0
7629,Medellín,Manufactura,10.5,49.58,54.3,47,4.26,26.6,-0.5,1,59.4,66.5,23.4,5.9,13935722.0
7630,Medellín,Comercio,6.7,54.28,63.3,7,3.86,35.0,3.3,0,56.3,66.0,12.3,6.7,6462916.0
7631,Bogotá,Construcción,2.9,13.56,72.0,31,4.17,29.3,2.3,3,79.3,76.7,90.2,7.0,14157698.0
7632,Barranquilla,Comercio,15.8,77.64,39.7,9,3.51,26.3,10.0,1,58.9,49.0,64.8,6.1,5988146.0
7633,Bogotá,Salud,12.6,32.54,69.3,11,3.97,21.5,12.7,1,69.9,71.2,80.1,5.8,9909071.0
7634,Otras,Salud,18.2,21.05,59.4,10,3.45,24.8,9.1,0,52.9,51.3,87.7,5.0,6371064.0
7635,Otras,Transporte,11.1,41.78,55.8,27,3.34,23.1,2.8,1,58.0,58.2,49.5,6.5,9324933.0
7636,Cali,Agricultura,11.3,51.75,21.7,17,2.83,26.4,17.3,1,45.8,50.0,62.2,6.7,5273112.0
7637,Otras,Manufactura,18.6,14.35,58.4,12,3.18,14.4,-3.4,0,62.7,51.1,0.1,5.9,7028418.0
7638,Medellín,Manufactura,21.2,36.59,64.3,29,5.45,16.3,1.2,1,59.8,69.3,3.0,5.7,12814687.0
7639,Cartagena,Hoteles,5.2,59.22,54.2,4,2.05,25.0,-2.5,0,59.8,64.3,0.8,6.6,5832642.0
7640,Manizales,Agricultura,6.5,9.76,57.0,12,3.73,15.4,-11.4,0,54.7,48.6,77.4,5.8,6474898.0
7641,Bogotá,Hoteles,9.0,2.81,57.6,6,3.17,29.0,7.6,2,74.0,62.6,72.9,5.4,7599378.0
7642,Cali,Minas,4.1,34.38,56.4,9,4.36,5.2,7.7,2,58.6,60.4,79.6,7.3,8385159.0
7643,Barranquilla,Profesionales,22.1,20.06,68.6,7,4.2,4.3,9.8,0,73.0,62.5,68.5,5.7,9181620.0
7644,Medellín,Profesionales,17.7,55.41,73.0,4,3.48,18.1,12.6,0,62.0,79.6,52.0,6.0,10417849.0
7645,Medellín,Construcción,12.2,16.81,56.2,16,4.07,26.7,5.5,0,60.1,65.8,37.1,5.4,8462160.0
7646,Barranquilla,Comercio,7.1,67.2,46.9,10,3.46,32.6,0.5,0,55.8,56.2,30.4,6.8,5929695.0
7647,Bogotá,Profesionales,15.9,17.24,67.0,61,4.34,18.3,1.1,1,77.3,78.4,61.9,6.2,19200902.0
7648,Medellín,Comercio,24.6,58.41,48.0,14,3.89,27.5,3.0,0,64.9,61.3,45.3,5.7,7547408.0
7649,Bogotá,Manufactura,5.5,37.25,63.1,75,4.03,15.9,14.3,0,72.5,66.4,87.1,5.9,19414205.0
7650,Bogotá,Comercio,39.6,28.58,72.5,67,3.81,22.6,6.2,1,78.4,90.5,9.4,8.3,18731423.0
7651,Bogotá,Energía,6.2,34.43,76.4,27,5.76,6.6,9.6,1,70.7,76.2,7.0,6.2,14742357.0
7652,Cali,Transporte,20.7,25.99,46.4,15,3.39,21.6,1.8,1,66.2,60.0,25.5,6.4,7502629.0
7653,Pereira,Comercio,5.9,19.14,61.8,4,4.11,24.4,1.7,0,69.9,51.2,10.2,5.5,6537902.0
7654,Medellín,Agricultura,8.5,25.69,52.2,5,3.15,23.5,3.9,1,60.9,60.8,52.0,6.6,5973991.0
7655,Bogotá,Comercio,14.4,55.59,66.2,8,3.53,29.8,10.1,2,75.8,65.5,19.6,6.0,9540717.0
7656,Cali,Manufactura,16.1,59.59,49.7,68,4.42,16.1,6.3,1,60.5,57.9,33.9,6.0,18017290.0
7657,Bogotá,Comercio,8.4,36.76,66.5,9,3.52,24.7,-0.7,1,67.3,80.0,77.4,6.1,8719304.0
7658,Manizales,Información,23.2,27.74,69.0,10,3.35,6.3,1.8,1,67.5,68.8,93.3,5.7,8887827.0
7659,Cartagena,Agricultura,12.6,22.64,32.8,4,2.72,29.5,5.0,0,58.9,53.7,52.9,6.4,4019144.0
7660,Medellín,Comercio,16.5,19.64,60.9,8,3.27,29.0,-5.7,2,84.1,62.1,51.1,7.2,8404031.0
7661,Cartagena,Minas,5.1,14.93,71.8,5,4.19,19.7,7.2,1,68.1,68.4,89.4,6.7,8745765.0
7662,Bucaramanga,Hoteles,28.5,74.38,50.6,7,3.34,14.2,-0.0,0,65.6,53.4,60.3,6.1,6188741.0
7663,Cali,Agricultura,34.5,77.12,57.9,23,2.72,21.3,11.4,0,67.9,66.7,89.9,6.3,9682457.0
7664,Manizales,Manufactura,16.3,73.08,73.0,3,4.0,23.3,8.2,1,78.4,69.2,46.0,5.6,13176480.0
7665,Medellín,Manufactura,3.9,16.25,60.6,117,4.39,25.5,3.4,3,73.8,69.4,22.0,6.9,28102998.0
7666,Bogotá,Profesionales,6.8,78.59,70.4,6,4.43,16.8,7.7,1,69.9,74.1,62.8,5.6,8814771.0
7667,Manizales,Manufactura,8.5,25.72,65.0,10,4.83,23.2,-0.6,2,54.1,56.8,5.9,6.7,8287530.0
7668,Medellín,Manufactura,36.3,73.71,63.0,92,4.06,17.0,7.9,2,77.0,66.0,82.6,8.2,23377128.0
7669,Medellín,Construcción,14.6,3.69,64.4,3,3.75,26.3,-2.3,1,63.9,67.9,9.2,6.0,6987456.0
7670,Medellín,Manufactura,24.2,17.7,53.5,62,4.28,16.8,2.8,1,69.2,58.3,87.4,6.1,16810015.0
7671,Bogotá,Comercio,9.4,20.06,71.4,13,4.32,23.2,11.6,1,72.2,68.1,54.2,7.3,10548016.0
7672,Medellín,Transporte,13.7,40.77,59.3,27,3.31,17.3,-5.0,2,72.2,68.2,56.6,6.4,10332509.0
7673,Cali,Manufactura,6.7,46.13,56.2,16,3.73,18.6,3.1,0,67.2,54.5,46.2,4.9,8245684.0
7674,Medellín,Información,8.6,35.0,68.2,29,4.91,20.2,6.9,2,67.0,54.6,50.4,7.5,12880088.0
7675,Bogotá,Comercio,10.7,16.53,55.0,5,3.45,32.1,-6.5,1,61.9,66.3,43.1,6.3,6058619.0
7676,Cartagena,Comercio,10.3,79.97,50.7,18,3.03,36.2,4.6,2,62.4,66.4,57.9,6.0,8026759.0
7677,Pereira,Salud,5.6,6.83,54.1,23,3.9,19.8,3.5,1,50.6,63.7,20.9,5.6,8744299.0
7678,Manizales,Profesionales,22.1,66.62,70.9,16,4.49,5.0,-0.5,1,70.1,66.3,53.1,6.4,11074553.0
7679,Bogotá,Construcción,7.7,53.43,66.9,18,3.3,24.6,13.0,0,73.5,81.9,74.0,5.7,9918877.0
7680,Medellín,Comercio,16.0,1.06,53.6,6,3.0,24.5,9.3,1,58.5,56.0,14.8,6.5,6628255.0
7681,Bucaramanga,Información,3.2,28.02,65.2,15,3.98,21.0,-2.0,0,69.8,68.5,93.3,5.7,9027347.0
7682,Cali,Manufactura,14.2,61.92,56.9,27,3.47,26.6,8.7,0,66.3,65.7,52.8,6.3,9896766.0
7683,Bogotá,Salud,16.7,28.35,76.2,31,4.9,20.5,7.4,3,75.4,66.8,62.3,7.5,15693997.0
7684,Medellín,Financiero,14.5,68.39,75.9,34,5.26,5.8,0.4,0,77.8,80.8,81.2,6.7,15785815.0
7685,Barranquilla,Información,13.2,34.75,74.7,6,4.08,12.4,16.3,0,68.6,60.9,92.6,7.2,9578792.0
7686,Bogotá,Financiero,6.1,40.86,75.0,27,6.03,10.5,12.5,0,77.6,75.3,11.2,5.4,15441916.0
7687,Bogotá,Comercio,5.3,7.58,49.5,21,2.72,32.6,3.3,1,56.5,64.8,98.5,6.2,7438840.0
7688,Barranquilla,Información,21.0,53.46,66.3,15,5.08,15.9,4.9,1,66.8,58.9,20.8,6.6,10589977.0
7689,Barranquilla,Comercio,12.9,10.71,53.8,9,2.94,26.4,0.4,2,64.3,60.6,40.9,7.4,11774361.0
7690,Medellín,Comercio,60.0,26.39,53.5,18,3.82,25.6,5.2,1,82.9,60.5,1.0,5.5,10243937.0
7691,Medellín,Financiero,5.6,74.61,74.3,6,5.61,4.1,2.9,0,74.4,71.7,20.9,5.7,9397074.0
7692,Medellín,Construcción,10.6,61.43,54.4,19,4.32,17.3,-0.6,4,62.3,58.8,58.1,7.3,10110287.0
7693,Cartagena,Minas,16.1,14.83,73.6,7,4.97,19.8,10.1,1,76.2,58.8,61.1,7.3,9881952.0
7694,Barranquilla,Información,9.1,73.7,69.5,2,4.83,12.7,5.1,2,68.6,68.4,55.8,5.7,8364684.0
7695,Bogotá,Transporte,8.8,59.01,66.4,19,5.62,21.6,1.2,0,57.4,71.4,45.1,5.4,10124869.0
7696,Bucaramanga,Comercio,3.5,57.7,60.2,26,3.49,28.5,4.7,2,55.4,47.1,1.0,7.0,9192572.0
7697,Barranquilla,Comercio,14.7,53.26,49.4,15,3.69,24.6,7.5,1,62.6,52.4,68.2,5.5,7450321.0
7698,Bogotá,Comercio,8.1,16.99,69.1,13,4.01,31.6,11.7,1,70.2,69.7,34.9,6.8,9491886.0
7699,Cali,Agricultura,20.0,17.38,47.4,15,2.21,15.3,8.2,0,60.8,52.7,28.5,6.4,7182341.0
7700,Bogotá,Manufactura,12.1,48.73,69.7,19,4.45,9.9,11.2,2,67.6,55.0,27.9,7.0,11271174.0
7701,Bogotá,Financiero,5.7,74.08,74.8,16,5.67,8.1,7.0,0,66.8,79.7,70.1,6.2,11550020.0
7702,Medellín,Salud,4.6,51.71,66.8,7,4.47,0.5,2.1,2,71.1,68.7,81.8,6.8,9295279.0
7703,Cali,Información,6.1,54.69,60.0,10,4.5,9.5,4.9,1,57.6,52.0,45.1,5.6,7878775.0
7704,Medellín,Agricultura,3.5,52.2,48.8,3,2.93,23.6,-6.5,1,60.6,55.9,56.6,5.5,5288057.0
7705,Bogotá,Comercio,6.8,30.23,76.1,30,4.45,27.4,-0.2,1,75.6,75.3,42.3,6.9,13246335.0
7706,Cali,Salud,21.6,31.3,72.7,8,4.51,17.4,3.2,1,74.6,65.0,90.6,6.3,9553363.0
7707,Bucaramanga,Hoteles,12.7,44.03,47.9,2,2.73,18.9,7.1,0,60.7,59.3,49.5,7.0,5563226.0
7708,Cali,Minas,6.1,77.97,79.9,51,5.75,16.8,5.1,1,66.8,80.7,14.8,6.8,32619572.0
7709,Cali,Profesionales,4.8,18.09,73.0,26,4.45,15.7,7.5,1,58.0,67.3,26.9,6.0,12137459.0
7710,Bogotá,Hoteles,11.5,15.28,55.9,10,2.92,37.1,3.0,0,66.7,58.7,23.4,6.4,6998622.0
7711,Bogotá,Comercio,14.8,1.32,59.7,39,3.05,26.7,-1.8,0,63.7,70.6,21.6,5.3,10882494.0
7712,Manizales,Comercio,10.0,59.72,54.6,18,3.84,28.0,16.6,0,61.9,47.6,93.5,6.0,8555206.0
7713,Bogotá,Comercio,18.0,38.61,57.7,15,3.41,28.9,7.6,0,70.7,68.5,97.8,7.1,8620484.0
7714,Bogotá,Agricultura,5.1,24.73,53.8,6,3.83,24.0,2.7,1,61.7,64.3,83.7,6.3,6583046.0
7715,Manizales,Manufactura,18.7,47.95,66.1,34,4.67,21.8,18.2,0,64.9,71.0,84.8,6.5,14588236.0
7716,Bogotá,Manufactura,1.8,1.18,68.1,62,3.64,25.4,18.3,4,61.4,64.9,28.8,7.7,17420980.0
7717,Bogotá,Construcción,9.3,53.62,52.2,31,4.02,32.1,8.4,0,65.0,68.6,75.0,5.8,10563377.0
7718,Bogotá,Comercio,19.0,44.45,65.5,12,4.22,20.9,10.2,1,74.4,70.2,63.5,5.1,9594931.0
7719,Medellín,Comercio,6.0,75.83,67.8,14,4.63,19.0,-6.9,1,62.1,72.2,59.5,6.8,9185703.0
7720,Bucaramanga,Comercio,23.3,1.65,50.2,18,3.25,19.8,3.6,1,74.6,63.0,79.8,5.8,8618226.0
7721,Medellín,Información,12.9,63.75,81.8,73,4.76,11.8,6.8,2,85.8,75.7,62.7,6.8,24762518.0
7722,Bogotá,Transporte,4.3,26.94,60.0,11,4.85,38.3,5.8,0,71.2,57.7,80.1,5.8,8006226.0
7723,Barranquilla,Comercio,12.6,25.24,59.3,5,3.33,29.9,10.0,2,58.4,46.7,76.2,6.6,6651591.0
7724,Cali,Manufactura,8.6,69.13,58.5,60,4.47,19.1,3.6,0,68.2,67.7,83.9,5.0,17127725.0
7725,Medellín,Financiero,9.3,0.49,75.2,3,5.43,11.1,9.5,2,81.1,78.4,28.7,7.1,10427708.0
7726,Bogotá,Salud,9.0,60.42,55.6,8,2.96,12.8,5.1,3,69.3,68.8,95.6,7.8,8420879.0
7727,Barranquilla,Manufactura,24.4,59.72,76.0,48,3.2,18.1,-8.1,3,84.3,68.0,38.2,7.2,14955390.0
7728,Medellín,Profesionales,11.7,47.15,75.7,14,5.3,13.1,20.9,1,62.6,68.3,11.7,6.3,11399587.0
7729,Medellín,Hoteles,11.0,65.65,60.4,2,3.3,33.3,-2.4,1,70.8,66.8,6.6,5.9,6763091.0
7730,Medellín,Profesionales,22.1,5.59,66.4,33,4.22,6.3,3.7,2,66.2,66.1,3.8,6.3,13329188.0
7731,Bogotá,Manufactura,13.8,74.75,72.9,6,3.81,19.9,7.9,0,58.1,64.1,25.8,5.2,7924524.0
7732,Barranquilla,Agricultura,5.0,17.91,30.6,14,3.07,16.4,8.2,1,51.5,51.1,44.4,6.9,6058083.0
7733,Cali,Hoteles,22.5,5.73,41.0,11,3.35,24.7,-4.2,0,60.1,58.7,7.2,4.9,5458594.0
7734,Bogotá,Comercio,21.4,0.98,69.5,5,4.49,19.8,11.0,0,71.6,76.8,57.3,6.4,8892067.0
7735,Medellín,Comercio,13.3,35.25,50.8,14,3.14,25.2,6.6,1,59.8,65.7,80.4,6.6,7476688.0
7736,Bucaramanga,Construcción,20.0,6.71,54.3,94,4.01,28.3,7.6,1,71.5,62.2,17.2,6.1,21565777.0
7737,Bogotá,Manufactura,12.1,65.21,75.6,89,5.18,18.8,4.7,4,74.9,73.0,88.5,8.8,27407505.0
7738,Cali,Profesionales,13.3,5.13,80.8,2,4.8,18.6,-7.4,0,74.5,72.1,44.9,5.4,8529290.0
7739,Manizales,Construcción,5.7,48.64,53.9,19,3.91,31.8,3.2,0,57.6,71.0,42.0,5.4,8055990.0
7740,Bogotá,Comercio,16.5,67.36,67.8,34,3.9,31.0,6.4,2,64.0,69.7,64.8,6.0,12760000.0
7741,Otras,Comercio,60.0,19.9,53.6,38,3.43,10.8,7.2,1,72.9,44.1,94.0,5.5,13180276.0
7742,Bucaramanga,Minas,5.2,59.56,56.0,5,4.93,12.0,4.6,0,60.1,61.5,61.8,7.0,6656253.0
7743,Bogotá,Salud,15.9,13.44,83.6,7,4.2,14.1,-4.9,1,65.5,76.0,3.1,7.4,9401293.0
7744,Medellín,Comercio,6.1,78.35,61.6,6,2.83,30.1,1.8,0,52.0,75.4,34.8,6.4,6112321.0
7745,Bucaramanga,Manufactura,17.3,71.11,66.8,20,4.83,13.0,4.3,0,65.7,62.4,6.1,5.7,11144308.0
7746,Medellín,Manufactura,12.1,16.57,61.6,9,4.23,21.7,15.1,0,63.6,73.3,43.1,5.6,8788427.0
7747,Bogotá,Manufactura,18.3,39.48,71.2,46,5.06,23.2,4.0,1,66.5,70.7,40.8,8.1,16765942.0
7748,Bogotá,Construcción,1.7,73.11,54.4,32,3.15,24.7,0.8,0,70.2,76.0,52.4,5.2,10503303.0
7749,Cali,Manufactura,26.4,40.12,67.9,51,4.34,7.7,11.5,4,74.2,69.7,39.8,6.0,18768635.0
7750,Medellín,Transporte,12.5,70.72,56.1,5,3.64,23.0,-8.2,2,60.6,67.6,84.1,6.9,6639845.0
7751,Medellín,Información,9.5,0.32,65.6,60,4.35,20.3,1.5,1,66.8,71.0,86.6,6.6,17198771.0
7752,Medellín,Comercio,6.3,23.24,58.9,3,4.05,32.4,4.6,0,68.4,56.1,90.7,5.9,6524929.0
7753,Bogotá,Profesionales,18.1,37.96,61.1,7,5.31,27.0,-1.9,1,62.1,65.5,23.7,6.1,7311485.0
7754,Cali,Financiero,10.6,25.73,81.4,4,4.99,13.1,6.0,1,63.1,71.4,61.3,6.4,9255562.0
7755,Bogotá,Financiero,4.5,58.24,82.0,3,4.43,4.0,2.8,1,75.0,81.5,68.8,5.1,9955231.0
7756,Bogotá,Información,4.1,71.06,69.6,16,5.34,14.0,-2.4,3,66.2,79.4,54.1,6.2,11991906.0
7757,Otras,Comercio,2.8,33.66,45.3,10,3.97,30.4,2.1,1,49.1,44.2,8.7,6.8,5206642.0
7758,Pereira,Hoteles,8.0,43.25,53.5,27,3.05,26.1,7.3,1,54.4,55.3,23.5,6.3,8634629.0
7759,Bogotá,Profesionales,12.7,54.59,82.2,17,4.7,15.5,10.8,1,83.8,80.5,48.7,6.2,13605428.0
7760,Cali,Manufactura,12.0,78.22,63.5,32,4.62,22.6,8.2,4,63.7,62.1,58.3,7.9,13437830.0
7761,Bogotá,Manufactura,20.7,5.53,62.7,41,3.83,10.9,8.1,1,67.9,85.1,29.6,7.5,14718032.0
7762,Pereira,Financiero,14.6,4.37,61.9,27,4.6,10.8,16.6,1,72.2,67.3,58.6,7.1,12624372.0
7763,Bogotá,Salud,30.6,18.31,80.1,29,4.62,6.0,6.9,1,80.2,83.1,44.5,5.8,15010582.0
7764,Medellín,Información,4.1,23.04,65.1,3,5.22,11.8,17.3,1,59.8,64.3,87.6,6.2,7600404.0
7765,Cartagena,Construcción,11.5,8.29,58.2,4,3.55,33.9,5.7,1,68.3,67.7,51.3,6.4,7074456.0
7766,Bogotá,Transporte,6.0,58.44,62.7,8,4.14,20.3,5.1,1,61.7,64.7,85.8,7.1,7758342.0
7767,Bogotá,Comercio,10.4,17.21,63.0,10,3.96,30.2,-1.9,2,73.4,78.0,59.6,6.8,9146339.0
7768,Cali,Agricultura,11.2,35.87,58.9,33,2.71,28.3,14.5,3,62.2,54.7,38.1,7.6,10793790.0
7769,Cali,Comercio,8.0,8.8,66.8,1,4.06,24.3,6.2,0,64.6,70.4,41.3,7.2,6844644.0
7770,Medellín,Comercio,47.5,73.31,51.4,20,3.3,25.9,7.2,0,78.1,61.7,68.4,5.8,9862700.0
7771,Medellín,Minas,19.9,17.95,60.5,2,4.07,3.1,2.0,1,67.8,63.8,84.4,5.8,7327704.0
7772,Bogotá,Comercio,5.4,7.06,70.6,5,4.26,34.2,12.1,1,66.4,80.3,77.4,6.5,8090036.0
7773,Cali,Manufactura,10.8,29.75,54.8,28,3.61,22.6,4.5,2,53.5,56.8,14.3,7.9,9773848.0
7774,Cali,Comercio,49.7,43.46,49.1,22,3.89,19.3,1.9,1,70.0,59.7,66.2,7.7,9708125.0
7775,Medellín,Financiero,4.8,32.71,84.7,6,5.48,18.6,6.0,1,72.7,66.7,69.3,6.0,10052839.0
7776,Cali,Comercio,7.0,24.25,65.0,6,3.68,19.1,2.1,0,71.7,67.0,57.8,6.5,7512750.0
7777,Bogotá,Manufactura,40.9,55.98,60.6,59,3.91,16.3,14.0,1,83.3,73.5,39.2,6.1,18279261.0
7778,Bogotá,Comercio,5.9,11.64,55.6,1,3.12,27.8,5.6,1,64.3,63.4,98.6,6.8,6318435.0
7779,Otras,Manufactura,14.0,40.29,60.1,23,3.59,12.8,2.6,2,69.9,47.9,50.9,6.4,10664676.0
7780,Otras,Transporte,7.4,7.9,39.1,4,3.29,21.0,2.8,2,61.8,41.5,40.0,6.6,5200476.0
7781,Bogotá,Información,16.4,16.32,67.5,30,4.74,7.9,2.8,1,63.4,70.0,30.6,7.6,12882979.0
7782,Bogotá,Financiero,26.0,39.58,76.4,4,6.11,0.8,12.6,2,75.6,87.6,99.5,7.2,11006075.0
7783,Cali,Construcción,9.4,68.26,58.5,11,4.29,18.7,7.8,0,58.9,66.2,14.3,5.9,7996914.0
7784,Medellín,Comercio,16.3,70.97,48.5,4,4.47,22.6,-1.0,1,71.8,58.3,48.1,6.9,6551232.0
7785,Bogotá,Financiero,5.7,46.69,77.6,9,5.61,16.1,3.0,0,78.0,76.9,65.1,6.2,10339541.0
7786,Bogotá,Transporte,1.8,39.75,56.5,11,4.42,14.8,9.3,1,68.4,80.6,7.8,6.7,9309260.0
7787,Cali,Profesionales,21.9,53.01,84.2,9,3.8,21.8,9.2,1,78.7,72.4,96.8,5.9,14842141.0
7788,Cali,Manufactura,15.7,21.25,54.9,90,4.73,18.6,4.2,2,62.9,59.0,18.7,6.6,23938730.0
7789,Bogotá,Comercio,10.1,3.72,69.6,37,3.76,26.0,2.4,0,66.9,74.7,30.2,6.2,13040589.0
7790,Medellín,Comercio,8.0,6.86,59.0,12,3.56,22.7,-0.2,2,65.6,67.1,52.5,6.5,8199780.0
7791,Bogotá,Información,10.7,45.8,70.6,13,5.05,19.9,4.2,2,76.4,68.4,97.3,5.9,10933980.0
7792,Bucaramanga,Agricultura,7.0,68.88,40.1,9,2.88,27.1,1.2,2,62.3,49.4,16.0,6.1,5729563.0
7793,Medellín,Financiero,3.2,26.09,73.1,50,5.01,7.7,14.5,0,70.8,73.4,92.0,5.9,18120232.0
7794,Cali,Construcción,5.8,59.61,64.3,10,4.0,25.5,-4.0,2,73.2,68.0,22.4,7.2,8983999.0
7795,Bogotá,Comercio,30.7,54.33,59.5,16,3.67,19.6,1.4,1,80.0,71.4,47.1,7.3,9785153.0
7796,Pereira,Hoteles,25.8,53.06,48.2,16,3.41,28.9,5.0,0,64.8,49.6,91.5,6.5,7642921.0
7797,Bogotá,Construcción,14.8,56.94,60.4,13,4.09,20.2,7.8,1,65.5,63.7,19.4,6.7,9084566.0
7798,Barranquilla,Agricultura,6.4,51.52,59.5,17,2.41,20.5,6.7,1,70.8,58.3,87.9,6.1,8411673.0
7799,Manizales,Comercio,6.2,44.65,52.3,46,3.01,25.3,13.1,2,61.6,53.2,99.8,6.5,11959684.0
7800,Bogotá,Transporte,16.7,13.84,57.3,11,4.49,24.5,7.6,2,69.8,65.3,14.3,7.4,8802995.0
7801,Bogotá,Profesionales,4.1,43.75,57.9,28,5.31,10.7,7.3,2,55.8,59.8,22.9,5.8,12142283.0
7802,Bogotá,Construcción,2.4,51.75,62.9,2,3.85,24.5,0.6,3,68.6,65.5,27.0,7.4,7963062.0
7803,Medellín,Manufactura,13.2,13.8,84.0,6,4.65,10.5,-1.0,0,79.4,78.6,89.5,6.5,10037285.0
7804,Medellín,Salud,16.8,55.8,72.0,14,3.77,12.0,-9.1,3,72.6,79.6,83.1,8.1,9788327.0
7805,Medellín,Información,35.7,42.79,77.8,43,5.25,9.9,9.0,1,79.1,70.8,80.9,5.6,18749549.0
7806,Medellín,Profesionales,14.8,39.89,79.8,10,5.1,7.7,6.8,1,76.9,74.5,13.5,5.9,11358858.0
7807,Medellín,Hoteles,5.1,39.58,48.8,7,4.07,30.1,11.9,0,72.0,61.0,33.1,5.4,7315690.0
7808,Medellín,Comercio,7.9,52.2,59.0,5,3.41,20.9,-9.2,2,49.1,55.5,83.6,5.8,6041860.0
7809,Cali,Profesionales,42.4,8.47,61.2,3,3.56,11.5,11.3,2,58.8,67.5,49.0,7.1,8184258.0
7810,Cali,Construcción,5.4,35.85,42.9,3,2.65,21.4,12.7,4,68.0,50.7,56.4,7.8,6867930.0
7811,Bucaramanga,Energía,10.1,76.57,78.3,34,4.5,8.6,-0.3,0,66.0,85.4,53.0,5.5,13960081.0
7812,Bogotá,Minas,35.6,52.66,95.0,40,5.68,12.1,4.7,3,84.1,78.9,65.5,7.0,21281710.0
7813,Cali,Manufactura,60.0,24.16,51.6,34,4.5,12.0,0.8,3,79.2,65.7,36.0,7.2,13806267.0
7814,Bogotá,Información,5.4,18.36,71.7,23,5.08,9.9,6.2,1,71.7,62.7,16.0,6.9,19641827.0
7815,Bucaramanga,Comercio,20.9,10.78,34.2,15,3.49,22.7,-7.2,1,55.6,41.3,27.8,5.9,4822147.0
7816,Barranquilla,Construcción,17.4,79.44,56.2,15,3.11,20.0,6.4,1,63.4,61.0,61.1,6.6,8287413.0
7817,Bogotá,Financiero,5.4,42.52,84.3,20,5.42,14.3,1.8,4,75.8,80.9,68.0,7.0,14805913.0
7818,Otras,Manufactura,7.5,45.22,49.7,21,3.08,17.7,13.4,1,49.4,57.7,43.8,7.0,8314983.0
7819,Pereira,Información,2.3,57.11,68.0,16,4.66,15.3,11.6,0,70.7,65.4,29.6,6.1,10839096.0
7820,Medellín,Manufactura,14.4,61.24,75.1,16,3.89,11.8,8.1,1,63.2,75.4,2.2,5.9,10859542.0
7821,Pereira,Transporte,4.4,77.92,51.3,10,4.08,21.9,2.5,1,51.2,71.3,82.2,6.5,7113471.0
7822,Medellín,Comercio,16.7,64.08,62.9,8,4.04,25.4,9.5,1,64.2,61.0,60.4,6.1,8416286.0
7823,Medellín,Salud,4.9,13.17,70.7,42,4.94,24.0,6.7,2,61.0,62.4,81.9,5.9,15722394.0
7824,Bogotá,Construcción,5.9,31.78,75.3,4,3.38,30.7,2.9,1,76.6,79.4,20.2,7.6,9056823.0
7825,Medellín,Manufactura,3.1,6.16,60.3,15,4.55,14.9,18.1,1,55.2,74.5,44.2,7.5,9594565.0
7826,Otras,Transporte,31.0,23.01,48.8,4,4.06,26.4,12.0,0,62.6,52.1,68.1,6.4,6137157.0
7827,Medellín,Transporte,3.1,9.38,43.3,10,3.97,19.4,-0.1,1,66.5,52.7,34.7,6.6,6713612.0
7828,Bogotá,Comercio,3.8,71.58,46.5,4,4.04,31.3,-1.9,1,60.8,56.6,89.1,6.5,5532691.0
7829,Barranquilla,Agricultura,34.5,59.84,55.8,16,2.89,16.7,4.7,2,72.2,52.3,90.8,6.1,9179105.0
7830,Otras,Financiero,7.3,10.32,59.5,47,4.32,3.0,6.8,2,60.0,58.4,35.7,6.4,15227617.0
7831,Bogotá,Profesionales,7.6,24.99,79.4,9,5.19,12.2,8.1,1,72.4,73.8,9.8,7.1,10262441.0
7832,Cartagena,Profesionales,5.1,4.93,61.6,14,3.7,10.7,7.4,1,70.5,62.5,24.4,6.7,9430086.0
7833,Otras,Manufactura,11.2,47.04,62.9,9,4.14,22.4,5.5,4,70.1,50.8,28.8,7.3,9017547.0
7834,Cali,Salud,25.4,57.46,75.2,13,3.21,20.7,6.5,1,85.3,77.9,57.7,5.8,10952174.0
7835,Bogotá,Comercio,20.8,52.9,62.0,12,3.99,29.2,7.3,2,74.8,67.0,36.3,6.7,9809845.0
7836,Barranquilla,Comercio,19.7,21.56,66.2,26,3.51,25.3,5.0,1,76.7,64.9,9.6,5.9,11469108.0
7837,Bogotá,Financiero,7.9,16.96,70.8,8,4.34,1.4,4.8,0,65.6,88.0,98.5,5.7,9114621.0
7838,Otras,Agricultura,11.2,65.4,30.7,5,2.3,17.4,16.0,1,41.9,37.5,68.9,5.8,3715872.0
7839,Cali,Información,6.6,79.9,77.9,26,5.02,15.7,6.6,1,71.1,76.4,57.8,6.7,13762406.0
7840,Otras,Comercio,16.1,4.24,45.9,6,3.59,23.7,17.6,3,58.4,52.7,17.6,7.0,7277050.0
7841,Cali,Minas,1.5,68.77,64.4,5,4.73,10.7,3.7,3,54.9,76.0,54.2,7.3,8133359.0
7842,Bogotá,Construcción,8.1,77.69,51.2,25,3.65,25.2,18.0,2,64.8,73.1,63.4,6.4,10146865.0
7843,Bucaramanga,Transporte,16.1,6.66,50.7,17,4.13,15.1,9.8,0,61.8,69.6,8.1,6.7,8992719.0
7844,Bogotá,Transporte,9.3,74.15,63.6,18,4.44,20.8,7.9,3,77.2,73.6,0.7,6.1,11532541.0
7845,Medellín,Construcción,10.5,75.63,60.5,1,3.88,16.6,2.5,1,56.2,56.4,94.1,6.0,5886219.0
7846,Bogotá,Comercio,18.7,75.47,48.5,16,4.07,29.4,4.0,3,61.2,74.4,67.1,8.1,9510059.0
7847,Cali,Construcción,8.6,31.93,67.9,4,4.92,25.2,16.0,4,68.6,63.3,84.4,6.8,9163819.0
7848,Cali,Hoteles,13.7,31.83,47.9,6,2.95,34.1,6.9,1,62.8,65.2,53.4,5.4,6637162.0
7849,Barranquilla,Agricultura,4.0,76.76,33.9,20,2.8,26.2,-5.4,1,57.8,55.5,17.7,6.4,6581264.0
7850,Bogotá,Profesionales,6.8,6.65,68.4,23,5.32,19.3,14.0,1,67.6,81.1,69.0,7.4,12945725.0
7851,Medellín,Hoteles,15.7,10.5,47.7,11,3.12,26.6,6.9,2,66.4,53.1,85.1,6.7,7456504.0
7852,Bogotá,Profesionales,10.2,29.78,57.1,18,4.01,11.7,4.0,3,76.1,70.6,54.9,6.2,11084914.0
7853,Cali,Comercio,8.9,28.86,37.7,45,3.28,29.1,3.4,1,49.8,52.0,45.4,6.5,10340599.0
7854,Cartagena,Construcción,4.5,24.05,64.1,12,3.8,27.6,10.7,1,63.7,54.7,50.0,6.3,8445936.0
7855,Medellín,Salud,10.2,59.85,59.6,21,3.7,15.5,1.0,0,71.3,61.8,47.8,5.9,9421881.0
7856,Bogotá,Comercio,17.7,61.05,52.5,19,4.16,30.2,7.0,1,66.2,70.9,40.1,5.9,9350312.0
7857,Medellín,Salud,5.7,7.09,82.2,10,4.19,17.8,-2.7,1,73.4,79.1,50.5,7.6,10475269.0
7858,Cali,Transporte,53.4,34.04,50.3,11,3.92,13.4,13.6,3,78.1,52.9,85.1,6.3,10560246.0
7859,Cali,Construcción,4.6,68.25,54.2,31,4.08,22.2,10.2,2,49.4,56.0,17.4,6.8,10688386.0
7860,Cali,Hoteles,4.6,72.89,57.0,19,3.07,36.2,6.0,0,65.9,66.8,29.9,6.6,8225775.0
7861,Cali,Comercio,9.7,63.54,43.9,15,4.06,37.1,6.9,1,58.1,61.4,69.1,7.4,7726724.0
7862,Bucaramanga,Salud,4.2,74.9,67.1,27,3.52,15.1,12.1,1,63.7,64.3,13.9,6.4,11179424.0
7863,Medellín,Salud,9.3,17.5,56.8,15,4.46,16.0,10.0,0,53.7,59.8,21.4,6.6,8349770.0
7864,Bogotá,Hoteles,2.7,39.1,45.8,1,3.42,32.8,1.9,3,58.4,66.3,86.2,8.0,5620147.0
7865,Cali,Hoteles,10.7,27.31,53.6,13,2.88,29.1,2.5,1,57.8,66.7,80.2,6.9,7204320.0
7866,Medellín,Agricultura,4.4,0.38,53.9,2,3.47,19.8,7.5,1,59.6,62.9,18.9,6.2,6099961.0
7867,Bucaramanga,Hoteles,36.6,10.36,50.0,36,3.64,25.4,17.6,3,68.3,49.1,47.8,7.0,13400627.0
7868,Medellín,Profesionales,39.1,32.36,59.2,7,3.83,11.3,6.7,0,67.2,64.2,21.2,6.6,8248850.0
7869,Cali,Hoteles,19.6,21.21,42.9,6,2.95,31.9,-0.6,1,65.7,55.1,93.6,7.5,5420069.0
7870,Otras,Agricultura,60.0,55.57,39.7,50,2.91,17.8,13.2,2,78.6,45.5,84.5,6.6,13447809.0
7871,Bucaramanga,Comercio,7.9,12.13,50.7,8,3.37,25.2,8.3,1,61.2,55.2,15.4,6.1,6764119.0
7872,Medellín,Información,6.9,10.67,68.7,17,5.61,14.9,10.5,2,77.4,72.8,49.6,6.9,12589359.0
7873,Barranquilla,Agricultura,10.8,72.2,45.3,15,2.41,27.3,9.0,3,47.3,58.9,54.4,8.3,6724363.0
7874,Pereira,Construcción,10.0,20.13,45.1,37,4.02,18.1,0.3,3,53.3,52.3,56.8,6.8,16881558.0
7875,Bogotá,Financiero,7.8,52.79,85.4,15,5.79,11.2,2.3,1,76.9,82.2,44.8,5.9,13056437.0
7876,Bogotá,Transporte,13.5,41.24,60.5,5,3.79,22.2,7.6,2,67.2,70.0,29.3,6.5,8355058.0
7877,Bucaramanga,Manufactura,6.6,2.83,65.3,56,3.3,13.9,7.9,2,65.8,63.8,64.5,7.1,15078949.0
7878,Bogotá,Transporte,6.7,64.1,67.9,3,4.29,24.4,7.8,2,73.2,66.8,21.4,6.9,8714198.0
7879,Medellín,Comercio,2.4,67.46,44.8,10,3.34,29.6,5.0,1,50.6,64.4,67.5,6.8,5964839.0
7880,Barranquilla,Profesionales,21.2,78.1,69.3,76,4.23,13.1,6.5,5,88.0,70.8,7.7,8.5,23625433.0
7881,Cali,Información,28.6,68.27,65.4,15,5.02,18.9,12.3,0,76.1,68.4,71.7,5.3,11240890.0
7882,Otras,Comercio,10.9,23.5,45.2,11,3.01,20.9,14.3,0,62.7,34.8,79.2,5.6,6597947.0
7883,Bogotá,Comercio,7.9,64.36,75.5,9,4.62,38.0,2.2,0,76.6,78.4,66.4,5.3,9497122.0
7884,Medellín,Profesionales,4.6,9.14,73.0,36,4.29,16.6,0.2,0,61.3,67.1,65.6,6.0,13056547.0
7885,Bogotá,Manufactura,3.3,72.5,85.5,59,4.63,22.4,9.1,1,81.9,90.4,45.3,6.6,20949915.0
7886,Otras,Comercio,60.0,38.68,49.4,54,3.08,21.8,5.5,0,76.6,48.0,50.1,6.2,14063030.0
7887,Cali,Comercio,17.3,34.79,47.4,10,3.92,29.7,5.7,2,56.5,60.1,37.8,7.8,7271190.0
7888,Cali,Comercio,9.2,64.24,47.4,4,2.6,26.6,3.4,1,65.5,56.1,36.1,6.6,5900210.0
7889,Bucaramanga,Comercio,7.5,40.6,49.3,22,3.0,18.0,-1.1,0,54.8,61.0,9.5,5.9,6932435.0
7890,Barranquilla,Comercio,2.7,49.04,69.3,5,2.98,28.9,12.0,0,73.3,64.7,65.0,6.3,8294380.0
7891,Bogotá,Manufactura,15.2,77.56,63.0,51,4.25,12.0,-3.1,4,67.8,75.1,41.0,7.2,16084174.0
7892,Bucaramanga,Construcción,6.2,5.79,55.5,16,3.61,29.4,2.1,1,55.2,58.4,56.8,6.4,7896408.0
7893,Bucaramanga,Financiero,5.6,69.19,66.8,7,5.32,8.4,5.5,1,63.8,67.5,85.3,5.5,8739539.0
7894,Barranquilla,Agricultura,20.0,60.38,55.3,170,3.08,17.6,10.3,3,72.4,64.2,76.7,6.2,28653414.0
7895,Cali,Comercio,7.2,2.93,57.7,5,3.64,29.5,4.2,0,61.1,50.0,39.3,6.0,5875980.0
7896,Cartagena,Salud,6.5,2.61,65.0,4,4.07,13.8,8.3,1,53.2,65.2,44.6,6.9,6967828.0
7897,Medellín,Financiero,17.1,34.56,81.8,1,4.55,6.2,21.2,2,75.5,81.3,53.1,6.9,11159821.0
7898,Otras,Comercio,8.4,10.35,45.3,26,3.25,18.4,12.1,0,49.2,42.2,57.5,4.2,7806179.0
7899,Bogotá,Profesionales,9.4,78.16,77.7,14,5.23,3.3,5.3,1,73.8,76.1,0.5,5.4,11914853.0
7900,Medellín,Minas,12.3,19.7,62.0,31,5.53,17.0,11.8,1,80.9,81.1,64.9,5.6,15392602.0
7901,Medellín,Comercio,7.3,2.79,47.1,83,4.35,27.6,4.9,1,58.0,61.7,75.4,5.4,19494573.0
7902,Pereira,Comercio,5.1,19.94,44.8,4,3.0,30.5,5.6,0,67.5,58.0,98.6,6.5,5482803.0
7903,Otras,Comercio,8.0,25.75,48.6,24,3.93,26.7,2.6,2,63.6,52.9,10.1,6.7,9755524.0
7904,Bucaramanga,Manufactura,12.9,35.52,73.5,29,4.57,17.9,6.7,0,70.0,70.6,62.4,6.3,16736089.0
7905,Bogotá,Manufactura,11.3,23.9,68.2,8,4.24,25.3,4.2,1,79.6,67.0,17.6,5.5,9339083.0
7906,Bogotá,Manufactura,4.7,39.99,77.0,78,4.8,21.2,-2.7,0,68.6,76.3,7.1,5.9,21909359.0
7907,Bogotá,Manufactura,6.3,1.39,80.2,40,5.4,16.3,12.4,2,85.7,78.8,48.1,6.0,19284846.0
7908,Bucaramanga,Comercio,5.8,53.62,50.9,13,3.44,27.1,4.2,0,64.3,54.1,27.6,4.9,7403428.0
7909,Bogotá,Comercio,12.7,67.86,67.4,9,3.81,12.9,2.5,1,62.6,61.7,93.4,6.2,8197696.0
7910,Medellín,Comercio,8.3,34.45,47.6,16,3.42,36.0,-1.4,0,67.3,64.5,21.6,5.7,7474891.0
7911,Bucaramanga,Comercio,16.0,4.6,73.9,39,3.11,29.1,6.1,1,68.6,73.7,5.9,5.6,16494553.0
7912,Bucaramanga,Agricultura,16.5,74.84,51.7,74,3.04,21.5,5.7,1,64.9,55.8,50.5,7.1,14931811.0
7913,Bucaramanga,Financiero,14.5,38.32,65.9,5,3.92,10.8,2.3,2,57.9,71.6,16.7,7.5,7704627.0
7914,Bogotá,Transporte,2.5,13.08,66.9,34,4.69,26.7,-3.7,1,68.5,63.9,44.1,6.2,12966547.0
7915,Bogotá,Transporte,10.0,4.93,72.8,1,4.67,21.6,10.8,0,67.1,76.1,54.3,5.5,7958572.0
7916,Bogotá,Transporte,5.3,8.45,64.7,89,4.91,26.7,19.6,3,55.4,72.9,61.6,6.4,24417028.0
7917,Barranquilla,Profesionales,3.8,74.6,72.6,4,5.05,25.2,7.6,1,76.2,59.2,33.5,6.0,8699491.0
7918,Medellín,Agricultura,4.0,70.77,47.8,21,2.6,29.5,2.3,2,65.2,64.3,33.3,7.5,8480511.0
7919,Bogotá,Manufactura,17.2,57.42,84.6,39,4.6,5.6,3.9,0,70.6,75.1,26.1,5.6,16132857.0
7920,Bogotá,Agricultura,34.5,24.06,50.2,10,3.35,21.0,-2.3,1,55.7,64.9,99.9,6.2,6387015.0
7921,Bucaramanga,Manufactura,3.5,5.39,64.1,6,4.14,11.8,6.2,1,70.0,61.2,98.1,7.2,7966682.0
7922,Otras,Salud,5.5,33.09,47.2,6,3.87,18.1,12.6,1,57.2,53.5,34.7,5.6,6055113.0
7923,Bogotá,Información,18.3,74.99,76.4,71,5.21,9.7,3.0,2,76.0,69.4,24.0,7.5,24320774.0
7924,Cali,Manufactura,17.7,39.64,47.9,11,3.67,16.9,3.2,1,56.0,51.8,12.8,6.3,6196746.0
7925,Cali,Transporte,32.3,51.24,59.3,43,3.5,19.7,0.7,2,77.0,56.7,99.9,8.3,12477092.0
7926,Barranquilla,Salud,8.0,43.16,52.8,17,3.23,5.4,4.2,1,57.2,60.0,92.7,7.4,7965730.0
7927,Bogotá,Hoteles,6.1,23.91,43.0,3,3.94,28.3,9.0,0,62.0,61.9,96.3,5.8,5463534.0
7928,Medellín,Comercio,9.7,69.59,62.2,3,2.93,15.2,2.0,2,72.2,54.9,95.0,6.5,7317567.0
7929,Medellín,Construcción,7.4,50.03,64.8,2,3.89,16.8,9.7,2,54.5,65.1,20.5,7.5,7242953.0
7930,Medellín,Agricultura,19.4,54.88,60.7,10,3.77,24.4,6.0,1,57.6,74.7,43.1,6.1,8063491.0
7931,Cartagena,Transporte,7.8,39.59,59.7,18,3.63,24.4,18.2,1,52.8,56.3,62.0,6.2,8716256.0
7932,Bucaramanga,Comercio,19.1,43.62,48.0,15,3.67,23.9,7.4,3,74.5,59.9,63.4,6.9,9000438.0
7933,Medellín,Comercio,3.2,45.95,62.2,119,3.39,21.4,6.5,2,60.9,73.1,85.8,6.8,22967573.0
7934,Bogotá,Comercio,11.3,39.54,58.9,3,4.27,27.8,8.2,1,66.4,74.1,77.3,6.1,7478607.0
7935,Otras,Comercio,15.6,26.97,62.2,4,4.09,25.8,16.0,2,77.6,59.7,51.5,6.7,9075150.0
7936,Bogotá,Transporte,3.7,17.54,60.7,2,3.95,26.4,8.5,0,68.0,67.6,1.7,6.4,7042931.0
7937,Medellín,Comercio,4.7,22.06,65.5,9,4.49,25.9,13.7,0,62.4,71.3,13.1,5.3,8773633.0
7938,Bogotá,Construcción,11.9,69.78,54.0,26,4.15,31.9,-1.1,4,66.4,57.6,64.8,7.9,11442217.0
7939,Medellín,Agricultura,14.3,31.97,58.6,9,4.11,23.7,11.5,3,71.1,62.1,16.0,5.6,9193658.0
7940,Pereira,Transporte,12.9,30.44,54.5,13,3.35,25.9,12.8,0,64.1,47.2,86.6,6.0,7624158.0
7941,Otras,Información,13.2,15.46,77.4,44,4.38,13.2,9.7,1,76.3,54.0,99.4,6.7,15962092.0
7942,Otras,Transporte,15.9,19.82,55.1,4,2.87,20.5,7.1,1,74.1,50.6,9.6,7.5,7077605.0
7943,Barranquilla,Salud,30.7,16.84,65.2,26,3.79,9.6,4.6,2,76.0,72.4,29.8,6.7,12645734.0
7944,Bogotá,Comercio,9.0,10.29,60.8,45,3.82,32.5,14.6,2,63.1,72.9,86.1,6.0,14482180.0
7945,Bogotá,Comercio,19.4,28.93,63.6,23,4.41,26.5,4.4,1,64.5,65.5,59.5,6.4,11013506.0
7946,Barranquilla,Financiero,10.6,39.02,69.6,12,4.81,6.4,7.7,3,65.6,58.6,90.2,7.7,10259692.0
7947,Barranquilla,Financiero,26.7,12.31,58.8,6,4.91,1.1,10.5,0,66.7,70.6,1.3,5.2,8435055.0
7948,Bucaramanga,Agricultura,11.6,76.04,42.5,6,3.38,23.8,13.1,2,70.8,59.0,73.0,7.5,7372922.0
7949,Medellín,Transporte,48.1,19.74,56.9,38,4.15,24.5,7.5,1,78.3,68.7,82.0,5.0,14116457.0
7950,Manizales,Comercio,14.8,60.02,51.4,22,3.48,34.9,6.1,2,58.2,54.3,27.3,5.8,8462604.0
7951,Bogotá,Transporte,15.3,41.7,55.3,18,3.62,26.8,6.5,1,63.3,64.9,4.7,5.8,9259681.0
7952,Cartagena,Financiero,4.4,55.39,72.7,16,3.72,21.1,0.0,2,73.1,73.9,62.9,6.4,10519593.0
7953,Bogotá,Manufactura,5.0,8.95,67.2,13,5.09,21.9,14.4,0,71.6,70.6,74.1,5.9,9668619.0
7954,Bogotá,Hoteles,8.0,2.18,48.2,24,2.83,28.4,6.1,0,56.4,64.4,94.5,5.6,7375053.0
7955,Medellín,Manufactura,16.2,68.05,54.9,9,4.03,22.7,1.2,1,66.6,76.7,93.8,5.5,7928564.0
7956,Otras,Manufactura,6.1,63.74,74.1,36,4.2,23.2,5.4,2,64.1,63.8,10.3,5.5,13647307.0
7957,Bucaramanga,Hoteles,11.7,51.52,57.5,14,2.94,25.0,10.5,1,70.9,63.5,85.1,6.4,8400093.0
7958,Medellín,Comercio,10.3,45.92,65.5,5,3.46,24.4,3.1,0,68.4,64.5,11.7,5.9,7684138.0
7959,Barranquilla,Construcción,7.2,56.1,62.3,30,2.99,26.5,10.9,2,69.1,63.1,54.0,5.9,11383453.0
7960,Bogotá,Hoteles,6.7,68.35,62.8,26,3.97,26.5,6.3,1,60.1,66.7,16.9,6.8,10666319.0
7961,Bogotá,Información,4.8,56.33,72.6,4,5.42,15.1,13.4,0,78.8,85.5,22.5,6.8,9298308.0
7962,Bogotá,Manufactura,32.9,59.84,66.6,19,4.87,17.0,0.4,2,82.3,75.9,60.3,7.3,11852370.0
7963,Pereira,Transporte,9.3,73.35,50.2,12,3.07,20.2,10.3,1,65.3,50.0,32.4,6.5,7502929.0
7964,Medellín,Profesionales,7.7,77.17,60.4,34,4.34,3.3,12.7,1,64.4,72.4,2.4,6.5,13168797.0
7965,Bogotá,Manufactura,10.7,58.76,76.5,26,4.62,15.5,7.9,0,62.0,77.0,48.9,6.6,12505969.0
7966,Medellín,Manufactura,16.9,74.91,70.7,82,4.43,15.7,-5.7,3,74.6,80.8,38.7,7.8,22768660.0
7967,Medellín,Información,7.8,34.22,68.7,10,6.12,18.5,7.1,1,69.2,69.5,36.9,6.8,10073550.0
7968,Medellín,Información,5.2,69.13,54.9,4,4.85,15.8,19.3,1,59.5,69.6,97.8,5.2,7536985.0
7969,Bucaramanga,Información,31.4,43.55,77.2,8,4.43,7.7,7.4,0,84.1,69.1,56.5,6.5,10989294.0
7970,Bogotá,Financiero,5.7,56.5,82.0,4,5.44,2.8,-2.8,1,75.3,76.2,38.1,5.4,9587299.0
7971,Bogotá,Comercio,25.1,38.68,67.5,3,3.46,26.7,10.6,0,66.7,75.1,87.8,7.2,8107088.0
7972,Barranquilla,Información,43.2,43.26,62.6,54,4.9,0.7,5.4,1,62.0,59.5,75.9,7.6,17652786.0
7973,Bogotá,Salud,1.9,57.17,66.1,6,3.09,19.1,4.5,3,78.3,67.6,49.3,7.9,9499900.0
7974,Otras,Profesionales,7.9,38.18,59.2,41,3.15,18.6,2.4,4,61.8,59.6,16.4,7.0,12061102.0
7975,Manizales,Construcción,2.8,70.26,47.0,9,3.37,27.5,4.0,0,55.5,64.2,70.8,5.3,6273817.0
7976,Barranquilla,Manufactura,13.4,46.97,66.2,11,3.96,18.5,9.6,3,67.3,55.2,21.1,7.9,9415445.0
7977,Cali,Comercio,7.1,22.77,61.0,3,2.6,22.7,5.0,0,66.3,53.3,94.9,5.7,6901580.0
7978,Bogotá,Comercio,9.1,72.33,68.5,40,3.44,26.0,1.1,2,63.6,65.4,68.6,6.2,12931243.0
7979,Cartagena,Comercio,7.6,70.35,65.0,5,3.97,31.8,12.1,1,66.5,65.9,89.6,5.9,8106957.0
7980,Bogotá,Agricultura,27.0,5.61,46.5,6,4.04,17.0,10.4,0,59.5,66.5,97.9,5.3,7180073.0
7981,Bogotá,Comercio,7.9,65.9,52.5,13,3.17,34.1,1.4,1,55.7,56.1,4.3,6.5,6426824.0
7982,Bogotá,Información,15.1,31.02,76.1,19,5.71,11.7,10.0,0,65.4,81.8,54.6,6.4,12243599.0
7983,Manizales,Agricultura,32.1,53.08,35.6,4,2.35,20.1,5.5,0,58.4,47.9,75.6,4.9,7273995.0
7984,Bogotá,Manufactura,60.0,71.21,67.3,62,5.04,9.2,10.7,4,80.5,75.0,60.3,8.4,23531312.0
7985,Bogotá,Profesionales,4.7,48.7,66.2,10,3.96,19.9,14.5,0,63.5,78.1,20.4,5.3,8536384.0
7986,Bogotá,Manufactura,11.5,55.58,73.7,33,4.14,24.2,7.1,3,60.2,62.8,17.4,6.7,13235705.0
7987,Bogotá,Información,4.6,76.76,79.4,6,5.6,2.4,12.9,2,68.6,80.2,62.3,8.1,10737751.0
7988,Cartagena,Salud,12.4,17.27,49.0,59,3.12,11.8,7.9,2,65.1,65.6,59.2,7.4,13897337.0
7989,Cali,Profesionales,10.2,52.66,55.4,1,3.64,10.7,6.4,1,58.4,69.6,48.7,7.1,6245920.0
7990,Manizales,Construcción,7.4,55.97,67.2,8,4.43,28.0,5.2,0,73.2,66.4,43.8,6.5,8663205.0
7991,Bogotá,Manufactura,3.3,8.85,77.1,25,4.35,12.9,6.6,0,71.9,75.8,16.3,6.0,12399508.0
7992,Otras,Manufactura,8.7,34.58,44.0,50,2.76,24.4,16.1,2,52.6,46.5,1.5,7.0,13290548.0
7993,Bucaramanga,Comercio,18.7,5.81,59.5,10,3.91,28.2,-1.9,2,64.5,61.2,74.9,7.0,7523427.0
7994,Medellín,Agricultura,10.0,66.92,45.2,16,4.33,17.5,7.0,1,55.4,63.4,70.0,6.4,8409580.0
7995,Bogotá,Salud,6.8,50.6,78.4,13,5.09,2.5,14.1,2,63.9,70.4,39.1,6.1,11305619.0
7996,Bogotá,Salud,5.6,45.34,78.8,23,4.91,12.6,12.1,2,76.0,78.9,47.4,7.0,14258145.0
7997,Bogotá,Transporte,14.9,39.54,62.5,27,3.89,17.5,-5.0,0,57.6,65.4,83.9,5.6,9509310.0
7998,Manizales,Hoteles,4.2,38.19,55.4,10,3.19,33.9,10.7,0,65.3,63.4,56.7,6.2,6896826.0
7999,Bogotá,Manufactura,17.7,4.58,92.5,52,4.63,15.3,15.3,1,70.1,89.1,48.1,6.8,20122663.0
8000,Medellín,Agricultura,18.7,21.06,41.5,6,2.96,25.6,4.4,0,67.0,70.7,50.4,6.0,5823557.0
8001,Cali,Manufactura,3.8,39.31,49.9,21,3.97,15.3,15.4,1,68.6,64.4,14.3,6.8,9537293.0
8002,Bogotá,Profesionales,4.5,57.84,74.6,11,4.83,14.8,-2.7,1,71.5,64.8,60.2,6.6,9833946.0
8003,Medellín,Comercio,8.9,25.32,54.4,64,3.45,18.5,-10.0,4,54.7,60.8,69.5,7.7,14650897.0
8004,Pereira,Financiero,10.7,49.63,62.5,71,4.78,11.8,7.6,0,64.5,66.4,41.0,6.8,20319237.0
8005,Bogotá,Agricultura,7.3,23.91,64.5,4,2.65,26.8,3.9,3,64.3,67.9,95.6,7.0,7908003.0
8006,Barranquilla,Información,14.9,57.81,48.9,11,4.29,18.0,12.0,2,60.4,57.5,62.0,6.1,8425110.0
8007,Manizales,Financiero,11.0,37.92,58.7,3,4.38,8.3,7.8,0,70.2,59.1,8.7,6.1,7039329.0
8008,Bogotá,Información,5.7,2.39,56.4,25,4.56,10.4,3.3,2,67.4,70.3,66.4,7.7,11424820.0
8009,Bucaramanga,Transporte,19.5,66.1,65.6,27,3.14,19.5,10.0,1,68.0,64.8,26.7,6.0,10801050.0
8010,Pereira,Financiero,39.2,42.71,78.1,13,4.34,0.0,15.8,1,78.3,71.5,84.8,5.3,13263533.0
8011,Cali,Comercio,6.5,22.86,62.2,4,3.09,28.7,14.1,1,60.2,66.7,20.1,7.2,7201072.0
8012,Cartagena,Transporte,26.4,14.97,43.9,17,3.44,18.8,11.7,2,65.9,44.1,98.3,6.5,8191803.0
8013,Bogotá,Hoteles,7.9,78.55,43.8,7,3.57,26.9,2.1,1,58.9,64.7,46.4,5.5,5757812.0
8014,Manizales,Transporte,11.7,42.97,54.6,109,3.4,22.7,4.4,2,67.0,71.7,89.2,6.1,21513598.0
8015,Bucaramanga,Hoteles,17.0,66.76,48.7,9,3.35,28.7,4.9,0,67.4,58.2,76.4,5.9,6719953.0
8016,Bogotá,Manufactura,1.0,3.35,66.6,20,5.28,19.5,1.4,0,62.2,71.1,72.9,4.7,10655518.0
8017,Barranquilla,Comercio,14.9,14.04,47.8,11,3.48,19.4,10.7,0,56.8,54.4,19.1,7.2,6628833.0
8018,Bogotá,Información,11.3,37.33,69.3,14,4.76,13.8,6.3,1,61.6,77.3,0.4,6.3,10169495.0
8019,Medellín,Información,2.5,10.29,79.7,11,4.57,11.4,7.4,3,72.4,71.9,35.6,6.6,12091419.0
8020,Medellín,Comercio,17.6,79.3,52.7,11,4.06,20.3,4.0,1,58.7,70.5,66.5,5.4,7890331.0
8021,Otras,Comercio,11.4,74.15,49.6,10,3.28,23.0,4.5,3,54.3,48.4,1.3,6.3,6688906.0
8022,Medellín,Construcción,4.4,45.15,67.8,4,3.77,22.4,1.3,1,71.6,67.2,36.8,6.4,7881896.0
8023,Bogotá,Minas,5.7,55.71,66.1,24,4.84,15.9,17.8,1,70.8,64.0,69.6,6.8,12570607.0
8024,Cali,Financiero,4.5,26.68,70.6,3,4.68,16.2,9.3,1,66.7,72.8,39.8,6.6,8381345.0
8025,Cali,Transporte,14.3,73.89,52.6,14,3.89,20.7,-2.1,0,57.6,50.7,26.3,7.3,6880576.0
8026,Cartagena,Manufactura,7.1,32.61,68.4,97,4.22,21.8,3.1,3,66.4,68.5,9.4,8.5,24074324.0
8027,Bogotá,Manufactura,11.6,54.18,67.0,174,4.74,27.6,12.8,0,70.6,69.6,18.3,6.1,40271536.0
8028,Bogotá,Profesionales,8.3,3.52,67.9,9,4.24,20.3,9.1,0,58.9,70.2,61.1,5.7,12380839.0
8029,Cali,Comercio,9.6,61.83,53.7,38,3.17,28.3,10.9,2,59.9,57.8,44.8,5.9,10492583.0
8030,Medellín,Profesionales,15.5,33.36,75.9,4,4.33,14.8,4.8,2,83.3,71.6,75.5,6.2,10486375.0
8031,Medellín,Manufactura,1.4,24.4,67.7,44,4.56,16.8,6.4,2,69.2,68.0,47.6,6.3,15416248.0
8032,Bogotá,Comercio,20.0,51.83,62.0,6,3.1,21.2,-1.0,2,70.5,74.0,31.7,7.0,8188800.0
8033,Bucaramanga,Manufactura,7.9,78.23,55.4,37,4.38,28.4,12.9,1,73.9,42.0,41.9,5.9,13137206.0
8034,Cali,Manufactura,15.6,6.6,66.2,12,4.42,20.6,6.0,0,82.5,65.5,45.8,7.0,10073776.0
8035,Barranquilla,Profesionales,10.2,34.69,61.4,5,4.61,9.0,6.3,0,69.1,64.8,82.7,7.5,7930524.0
8036,Bogotá,Comercio,49.6,50.34,57.8,14,3.97,14.1,1.3,2,74.5,76.0,66.7,6.4,9976188.0
8037,Bogotá,Salud,20.0,8.98,70.8,26,4.68,17.2,7.9,2,71.2,75.1,62.2,5.7,13672765.0
8038,Bogotá,Comercio,11.4,20.06,57.8,5,3.48,24.8,7.1,1,60.3,69.7,38.7,5.3,6923250.0
8039,Bogotá,Información,2.5,58.89,73.1,56,5.34,6.4,-0.7,3,66.3,81.4,87.5,7.3,20361949.0
8040,Cartagena,Información,17.1,62.0,71.7,21,4.98,12.7,-1.6,3,73.6,75.5,68.6,6.9,12816179.0
8041,Pereira,Profesionales,24.6,52.04,73.2,1,4.63,21.0,-3.8,1,80.6,67.3,89.8,5.8,8392407.0
8042,Bogotá,Comercio,18.1,33.99,64.1,8,3.84,19.8,17.5,1,79.2,71.9,11.6,5.9,10060095.0
8043,Bucaramanga,Manufactura,40.1,19.71,50.9,17,4.21,3.3,4.2,0,66.7,62.4,74.0,6.2,9018119.0
8044,Bogotá,Hoteles,5.6,1.69,43.3,1,3.1,19.6,4.6,1,61.4,52.6,54.5,6.9,5142802.0
8045,Otras,Profesionales,17.1,46.79,51.2,18,3.81,15.9,6.3,0,62.0,57.1,60.7,6.8,8957055.0
8046,Medellín,Financiero,29.9,29.34,74.7,41,4.88,11.6,-1.6,1,72.8,76.0,60.7,6.9,15954756.0
8047,Pereira,Información,11.3,11.71,72.1,5,5.38,14.9,3.1,0,77.0,68.3,64.9,6.1,9079905.0
8048,Medellín,Construcción,1.7,25.95,53.3,12,4.04,22.9,9.4,0,55.5,56.1,46.9,5.2,7206626.0
8049,Bogotá,Financiero,4.7,23.97,69.6,4,5.52,1.2,16.0,0,69.1,92.0,65.9,5.8,9090590.0
8050,Otras,Información,5.5,12.65,73.8,20,4.2,12.3,-4.9,3,81.5,63.9,89.7,8.8,12387498.0
8051,Bogotá,Manufactura,15.9,48.12,81.1,17,4.51,23.8,2.8,4,73.0,74.6,69.1,9.5,12686803.0
8052,Medellín,Comercio,41.0,50.71,60.5,32,4.07,20.2,2.2,0,75.7,80.0,45.7,6.2,12693406.0
8053,Barranquilla,Comercio,35.0,38.3,52.4,5,3.72,24.7,10.0,0,70.9,68.0,89.0,6.6,11866558.0
8054,Cali,Minas,8.6,62.19,72.3,18,5.81,12.8,12.3,0,81.9,72.0,81.6,7.4,18326899.0
8055,Bogotá,Comercio,16.8,50.79,53.7,10,3.84,28.0,14.5,0,57.5,63.8,71.3,6.8,7218271.0
8056,Cartagena,Profesionales,7.1,68.38,72.4,28,4.38,23.1,5.7,1,67.9,61.8,65.8,6.0,12871647.0
8057,Bucaramanga,Manufactura,2.9,38.46,57.1,40,2.92,20.4,5.8,2,58.3,55.4,5.7,7.5,10647138.0
8058,Medellín,Comercio,21.7,66.94,56.3,13,3.18,13.8,11.5,1,53.1,75.6,71.4,6.1,8580866.0
8059,Medellín,Comercio,6.4,39.02,65.1,84,4.78,33.5,0.7,3,79.3,70.9,44.9,6.0,24122472.0
8060,Cali,Manufactura,29.9,27.99,49.2,68,3.82,17.4,12.2,1,66.2,64.3,31.6,6.8,17397577.0
8061,Bogotá,Minas,8.3,47.53,76.4,15,5.46,14.1,9.3,2,72.8,69.6,44.4,6.2,11997280.0
8062,Bogotá,Agricultura,15.1,6.56,43.0,10,3.58,31.6,5.4,0,57.2,57.9,77.9,7.2,6077806.0
8063,Bogotá,Manufactura,12.6,18.18,80.8,7,4.75,22.1,-2.4,0,78.7,70.5,67.9,5.3,9352993.0
8064,Bucaramanga,Salud,29.3,46.37,67.0,202,4.37,21.7,3.5,1,77.2,69.7,91.0,5.6,43293914.0
8065,Cali,Manufactura,8.9,1.42,71.9,15,4.48,22.9,4.0,0,67.8,69.2,0.9,5.3,9654480.0
8066,Cartagena,Comercio,31.7,21.27,56.4,8,4.04,18.3,14.5,1,71.9,69.1,38.0,6.1,9911089.0
8067,Medellín,Comercio,9.7,6.85,56.4,9,3.74,32.5,8.7,3,63.8,69.8,44.3,7.0,8219653.0
8068,Medellín,Hoteles,16.1,0.13,53.3,11,3.43,29.9,6.1,2,64.7,63.5,84.8,6.3,8110792.0
8069,Cartagena,Profesionales,12.1,33.58,67.6,6,4.11,22.9,13.1,1,62.3,57.5,24.3,6.2,7985502.0
8070,Bogotá,Comercio,14.7,66.85,57.0,19,4.43,22.0,5.3,0,69.3,64.3,7.3,7.0,9605033.0
8071,Medellín,Financiero,6.0,59.76,81.4,5,5.03,6.4,-4.5,1,78.2,84.4,62.0,5.5,9809134.0
8072,Medellín,Manufactura,60.0,58.32,55.4,44,4.46,9.6,14.8,3,80.8,69.0,64.0,6.6,18644402.0
8073,Pereira,Comercio,6.4,59.68,58.2,20,3.43,27.0,4.7,0,64.5,58.7,63.0,6.1,8631554.0
8074,Cali,Manufactura,2.4,73.64,60.6,2,3.53,12.6,4.6,1,70.3,57.5,19.6,4.7,6967159.0
8075,Bogotá,Manufactura,17.6,53.24,49.4,12,4.03,17.4,7.2,0,66.4,57.0,29.8,5.9,7990286.0
8076,Pereira,Manufactura,6.8,39.95,65.0,7,4.43,21.0,8.4,1,68.8,55.1,48.4,8.0,7778220.0
8077,Bogotá,Energía,5.4,63.61,85.1,4,5.86,11.7,8.2,1,70.7,72.1,63.6,6.1,9769586.0
8078,Cali,Construcción,24.1,66.29,80.7,24,3.91,10.8,7.6,1,81.3,59.9,20.2,5.8,13331938.0
8079,Medellín,Comercio,4.3,68.38,53.5,8,4.15,28.9,-0.8,0,66.2,60.7,5.5,6.8,6706873.0
8080,Manizales,Transporte,14.4,14.05,51.5,45,4.59,23.4,7.0,1,60.2,57.6,24.6,8.2,14238245.0
8081,Barranquilla,Comercio,42.3,42.72,59.3,3,3.56,21.1,9.7,1,78.6,68.2,4.1,7.7,8780622.0
8082,Bogotá,Manufactura,3.9,58.86,51.5,69,4.4,13.3,11.7,3,61.7,66.7,89.4,7.3,19225665.0
8083,Bogotá,Comercio,6.6,66.23,55.3,43,3.95,25.0,-1.2,2,58.1,73.4,39.4,6.0,13064316.0
8084,Otras,Comercio,3.7,35.42,58.8,15,3.47,28.8,24.4,2,55.1,46.3,41.3,6.5,8775668.0
8085,Cali,Transporte,16.9,12.88,47.3,21,3.99,21.9,5.0,1,55.9,62.6,84.9,7.1,8499106.0
8086,Manizales,Profesionales,12.9,36.24,66.0,17,4.4,9.9,19.7,1,68.7,63.1,91.8,6.1,11372380.0
8087,Cali,Construcción,9.2,7.66,60.4,13,4.54,12.3,17.0,0,68.0,60.1,40.1,5.3,9146723.0
8088,Medellín,Financiero,22.5,26.4,79.6,7,5.65,9.2,4.9,0,72.2,73.7,41.6,5.2,10057748.0
8089,Bogotá,Construcción,7.0,13.06,48.6,98,4.42,21.9,19.8,1,65.1,58.7,52.3,6.6,23168566.0
8090,Barranquilla,Información,16.6,7.1,61.3,7,4.21,8.2,-1.5,0,64.5,60.6,88.3,6.3,7193580.0
8091,Bogotá,Salud,15.1,77.22,65.0,3,5.43,14.1,14.7,0,77.2,65.3,55.1,5.6,8516042.0
8092,Barranquilla,Comercio,5.5,26.96,48.3,2,3.59,28.4,4.8,0,58.9,59.6,23.2,6.8,5258209.0
8093,Medellín,Agricultura,7.8,60.73,42.8,5,2.75,23.7,9.8,1,51.4,52.7,22.8,6.9,5288341.0
8094,Medellín,Construcción,56.1,44.98,52.6,15,4.24,16.4,4.2,2,81.0,72.5,24.6,6.4,10077919.0
8095,Manizales,Construcción,5.6,8.23,57.2,3,3.84,34.9,4.4,2,70.9,65.8,36.5,5.4,9891474.0
8096,Bogotá,Comercio,60.0,61.37,52.5,11,2.86,18.7,4.0,1,60.6,69.6,61.2,6.1,7781850.0
8097,Bogotá,Comercio,15.5,56.14,47.3,59,3.52,28.1,7.5,2,50.7,69.2,89.6,6.0,13697528.0
8098,Cali,Manufactura,7.5,70.38,51.0,75,4.63,14.6,13.3,1,64.6,61.3,34.5,5.3,20066517.0
8099,Cartagena,Manufactura,5.5,44.56,72.6,15,3.95,23.1,8.6,2,62.7,70.3,71.2,7.1,10515439.0
8100,Barranquilla,Comercio,12.6,79.19,50.1,5,2.96,26.9,12.4,0,67.8,60.3,65.8,3.8,6688249.0
8101,Cali,Manufactura,13.7,32.77,66.0,70,4.67,14.9,5.8,2,72.5,65.5,91.4,7.3,21041670.0
8102,Medellín,Construcción,41.2,20.86,46.7,11,3.24,20.5,7.6,0,67.9,63.0,76.1,6.4,7433445.0
8103,Bogotá,Financiero,12.3,52.75,74.6,5,5.54,14.4,-5.5,2,77.3,63.9,95.0,5.5,9469434.0
8104,Bucaramanga,Salud,9.8,77.41,65.2,6,3.81,20.2,4.8,0,66.5,75.2,34.1,6.3,8002857.0
8105,Medellín,Comercio,4.9,78.86,54.7,11,3.1,27.6,15.0,2,54.3,59.2,17.7,6.6,7163745.0
8106,Pereira,Financiero,22.9,60.04,53.2,5,4.79,2.5,5.2,0,66.9,66.4,78.9,6.3,7782535.0
8107,Otras,Financiero,2.6,47.39,54.9,8,3.94,7.3,6.2,0,70.9,57.0,90.4,4.1,7426244.0
8108,Medellín,Información,9.9,53.68,69.8,4,4.58,11.3,7.3,1,73.7,75.5,79.4,7.3,8701936.0
8109,Bogotá,Transporte,13.6,20.45,61.1,18,3.44,20.3,14.7,2,74.2,74.8,15.9,5.9,10318948.0
8110,Medellín,Comercio,11.2,63.48,47.8,4,4.02,22.0,4.1,0,57.5,54.3,91.9,6.0,5335722.0
8111,Barranquilla,Construcción,9.2,74.6,54.1,12,3.71,31.6,10.6,2,63.1,54.9,55.1,7.3,7685181.0
8112,Bogotá,Construcción,11.6,3.68,48.2,8,4.36,24.1,-0.7,3,56.5,68.0,31.4,7.5,7289528.0
8113,Medellín,Comercio,4.2,42.95,49.9,17,3.61,20.5,11.2,0,56.3,76.3,58.8,5.6,7986692.0
8114,Bogotá,Agricultura,4.3,15.77,41.3,21,2.74,19.9,7.8,3,47.7,64.9,15.1,7.3,7736527.0
8115,Cali,Hoteles,18.0,45.86,34.2,48,3.17,26.6,-8.8,2,56.4,51.6,62.7,7.6,9584411.0
8116,Medellín,Construcción,5.3,28.03,49.8,6,3.98,20.2,5.8,4,60.7,60.3,50.5,7.5,7193221.0
8117,Cali,Agricultura,3.9,50.97,41.4,9,1.5,19.7,4.6,2,59.6,59.8,80.7,6.4,5407990.0
8118,Bogotá,Manufactura,9.0,59.27,61.1,9,4.36,28.9,2.5,0,68.4,67.8,99.5,5.7,7755040.0
8119,Bogotá,Comercio,5.8,69.25,60.9,4,3.79,23.7,9.6,0,63.0,81.3,74.2,5.1,6895572.0
8120,Bogotá,Comercio,8.8,2.15,60.2,4,3.02,19.1,14.5,1,67.1,74.8,37.9,7.4,7980916.0
8121,Bogotá,Comercio,10.4,16.34,61.1,19,4.7,19.6,7.9,1,63.2,79.5,62.3,7.1,10364781.0
8122,Cali,Agricultura,13.0,60.09,56.8,15,3.42,22.8,7.0,1,71.9,75.8,95.0,6.1,9448640.0
8123,Medellín,Salud,19.9,38.48,72.9,10,5.03,11.1,5.8,2,73.3,70.4,79.6,6.6,16742115.0
8124,Manizales,Comercio,6.8,30.18,50.2,4,3.53,30.3,6.6,2,64.5,59.1,79.8,7.6,6412526.0
8125,Bogotá,Transporte,2.8,28.46,62.1,19,4.16,22.0,-0.5,1,62.7,72.4,26.3,5.9,9834436.0
8126,Otras,Profesionales,4.6,20.98,75.4,36,4.22,8.3,-3.8,1,60.7,68.7,34.1,7.1,13060854.0
8127,Bogotá,Comercio,2.9,78.14,65.6,40,3.81,29.3,0.3,2,67.6,67.5,77.7,7.1,12902169.0
8128,Bogotá,Transporte,8.5,6.91,61.8,4,3.58,22.2,0.6,1,68.1,70.3,8.0,7.3,7723888.0
8129,Bogotá,Manufactura,5.7,49.05,83.0,54,4.26,24.3,14.3,1,81.1,74.5,51.7,8.1,19105178.0
8130,Bogotá,Manufactura,30.1,54.85,59.5,74,3.11,4.7,-0.4,2,76.3,74.2,91.6,7.7,16727953.0
8131,Otras,Financiero,6.6,46.61,54.8,20,4.88,5.7,4.0,0,64.9,54.2,57.6,4.5,9452210.0
8132,Bogotá,Información,8.4,43.12,78.4,3,5.84,9.4,12.8,1,63.2,72.5,2.1,6.0,8948637.0
8133,Bogotá,Salud,4.2,29.89,68.0,13,3.37,16.0,6.1,5,71.7,74.2,1.5,8.2,10983797.0
8134,Bogotá,Manufactura,7.2,74.82,62.1,5,4.11,27.9,14.4,4,69.6,69.5,10.5,8.4,9445493.0
8135,Bogotá,Minas,4.7,31.79,76.2,7,5.63,8.4,4.3,1,74.6,76.0,84.5,5.2,10393341.0
8136,Bogotá,Construcción,2.9,20.41,71.8,22,4.1,28.9,-0.6,2,72.5,81.9,27.5,6.6,11418384.0
8137,Bogotá,Agricultura,14.8,8.53,57.4,21,2.92,15.0,12.3,1,68.4,73.8,36.3,5.9,9855478.0
8138,Bogotá,Manufactura,4.3,30.76,65.2,97,4.4,11.6,0.1,3,61.3,65.9,58.8,7.1,24534771.0
8139,Cali,Transporte,15.9,21.06,66.2,5,3.51,14.3,3.0,0,59.3,67.3,6.4,5.5,7025598.0
8140,Medellín,Comercio,11.5,35.41,54.4,5,3.97,28.5,9.7,0,66.6,50.1,17.0,6.2,6386961.0
8141,Bogotá,Hoteles,12.8,61.62,72.2,27,3.53,34.6,3.4,2,55.3,70.5,19.3,7.1,11301525.0
8142,Cali,Información,16.0,72.47,64.5,6,5.74,12.8,12.3,1,64.2,62.3,55.6,5.8,13883798.0
8143,Cali,Transporte,35.5,66.85,62.6,22,4.41,18.0,3.0,0,65.6,59.6,74.8,6.2,10650520.0
8144,Manizales,Información,17.2,14.49,64.8,7,5.5,8.8,-2.2,0,69.1,68.3,47.7,5.2,7983467.0
8145,Otras,Comercio,5.7,53.09,39.1,20,3.73,33.3,23.5,0,66.3,46.2,19.8,5.9,8109525.0
8146,Pereira,Profesionales,8.9,31.04,51.9,94,4.35,13.6,13.2,4,62.7,56.3,32.6,9.0,23777612.0
8147,Cali,Comercio,16.7,30.2,48.2,1,3.3,20.2,10.9,0,55.9,59.0,87.5,6.2,5580889.0
8148,Bogotá,Agricultura,5.6,49.68,56.7,16,3.72,17.1,1.8,1,59.6,75.8,13.9,6.2,8552927.0
8149,Medellín,Construcción,12.0,29.75,52.0,9,3.41,18.7,0.4,2,70.0,65.3,72.0,7.1,7865718.0
8150,Medellín,Hoteles,8.3,3.92,43.2,11,3.46,23.0,8.1,2,66.4,47.9,3.7,6.9,7171959.0
8151,Bogotá,Comercio,7.4,54.92,67.4,3,3.52,25.6,10.7,1,57.4,68.8,25.8,6.0,7359404.0
8152,Barranquilla,Manufactura,12.4,0.28,48.6,32,3.57,21.8,-2.7,3,57.6,46.5,75.4,8.4,10470753.0
8153,Bogotá,Hoteles,15.6,58.77,48.3,20,3.51,31.0,9.5,0,56.0,68.0,92.2,5.9,7813821.0
8154,Cali,Agricultura,8.9,8.26,38.7,4,3.31,21.1,3.2,1,65.4,52.1,8.8,8.3,5389301.0
8155,Cali,Salud,5.2,34.84,71.3,20,5.04,19.8,9.0,2,69.2,65.9,25.2,4.7,11621972.0
8156,Bogotá,Energía,9.5,48.24,87.8,20,6.5,10.6,-1.0,2,87.8,83.5,42.5,6.6,16397541.0
8157,Bogotá,Comercio,11.0,33.14,69.3,18,3.77,14.3,8.4,0,71.1,73.1,18.3,5.7,10744120.0
8158,Medellín,Información,8.0,16.94,76.6,6,4.32,14.9,10.3,2,67.2,80.1,97.2,5.3,9594548.0
8159,Barranquilla,Financiero,5.4,31.2,70.4,9,4.46,10.0,-0.8,1,72.5,73.7,56.3,6.9,9191316.0
8160,Medellín,Financiero,7.9,19.95,82.7,2,5.17,3.3,2.2,1,76.9,69.9,7.7,7.4,9712612.0
8161,Bucaramanga,Comercio,10.2,78.04,50.2,4,2.93,16.9,12.6,0,66.9,57.7,5.4,5.8,6670438.0
8162,Cali,Manufactura,5.7,3.15,56.4,16,3.84,26.5,-0.5,0,59.1,51.0,30.6,5.6,7793669.0
8163,Pereira,Transporte,24.8,77.19,70.9,11,3.58,15.1,8.6,2,70.0,58.4,32.5,6.1,9775769.0
8164,Medellín,Hoteles,23.0,73.1,51.2,8,3.29,24.0,-3.5,0,69.3,51.5,83.4,6.7,6640659.0
8165,Manizales,Agricultura,2.6,51.71,40.9,3,2.74,19.1,8.6,1,53.9,48.3,37.9,6.9,4728039.0
8166,Otras,Agricultura,7.9,19.68,50.4,3,3.12,20.7,9.7,1,54.3,40.7,94.9,5.7,5867640.0
8167,Medellín,Comercio,12.6,14.87,47.8,19,3.42,23.9,-2.5,2,54.0,63.6,47.3,7.2,7300548.0
8168,Otras,Comercio,5.4,28.04,62.1,38,3.46,35.9,5.3,1,65.7,64.1,3.7,5.6,11316160.0
8169,Bogotá,Profesionales,16.3,4.34,84.2,16,5.03,9.7,5.3,0,83.2,96.9,30.2,4.7,12912380.0
8170,Barranquilla,Manufactura,3.2,25.47,64.8,5,3.97,12.4,3.6,1,71.1,58.8,88.5,6.5,7896084.0
8171,Bogotá,Transporte,5.7,5.11,62.0,10,3.82,28.0,14.3,0,69.3,66.1,49.6,5.5,8229182.0
8172,Manizales,Manufactura,15.6,18.79,54.8,60,3.77,15.9,10.6,3,64.4,54.8,40.3,7.3,16253655.0
8173,Bogotá,Comercio,23.7,35.88,58.3,72,3.56,15.2,8.9,1,70.6,69.5,86.0,6.3,17126375.0
8174,Bucaramanga,Minas,10.8,41.17,77.3,5,5.3,13.1,7.1,1,68.1,81.0,48.3,6.9,9278489.0
8175,Bogotá,Manufactura,11.5,77.58,68.8,10,4.61,21.5,-0.3,2,72.6,78.9,51.4,6.2,9739219.0
8176,Bogotá,Transporte,7.9,58.51,62.1,13,3.46,15.5,9.1,2,59.6,66.8,61.2,7.5,8552017.0
8177,Medellín,Información,25.0,53.27,63.7,9,5.21,9.2,12.6,2,66.7,64.8,83.8,6.9,10499643.0
8178,Medellín,Comercio,7.0,1.43,60.7,1,3.8,23.1,10.3,1,65.8,58.9,38.0,7.4,6928371.0
8179,Bogotá,Comercio,39.7,51.57,51.1,3,3.55,21.1,15.3,3,69.0,65.0,96.6,8.2,9221106.0
8180,Bogotá,Salud,17.3,25.65,78.8,52,4.54,15.6,10.8,3,81.8,69.1,33.8,7.4,19880067.0
8181,Bucaramanga,Manufactura,3.9,39.51,73.0,34,3.86,13.1,1.2,2,66.1,67.8,96.9,6.4,13325373.0
8182,Medellín,Agricultura,11.2,14.68,57.5,13,3.52,30.3,7.3,1,65.9,73.8,98.2,7.0,7851196.0
8183,Bogotá,Comercio,5.9,51.99,70.0,10,4.0,30.7,1.9,5,66.4,77.5,30.1,7.8,10235609.0
8184,Bucaramanga,Comercio,19.1,7.6,58.2,9,3.2,34.4,7.1,0,68.7,63.0,96.9,5.9,7435112.0
8185,Otras,Comercio,8.9,43.24,69.1,54,3.55,20.5,1.5,4,56.7,69.1,30.9,7.0,15223224.0
8186,Bogotá,Comercio,3.1,50.03,67.2,4,3.84,15.5,11.9,1,55.7,65.6,76.0,6.4,7196325.0
8187,Bogotá,Manufactura,1.6,47.27,73.2,16,4.13,22.7,10.9,2,65.1,72.4,15.5,7.8,10425272.0
8188,Medellín,Hoteles,6.5,75.65,49.9,5,3.26,24.8,12.1,0,57.0,72.2,83.7,6.1,6448755.0
8189,Cali,Energía,4.7,71.68,81.1,15,5.57,4.8,2.0,4,85.1,73.7,5.1,7.2,14868713.0
8190,Cali,Profesionales,19.5,19.39,67.8,4,5.31,7.6,7.1,1,58.2,71.4,24.6,6.0,8217033.0
8191,Bogotá,Manufactura,11.6,46.78,59.4,19,4.18,25.4,18.3,0,66.6,71.9,39.9,5.9,10302440.0
8192,Medellín,Salud,31.5,1.13,69.3,35,3.22,12.3,19.6,1,74.7,70.7,9.9,6.2,14347055.0
8193,Bogotá,Profesionales,8.1,2.05,79.4,4,5.01,7.7,1.3,0,86.0,82.8,36.0,6.7,10290610.0
8194,Pereira,Hoteles,42.8,23.5,63.1,3,3.12,28.3,2.3,1,80.7,57.0,80.5,6.0,8080994.0
8195,Medellín,Comercio,40.7,26.12,59.3,4,4.5,24.7,9.3,1,77.3,62.5,13.0,6.1,8856118.0
8196,Medellín,Construcción,8.5,53.9,64.4,29,4.97,18.2,7.2,0,64.9,68.1,51.3,7.1,12145434.0
8197,Bogotá,Salud,4.1,28.91,56.7,14,4.36,20.1,-2.1,1,68.5,63.9,58.2,6.7,8615850.0
8198,Bogotá,Manufactura,10.0,18.47,66.8,42,4.31,16.2,7.2,3,70.2,74.6,63.8,6.2,15720114.0
8199,Otras,Comercio,7.5,50.67,47.1,5,2.54,19.8,4.4,0,58.7,50.5,6.3,5.4,5487857.0
8200,Barranquilla,Agricultura,13.1,6.51,49.0,36,2.3,26.6,6.6,0,55.5,57.6,21.2,5.8,8347421.0
8201,Bucaramanga,Hoteles,14.7,73.66,71.0,8,3.52,28.1,4.7,1,74.5,67.4,41.6,6.9,9205849.0
8202,Cali,Transporte,24.8,73.96,50.9,4,4.02,19.1,12.4,2,77.9,63.2,8.1,5.5,8322361.0
8203,Bogotá,Información,8.0,61.53,72.2,4,5.02,18.5,9.2,1,62.2,76.3,37.6,5.9,8428458.0
8204,Bogotá,Manufactura,2.9,0.52,71.5,113,4.53,12.7,-6.0,2,80.4,69.4,24.8,6.1,28814856.0
8205,Cali,Manufactura,17.7,49.21,60.4,37,4.18,24.4,3.1,2,69.5,65.8,46.9,6.3,19226724.0
8206,Bogotá,Comercio,11.5,49.53,55.9,7,3.39,26.6,9.8,1,63.7,63.4,2.1,5.9,7263781.0
8207,Bogotá,Información,4.8,75.36,60.1,53,5.61,16.2,-0.6,1,65.9,60.9,78.6,6.4,18297185.0
8208,Bogotá,Comercio,6.0,35.82,60.3,6,3.48,32.4,-4.2,1,71.6,67.7,58.2,6.8,7304141.0
8209,Pereira,Salud,14.3,29.81,50.1,5,3.99,8.1,0.1,2,64.2,56.4,14.9,6.4,6469656.0
8210,Barranquilla,Comercio,26.0,31.01,33.0,16,3.41,24.4,0.7,3,52.9,41.0,71.4,6.6,6323399.0
8211,Bogotá,Comercio,6.6,13.23,69.3,12,3.87,27.9,1.3,2,70.8,79.5,56.6,5.7,9986055.0
8212,Barranquilla,Comercio,24.7,36.72,57.9,4,3.39,27.0,14.8,2,63.7,55.0,5.7,7.6,7950079.0
8213,Bucaramanga,Comercio,38.3,9.98,46.4,11,3.76,28.3,-11.0,2,60.1,44.1,73.0,6.1,4785776.0
8214,Medellín,Manufactura,13.0,1.25,67.9,33,3.6,19.0,4.1,4,60.9,68.6,88.3,7.5,12602665.0
8215,Medellín,Salud,3.4,71.37,63.2,54,4.6,6.2,3.8,3,56.7,61.3,11.7,7.5,16870196.0
8216,Cali,Comercio,15.7,40.01,58.8,8,3.37,30.4,14.0,0,67.4,72.3,40.7,6.1,8136732.0
8217,Cali,Comercio,30.0,68.37,54.1,13,3.21,21.5,14.1,2,67.8,63.1,84.9,7.0,15074401.0
8218,Bogotá,Profesionales,12.0,61.59,69.0,21,5.6,21.0,12.5,1,66.1,70.8,79.2,5.0,12776240.0
8219,Medellín,Transporte,10.0,62.15,54.5,35,4.22,6.7,2.3,1,66.4,65.6,18.5,6.0,12508919.0
8220,Otras,Comercio,34.5,78.85,56.5,3,3.62,23.5,13.0,1,67.4,57.3,67.0,5.8,7485587.0
8221,Bogotá,Profesionales,22.2,72.5,76.6,10,4.78,11.3,8.1,1,76.5,76.3,61.9,7.5,11029016.0
8222,Bogotá,Información,38.1,68.93,74.4,16,5.6,3.4,4.2,3,83.3,80.1,91.2,5.8,14033928.0
8223,Bogotá,Información,12.4,26.13,72.5,4,5.0,7.6,11.6,1,72.4,81.5,59.6,6.4,9755607.0
8224,Bogotá,Manufactura,4.0,25.11,61.6,54,4.29,26.0,1.1,1,68.8,71.2,47.3,7.0,15633921.0
8225,Bogotá,Profesionales,29.7,11.85,67.5,15,5.61,1.3,11.5,0,75.6,59.5,15.4,4.7,12189828.0
8226,Bogotá,Agricultura,20.5,49.6,64.7,32,2.78,24.0,17.0,0,66.4,71.3,64.4,5.0,11299402.0
8227,Otras,Información,10.6,67.34,65.5,4,3.79,13.4,23.3,0,69.4,57.9,89.7,5.4,8508960.0
8228,Bogotá,Transporte,9.5,46.59,60.1,6,4.08,20.0,-4.9,0,68.6,70.8,93.1,5.6,6717139.0
8229,Bogotá,Manufactura,17.0,60.58,52.7,16,3.79,14.8,19.9,1,65.0,64.9,49.2,6.8,9734696.0
8230,Cali,Construcción,3.8,17.7,58.3,4,4.36,35.5,7.6,3,55.1,67.1,49.9,7.4,7186398.0
8231,Cartagena,Construcción,11.0,63.55,54.4,4,3.97,28.3,11.9,1,63.6,61.4,54.9,7.3,7020290.0
8232,Medellín,Construcción,7.4,61.13,77.0,75,3.16,26.2,0.4,1,71.1,70.0,26.0,7.7,17649023.0
8233,Barranquilla,Información,53.2,19.74,66.5,12,4.2,5.7,11.5,2,75.8,60.8,18.3,7.4,11873594.0
8234,Bogotá,Manufactura,4.3,65.44,72.6,29,4.54,17.6,10.0,2,64.0,84.4,4.5,7.1,13356442.0
8235,Barranquilla,Comercio,10.6,9.79,44.7,7,1.58,25.3,6.1,1,53.3,52.2,42.4,8.4,5716863.0
8236,Barranquilla,Información,27.0,7.15,77.7,14,4.79,13.1,10.4,4,75.4,68.9,36.2,8.1,13120843.0
8237,Cali,Información,60.0,15.12,47.4,11,4.7,6.4,12.4,1,74.0,52.0,87.7,6.4,10163894.0
8238,Bogotá,Construcción,38.0,0.31,47.4,3,4.05,21.8,-0.6,2,72.5,64.3,73.7,6.4,6713972.0
8239,Medellín,Salud,9.3,55.92,62.4,4,3.64,21.6,20.1,1,72.6,70.0,87.2,6.3,8582663.0
8240,Pereira,Construcción,20.9,55.1,54.8,12,3.27,37.7,3.5,1,66.9,62.6,46.3,6.6,7444552.0
8241,Otras,Comercio,47.8,20.05,35.9,11,3.07,26.0,5.1,1,56.5,42.0,50.9,5.8,6238263.0
8242,Cali,Transporte,12.3,0.87,55.8,28,3.54,16.0,0.9,2,54.1,65.6,6.4,7.0,10201545.0
8243,Bogotá,Transporte,7.1,64.15,63.7,30,4.03,22.5,8.3,2,67.7,70.0,24.6,7.1,12275090.0
8244,Medellín,Información,9.2,79.08,66.3,14,3.52,19.8,12.3,1,70.3,70.6,81.5,7.3,9462515.0
8245,Barranquilla,Agricultura,6.1,68.39,30.5,13,2.91,16.9,2.5,4,51.8,62.3,97.8,7.2,6601158.0
8246,Bucaramanga,Construcción,4.5,54.29,60.4,26,4.27,15.5,11.1,2,57.0,64.6,70.2,7.2,11074216.0
8247,Bogotá,Manufactura,11.1,67.82,72.7,31,4.66,19.0,2.6,2,70.5,75.4,75.2,7.8,13961106.0
8248,Bogotá,Comercio,11.2,20.0,66.3,4,3.5,30.7,-7.5,3,68.1,78.7,32.5,6.6,11463749.0
8249,Bogotá,Energía,7.0,38.89,71.9,13,6.76,13.3,3.2,0,63.6,69.5,73.2,7.0,10670709.0
8250,Bogotá,Manufactura,23.3,12.27,66.9,23,3.91,10.1,9.8,1,70.0,66.7,5.0,6.1,12107698.0
8251,Cali,Manufactura,20.4,19.67,75.4,12,4.37,18.0,4.7,0,71.7,78.6,85.0,7.0,10201581.0
8252,Barranquilla,Agricultura,39.9,36.73,43.0,32,2.4,27.4,11.8,1,77.0,49.3,83.3,5.7,10452378.0
8253,Pereira,Minas,11.2,0.3,81.1,1,4.79,14.7,6.0,0,78.1,69.6,18.3,5.0,9144512.0
8254,Otras,Salud,18.3,18.9,79.2,11,4.0,12.2,14.0,1,75.7,65.6,12.3,5.5,11794239.0
8255,Bogotá,Salud,7.0,31.06,66.8,1,4.46,15.5,6.3,0,73.9,56.4,94.5,5.1,6949717.0
8256,Medellín,Agricultura,18.5,66.02,45.6,41,2.8,25.8,9.0,0,59.6,60.8,42.2,5.7,9970955.0
8257,Cali,Información,6.3,28.65,74.7,5,5.84,10.3,2.7,1,76.3,74.4,53.4,6.1,9331481.0
8258,Barranquilla,Financiero,19.5,74.88,74.4,9,5.34,2.2,9.4,1,67.1,71.0,27.9,5.8,10642331.0
8259,Cali,Manufactura,9.9,60.05,64.0,17,3.84,8.0,13.3,1,61.2,59.3,78.5,6.6,12568209.0
8260,Bogotá,Profesionales,4.2,30.11,67.8,1,4.73,12.7,-1.2,0,73.0,67.0,49.9,6.5,7464959.0
8261,Bogotá,Hoteles,5.1,74.14,54.4,4,3.03,20.9,9.1,1,62.3,56.9,24.6,5.9,6365776.0
8262,Otras,Comercio,10.5,1.1,49.4,8,2.1,21.4,5.9,0,63.2,46.6,11.7,7.1,6178160.0
8263,Bogotá,Agricultura,4.8,77.55,53.7,1,2.88,18.9,4.7,0,60.2,61.1,2.3,5.6,5977816.0
8264,Medellín,Manufactura,14.4,29.05,58.3,46,3.46,20.4,18.8,2,69.7,67.9,99.2,7.9,14522817.0
8265,Otras,Construcción,33.0,79.68,50.6,72,4.42,27.8,12.8,2,60.7,46.2,48.3,7.4,19121497.0
8266,Medellín,Manufactura,8.5,64.79,69.1,40,3.62,20.2,4.1,1,70.4,73.3,88.8,6.4,13693001.0
8267,Bogotá,Agricultura,30.1,28.92,53.6,35,2.33,32.4,7.1,1,66.4,64.5,4.9,5.2,10170669.0
8268,Manizales,Agricultura,16.9,18.38,59.7,13,2.62,14.9,4.6,0,63.8,67.4,60.8,6.6,7362180.0
8269,Medellín,Construcción,5.4,35.65,68.4,19,4.54,23.5,16.2,0,63.3,70.0,27.7,5.8,10208604.0
8270,Medellín,Comercio,15.7,18.96,51.8,9,3.86,26.4,-6.9,1,63.8,62.2,91.0,6.3,6767404.0
8271,Barranquilla,Comercio,4.7,32.71,43.7,24,2.97,20.5,3.1,0,53.9,53.0,72.3,6.6,6995110.0
8272,Bogotá,Hoteles,4.5,29.05,46.7,7,3.65,29.2,7.4,2,51.4,65.6,0.6,7.1,6426770.0
8273,Bogotá,Profesionales,5.8,28.92,55.4,15,4.15,15.7,7.6,2,66.7,76.0,39.1,7.0,9510871.0
8274,Medellín,Construcción,3.9,22.47,55.6,8,4.6,18.9,-1.1,0,57.8,69.0,85.4,5.6,7056660.0
8275,Otras,Transporte,1.0,7.47,49.4,4,3.75,26.7,6.5,1,60.7,47.5,90.6,5.9,6086502.0
8276,Cali,Manufactura,11.7,75.73,51.7,32,4.38,18.6,3.4,0,67.8,55.2,43.9,5.2,11417842.0
8277,Bogotá,Construcción,1.6,24.21,58.6,3,3.28,28.3,10.6,0,58.7,74.6,90.1,6.4,6334426.0
8278,Cali,Financiero,12.3,37.06,66.4,13,5.42,2.8,-2.3,1,65.4,69.0,76.0,6.3,9814857.0
8279,Medellín,Manufactura,5.2,52.78,62.4,18,3.61,18.6,7.7,0,60.1,69.2,54.5,6.7,8948743.0
8280,Bogotá,Salud,16.7,63.86,68.0,27,4.58,13.3,-8.7,1,80.1,75.2,81.0,4.5,12553480.0
8281,Bogotá,Información,4.6,62.08,65.9,7,5.15,16.9,-2.9,0,77.9,70.6,54.2,6.4,8396878.0
8282,Bogotá,Comercio,19.3,11.19,59.8,3,3.82,27.5,14.8,2,57.6,58.1,58.8,6.3,7478217.0
8283,Bogotá,Profesionales,8.2,10.39,69.7,41,5.24,19.6,4.5,0,70.4,75.7,65.1,7.5,15949135.0
8284,Bucaramanga,Información,8.7,27.65,61.5,8,4.58,19.8,4.9,0,61.6,61.4,51.9,4.8,7762752.0
8285,Manizales,Información,28.9,69.24,57.8,8,4.65,9.1,18.5,2,68.9,64.0,15.6,5.5,10692601.0
8286,Barranquilla,Manufactura,23.7,74.26,59.2,7,3.61,14.0,0.1,0,71.0,65.5,28.1,6.8,7466205.0
8287,Medellín,Manufactura,14.1,7.04,57.3,5,3.83,22.3,12.9,2,70.6,56.1,53.6,7.1,7290083.0
8288,Cali,Agricultura,11.8,70.12,42.9,8,2.61,30.7,8.4,1,51.8,49.5,6.4,5.8,5044800.0
8289,Bogotá,Profesionales,16.8,73.66,59.8,14,4.55,17.1,0.2,3,63.7,70.0,87.8,6.6,9316287.0
8290,Pereira,Comercio,8.4,24.27,44.1,9,4.45,30.2,7.7,2,56.1,59.1,77.0,5.7,6968331.0
8291,Bogotá,Financiero,35.3,38.33,79.7,30,5.46,6.4,-8.0,3,83.9,85.1,30.7,7.1,16682981.0
8292,Barranquilla,Manufactura,6.2,30.8,66.1,12,3.56,27.2,-2.5,2,74.3,66.4,79.0,6.3,9006982.0
8293,Manizales,Comercio,7.6,23.63,63.3,7,3.5,19.6,12.2,1,63.1,61.5,3.1,7.7,8142899.0
8294,Medellín,Transporte,4.5,11.54,59.5,6,3.36,19.6,-2.1,0,76.0,74.4,19.8,6.2,7656616.0
8295,Pereira,Comercio,12.4,22.57,53.9,10,2.99,17.7,-0.0,1,62.8,58.0,49.5,5.5,7358137.0
8296,Bogotá,Comercio,6.3,45.56,67.3,22,4.57,27.5,10.7,0,66.6,72.0,68.1,6.2,11052218.0
8297,Medellín,Manufactura,12.4,31.63,55.8,15,4.75,26.8,5.5,3,60.6,79.0,73.3,7.8,10249046.0
8298,Cali,Transporte,12.5,17.15,58.7,56,4.14,12.8,15.9,2,66.5,73.5,58.5,6.7,16830220.0
8299,Bucaramanga,Financiero,27.5,19.48,61.4,11,4.07,0.0,8.1,0,72.2,75.2,41.6,6.5,9333995.0
8300,Bogotá,Información,10.7,60.98,75.5,5,5.04,12.9,4.4,1,80.4,71.1,80.8,6.5,10320935.0
8301,Medellín,Construcción,17.0,3.17,63.2,11,4.96,21.0,17.1,3,66.6,81.2,13.3,7.6,11194853.0
8302,Medellín,Salud,8.5,44.15,65.9,10,5.0,13.7,3.6,2,80.6,66.8,38.0,6.9,10707759.0
8303,Bogotá,Comercio,6.9,50.36,60.6,2,3.66,28.5,7.2,0,63.4,80.7,64.6,6.3,6721746.0
8304,Bogotá,Manufactura,5.6,18.56,64.4,100,4.55,21.1,11.4,0,62.3,61.1,99.2,6.1,24812328.0
8305,Bogotá,Comercio,8.0,78.45,64.3,23,3.98,36.6,4.2,1,71.6,77.6,3.3,5.6,11163202.0
8306,Cali,Comercio,13.1,12.21,63.4,14,3.49,24.2,15.0,0,52.7,62.4,18.6,5.7,7929259.0
8307,Barranquilla,Información,2.7,15.2,73.9,21,4.49,18.3,9.8,3,55.7,61.0,88.5,7.5,11501348.0
8308,Pereira,Agricultura,5.2,71.25,53.6,5,2.19,19.7,11.9,1,53.5,52.4,29.4,6.2,6308187.0
8309,Bucaramanga,Comercio,27.0,54.44,46.6,13,3.5,25.2,-7.0,0,57.6,56.6,0.7,5.9,5475802.0
8310,Bucaramanga,Transporte,8.4,46.83,58.8,2,2.69,14.1,-2.5,3,67.4,67.0,67.7,7.7,7458563.0
8311,Bogotá,Minas,58.5,1.19,60.9,157,6.28,1.4,-5.1,0,73.9,75.7,43.8,6.2,45944649.0
8312,Barranquilla,Transporte,2.6,49.86,65.4,5,3.56,22.3,-3.1,1,62.5,74.3,86.2,5.8,7539276.0
8313,Medellín,Comercio,15.0,34.3,59.0,34,3.74,20.1,5.6,1,66.2,72.8,24.0,7.6,12102593.0
8314,Cali,Financiero,26.5,79.92,73.6,24,5.31,3.8,1.3,4,67.9,68.5,71.9,5.7,14371188.0
8315,Bogotá,Manufactura,8.4,59.26,61.5,4,3.78,12.2,0.9,2,64.7,65.7,10.7,6.9,7501301.0
8316,Pereira,Manufactura,25.6,50.25,43.0,30,3.39,17.3,-0.3,2,55.9,62.5,37.9,7.4,9154955.0
8317,Barranquilla,Comercio,3.0,16.02,52.6,10,2.79,30.9,3.3,0,57.2,50.5,26.4,5.9,5753281.0
8318,Medellín,Manufactura,9.3,71.61,77.5,15,4.96,18.0,7.9,2,81.7,82.8,6.2,7.0,12771329.0
8319,Medellín,Manufactura,8.2,37.51,60.7,12,4.14,24.1,1.5,1,68.3,69.7,48.4,7.3,9131994.0
8320,Bogotá,Agricultura,2.5,48.82,43.2,5,2.27,23.4,-5.7,1,57.9,79.7,53.7,6.9,5398387.0
8321,Bogotá,Comercio,7.2,78.25,64.8,6,2.58,34.2,2.7,2,64.6,67.1,32.7,6.1,7588958.0
8322,Cali,Manufactura,7.7,74.74,64.0,7,4.61,15.1,13.3,2,66.9,68.5,47.0,5.0,8922846.0
8323,Cali,Agricultura,7.6,26.71,56.8,32,3.02,27.7,-0.9,1,69.2,55.9,49.3,6.7,9822440.0
8324,Bogotá,Minas,27.6,20.16,76.3,12,4.81,2.6,7.6,1,74.8,69.9,58.9,5.2,11552723.0
8325,Cali,Comercio,4.5,49.28,51.9,1,3.01,23.4,-8.4,0,43.5,61.3,12.2,6.3,4051369.0
8326,Medellín,Salud,22.5,28.13,65.7,14,3.01,20.4,15.0,1,73.4,61.0,53.2,5.8,9815288.0
8327,Bogotá,Información,22.7,26.96,73.1,11,4.61,11.8,-2.6,0,82.3,68.7,55.9,5.3,9800390.0
8328,Bogotá,Construcción,19.5,45.5,53.8,77,3.34,23.5,8.8,3,63.4,56.7,76.1,7.4,17095451.0
8329,Medellín,Comercio,15.6,28.88,56.4,2,3.59,24.2,5.0,1,47.6,60.7,62.6,6.8,5622580.0
8330,Bogotá,Construcción,7.8,48.91,61.3,29,4.33,26.6,2.7,2,67.3,81.6,4.0,7.2,12171423.0
8331,Bogotá,Manufactura,15.3,47.19,69.3,26,3.89,11.3,5.2,2,72.8,74.6,16.9,7.8,12666729.0
8332,Bucaramanga,Construcción,7.6,70.5,69.7,17,2.82,29.8,7.4,0,77.4,63.0,12.9,7.5,9758001.0
8333,Cali,Agricultura,5.0,64.79,49.4,25,3.6,21.9,-3.3,1,62.8,59.6,61.3,6.6,8779013.0
8334,Cali,Transporte,4.7,49.8,65.8,10,3.93,26.5,-4.1,1,64.1,62.4,29.7,6.3,7957256.0
8335,Bogotá,Comercio,4.8,56.93,60.5,9,3.58,17.8,3.0,1,67.3,73.1,24.7,5.7,8034322.0
8336,Bogotá,Profesionales,12.8,29.87,76.2,4,5.8,10.8,-7.4,2,68.8,90.7,58.4,7.3,9380783.0
8337,Otras,Comercio,39.8,18.13,42.8,7,3.85,32.9,11.6,0,75.7,44.1,22.0,5.9,7005036.0
8338,Pereira,Construcción,3.6,39.49,38.7,69,3.79,24.9,7.2,1,54.2,49.7,44.2,6.9,14223443.0
8339,Manizales,Salud,3.5,61.59,59.5,16,4.03,19.9,-0.0,4,53.3,67.0,78.5,6.8,9636523.0
8340,Cali,Comercio,2.0,43.71,54.6,6,4.31,34.2,12.5,0,59.9,64.4,19.4,5.8,6395661.0
8341,Bogotá,Manufactura,6.5,35.66,73.4,5,4.59,19.9,3.9,1,59.1,78.6,38.4,6.8,8051476.0
8342,Medellín,Transporte,22.0,43.53,52.1,4,4.69,27.3,3.7,0,64.9,64.5,56.9,5.8,6230991.0
8343,Medellín,Comercio,5.8,20.02,61.4,8,3.66,30.1,-4.9,2,63.9,64.6,50.9,7.5,7660027.0
8344,Otras,Manufactura,21.0,9.61,56.3,34,4.31,16.2,2.7,1,72.9,51.5,8.2,6.7,12279664.0
8345,Bogotá,Comercio,20.7,73.53,59.4,12,3.33,23.3,11.4,0,59.0,73.3,25.5,7.4,7790061.0
8346,Bucaramanga,Salud,16.9,43.03,66.9,7,3.79,18.1,1.2,1,67.9,60.9,30.2,6.4,8318701.0
8347,Bogotá,Comercio,5.2,18.47,60.0,3,3.72,25.1,4.5,0,65.8,70.2,51.4,5.8,6410592.0
8348,Otras,Información,30.8,21.74,58.4,17,4.12,16.0,18.0,1,69.7,51.6,22.9,4.3,10671217.0
8349,Bogotá,Comercio,11.1,15.64,58.3,9,3.36,24.3,5.7,1,63.1,70.2,74.9,6.0,7588176.0
8350,Cali,Profesionales,8.5,26.06,69.8,3,3.55,17.4,9.4,1,80.4,66.3,82.7,6.2,9056058.0
8351,Bogotá,Comercio,20.5,55.12,61.6,24,4.4,23.8,6.6,0,78.5,64.7,7.0,5.3,11489844.0
8352,Bogotá,Manufactura,10.0,24.64,72.3,5,4.62,20.0,12.4,2,70.0,60.4,6.6,6.3,9161960.0
8353,Bogotá,Comercio,23.2,28.46,64.0,8,3.72,23.9,9.9,1,80.3,76.8,75.9,6.7,11918251.0
8354,Bogotá,Comercio,21.6,59.25,45.3,18,4.17,20.0,11.6,2,58.8,62.6,49.3,7.2,9319217.0
8355,Bucaramanga,Manufactura,28.8,8.73,46.3,134,4.28,4.8,3.8,4,65.3,55.5,46.6,6.5,29632407.0
8356,Otras,Manufactura,4.4,10.04,55.9,29,3.96,15.2,-2.2,2,69.2,50.9,77.2,6.3,10641741.0
8357,Bogotá,Financiero,7.5,77.7,90.2,2,5.59,7.1,-5.9,2,87.2,83.9,24.8,6.6,11481733.0
8358,Medellín,Comercio,16.0,77.52,58.6,15,3.49,22.7,9.8,0,65.8,70.7,30.6,5.9,8000827.0
8359,Barranquilla,Financiero,12.0,26.96,55.5,7,3.89,3.8,2.0,1,68.1,60.5,44.1,6.8,9206657.0
8360,Cali,Comercio,46.6,37.52,45.3,16,2.96,19.3,13.0,4,75.4,61.7,20.6,7.5,10371704.0
8361,Medellín,Construcción,32.3,64.23,69.0,63,3.62,24.1,-7.1,1,72.6,73.8,95.6,6.5,15652628.0
8362,Cali,Transporte,19.1,79.98,63.2,23,4.2,22.8,5.1,1,66.6,67.3,90.8,6.5,11036760.0
8363,Bogotá,Manufactura,8.0,78.72,57.0,84,3.96,14.0,2.8,6,62.1,69.3,72.5,7.5,21788684.0
8364,Barranquilla,Manufactura,35.2,52.2,49.4,36,3.64,18.2,2.8,2,72.6,45.4,32.7,6.2,11281980.0
8365,Otras,Información,19.4,54.75,72.7,39,4.26,3.4,9.2,1,75.8,67.5,21.7,7.8,15941456.0
8366,Cali,Transporte,22.5,43.49,64.6,2,3.93,10.4,6.9,2,75.7,58.6,79.1,6.1,8602580.0
8367,Bogotá,Comercio,3.4,46.01,63.1,67,4.36,27.8,4.5,2,62.4,85.7,95.7,6.9,18756991.0
8368,Bogotá,Salud,27.2,51.86,55.1,4,4.5,9.2,13.3,1,67.8,71.6,91.0,7.1,8486886.0
8369,Medellín,Transporte,8.5,40.94,56.9,32,3.66,25.9,6.3,1,65.7,56.5,86.0,5.1,11109167.0
8370,Bogotá,Energía,11.5,73.68,68.9,65,5.76,21.7,4.8,1,77.4,74.3,5.8,6.6,22706028.0
8371,Bogotá,Comercio,5.5,28.74,58.6,4,3.13,24.5,-0.1,0,67.3,66.1,66.7,6.1,6712534.0
8372,Medellín,Comercio,24.6,63.37,54.9,59,3.2,26.3,8.1,1,56.3,60.3,93.6,6.2,13270973.0
8373,Bogotá,Información,8.3,77.87,77.3,35,4.61,15.1,2.6,4,71.0,78.4,70.7,6.9,16067240.0
8374,Cali,Profesionales,11.0,73.15,60.2,26,3.59,14.8,-2.6,1,72.8,62.9,48.1,5.2,10094053.0
8375,Pereira,Manufactura,6.1,27.81,51.9,94,3.71,14.2,12.8,2,60.4,61.3,82.2,7.8,20593779.0
8376,Pereira,Transporte,9.9,51.95,38.8,10,3.34,19.4,8.0,1,51.1,45.1,66.7,7.5,5809579.0
8377,Bucaramanga,Comercio,14.1,16.56,52.1,90,3.02,23.7,6.4,2,59.9,57.0,46.8,6.4,17186273.0
8378,Cali,Comercio,8.7,61.93,69.3,20,4.34,27.0,10.5,1,67.4,76.3,42.1,5.5,11411525.0
8379,Otras,Información,6.8,20.89,54.5,12,3.64,22.0,3.0,0,70.1,52.2,69.2,5.9,7432939.0
8380,Bogotá,Transporte,15.0,53.84,64.0,16,3.7,22.6,7.5,2,74.9,61.9,75.5,6.5,10206119.0
8381,Barranquilla,Profesionales,12.2,1.75,70.6,11,4.97,20.7,8.5,1,69.1,74.8,11.8,8.2,10377536.0
8382,Cali,Comercio,6.1,8.35,58.5,31,3.36,17.8,2.5,2,63.4,74.5,90.9,5.9,11280281.0
8383,Bogotá,Hoteles,3.1,20.2,54.5,18,3.79,34.4,7.2,1,60.0,75.2,53.5,7.8,11713197.0
8384,Barranquilla,Financiero,6.5,57.65,60.5,61,4.76,12.9,-6.5,0,60.7,58.0,94.6,6.5,16625650.0
8385,Medellín,Hoteles,14.8,32.36,51.2,46,3.39,21.6,-0.4,0,61.0,74.4,60.2,5.0,11275046.0
8386,Bogotá,Hoteles,7.3,26.8,48.5,20,2.91,23.9,17.1,2,53.9,74.8,52.8,7.4,8389116.0
8387,Bogotá,Salud,2.5,63.55,79.2,67,4.83,19.4,5.5,2,73.3,68.6,53.3,6.6,22079451.0
8388,Bogotá,Construcción,4.1,67.09,55.7,9,4.37,21.6,0.2,5,62.8,66.1,46.4,7.9,8963786.0
8389,Bogotá,Profesionales,10.8,25.78,58.2,1,5.89,14.8,-8.9,4,66.9,66.2,41.9,7.5,7392537.0
8390,Medellín,Comercio,22.0,43.95,55.1,36,4.32,24.0,8.2,0,69.5,71.6,1.2,5.9,12670309.0
8391,Bucaramanga,Salud,5.9,58.19,69.2,8,3.87,16.3,5.7,1,70.5,67.1,22.7,6.7,14723840.0
8392,Medellín,Comercio,4.2,79.66,53.7,95,3.3,31.4,3.9,2,62.3,65.4,31.2,6.8,18384527.0
8393,Bogotá,Comercio,4.8,54.97,57.2,92,4.19,28.2,-3.2,3,71.5,70.3,58.8,8.1,22570255.0
8394,Bogotá,Construcción,3.8,36.19,61.0,7,4.52,17.4,2.7,1,60.9,62.7,70.8,6.3,7061863.0
8395,Cali,Transporte,10.0,14.82,52.4,20,3.91,29.5,7.9,2,61.3,56.3,95.8,6.7,9278001.0
8396,Bogotá,Manufactura,10.0,1.61,76.9,68,4.49,18.4,-1.6,3,73.0,70.6,6.5,6.8,21524572.0
8397,Manizales,Transporte,9.2,37.64,64.9,3,4.46,22.6,19.7,1,68.2,55.5,91.3,5.4,8428014.0
8398,Bogotá,Manufactura,9.4,69.75,65.4,29,3.92,23.6,3.2,3,72.0,74.4,73.0,7.1,15734163.0
8399,Cali,Agricultura,8.2,41.93,49.7,61,3.27,18.0,3.9,4,52.0,58.5,98.9,7.5,13894116.0
8400,Bogotá,Financiero,13.2,67.72,77.7,22,5.56,13.1,10.7,2,83.3,74.8,49.2,6.3,15187807.0
8401,Bogotá,Información,31.1,69.24,80.8,6,6.63,10.2,5.1,1,91.3,84.9,25.5,7.0,12135451.0
8402,Otras,Construcción,45.1,64.47,50.5,43,4.07,15.4,-1.0,3,75.3,55.1,81.0,7.5,13816807.0
8403,Barranquilla,Profesionales,16.2,13.54,67.7,21,4.97,17.1,0.1,2,78.6,65.4,50.8,7.0,12538358.0
8404,Bogotá,Agricultura,6.0,1.16,39.4,60,3.47,28.3,8.2,1,42.5,59.8,98.2,6.5,15518873.0
8405,Bogotá,Comercio,16.3,29.36,61.3,34,4.15,22.6,-0.0,0,74.8,68.4,36.4,6.0,12250357.0
8406,Pereira,Comercio,10.0,66.66,56.9,11,3.21,24.4,15.4,0,60.8,71.1,4.0,4.9,10766579.0
8407,Medellín,Profesionales,12.2,58.86,80.8,26,4.79,12.3,13.0,0,85.4,76.6,39.9,5.7,15226201.0
8408,Barranquilla,Manufactura,9.4,29.89,71.2,13,4.34,18.5,2.1,1,74.8,58.3,6.9,6.8,10025045.0
8409,Bucaramanga,Hoteles,13.8,35.49,41.3,2,3.07,32.3,6.0,1,58.5,57.8,9.0,7.0,4652601.0
8410,Otras,Información,60.0,76.04,63.5,9,3.72,13.5,2.9,1,77.7,63.2,54.5,7.0,9209931.0
8411,Barranquilla,Manufactura,25.4,63.0,52.5,23,3.95,7.1,1.3,0,63.6,64.4,5.1,5.3,9473108.0
8412,Bogotá,Hoteles,2.7,50.47,58.5,47,3.17,20.0,13.7,4,63.8,70.4,44.1,7.1,13691116.0
8413,Bucaramanga,Financiero,7.6,75.93,70.1,28,4.45,17.8,6.5,0,82.3,62.6,12.0,5.9,13024308.0
8414,Bogotá,Construcción,28.7,14.06,77.2,80,4.73,17.6,11.6,2,83.1,81.5,91.7,6.5,25552084.0
8415,Bogotá,Construcción,14.7,6.31,54.0,8,4.54,21.8,2.4,2,73.1,74.3,68.4,6.8,8217323.0
8416,Medellín,Manufactura,5.8,69.37,74.7,23,4.35,26.7,14.9,1,65.6,67.5,58.6,6.9,11483167.0
8417,Cartagena,Minas,5.8,53.19,53.4,164,4.58,13.4,4.4,2,72.7,55.4,65.9,7.2,37444046.0
8418,Cali,Transporte,12.5,62.04,57.1,6,3.5,28.2,-3.3,0,74.8,74.1,80.3,6.4,7048991.0
8419,Barranquilla,Manufactura,10.8,12.09,54.4,10,3.77,16.4,9.1,2,66.4,56.2,11.7,6.5,8095382.0
8420,Manizales,Construcción,1.9,42.1,49.2,6,3.5,27.2,14.7,1,63.5,60.3,73.6,6.1,9625138.0
8421,Cartagena,Comercio,5.3,13.06,66.0,5,4.3,15.3,4.5,2,58.7,59.2,31.5,7.1,7865645.0
8422,Otras,Construcción,11.3,51.51,53.9,29,3.52,23.3,3.7,0,70.7,50.6,72.4,6.4,9866598.0
8423,Medellín,Financiero,14.4,26.52,77.7,6,4.14,0.0,3.1,0,78.1,72.0,44.6,6.2,10112914.0
8424,Barranquilla,Comercio,14.9,46.05,17.6,8,3.19,23.2,1.1,2,60.2,44.6,27.7,6.7,3953313.0
8425,Bucaramanga,Construcción,6.0,0.88,53.4,29,3.31,21.8,20.9,3,49.3,58.7,72.3,6.6,10084265.0
8426,Medellín,Salud,26.3,60.65,62.4,6,4.27,6.7,-7.4,0,76.5,64.4,66.0,4.9,7568562.0
8427,Bucaramanga,Construcción,9.7,43.07,47.4,19,3.06,24.2,19.8,0,53.3,55.9,54.2,7.1,6873365.0
8428,Bogotá,Construcción,30.2,73.46,58.7,35,4.64,22.4,2.7,1,72.7,74.0,23.3,7.3,13368649.0
8429,Bogotá,Hoteles,3.6,39.26,66.3,4,3.44,31.4,4.4,1,59.4,75.9,33.5,6.7,8920556.0
8430,Cali,Financiero,4.2,24.73,73.1,7,4.39,8.6,6.9,0,73.1,65.3,46.1,6.7,9322234.0
8431,Bogotá,Comercio,13.9,58.67,62.7,12,3.65,19.4,5.7,2,70.0,74.4,12.7,6.9,9402758.0
8432,Barranquilla,Manufactura,14.2,6.73,52.0,14,3.99,18.5,14.7,1,59.8,64.1,1.2,6.6,8914912.0
8433,Bucaramanga,Manufactura,6.4,11.82,67.9,58,4.83,18.6,-6.4,1,69.8,68.4,95.8,6.7,18387535.0
8434,Otras,Comercio,8.3,36.24,64.3,9,2.78,26.0,-2.0,1,58.4,57.6,11.3,6.8,7206524.0
8435,Bogotá,Manufactura,8.7,63.18,62.7,26,5.01,15.4,6.2,5,60.3,75.4,85.9,7.1,13656716.0
8436,Medellín,Manufactura,13.6,31.35,57.0,12,4.32,22.7,5.2,0,64.7,68.3,33.9,6.7,8034318.0
8437,Bogotá,Salud,12.4,7.24,57.0,15,3.91,14.0,-1.2,1,56.2,75.9,74.8,7.3,8094384.0
8438,Bogotá,Hoteles,7.9,9.86,59.6,20,3.09,26.7,2.3,1,57.0,67.9,74.6,6.8,8506723.0
8439,Otras,Comercio,12.1,61.3,52.1,11,3.36,34.4,1.6,0,70.3,58.7,25.8,6.6,6925115.0
8440,Cartagena,Transporte,19.0,9.78,56.6,34,3.98,23.9,16.4,3,67.5,57.8,88.3,8.2,19697088.0
8441,Barranquilla,Comercio,6.7,54.02,46.5,1,4.28,24.1,-2.5,0,57.5,60.5,98.5,6.3,4748420.0
8442,Bogotá,Financiero,12.4,60.84,75.2,43,5.27,4.8,6.3,2,78.8,75.1,73.0,5.9,17977687.0
8443,Bogotá,Comercio,1.1,57.09,68.9,6,3.28,26.1,12.2,2,74.7,83.1,64.0,7.3,9287360.0
8444,Bogotá,Financiero,25.7,37.03,73.5,238,5.8,6.0,5.3,1,62.4,68.6,45.9,6.9,63412303.0
8445,Medellín,Comercio,20.6,42.9,59.5,19,3.85,21.9,15.8,2,60.3,54.9,89.5,6.4,10092665.0
8446,Bucaramanga,Información,5.7,28.1,57.4,5,5.88,20.7,0.4,1,61.7,58.5,77.4,6.8,7002054.0
8447,Cali,Manufactura,16.4,21.76,46.5,10,3.53,11.3,14.0,2,59.7,55.7,48.4,6.0,7850863.0
8448,Medellín,Salud,19.0,1.87,55.8,17,4.23,13.6,6.4,1,61.3,63.9,73.9,5.8,8883530.0
8449,Bogotá,Minas,18.1,70.38,82.4,37,6.39,7.7,10.1,1,79.2,80.1,24.2,6.6,19486912.0
8450,Medellín,Comercio,12.0,75.38,67.0,8,4.89,23.1,11.6,0,68.3,74.9,56.0,6.1,8910875.0
8451,Bogotá,Comercio,35.2,23.36,47.0,33,3.99,22.7,10.3,0,57.5,54.9,78.7,6.0,11023179.0
8452,Bogotá,Manufactura,26.0,63.57,59.5,21,4.85,16.4,0.6,2,72.4,64.6,7.8,7.4,11123719.0
8453,Cali,Salud,12.1,7.38,60.1,20,4.3,10.7,12.2,2,62.8,53.6,4.8,5.8,10403213.0
8454,Bucaramanga,Comercio,4.6,58.25,54.7,13,3.33,33.9,7.1,1,66.2,62.4,91.9,6.2,7879351.0
8455,Pereira,Salud,33.2,40.22,75.4,13,3.16,13.1,3.5,2,74.7,71.7,65.1,6.4,10785374.0
8456,Barranquilla,Comercio,11.1,69.26,50.5,42,2.68,33.4,17.9,2,63.3,68.5,19.7,6.0,10568306.0
8457,Medellín,Transporte,3.7,54.06,49.9,7,3.28,27.1,2.0,1,57.4,56.1,18.3,6.0,6276263.0
8458,Bogotá,Salud,41.7,31.21,69.4,52,4.49,19.2,-6.8,0,81.7,70.2,64.6,6.4,16007651.0
8459,Medellín,Información,15.4,16.9,74.4,26,6.29,8.2,3.7,0,72.7,77.4,92.4,5.6,14319604.0
8460,Bogotá,Transporte,4.8,62.92,63.0,6,4.29,25.8,10.3,2,72.4,70.8,69.1,7.0,9219271.0
8461,Cali,Información,13.6,26.11,52.3,16,4.14,9.8,12.5,1,68.2,65.2,92.8,7.4,9647065.0
8462,Bogotá,Construcción,13.1,21.33,60.2,19,3.61,24.3,-7.0,1,63.5,55.0,8.7,5.1,8515103.0
8463,Bogotá,Manufactura,5.1,26.06,70.5,13,4.34,28.0,9.3,1,70.7,74.3,83.9,7.2,10025463.0
8464,Bogotá,Construcción,16.8,62.56,53.8,149,4.36,21.2,8.3,7,61.3,61.5,76.7,7.8,34409345.0
8465,Bogotá,Comercio,5.5,51.25,61.9,5,3.76,33.0,6.7,2,63.7,65.3,66.5,8.1,7634554.0
8466,Cali,Construcción,3.7,73.24,63.8,24,4.91,20.8,16.6,2,73.4,66.1,41.1,7.0,13420372.0
8467,Bogotá,Salud,4.8,4.44,79.3,13,4.27,17.0,11.5,2,81.7,73.9,54.8,6.2,11974379.0
8468,Cartagena,Información,4.5,75.73,72.9,47,5.16,14.2,15.2,2,72.5,63.8,88.8,6.6,19116143.0
8469,Cali,Manufactura,5.2,17.22,65.9,9,4.89,13.9,15.4,0,64.5,64.1,61.5,5.0,8598890.0
8470,Medellín,Financiero,18.0,68.27,75.0,19,5.29,11.3,5.7,2,67.0,80.0,49.7,6.4,12786333.0
8471,Bogotá,Información,8.6,25.49,79.2,33,4.95,16.0,6.9,3,70.1,75.6,19.6,7.9,16037118.0
8472,Bogotá,Información,15.8,71.9,68.8,16,5.12,17.4,5.5,2,70.4,64.4,34.7,7.4,11020087.0
8473,Medellín,Hoteles,14.7,21.65,53.2,15,3.7,31.7,8.2,0,64.7,66.7,93.0,5.8,7813006.0
8474,Bogotá,Agricultura,8.2,36.49,66.6,9,3.84,23.6,4.5,1,68.7,71.5,77.8,6.7,8559495.0
8475,Manizales,Comercio,1.7,46.13,58.0,7,3.28,27.4,6.0,1,58.8,65.8,0.4,5.8,6959551.0
8476,Bogotá,Comercio,4.8,68.94,55.2,7,4.74,31.4,1.7,1,61.0,74.5,37.3,6.2,7060535.0
8477,Pereira,Salud,10.8,71.11,77.3,22,4.88,22.2,9.4,0,76.2,57.3,12.1,5.3,12818799.0
8478,Cali,Manufactura,15.5,9.8,72.4,4,3.39,18.6,9.8,2,74.9,65.9,42.4,5.7,9421292.0
8479,Manizales,Comercio,11.6,46.65,64.1,24,4.17,29.6,11.6,2,67.6,67.9,99.6,6.8,11975766.0
8480,Medellín,Construcción,13.9,12.14,52.1,13,3.71,17.5,11.3,1,62.6,58.7,19.7,6.9,7866588.0
8481,Cartagena,Financiero,42.1,55.31,68.6,17,4.78,8.4,7.3,2,72.7,67.5,10.1,8.1,11907545.0
8482,Bogotá,Comercio,44.6,79.92,59.7,9,4.15,22.4,6.1,1,79.2,68.5,12.3,6.3,9520189.0
8483,Bogotá,Comercio,14.7,44.47,64.3,54,3.9,26.3,10.6,1,75.4,66.1,35.6,6.2,15846457.0
8484,Medellín,Transporte,6.0,32.98,63.6,12,2.85,28.5,4.7,0,62.9,70.1,48.6,6.6,7422178.0
8485,Bogotá,Construcción,5.1,56.7,68.5,15,4.2,23.7,6.4,1,58.8,76.5,20.0,5.7,9109553.0
8486,Medellín,Comercio,12.7,5.23,58.6,29,3.83,27.5,-2.8,2,74.5,63.2,70.5,7.7,11195376.0
8487,Bogotá,Manufactura,3.3,48.34,63.7,22,4.83,23.8,2.5,3,75.5,67.5,71.5,7.1,12569126.0
8488,Medellín,Comercio,10.4,63.29,47.8,41,3.42,25.0,11.4,1,55.0,66.9,25.7,6.8,10762381.0
8489,Manizales,Comercio,3.5,36.54,51.1,25,3.69,25.4,9.5,0,62.3,39.5,87.1,5.2,8787137.0
8490,Cali,Hoteles,60.0,69.09,52.3,17,3.36,24.8,4.8,2,80.3,60.4,36.1,5.6,10235082.0
8491,Bogotá,Salud,9.4,64.97,68.9,113,5.1,14.8,7.5,4,66.3,62.0,63.8,8.1,31639647.0
8492,Bucaramanga,Comercio,17.1,60.05,48.1,42,3.24,21.0,13.2,4,64.2,54.1,7.7,6.7,12255860.0
8493,Pereira,Manufactura,20.1,13.73,42.3,29,3.67,14.0,8.1,2,59.0,59.2,65.5,5.5,9762463.0
8494,Otras,Profesionales,41.5,32.36,54.6,7,3.74,3.3,1.3,3,72.0,49.5,91.0,8.1,8604238.0
8495,Bucaramanga,Financiero,36.6,74.25,56.8,91,3.88,10.0,6.2,2,65.3,66.8,39.4,6.6,22413468.0
8496,Cali,Profesionales,9.5,36.42,63.2,1,4.13,22.8,4.3,2,57.1,70.4,39.2,5.7,6974516.0
8497,Bogotá,Construcción,3.7,27.18,61.0,29,4.43,21.8,3.7,1,53.0,64.2,59.5,6.5,10413685.0
8498,Otras,Comercio,7.1,2.35,41.7,1,3.61,34.0,6.7,3,63.8,43.9,31.0,7.5,5334199.0
8499,Bucaramanga,Construcción,28.9,67.87,56.1,25,3.11,13.2,10.6,2,66.9,54.6,98.5,7.2,10475436.0
8500,Bucaramanga,Comercio,11.7,46.32,53.6,8,3.41,27.7,-3.5,0,63.9,61.2,59.0,5.4,6632355.0
8501,Pereira,Profesionales,26.9,58.74,49.2,16,4.19,13.7,-10.1,4,62.7,54.8,18.6,8.4,10134385.0
8502,Cali,Información,4.0,0.71,61.3,8,4.83,18.4,-4.3,4,63.2,64.9,16.7,6.9,12890087.0
8503,Bogotá,Comercio,10.2,69.4,57.2,34,3.7,24.4,6.8,1,52.3,70.9,75.3,6.4,11081472.0
8504,Bogotá,Manufactura,18.2,50.91,46.3,103,3.97,25.1,6.9,3,61.8,63.3,38.9,7.9,22463890.0
8505,Manizales,Manufactura,5.9,39.23,53.8,20,3.49,6.8,5.4,1,60.0,59.7,51.6,6.3,8773535.0
8506,Bucaramanga,Manufactura,7.8,47.5,67.9,5,4.12,19.0,8.0,0,67.9,77.3,90.0,5.0,8298320.0
8507,Medellín,Comercio,6.9,60.87,55.3,45,3.7,30.4,3.8,2,56.5,51.5,99.6,6.0,12239421.0
8508,Medellín,Salud,3.4,72.62,68.3,6,4.83,16.6,4.5,2,65.9,60.8,11.1,7.5,8414801.0
8509,Medellín,Construcción,20.6,53.32,53.7,5,4.28,22.8,6.4,0,63.5,63.3,18.7,5.6,6904679.0
8510,Bogotá,Construcción,24.5,33.24,65.4,17,3.78,27.6,-1.9,2,72.3,58.3,3.8,6.9,9701421.0
8511,Cali,Agricultura,12.3,19.64,35.2,7,2.86,19.8,9.9,4,54.1,64.8,90.7,7.4,6283062.0
8512,Manizales,Comercio,23.6,71.72,53.0,38,2.84,26.5,13.7,5,70.9,61.5,23.9,8.2,12866110.0
8513,Bogotá,Comercio,4.1,79.66,54.1,2,4.17,26.5,17.9,2,64.5,70.7,62.2,7.2,7165695.0
8514,Otras,Manufactura,8.1,65.34,53.6,13,3.8,20.5,9.3,2,66.4,45.0,15.9,6.2,8162904.0
8515,Bogotá,Comercio,8.3,10.81,64.2,49,3.84,38.9,3.5,0,64.2,73.0,83.0,5.0,13867663.0
8516,Medellín,Información,6.4,21.38,59.5,10,4.92,12.5,2.5,1,70.2,66.2,50.1,7.9,8957152.0
8517,Bogotá,Financiero,8.6,34.04,72.4,1,4.63,12.5,2.6,1,62.4,79.0,51.5,7.1,7795521.0
8518,Bogotá,Manufactura,27.8,25.58,71.4,32,5.18,11.7,-5.8,0,83.4,79.1,6.7,6.6,13816027.0
8519,Barranquilla,Manufactura,16.4,45.98,66.3,48,3.37,22.3,10.1,2,62.8,68.2,56.1,6.7,13714546.0
8520,Otras,Comercio,4.6,54.89,51.6,6,3.08,25.1,5.0,2,66.3,45.4,61.3,7.4,6339115.0
8521,Bogotá,Financiero,16.8,23.44,68.4,66,5.17,5.1,2.4,3,65.1,72.3,15.6,7.9,21579087.0
8522,Bogotá,Comercio,8.0,31.94,62.6,14,4.32,39.2,14.3,2,60.5,70.9,33.6,5.8,9480715.0
8523,Manizales,Agricultura,10.9,66.04,49.3,30,2.11,14.5,8.2,2,55.1,54.1,56.3,6.1,8271258.0
8524,Barranquilla,Manufactura,19.3,5.77,66.2,19,3.9,16.6,4.3,1,81.2,64.6,96.4,5.8,11416395.0
8525,Bucaramanga,Comercio,10.5,58.77,46.9,6,2.82,28.3,1.7,2,59.2,69.4,88.7,7.4,5965597.0
8526,Medellín,Manufactura,11.9,33.86,54.0,37,4.51,23.5,8.0,1,67.3,60.9,36.2,4.9,13081513.0
8527,Medellín,Comercio,11.9,76.48,45.7,15,3.53,25.1,-3.6,3,62.3,60.1,32.3,8.5,7977435.0
8528,Medellín,Información,8.2,26.25,71.3,8,4.71,20.4,4.9,1,69.2,60.1,42.7,5.8,8935829.0
8529,Cartagena,Salud,17.0,35.49,51.6,8,3.22,15.2,3.6,0,61.7,56.0,76.1,6.4,6790544.0
8530,Bogotá,Hoteles,20.1,30.2,59.7,120,3.13,18.8,13.6,4,67.3,62.7,73.3,6.6,23684752.0
8531,Barranquilla,Manufactura,5.4,37.36,71.1,119,3.94,20.7,3.2,5,58.3,71.8,13.4,8.1,27290068.0
8532,Cali,Información,22.4,33.68,60.9,13,4.87,12.9,15.0,3,68.1,71.7,10.0,6.5,11320824.0
8533,Bogotá,Construcción,13.0,37.95,81.4,46,5.04,34.2,0.4,3,75.9,83.6,96.3,7.1,19260649.0
8534,Medellín,Agricultura,9.0,39.13,56.9,17,3.13,18.3,3.7,0,72.5,58.3,73.3,6.5,8868121.0
8535,Pereira,Profesionales,11.8,60.43,74.4,21,4.33,12.2,1.3,0,71.4,65.9,72.9,5.4,11096597.0
8536,Bogotá,Construcción,5.4,4.08,58.2,35,4.2,17.4,6.0,2,58.7,73.4,68.5,6.9,12273818.0
8537,Bogotá,Manufactura,33.9,41.14,71.6,3,3.79,6.0,10.9,1,86.7,73.6,43.9,6.9,10824503.0
8538,Medellín,Manufactura,11.3,44.8,66.6,188,4.31,29.0,-1.4,3,75.4,76.9,28.4,7.3,40250546.0
8539,Barranquilla,Profesionales,16.4,52.42,58.1,19,4.11,10.3,9.6,0,52.2,46.8,12.9,5.4,8700139.0
8540,Bogotá,Comercio,5.9,11.26,58.0,2,3.93,26.6,5.4,0,62.0,68.8,68.7,7.2,6341613.0
8541,Bucaramanga,Transporte,23.9,28.3,65.7,28,3.56,12.0,7.2,1,78.1,58.7,43.5,6.9,11519529.0
8542,Bogotá,Construcción,2.9,47.73,61.7,16,4.3,18.6,4.9,2,68.6,65.2,38.2,5.9,14179750.0
8543,Bogotá,Manufactura,13.6,36.11,66.7,21,4.24,10.1,10.3,3,69.7,69.5,39.4,7.2,12098693.0
8544,Medellín,Comercio,2.6,24.13,63.9,5,3.59,26.0,4.8,1,63.1,63.1,31.2,4.9,7139301.0
8545,Bucaramanga,Manufactura,13.6,51.98,67.2,6,4.19,22.8,4.1,0,74.3,62.4,93.8,6.7,8524240.0
8546,Bogotá,Energía,8.2,33.08,84.8,10,5.32,14.0,-0.7,2,80.5,74.5,35.7,6.8,17393077.0
8547,Barranquilla,Comercio,13.9,26.47,67.8,19,3.55,38.8,11.5,1,74.2,60.6,84.8,5.8,10315594.0
8548,Medellín,Comercio,11.7,29.29,50.3,2,3.54,33.9,17.3,0,60.9,63.6,23.7,6.1,6320006.0
8549,Medellín,Comercio,12.4,21.87,53.0,33,2.96,28.4,12.1,1,68.9,59.5,58.2,6.8,10510938.0
8550,Bogotá,Comercio,9.3,74.62,63.6,16,3.62,39.8,3.8,1,61.5,68.8,90.9,5.8,8721258.0
8551,Bogotá,Transporte,6.0,19.19,69.7,5,3.99,18.9,5.7,1,67.8,63.5,22.3,6.0,8188935.0
8552,Bogotá,Hoteles,16.2,13.13,62.9,17,3.45,35.7,8.0,0,63.8,85.6,68.2,5.9,9557472.0
8553,Pereira,Manufactura,8.6,47.43,63.1,115,3.52,18.9,9.5,2,64.4,55.5,80.4,7.1,23477925.0
8554,Cali,Información,10.9,47.11,63.5,18,4.57,20.2,14.5,0,70.0,64.9,83.6,6.6,10395979.0
8555,Otras,Construcción,8.5,57.74,37.7,4,3.21,28.7,5.5,1,49.5,37.0,1.9,6.5,3993583.0
8556,Bogotá,Información,2.7,43.87,71.0,8,5.63,9.5,6.0,1,65.2,75.0,27.8,6.1,9603953.0
8557,Cartagena,Comercio,15.4,42.04,38.5,22,3.02,10.8,-1.2,0,59.1,55.5,62.3,5.6,7068562.0
8558,Bucaramanga,Salud,5.1,45.48,63.1,8,3.22,18.0,10.8,1,61.4,63.5,58.4,5.1,7988307.0
8559,Bogotá,Comercio,18.0,52.15,78.0,6,3.71,17.3,2.9,2,75.0,72.8,99.7,6.9,9813683.0
8560,Manizales,Financiero,12.4,3.54,71.2,27,4.5,9.0,15.4,1,74.8,65.3,25.7,6.3,13653400.0
8561,Bogotá,Agricultura,11.8,34.41,54.4,5,2.49,25.7,6.4,1,61.0,70.7,31.1,6.8,6515108.0
8562,Bogotá,Manufactura,24.4,71.6,63.6,11,3.53,16.9,5.4,2,72.4,72.6,56.0,7.9,10003655.0
8563,Cali,Comercio,13.8,6.07,51.0,11,3.67,22.0,1.1,0,65.6,62.2,88.7,6.2,7526558.0
8564,Bucaramanga,Comercio,29.8,74.1,68.6,3,3.52,15.5,7.4,2,64.8,60.7,19.2,6.9,8355351.0
8565,Cartagena,Transporte,10.2,66.16,63.2,11,3.46,25.7,10.7,1,68.2,73.1,88.0,5.8,8441075.0
8566,Bogotá,Financiero,7.3,41.11,74.6,7,5.14,14.7,1.1,1,72.4,75.0,34.8,6.9,9401149.0
8567,Pereira,Agricultura,11.5,56.3,56.8,24,2.94,20.7,8.6,1,69.0,62.6,41.2,6.6,9353700.0
8568,Cali,Agricultura,17.9,15.61,46.9,13,2.39,22.1,6.0,0,48.5,57.5,33.6,4.7,5860140.0
8569,Cali,Agricultura,6.0,20.32,53.3,7,2.29,20.3,1.5,0,63.1,65.1,68.0,5.2,6049288.0
8570,Bogotá,Manufactura,26.7,35.93,55.1,13,3.56,15.5,-8.4,0,76.5,69.4,21.3,6.1,7294168.0
8571,Bogotá,Información,15.8,23.59,67.8,16,5.95,13.4,11.0,2,64.9,74.4,6.7,6.9,11629328.0
8572,Bogotá,Información,16.2,3.82,76.0,34,4.68,0.5,4.1,1,61.4,74.1,72.3,6.7,14735806.0
8573,Bogotá,Comercio,6.4,27.65,81.4,10,4.42,26.4,6.6,0,64.1,89.3,98.6,7.5,10058961.0
8574,Medellín,Salud,5.6,78.75,64.5,24,4.42,11.7,9.8,2,66.7,65.7,10.7,7.6,11692177.0
8575,Barranquilla,Financiero,12.0,45.14,77.1,33,4.65,7.6,6.8,2,73.6,67.7,56.7,8.0,14933480.0
8576,Barranquilla,Información,6.5,67.6,74.8,71,4.99,11.9,-9.6,3,74.2,73.5,23.8,7.0,23160130.0
8577,Cali,Profesionales,10.4,57.04,71.1,32,5.3,12.2,14.2,1,74.1,77.6,43.4,6.0,15817926.0
8578,Barranquilla,Financiero,4.1,33.97,65.0,14,5.12,6.1,4.2,1,65.7,52.2,60.1,7.0,9735571.0
8579,Medellín,Comercio,10.6,49.17,48.0,8,3.59,32.9,11.9,0,59.3,68.3,50.0,6.1,6551995.0
8580,Bogotá,Manufactura,7.0,56.99,75.5,27,4.13,19.8,14.2,1,62.1,77.6,33.4,7.3,12911126.0
8581,Bogotá,Manufactura,15.8,64.41,74.7,17,3.28,24.2,9.8,2,69.4,65.4,7.4,7.1,11144157.0
8582,Otras,Energía,19.2,54.57,67.0,2,4.61,7.3,3.3,1,71.7,66.1,66.2,6.1,8289939.0
8583,Pereira,Manufactura,9.8,12.03,50.6,18,5.01,19.7,6.2,0,56.9,50.7,72.9,5.2,8866014.0
8584,Barranquilla,Construcción,5.6,53.15,53.7,18,3.4,28.2,2.4,0,57.9,48.4,87.8,5.3,6889573.0
8585,Bogotá,Salud,7.6,30.37,69.2,49,4.87,12.5,-4.1,0,58.6,86.1,49.9,5.9,15740764.0
8586,Cali,Salud,15.7,45.15,55.1,15,3.91,8.1,7.8,0,71.0,56.6,80.4,6.3,8795151.0
8587,Medellín,Transporte,9.2,41.72,66.1,25,3.98,28.8,3.2,3,57.2,65.8,75.8,7.6,11209370.0
8588,Bogotá,Manufactura,1.9,25.78,74.1,21,3.6,20.7,16.7,0,70.8,80.9,24.4,6.3,11230712.0
8589,Cartagena,Hoteles,19.7,9.52,60.0,7,2.65,20.4,8.9,0,68.3,52.8,98.4,5.6,7253622.0
8590,Pereira,Transporte,7.0,46.14,58.1,8,4.0,23.3,9.3,2,58.0,59.4,78.6,6.2,7260740.0
8591,Medellín,Agricultura,15.5,71.96,59.6,10,2.73,27.3,11.9,0,64.1,54.4,86.1,5.4,7482765.0
8592,Cali,Construcción,13.2,47.53,60.3,1,3.14,21.8,7.5,1,55.1,57.0,47.3,8.6,6032673.0
8593,Bucaramanga,Comercio,22.5,58.82,56.0,10,2.76,24.0,16.8,1,55.5,56.0,53.3,6.3,7733851.0
8594,Cali,Minas,12.6,78.58,59.2,19,4.77,13.2,1.9,0,64.9,57.7,8.0,6.4,9952852.0
8595,Medellín,Información,8.5,61.7,60.7,11,5.26,14.2,6.5,0,57.8,68.4,70.1,5.5,8546412.0
8596,Cali,Financiero,7.8,44.36,68.7,19,3.74,3.9,10.7,2,76.6,80.3,7.3,6.3,12329968.0
8597,Bogotá,Información,4.8,61.89,76.1,4,5.27,5.6,10.3,3,60.1,86.0,6.4,7.5,9984300.0
8598,Medellín,Manufactura,5.4,64.97,71.3,17,4.44,5.3,3.2,0,72.7,76.0,20.5,5.9,11205163.0
8599,Bogotá,Comercio,5.1,72.03,68.2,2,3.83,25.2,6.5,0,78.8,63.3,42.0,5.5,7571830.0
8600,Manizales,Información,26.4,7.89,66.3,7,5.21,13.5,8.2,2,70.5,61.4,7.4,6.7,9319917.0
8601,Cali,Comercio,5.5,71.52,52.0,7,3.97,30.6,-1.7,2,64.8,67.4,63.5,7.3,6911990.0
8602,Medellín,Construcción,23.4,67.85,66.3,47,4.15,18.3,7.7,1,67.7,77.1,69.4,5.4,15701456.0
8603,Medellín,Hoteles,4.3,74.47,59.1,51,3.11,26.3,1.0,0,60.0,56.8,90.4,5.9,12311331.0
8604,Cali,Financiero,4.7,53.92,90.5,13,5.39,4.3,14.0,0,73.5,70.9,63.1,6.3,12300029.0
8605,Bogotá,Comercio,17.4,12.43,61.9,33,4.15,28.6,-3.8,4,62.6,78.9,63.3,6.1,12851558.0
8606,Pereira,Manufactura,3.7,0.56,60.7,2,3.55,14.5,8.8,1,57.8,54.9,84.3,4.7,6391920.0
8607,Cali,Información,15.5,66.03,78.2,25,5.64,6.8,3.8,1,82.3,72.7,96.0,5.6,15102358.0
8608,Bogotá,Comercio,13.5,20.26,52.9,1,3.21,21.6,17.9,1,62.9,62.2,16.4,4.5,6688506.0
8609,Bucaramanga,Agricultura,7.6,9.35,63.1,2,2.87,22.4,10.1,2,69.8,54.5,83.3,6.5,7267777.0
8610,Bogotá,Salud,17.0,65.62,72.3,36,5.14,26.6,8.9,3,64.1,67.3,98.3,6.5,15675110.0
8611,Bucaramanga,Manufactura,25.0,73.1,61.1,23,3.77,14.7,2.4,3,69.2,61.5,69.4,6.9,10956531.0
8612,Bogotá,Minas,10.0,71.5,73.3,26,5.48,12.7,5.2,2,77.3,67.7,48.3,7.5,14571774.0
8613,Otras,Construcción,11.1,15.77,53.6,1,3.45,27.9,15.9,1,78.5,55.3,66.8,6.0,7101610.0
8614,Cali,Transporte,2.9,25.28,46.2,8,4.2,12.2,6.9,0,52.6,64.1,68.9,7.3,6093545.0
8615,Otras,Financiero,10.8,55.74,67.0,20,4.44,7.9,0.0,1,78.3,53.1,12.8,6.2,10874050.0
8616,Cali,Comercio,39.6,44.54,38.9,5,3.05,13.2,1.9,2,66.2,56.4,20.4,7.2,6485717.0
8617,Cali,Comercio,8.5,8.92,45.2,6,3.63,29.9,2.1,4,58.8,63.8,82.6,7.6,6629237.0
8618,Bogotá,Profesionales,5.1,9.53,74.0,11,5.0,13.6,1.1,0,76.1,60.2,14.0,6.6,10078033.0
8619,Bogotá,Profesionales,16.0,19.89,68.6,26,4.8,11.3,4.3,0,66.9,76.4,4.9,5.6,12280233.0
8620,Bogotá,Manufactura,7.9,23.5,59.9,15,4.7,23.2,7.3,2,62.4,72.2,88.9,6.0,9124627.0
8621,Bogotá,Salud,14.1,77.47,75.8,18,5.47,18.0,0.6,2,72.6,83.3,39.3,6.0,12380215.0
8622,Bogotá,Transporte,9.8,65.82,62.9,14,4.24,22.5,1.4,2,61.4,77.2,71.0,6.6,9303805.0
8623,Barranquilla,Comercio,4.2,20.05,57.4,58,3.86,36.4,2.1,3,61.0,57.6,94.4,8.6,14803045.0
8624,Cali,Construcción,60.0,63.6,44.3,25,3.54,15.2,7.9,1,71.6,63.5,78.0,6.2,10768361.0
8625,Cali,Profesionales,3.1,15.57,63.5,11,3.82,15.7,-14.0,1,61.3,53.8,43.8,7.2,7621906.0
8626,Bogotá,Minas,15.1,28.63,60.8,41,5.98,7.3,12.9,3,74.8,67.7,92.1,7.9,18683115.0
8627,Bogotá,Comercio,60.0,60.63,64.6,46,3.94,13.4,8.0,1,78.4,68.7,73.6,5.5,16063970.0
8628,Medellín,Hoteles,19.2,14.57,44.9,13,3.75,24.7,17.6,1,53.1,62.5,37.3,4.1,7733833.0
8629,Bogotá,Información,5.9,24.4,70.4,16,4.99,6.0,14.2,0,57.8,77.3,97.7,6.5,10777222.0
8630,Bogotá,Comercio,3.6,62.51,65.8,13,4.74,30.1,-0.6,1,71.3,73.3,57.4,5.6,9614109.0
8631,Bogotá,Manufactura,17.4,15.65,65.8,16,4.18,22.8,2.3,1,73.9,66.1,91.0,5.8,9925232.0
8632,Cali,Información,12.6,57.6,63.4,7,5.31,17.7,1.0,1,69.3,72.3,59.1,6.6,8652798.0
8633,Barranquilla,Salud,10.4,62.15,65.3,14,3.44,14.5,9.5,0,72.6,61.7,15.6,4.5,9512842.0
8634,Bogotá,Agricultura,16.6,32.2,50.1,21,2.83,21.5,5.7,1,57.2,64.9,0.0,5.9,8318589.0
8635,Bogotá,Manufactura,3.5,61.38,52.3,6,4.42,27.4,3.3,1,52.4,59.3,33.7,5.8,5901164.0
8636,Cali,Hoteles,3.8,40.75,56.8,54,3.28,31.3,9.6,0,64.0,69.3,55.6,5.6,12638830.0
8637,Manizales,Agricultura,8.5,30.92,56.3,16,2.48,29.5,7.1,1,56.3,65.1,99.6,7.3,6635578.0
8638,Medellín,Financiero,6.6,63.32,85.8,5,3.97,10.6,-1.6,3,82.9,58.2,76.2,7.1,10741655.0
8639,Medellín,Agricultura,4.4,42.0,46.0,8,2.95,22.6,1.9,2,62.1,63.9,82.7,6.8,6829995.0
8640,Bucaramanga,Comercio,16.1,33.44,55.5,9,3.77,31.3,7.2,0,58.1,69.3,81.9,6.2,7273324.0
8641,Bogotá,Comercio,6.0,27.97,41.6,1,3.88,26.6,5.8,0,51.3,60.3,75.5,5.9,4214345.0
8642,Medellín,Energía,5.4,58.0,77.3,20,7.01,11.0,6.1,0,64.1,74.2,43.6,6.7,13224253.0
8643,Bogotá,Comercio,29.4,54.89,63.7,7,4.31,30.4,3.1,0,69.5,70.3,70.4,5.3,7799604.0
8644,Cali,Construcción,15.8,43.83,47.5,35,3.91,23.9,8.4,1,67.2,60.1,34.3,6.2,11611347.0
8645,Bogotá,Manufactura,5.0,11.34,65.2,26,4.84,21.2,10.2,1,53.2,73.9,3.4,6.5,11590627.0
8646,Medellín,Agricultura,20.9,1.27,25.5,44,3.42,20.8,2.4,2,47.8,61.6,84.5,6.9,10005755.0
8647,Bogotá,Profesionales,60.0,8.88,74.6,31,5.36,1.7,7.4,0,92.4,83.2,68.8,5.0,17229573.0
8648,Cali,Comercio,4.0,46.29,52.6,20,3.53,29.6,-0.2,1,63.1,62.5,84.9,6.0,8087700.0
8649,Medellín,Comercio,60.0,1.18,60.8,8,4.11,10.7,8.8,2,78.8,73.8,36.2,7.4,11097289.0
8650,Medellín,Manufactura,5.7,54.99,56.3,2,3.96,17.6,24.6,1,61.5,78.9,1.5,6.4,7534540.0
8651,Medellín,Comercio,9.1,54.89,62.1,7,3.47,28.6,0.8,0,62.5,68.4,14.8,5.4,6998256.0
8652,Otras,Comercio,21.1,72.78,36.1,11,2.97,27.6,19.9,0,58.0,44.8,0.3,4.9,6623279.0
8653,Medellín,Manufactura,6.6,70.64,70.4,15,5.46,24.9,-0.8,2,64.5,75.8,73.5,7.9,10590548.0
8654,Barranquilla,Energía,21.7,38.22,69.5,36,5.97,8.7,2.0,1,73.2,61.0,11.2,6.9,16860021.0
8655,Bogotá,Financiero,4.3,22.37,79.0,62,5.87,9.2,4.0,1,64.4,70.6,60.9,7.0,22382984.0
8656,Otras,Agricultura,5.2,49.31,50.8,24,2.51,13.6,2.7,2,69.1,49.0,2.8,6.5,8685138.0
8657,Bogotá,Información,33.5,34.82,67.2,20,6.14,9.3,-4.3,1,80.5,75.3,59.4,6.2,12297416.0
8658,Manizales,Información,2.8,40.64,71.5,18,4.08,14.9,6.7,1,67.1,60.3,99.8,6.5,10093864.0
8659,Barranquilla,Comercio,6.5,32.42,45.8,7,4.37,21.4,3.8,4,56.4,54.5,5.1,8.2,7139820.0
8660,Medellín,Información,15.6,28.88,62.2,14,4.74,19.6,0.9,0,74.2,66.5,49.7,6.0,10219218.0
8661,Bogotá,Hoteles,4.9,12.26,50.6,7,2.94,28.4,4.5,1,52.2,62.1,39.3,5.9,5392144.0
8662,Bogotá,Información,18.1,7.99,72.7,49,4.78,19.7,9.6,2,81.8,74.1,90.9,7.3,18820560.0
8663,Otras,Salud,9.0,56.35,62.3,27,3.39,18.9,3.5,0,65.5,59.2,71.2,5.6,9283394.0
8664,Cali,Comercio,10.6,48.21,58.7,128,4.26,27.1,1.8,5,70.6,68.7,70.3,7.5,30333713.0
8665,Bucaramanga,Información,10.1,34.37,82.3,20,5.08,11.5,2.8,2,72.3,77.9,76.1,6.8,13953689.0
8666,Bogotá,Profesionales,6.6,20.03,76.8,4,4.65,15.6,6.8,0,76.8,75.7,45.1,6.2,9172215.0
8667,Cali,Manufactura,19.8,64.39,54.8,4,3.39,17.4,5.2,0,51.2,64.5,65.4,5.6,5865158.0
8668,Pereira,Minas,16.3,37.15,69.9,69,4.28,8.5,6.2,2,67.1,66.3,85.5,6.9,20217000.0
8669,Bogotá,Manufactura,12.5,36.08,59.2,3,3.21,18.1,0.1,0,70.4,73.3,73.2,4.8,7051372.0
8670,Manizales,Profesionales,7.6,44.5,62.6,23,3.92,8.1,4.8,1,66.5,74.9,40.6,5.8,11134681.0
8671,Medellín,Manufactura,8.9,37.68,70.9,45,5.04,14.8,3.0,0,68.2,80.5,57.1,5.3,16638655.0
8672,Cartagena,Comercio,3.2,0.93,40.2,31,3.42,25.4,5.4,1,57.5,56.4,91.2,6.9,8855233.0
8673,Bucaramanga,Transporte,2.8,70.95,53.4,14,4.12,29.3,1.7,0,57.1,72.5,43.9,6.2,7601543.0
8674,Pereira,Manufactura,12.1,38.41,48.8,27,3.3,13.8,6.2,1,62.9,47.7,10.7,6.1,8961999.0
8675,Bogotá,Financiero,9.5,76.73,61.7,24,5.51,6.1,12.9,3,55.2,67.7,13.0,7.0,12612763.0
8676,Bogotá,Profesionales,9.6,27.76,66.8,5,4.84,10.0,8.9,1,72.9,71.3,29.3,7.8,8676861.0
8677,Barranquilla,Manufactura,8.5,79.39,50.5,23,2.9,22.7,12.8,2,57.4,49.7,99.1,7.8,8577933.0
8678,Barranquilla,Transporte,2.5,42.18,51.9,10,4.93,25.1,20.0,0,54.7,61.9,45.4,7.1,7817731.0
8679,Bogotá,Información,4.2,79.34,79.1,59,4.98,11.4,0.6,2,77.7,82.4,32.7,7.1,21398117.0
8680,Medellín,Hoteles,8.1,1.54,37.7,13,4.05,27.6,-0.4,2,45.9,56.7,89.2,7.0,5870593.0
8681,Barranquilla,Construcción,14.8,24.94,54.1,15,4.04,21.6,3.4,0,60.3,55.7,61.9,6.6,7636718.0
8682,Cali,Transporte,3.6,16.02,58.1,9,3.36,22.4,7.0,2,67.6,55.5,32.6,7.9,7737340.0
8683,Bucaramanga,Comercio,7.0,32.26,64.6,9,2.99,26.6,8.9,0,66.4,62.4,76.2,7.4,7584007.0
8684,Pereira,Profesionales,5.8,32.61,71.6,3,4.37,21.8,0.8,1,81.8,54.8,36.1,6.3,8632744.0
8685,Barranquilla,Transporte,9.1,71.51,44.3,2,3.79,23.6,1.2,2,61.7,57.6,51.0,6.0,5785523.0
8686,Pereira,Profesionales,9.5,73.81,75.8,42,4.36,16.2,7.9,0,62.6,71.6,91.8,6.2,15452508.0
8687,Cali,Manufactura,7.8,21.85,61.2,2,4.24,19.1,-7.4,0,61.4,55.7,85.8,5.9,5742096.0
8688,Bogotá,Hoteles,28.4,69.17,69.7,18,3.76,17.5,11.8,1,77.0,69.0,37.0,5.3,11864219.0
8689,Bucaramanga,Manufactura,12.6,55.3,66.5,11,4.61,16.4,15.0,0,70.4,64.7,80.5,6.5,9680505.0
8690,Bogotá,Manufactura,9.9,8.85,70.8,21,3.87,18.7,4.0,1,63.5,78.3,55.9,6.5,10718545.0
8691,Bogotá,Hoteles,27.6,50.2,63.0,2,4.24,25.9,4.2,0,86.7,82.0,54.4,5.9,8106761.0
8692,Cali,Agricultura,37.2,51.59,48.2,13,3.13,13.4,8.2,1,58.9,71.3,1.4,5.0,8515271.0
8693,Barranquilla,Manufactura,5.2,54.79,52.6,6,4.24,19.0,2.4,2,72.4,65.1,96.6,6.7,7580470.0
8694,Pereira,Comercio,10.8,33.33,53.4,9,2.88,22.8,5.6,1,59.7,59.8,87.6,6.4,6823252.0
8695,Cartagena,Manufactura,5.8,22.47,56.1,8,4.19,21.7,19.2,2,62.7,45.9,22.5,6.9,7681348.0
8696,Bogotá,Hoteles,17.6,25.75,48.5,14,3.95,27.3,4.9,2,65.0,58.1,43.4,7.3,8158925.0
8697,Medellín,Profesionales,12.6,71.67,64.9,19,4.61,28.2,2.6,3,61.8,68.8,72.0,7.0,10539148.0
8698,Barranquilla,Comercio,2.6,40.85,60.9,26,3.85,33.2,-5.4,3,69.0,68.9,5.7,8.3,11155220.0
8699,Bogotá,Comercio,2.2,70.79,51.9,2,2.83,33.2,11.9,1,60.9,66.0,7.2,5.6,6090162.0
8700,Medellín,Salud,7.4,60.0,67.9,6,5.29,29.6,11.4,1,69.5,71.7,70.8,5.9,8675534.0
8701,Medellín,Construcción,49.5,32.3,57.2,50,3.08,18.3,15.3,0,83.9,68.8,79.8,6.5,15340965.0
8702,Otras,Agricultura,12.9,31.22,19.1,23,1.87,22.1,6.2,2,36.0,34.7,42.6,7.2,3908972.0
8703,Bucaramanga,Agricultura,3.7,10.29,53.5,4,3.75,21.6,18.8,1,74.6,61.0,12.1,6.7,7422700.0
8704,Bogotá,Comercio,7.5,77.48,67.6,18,4.16,24.2,5.6,2,77.2,76.8,80.8,8.0,11315425.0
8705,Medellín,Construcción,6.0,2.78,58.4,18,4.26,34.8,1.5,0,67.4,69.2,76.0,5.4,8597333.0
8706,Cartagena,Construcción,25.4,46.14,66.1,20,3.17,15.4,6.7,2,75.7,65.6,29.7,6.9,11408677.0
8707,Bogotá,Energía,13.6,15.33,75.8,56,5.45,16.3,1.5,2,74.7,81.5,46.8,5.1,20909179.0
8708,Cartagena,Construcción,3.4,67.61,59.9,79,3.56,28.3,1.8,4,60.2,71.1,15.8,6.3,18344846.0
8709,Pereira,Financiero,12.1,54.86,70.1,5,4.33,0.5,5.6,1,71.9,61.7,78.7,6.7,8999387.0
8710,Cartagena,Agricultura,8.4,1.31,46.6,7,3.0,23.0,-1.1,4,62.3,58.2,91.4,7.1,7222595.0
8711,Cali,Salud,5.0,14.7,71.9,17,4.92,18.8,3.3,1,66.8,63.4,8.1,6.4,10471252.0
8712,Cali,Construcción,7.2,77.4,45.0,12,3.93,23.6,9.0,3,54.5,51.3,52.7,7.1,6994028.0
8713,Manizales,Profesionales,6.1,3.42,82.8,11,5.29,9.1,8.1,2,78.1,57.8,29.6,5.1,11811167.0
8714,Bogotá,Información,7.6,8.77,86.4,19,5.32,19.3,6.3,2,69.8,79.7,47.4,6.8,13335426.0
8715,Medellín,Comercio,29.2,19.86,64.9,6,3.37,25.4,-6.0,0,81.2,61.4,79.5,6.0,7562589.0
8716,Bogotá,Manufactura,3.2,26.22,62.8,68,4.23,14.1,9.7,1,61.6,69.2,27.3,5.4,18054190.0
8717,Bogotá,Hoteles,8.2,79.17,53.8,10,3.0,26.7,1.8,2,67.8,55.2,41.4,7.1,7294613.0
8718,Bucaramanga,Profesionales,2.8,70.38,76.1,26,4.47,11.6,18.6,3,68.5,64.1,87.8,7.4,13926491.0
8719,Bogotá,Profesionales,13.9,65.91,69.0,25,4.65,10.0,-6.7,1,68.0,71.5,4.2,6.9,11446152.0
8720,Cali,Comercio,8.4,69.67,55.7,20,2.92,27.1,0.8,0,66.8,54.3,46.0,4.5,7794472.0
8721,Medellín,Financiero,5.9,14.86,75.1,13,5.31,12.5,11.0,1,72.8,63.4,91.1,5.5,10871678.0
8722,Cartagena,Comercio,6.5,48.31,47.6,6,3.5,29.9,8.4,1,50.3,51.7,15.9,5.0,5217105.0
8723,Bogotá,Agricultura,20.8,26.56,63.3,5,3.55,20.9,-5.3,3,63.3,65.8,57.0,6.8,7186068.0
8724,Medellín,Hoteles,10.2,39.99,58.7,14,3.09,24.5,2.4,1,58.5,62.4,81.3,6.9,8181053.0
8725,Bogotá,Comercio,14.9,41.96,52.1,67,3.34,26.8,-1.3,0,59.6,58.8,85.0,6.3,13653715.0
8726,Cali,Manufactura,32.3,29.58,60.2,32,4.33,11.8,-1.3,1,78.4,58.8,35.0,5.3,12568228.0
8727,Bogotá,Manufactura,7.8,76.65,71.1,30,4.98,26.3,3.4,3,70.0,71.0,77.0,7.3,14551685.0
8728,Medellín,Comercio,21.3,79.45,60.6,9,3.44,18.7,0.3,1,79.6,65.4,94.8,6.9,9149208.0
8729,Medellín,Manufactura,34.4,14.91,61.5,33,4.69,14.1,-1.1,2,73.6,63.6,24.5,6.0,13568114.0
8730,Barranquilla,Financiero,16.9,47.77,64.7,22,4.63,11.3,4.9,1,72.7,61.2,52.8,6.6,11380875.0
8731,Bucaramanga,Hoteles,6.7,67.75,44.6,21,4.11,36.3,4.9,4,49.7,48.5,13.9,7.1,8404484.0
8732,Bogotá,Comercio,8.0,65.53,59.7,10,3.65,22.7,5.4,4,63.3,69.9,26.1,6.8,12925129.0
8733,Manizales,Construcción,9.3,78.22,55.1,14,3.91,24.5,4.5,1,64.3,56.4,60.5,7.6,7596762.0
8734,Barranquilla,Transporte,8.3,16.47,63.1,6,2.98,27.7,8.5,1,70.8,59.6,91.1,6.5,7591874.0
8735,Bogotá,Manufactura,18.6,12.5,66.9,69,4.67,20.4,-2.9,0,71.1,80.7,0.4,6.4,19752594.0
8736,Bogotá,Comercio,14.1,49.18,62.6,29,4.0,26.2,6.3,0,71.1,67.3,29.8,6.4,11033162.0
8737,Barranquilla,Agricultura,4.9,11.08,55.2,7,2.65,30.2,12.9,1,72.1,50.9,76.3,6.2,7205254.0
8738,Bucaramanga,Información,12.6,27.09,73.2,13,4.93,15.0,16.3,0,80.6,72.5,54.5,5.4,11668726.0
8739,Medellín,Comercio,18.8,49.32,63.3,3,3.36,21.3,11.5,0,67.6,72.6,94.0,7.4,7700481.0
8740,Pereira,Comercio,8.5,38.36,50.5,4,2.66,26.0,4.1,0,60.6,46.4,63.2,7.3,5647177.0
8741,Barranquilla,Comercio,5.6,76.18,54.3,2,3.4,27.9,11.8,1,52.1,64.4,50.7,7.1,5782871.0
8742,Bogotá,Hoteles,58.0,47.55,76.6,19,4.16,14.9,7.0,0,90.0,73.6,52.9,6.2,13870209.0
8743,Cali,Comercio,6.9,63.5,61.1,7,4.1,27.1,9.9,1,62.7,67.9,78.9,5.7,7825171.0
8744,Bogotá,Comercio,7.2,48.61,54.3,37,4.16,33.7,9.7,1,67.3,61.4,77.7,7.6,12613857.0
8745,Medellín,Financiero,18.4,36.4,71.8,3,5.4,7.8,4.6,1,75.9,73.0,23.8,6.7,9596774.0
8746,Otras,Manufactura,13.3,26.51,43.4,8,2.7,18.7,0.2,3,66.2,59.0,24.4,7.2,6769201.0
8747,Bogotá,Manufactura,3.9,71.93,76.7,4,4.8,16.8,5.1,1,70.5,73.9,31.3,6.7,9108162.0
8748,Bucaramanga,Comercio,2.2,56.35,56.7,3,4.18,30.6,8.6,1,53.7,58.4,60.3,6.5,5943815.0
8749,Cali,Profesionales,8.2,30.39,75.1,82,4.96,8.9,7.6,3,69.1,65.5,96.1,7.4,24974614.0
8750,Medellín,Agricultura,11.6,17.08,56.1,1,2.99,22.8,17.7,3,71.5,64.3,67.4,7.1,8414595.0
8751,Bucaramanga,Construcción,10.7,22.49,48.8,6,3.26,30.9,3.9,0,61.6,62.9,17.3,6.0,6227067.0
8752,Bogotá,Salud,3.8,20.28,69.4,8,4.58,21.6,5.9,2,57.9,68.8,92.6,7.7,9001748.0
8753,Cali,Manufactura,8.9,50.5,68.5,4,3.35,15.5,0.7,1,73.9,73.1,99.7,5.5,8249733.0
8754,Cartagena,Comercio,14.5,54.81,57.0,20,3.0,27.6,-2.1,0,70.6,60.0,12.9,5.4,8554568.0
8755,Barranquilla,Comercio,14.9,71.39,54.5,22,3.12,17.6,17.1,2,53.2,60.5,79.0,7.1,9500729.0
8756,Cali,Minas,15.2,28.47,71.9,14,5.21,4.6,3.3,2,70.6,73.4,50.7,7.5,11588458.0
8757,Bogotá,Construcción,31.9,20.15,67.9,8,3.8,18.1,13.0,0,74.7,77.6,23.0,6.4,9831516.0
8758,Bogotá,Comercio,20.3,36.82,56.9,11,3.37,25.4,14.2,3,70.9,65.8,50.5,7.6,9496096.0
8759,Pereira,Comercio,15.7,37.02,38.2,29,3.89,22.7,6.8,1,69.0,54.0,29.4,6.4,10103422.0
8760,Cartagena,Comercio,38.6,45.25,57.3,12,4.74,26.7,11.2,2,62.7,57.1,4.7,6.7,9077270.0
8761,Bucaramanga,Agricultura,14.2,41.99,50.2,15,2.95,32.8,3.0,1,55.4,65.3,65.9,6.2,6875064.0
8762,Medellín,Manufactura,4.8,6.57,55.6,53,2.7,10.8,12.1,2,53.6,69.1,34.6,7.5,12102548.0
8763,Bogotá,Manufactura,12.0,15.36,73.8,60,4.6,9.6,14.4,3,76.5,78.1,84.0,6.2,21140297.0
8764,Bogotá,Agricultura,9.0,74.95,32.0,8,2.41,24.9,9.8,3,47.8,53.9,64.2,8.2,4819777.0
8765,Bogotá,Comercio,15.1,64.46,55.0,10,2.82,29.1,8.2,3,61.4,66.0,82.7,7.4,8050886.0
8766,Medellín,Energía,8.4,77.67,77.0,11,5.62,4.0,5.6,1,72.9,71.4,36.2,6.8,10974297.0
8767,Bucaramanga,Comercio,10.1,5.69,52.6,38,3.44,28.1,13.8,3,68.3,58.0,17.8,6.2,12002483.0
8768,Bogotá,Manufactura,14.9,14.64,63.5,24,4.55,13.8,-4.0,1,63.2,68.3,9.2,6.6,10773411.0
8769,Pereira,Información,11.7,35.7,70.8,4,3.91,12.0,5.3,2,65.4,67.1,82.8,5.7,8854726.0
8770,Bogotá,Manufactura,5.5,55.46,63.0,14,3.95,8.9,-1.0,1,60.6,76.9,9.6,6.2,9031372.0
8771,Cali,Transporte,6.3,40.75,49.5,17,3.14,17.5,-1.2,0,66.4,61.7,25.0,6.7,7545971.0
8772,Barranquilla,Profesionales,18.5,39.28,57.9,12,4.45,8.5,11.2,2,69.7,57.1,5.2,6.3,9919039.0
8773,Medellín,Financiero,11.3,36.92,68.4,2,4.69,19.7,-1.0,1,64.9,72.8,23.6,5.2,7598364.0
8774,Cali,Agricultura,5.3,12.07,58.0,10,3.06,26.4,0.3,1,56.4,64.7,35.0,5.0,6899236.0
8775,Bogotá,Comercio,60.0,65.4,57.5,105,4.24,26.0,15.1,4,67.7,63.3,32.4,7.0,27541755.0
8776,Bogotá,Comercio,6.8,26.86,69.2,7,4.75,30.2,7.8,1,71.4,77.8,45.5,7.1,8697824.0
8777,Cartagena,Manufactura,38.5,43.92,61.8,10,4.36,1.4,11.4,0,76.7,66.8,2.2,6.6,10420299.0
8778,Bogotá,Manufactura,20.3,53.66,64.1,120,4.68,13.2,3.8,3,70.8,76.8,41.6,6.3,30475011.0
8779,Bogotá,Agricultura,6.0,31.83,43.4,61,3.6,23.8,5.8,4,62.1,57.6,10.4,8.0,15053892.0
8780,Otras,Comercio,5.3,14.5,51.4,5,2.57,30.6,2.1,2,55.2,40.5,45.6,5.8,5464770.0
8781,Cartagena,Información,11.6,5.36,71.7,4,4.99,14.7,-3.3,0,72.5,62.6,84.0,6.4,7826495.0
8782,Bogotá,Profesionales,1.0,62.61,76.0,13,4.84,13.3,1.0,0,65.4,67.2,68.8,6.8,9902953.0
8783,Manizales,Profesionales,5.2,30.76,64.6,2,3.91,11.8,11.2,1,65.7,62.2,48.2,6.5,7357818.0
8784,Pereira,Hoteles,7.7,22.98,55.6,4,3.24,28.1,3.2,1,63.1,66.9,59.6,5.6,5823829.0
8785,Medellín,Manufactura,8.9,25.8,63.9,1,4.63,15.6,10.2,0,64.1,68.0,87.3,6.4,7023328.0
8786,Bogotá,Comercio,7.7,30.73,52.9,8,3.39,26.8,3.4,0,69.2,67.9,85.8,6.4,7193095.0
8787,Cali,Comercio,17.6,72.75,56.9,17,2.9,32.4,15.8,1,69.3,69.2,51.6,5.7,9506967.0
8788,Pereira,Manufactura,1.4,42.82,53.6,84,2.99,28.3,2.7,2,62.1,61.0,11.7,6.2,16013579.0
8789,Bogotá,Financiero,15.3,78.69,78.0,13,5.7,8.2,5.5,1,75.8,83.2,97.3,5.6,12446554.0
8790,Bogotá,Información,5.1,54.49,71.4,13,5.87,12.8,16.8,3,70.5,74.1,57.1,6.9,12461414.0
8791,Bogotá,Transporte,30.9,44.45,51.8,23,3.8,17.5,4.3,1,64.6,70.8,73.2,5.6,9925721.0
8792,Bogotá,Hoteles,11.7,56.58,67.8,30,3.87,25.1,4.6,0,73.5,78.2,66.7,5.1,12043183.0
8793,Pereira,Comercio,29.7,59.53,57.6,39,3.2,31.0,8.5,1,58.7,57.7,20.4,6.5,11773771.0
8794,Medellín,Comercio,7.4,48.74,51.7,29,3.56,22.3,1.1,0,54.0,51.9,97.0,4.8,8991430.0
8795,Bogotá,Comercio,15.2,38.16,69.5,18,3.52,22.7,6.3,1,74.1,74.3,86.2,5.8,10107769.0
8796,Medellín,Manufactura,10.4,47.07,37.7,12,3.2,12.6,2.8,0,67.4,58.8,19.0,6.0,6208465.0
8797,Cartagena,Información,8.7,16.44,71.1,40,3.75,17.6,10.7,0,70.9,68.2,57.1,5.8,13570535.0
8798,Bogotá,Información,35.5,24.35,73.0,18,5.26,9.3,11.0,2,70.9,80.9,53.7,7.5,13846099.0
8799,Medellín,Financiero,28.7,73.14,77.1,42,5.34,0.3,-0.0,1,72.9,74.0,99.1,6.5,17421712.0
8800,Bucaramanga,Profesionales,5.6,29.19,70.8,13,4.3,16.5,3.9,1,72.1,61.2,94.7,5.7,10158945.0
8801,Cali,Transporte,6.3,8.3,60.4,3,2.81,24.0,9.2,3,70.9,61.0,46.7,6.6,7983085.0
8802,Bogotá,Construcción,7.9,24.86,52.5,4,4.17,22.5,5.4,3,56.5,64.8,76.1,6.1,6927546.0
8803,Medellín,Manufactura,4.3,48.23,62.8,18,3.56,19.3,-7.2,0,65.1,59.9,11.6,6.0,8535508.0
8804,Bogotá,Información,2.7,51.86,66.0,12,4.97,8.1,7.0,2,65.8,82.8,39.7,6.8,10174554.0
8805,Medellín,Manufactura,7.6,11.2,49.6,12,3.13,12.5,9.6,0,66.8,69.0,23.2,5.7,7482959.0
8806,Bogotá,Minas,9.7,42.29,76.7,28,5.59,5.3,11.3,1,86.5,71.8,45.3,5.7,15922050.0
8807,Cali,Manufactura,11.1,20.34,59.0,16,4.05,17.4,4.8,0,58.6,74.6,98.1,6.1,8583611.0
8808,Bogotá,Minas,8.6,46.34,71.1,19,5.84,7.4,12.0,0,78.9,72.8,93.9,5.4,12937302.0
8809,Cali,Hoteles,2.7,0.01,47.4,4,2.98,29.0,-1.8,0,53.6,56.2,51.2,5.3,4563274.0
8810,Bogotá,Minas,34.9,30.94,71.4,57,5.41,9.3,6.1,0,78.8,69.1,3.5,5.8,21003544.0
8811,Medellín,Comercio,10.3,17.07,43.2,7,2.35,19.1,14.1,0,63.0,51.7,56.4,4.9,5699960.0
8812,Medellín,Hoteles,10.9,55.86,51.1,18,3.59,26.9,2.1,0,55.5,59.0,98.9,5.3,7305119.0
8813,Bogotá,Profesionales,5.5,46.1,74.1,14,4.94,1.6,4.9,1,70.3,76.8,73.8,5.9,11134158.0
8814,Bogotá,Agricultura,19.9,4.05,49.8,62,4.05,22.2,12.8,5,58.1,66.6,24.3,7.0,17503451.0
8815,Bogotá,Transporte,3.5,51.18,64.3,30,4.3,25.7,5.6,0,63.5,67.8,10.2,6.1,11093057.0
8816,Cali,Comercio,25.0,54.24,49.6,4,3.88,25.9,7.3,2,68.9,51.9,42.7,6.6,6962511.0
8817,Cali,Comercio,19.5,38.54,68.1,81,3.32,29.3,12.9,0,64.4,68.6,98.3,5.2,17884100.0
8818,Bogotá,Comercio,20.5,54.88,64.4,12,3.62,20.9,-4.1,2,65.8,65.8,81.8,5.9,8413471.0
8819,Manizales,Transporte,14.0,70.82,48.1,16,4.11,15.0,5.8,1,71.2,46.6,46.6,5.5,8288532.0
8820,Bucaramanga,Manufactura,19.0,38.54,67.2,1,4.08,21.9,9.7,1,59.1,66.4,42.5,6.4,7362650.0
8821,Manizales,Transporte,20.2,30.88,60.3,14,4.47,8.9,7.4,1,65.4,51.0,51.5,5.6,8857257.0
8822,Cali,Manufactura,12.8,21.89,65.2,9,4.06,15.6,11.6,0,60.6,74.6,78.6,5.5,8349449.0
8823,Bogotá,Comercio,6.2,65.67,57.0,3,3.55,30.9,2.9,2,54.1,66.6,13.8,5.6,6687707.0
8824,Medellín,Construcción,52.3,16.67,58.6,19,4.42,18.3,6.8,0,78.8,73.6,87.6,6.2,11495871.0
8825,Bogotá,Comercio,11.0,16.92,61.4,4,3.69,22.3,7.9,0,73.9,71.7,29.6,5.7,7751524.0
8826,Bogotá,Hoteles,12.7,48.73,72.3,9,3.59,34.4,12.8,2,76.8,71.4,69.8,7.5,10303128.0
8827,Bogotá,Profesionales,12.5,5.91,76.6,21,4.57,13.7,6.2,5,77.9,83.6,70.1,7.6,14760984.0
8828,Cali,Minas,60.0,53.57,63.9,42,4.87,6.8,11.8,4,76.1,64.0,95.9,7.6,26381066.0
8829,Bucaramanga,Construcción,8.7,16.84,63.1,6,3.7,25.4,5.4,1,63.5,72.8,81.8,6.5,7498008.0
8830,Cali,Profesionales,13.5,11.54,69.0,2,4.52,21.5,7.5,0,57.6,73.2,15.4,7.7,7415665.0
8831,Pereira,Información,6.6,31.26,53.7,35,4.69,18.6,-0.1,2,54.8,56.0,17.6,6.4,12422316.0
8832,Bogotá,Comercio,4.7,38.62,61.3,9,4.84,29.5,-1.3,1,71.7,68.9,41.5,6.2,8296464.0
8833,Bogotá,Manufactura,9.2,66.37,55.2,9,3.76,14.8,5.0,0,60.3,72.6,58.1,6.0,6954468.0
8834,Manizales,Minas,4.0,43.88,63.0,25,4.61,17.7,-7.6,1,60.3,73.8,57.6,6.5,10919473.0
8835,Bogotá,Hoteles,37.7,49.96,56.0,6,2.93,25.2,-1.8,1,82.3,72.4,45.9,6.4,7856005.0
8836,Cartagena,Comercio,2.3,13.48,63.7,15,2.42,22.8,-2.1,1,60.3,61.6,24.1,5.7,7796165.0
8837,Cali,Transporte,9.8,41.21,64.0,17,3.79,21.9,15.8,2,56.2,54.4,70.8,5.9,9930491.0
8838,Bogotá,Construcción,9.7,37.48,67.1,158,4.23,25.5,6.3,1,57.9,67.8,3.3,5.4,42879192.0
8839,Medellín,Manufactura,8.5,57.96,71.6,5,3.33,21.6,7.4,0,62.1,66.5,31.3,5.9,7655610.0
8840,Bogotá,Construcción,12.1,26.43,62.3,12,4.54,21.4,-0.3,2,73.2,68.6,12.3,6.7,9890116.0
8841,Bogotá,Comercio,7.6,56.77,58.5,4,3.23,33.4,6.9,1,50.4,54.5,69.4,6.5,5438868.0
8842,Bogotá,Comercio,17.8,57.7,52.3,23,3.79,20.2,6.6,0,64.7,68.3,12.1,5.9,9576224.0
8843,Cali,Salud,6.7,0.21,70.6,7,4.03,12.2,9.9,1,70.0,55.7,10.9,6.2,9287587.0
8844,Medellín,Comercio,9.4,71.07,56.5,4,3.73,25.8,1.0,0,62.3,58.9,34.0,5.9,6275509.0
8845,Medellín,Información,24.6,50.53,68.4,40,4.63,5.1,2.0,0,73.2,65.0,97.5,6.5,15263197.0
8846,Bogotá,Manufactura,32.7,2.34,53.4,32,4.57,11.0,6.4,1,71.0,57.6,66.6,6.7,12353635.0
8847,Otras,Agricultura,14.7,50.01,47.7,9,2.54,26.9,1.8,1,63.2,51.6,71.5,5.3,5990959.0
8848,Bogotá,Construcción,5.1,66.24,59.2,15,3.63,27.0,13.9,0,71.4,59.5,6.5,6.4,13535356.0
8849,Medellín,Hoteles,26.8,30.83,47.3,16,2.17,22.0,7.6,2,76.6,65.2,85.0,6.9,8224519.0
8850,Cali,Profesionales,11.3,15.12,62.7,9,4.38,20.1,2.1,0,78.0,61.1,12.0,5.0,8614781.0
8851,Cali,Energía,6.2,23.83,75.3,18,4.65,18.7,-5.1,3,73.2,65.0,33.4,5.8,12070972.0
8852,Cartagena,Manufactura,13.3,69.2,57.3,66,3.5,20.9,9.4,0,76.4,50.2,14.8,5.0,15693691.0
8853,Barranquilla,Comercio,6.5,43.53,56.2,58,3.62,24.9,8.0,1,65.3,60.5,82.4,6.4,22111391.0
8854,Medellín,Financiero,3.8,5.94,76.6,2,6.01,17.4,8.8,1,76.3,83.1,85.2,6.3,9479701.0
8855,Medellín,Comercio,11.8,77.04,45.8,53,3.05,31.2,8.7,2,64.1,65.4,75.2,7.1,12275446.0
8856,Bogotá,Comercio,19.8,49.98,57.8,3,3.32,27.7,3.4,1,63.7,70.6,85.4,8.3,6856033.0
8857,Cali,Comercio,4.6,78.95,46.6,33,3.29,30.5,19.0,1,65.1,68.6,16.5,6.2,10095884.0
8858,Medellín,Manufactura,5.3,75.41,68.7,28,3.58,25.7,2.3,3,71.5,81.7,77.8,6.9,12465082.0
8859,Bogotá,Manufactura,8.3,58.63,79.6,4,4.36,20.0,10.5,0,75.0,75.1,73.6,5.2,9220893.0
8860,Bogotá,Transporte,5.2,11.04,61.0,51,3.9,22.5,6.9,1,64.8,59.6,77.5,7.9,14109032.0
8861,Manizales,Información,26.7,50.28,73.6,3,4.77,14.1,12.8,0,69.6,73.3,87.7,6.3,9503541.0
8862,Cali,Comercio,8.9,44.39,55.2,5,3.46,22.2,4.3,2,64.9,65.4,3.4,7.6,7172333.0
8863,Bucaramanga,Comercio,27.1,77.82,46.4,19,1.61,17.0,-3.7,1,49.2,55.7,92.0,6.3,5396161.0
8864,Medellín,Información,14.6,71.94,72.1,41,5.14,4.7,12.3,3,83.6,67.6,40.6,7.5,17902249.0
8865,Otras,Minas,5.4,62.81,81.9,6,3.77,15.0,2.7,1,68.6,60.4,2.7,6.1,9256603.0
8866,Medellín,Transporte,7.8,70.48,79.2,8,3.93,27.9,10.2,2,73.7,66.8,84.8,6.3,10283667.0
8867,Cali,Agricultura,1.7,26.99,46.8,8,2.91,19.9,5.7,2,52.7,57.2,27.9,6.4,5815742.0
8868,Bogotá,Transporte,40.1,62.63,52.6,11,3.4,23.9,11.2,0,67.1,55.0,75.6,5.5,8065699.0
8869,Bogotá,Comercio,9.1,47.34,50.5,1,3.68,32.2,14.8,1,54.9,59.6,44.6,6.4,5535218.0
8870,Bogotá,Comercio,9.4,7.67,60.3,56,2.98,25.2,-2.3,1,68.2,72.4,13.6,5.3,13343104.0
8871,Medellín,Comercio,24.5,12.91,55.2,20,3.04,18.9,4.0,2,68.2,60.1,37.3,7.0,9348932.0
8872,Cali,Comercio,5.9,77.09,57.7,33,2.74,27.5,5.5,1,64.4,60.2,98.4,6.3,10389682.0
8873,Bucaramanga,Financiero,5.8,37.09,61.5,43,4.97,8.5,8.2,1,64.4,65.5,57.4,7.1,15653579.0
8874,Pereira,Manufactura,11.0,56.22,69.5,22,4.72,19.3,3.6,0,67.0,57.9,69.8,6.3,10881916.0
8875,Bogotá,Financiero,16.4,10.9,69.5,1,5.26,7.3,12.4,1,68.2,76.0,93.9,6.0,8680286.0
8876,Cali,Comercio,7.4,38.11,46.2,32,2.91,31.2,7.1,3,64.4,53.0,56.3,7.8,10219383.0
8877,Barranquilla,Información,17.4,28.45,68.2,11,5.04,12.8,9.2,1,72.1,75.6,58.5,6.5,10671051.0
8878,Bogotá,Manufactura,15.6,28.93,72.3,9,4.51,23.9,2.7,1,68.9,64.2,19.5,5.9,9121016.0
8879,Bogotá,Comercio,10.4,44.27,57.4,13,4.09,26.3,-0.4,2,58.6,71.7,6.0,7.6,7956077.0
8880,Medellín,Comercio,11.8,48.58,50.1,11,2.54,26.4,2.0,1,53.1,62.5,43.7,6.8,6139373.0
8881,Bogotá,Transporte,11.6,47.22,54.7,38,4.16,23.6,5.1,1,59.7,76.2,94.6,6.9,12368788.0
8882,Barranquilla,Comercio,7.1,74.74,41.0,101,3.15,26.8,11.4,0,51.1,71.1,99.4,6.0,17370718.0
8883,Bogotá,Información,1.9,1.18,80.3,20,5.58,14.2,13.7,2,62.4,66.2,13.4,7.9,12840041.0
8884,Bogotá,Construcción,22.5,75.55,52.9,12,4.39,26.5,18.7,3,62.8,61.4,35.6,6.9,9880982.0
8885,Cali,Construcción,5.2,30.52,76.2,6,3.07,22.0,6.8,2,69.2,63.1,81.8,5.4,9400563.0
8886,Bogotá,Profesionales,22.2,53.46,72.4,79,4.52,11.6,2.5,2,76.8,72.0,56.3,6.6,22600457.0
8887,Bucaramanga,Transporte,10.6,50.69,57.3,12,3.56,19.5,4.0,2,71.7,59.9,45.7,7.2,8413474.0
8888,Medellín,Información,8.8,76.02,75.1,6,5.37,9.2,-5.0,0,70.9,71.2,78.3,7.1,8779765.0
8889,Bogotá,Comercio,17.3,5.82,60.8,3,3.6,22.2,7.9,0,63.4,67.6,35.0,5.7,6789106.0
8890,Bogotá,Información,3.8,73.8,79.6,7,6.15,12.4,11.3,0,65.1,76.4,83.4,6.1,9950978.0
8891,Bucaramanga,Profesionales,7.8,20.13,79.8,46,4.07,15.4,7.9,2,70.9,89.1,15.1,7.7,16745017.0
8892,Otras,Agricultura,30.0,29.81,46.4,26,2.43,15.6,8.8,2,67.2,58.4,95.1,7.0,9985104.0
8893,Bogotá,Energía,12.9,31.41,67.6,40,5.76,17.1,6.6,0,67.9,62.4,43.9,4.4,16523931.0
8894,Bucaramanga,Financiero,36.1,60.6,64.8,8,4.79,7.9,-1.4,2,76.5,74.5,52.1,7.8,9775018.0
8895,Bogotá,Transporte,9.0,72.0,58.2,11,3.76,20.5,6.0,0,72.9,80.0,88.7,7.2,8869219.0
8896,Bogotá,Agricultura,49.5,36.36,60.9,10,3.23,13.6,8.3,2,76.9,69.5,38.4,4.9,10451289.0
8897,Bogotá,Salud,22.9,36.01,81.9,13,5.64,15.5,7.5,1,83.5,71.3,32.5,6.6,13214043.0
8898,Medellín,Profesionales,13.5,24.83,63.6,14,5.02,22.0,2.9,0,66.7,57.7,2.7,4.5,9142979.0
8899,Otras,Profesionales,4.4,61.95,61.3,14,4.47,20.2,9.2,3,66.6,57.4,24.7,6.6,9829097.0
8900,Bogotá,Financiero,16.2,60.28,93.3,9,6.55,1.4,5.8,2,81.9,81.9,91.6,6.5,14009484.0
8901,Bogotá,Transporte,5.3,36.14,66.4,6,3.2,22.6,0.6,2,69.3,63.5,77.6,6.3,8318515.0
8902,Cali,Agricultura,12.1,23.09,43.8,9,2.31,30.0,2.3,2,55.1,60.6,48.4,7.7,5758353.0
8903,Bogotá,Manufactura,11.7,52.2,81.2,25,4.79,16.6,6.3,2,65.2,75.3,16.8,7.0,13607020.0
8904,Bogotá,Hoteles,4.5,51.95,62.2,11,3.14,28.4,-2.1,0,60.9,64.8,58.3,5.6,7212382.0
8905,Bogotá,Información,7.7,44.17,60.0,8,4.84,11.3,8.3,0,75.0,67.6,27.0,6.4,8795741.0
8906,Barranquilla,Construcción,4.9,2.12,60.1,6,3.9,20.3,-8.7,1,62.2,74.4,18.3,5.7,7095172.0
8907,Bucaramanga,Comercio,45.1,70.2,48.5,20,2.76,15.9,1.6,0,68.2,46.6,66.1,5.5,7426370.0
8908,Bucaramanga,Comercio,6.1,0.5,41.7,21,3.74,28.5,12.8,1,51.0,62.1,85.2,6.6,7969692.0
8909,Cartagena,Comercio,14.4,38.65,43.8,25,3.35,30.9,16.1,0,62.8,57.6,27.1,5.4,8793306.0
8910,Bogotá,Agricultura,3.6,52.06,54.9,14,3.9,9.2,-2.4,2,62.0,72.5,82.4,7.0,8698115.0
8911,Cali,Manufactura,2.7,44.94,58.9,10,3.83,26.6,11.7,2,55.3,65.5,4.2,6.5,7711882.0
8912,Barranquilla,Información,7.5,68.05,60.4,11,4.96,11.4,-1.0,0,63.0,54.7,94.9,7.1,8182484.0
8913,Medellín,Agricultura,5.4,28.04,61.0,1,3.75,22.6,5.4,2,67.4,61.9,2.0,6.6,6957141.0
8914,Bogotá,Agricultura,3.7,75.22,45.1,14,3.19,29.1,11.4,1,63.1,55.6,34.3,5.7,7238186.0
8915,Bogotá,Comercio,10.1,49.62,57.7,8,2.63,17.4,6.2,3,61.8,65.7,96.8,7.5,8172443.0
8916,Manizales,Información,13.2,49.0,54.6,78,4.55,5.4,-1.7,2,51.7,55.4,79.6,7.2,19925562.0
8917,Medellín,Agricultura,4.1,72.1,33.6,28,2.37,17.6,5.4,0,45.9,63.8,67.0,5.6,6415411.0
8918,Barranquilla,Comercio,2.6,64.47,59.1,22,3.13,32.6,11.2,0,52.4,64.6,69.7,6.2,8462870.0
8919,Medellín,Agricultura,7.3,54.54,41.1,5,3.01,19.6,7.6,0,58.3,56.1,87.2,6.2,5583050.0
8920,Medellín,Minas,57.1,79.43,76.8,9,5.98,9.9,8.7,0,82.4,73.8,30.1,5.7,12255919.0
8921,Bogotá,Comercio,28.3,43.67,52.4,34,4.33,21.9,10.0,1,71.6,85.5,54.8,6.2,13199749.0
8922,Cali,Comercio,24.6,52.99,52.8,18,3.09,23.4,5.0,0,68.6,55.2,60.3,5.9,8036200.0
8923,Bucaramanga,Construcción,14.4,16.29,67.7,16,4.34,21.8,-2.2,2,76.3,62.6,68.4,6.3,10899831.0
8924,Bogotá,Minas,13.9,16.08,76.1,13,4.38,22.4,17.2,0,82.5,78.5,7.5,6.1,11652890.0
8925,Bogotá,Construcción,4.1,47.45,69.6,13,4.98,22.3,17.2,1,59.6,63.9,91.3,5.6,9771100.0
8926,Medellín,Transporte,11.3,56.44,57.9,5,3.44,13.0,-8.9,1,64.4,56.6,43.4,6.1,6113124.0
8927,Barranquilla,Profesionales,2.7,28.53,55.6,13,3.48,12.0,12.4,2,71.7,59.2,74.3,6.1,9085783.0
8928,Bogotá,Comercio,1.3,43.76,64.2,10,3.91,31.8,-7.0,0,62.4,68.6,97.2,6.5,7409175.0
8929,Bogotá,Información,15.1,10.27,57.1,22,5.5,10.4,11.3,2,64.3,67.3,69.5,7.5,12466711.0
8930,Bucaramanga,Financiero,2.2,14.24,67.5,13,4.97,15.5,7.0,0,73.4,64.0,34.1,6.2,9640464.0
8931,Bucaramanga,Comercio,7.7,3.84,55.1,7,2.87,25.5,11.9,1,64.6,74.2,16.8,6.4,7770012.0
8932,Bogotá,Comercio,38.2,60.67,67.6,11,3.6,21.6,-8.2,2,75.1,72.3,59.8,6.7,8525482.0
8933,Barranquilla,Construcción,7.1,43.15,44.3,20,4.07,21.2,0.5,1,42.3,41.1,37.8,6.0,7139706.0
8934,Barranquilla,Comercio,54.6,35.01,60.7,49,2.96,15.7,8.7,1,81.6,59.6,54.4,6.1,13855362.0
8935,Medellín,Transporte,12.3,52.93,48.8,30,4.74,23.0,2.5,1,60.1,61.0,11.7,5.1,11338155.0
8936,Barranquilla,Construcción,10.5,59.68,65.2,15,3.61,28.6,5.5,2,66.3,54.8,57.3,7.3,9262846.0
8937,Barranquilla,Hoteles,9.6,46.34,44.4,6,3.13,25.5,-7.3,0,53.0,55.6,96.3,5.2,4749273.0
8938,Bogotá,Transporte,20.0,7.12,60.1,13,3.65,18.5,1.2,3,72.3,60.2,34.6,6.6,9525236.0
8939,Barranquilla,Información,5.8,27.7,65.2,27,4.03,21.6,13.1,0,57.6,56.2,99.9,6.4,9954189.0
8940,Cali,Agricultura,6.4,63.74,51.5,5,3.46,23.4,3.8,2,65.7,66.1,66.1,8.5,6913321.0
8941,Cartagena,Comercio,5.6,47.32,62.1,1,4.2,23.9,2.7,0,68.0,66.3,85.8,5.6,6776794.0
8942,Barranquilla,Profesionales,9.3,6.31,62.2,12,4.37,15.4,8.1,0,59.2,61.8,50.9,6.3,8641341.0
8943,Bogotá,Comercio,6.3,29.06,71.3,7,3.88,25.7,15.2,1,70.6,72.5,5.9,5.5,9321198.0
8944,Cali,Salud,13.9,7.45,87.0,14,2.78,11.4,7.6,0,79.0,69.9,3.8,7.0,10755582.0
8945,Bogotá,Comercio,9.8,55.09,55.7,16,3.87,34.7,3.1,2,53.5,66.5,1.0,7.4,8405461.0
8946,Bogotá,Transporte,20.1,78.28,68.2,10,5.17,22.3,3.6,0,69.9,68.4,46.0,5.4,9354300.0
8947,Cali,Comercio,7.3,74.83,61.8,17,3.75,32.0,-3.0,1,72.3,61.2,37.1,6.9,9307051.0
8948,Medellín,Información,5.4,58.71,63.6,40,4.21,18.0,6.5,3,50.4,59.8,1.6,6.1,13953173.0
8949,Bucaramanga,Construcción,11.1,36.66,55.3,17,4.48,18.8,10.5,1,60.3,54.8,81.7,8.0,8953034.0
8950,Manizales,Información,7.6,55.5,83.7,5,5.2,14.1,15.4,0,75.7,73.0,89.3,5.1,10213459.0
8951,Otras,Profesionales,32.3,54.48,51.3,28,3.6,17.4,11.1,0,76.4,44.7,10.1,4.6,10795545.0
8952,Cali,Comercio,29.3,22.64,54.0,5,3.52,25.2,0.2,1,82.2,62.4,35.0,6.9,7558173.0
8953,Cali,Minas,7.0,61.52,59.1,13,3.88,16.1,-0.4,0,57.9,55.2,57.9,7.2,7490305.0
8954,Medellín,Financiero,10.9,14.98,85.8,77,5.98,7.9,0.0,3,77.9,73.6,12.8,7.0,28550497.0
8955,Bogotá,Profesionales,13.8,75.56,66.9,19,5.29,12.3,7.6,5,70.0,73.9,87.1,8.7,13472947.0
8956,Bucaramanga,Comercio,7.4,64.88,58.4,6,4.16,25.9,6.6,0,55.6,59.3,60.3,7.1,6304888.0
8957,Pereira,Manufactura,11.1,39.13,66.7,13,4.49,21.6,10.4,0,70.9,59.5,1.7,7.7,10162095.0
8958,Bogotá,Salud,6.6,38.31,68.5,17,4.17,19.0,3.1,3,82.9,69.1,65.8,8.3,11715761.0
8959,Manizales,Hoteles,16.2,64.94,61.8,7,3.39,30.2,11.0,1,64.9,52.1,11.1,7.3,7679936.0
8960,Cartagena,Comercio,4.1,23.43,51.5,12,2.89,22.5,6.2,1,58.1,67.0,70.4,7.1,6974599.0
8961,Medellín,Manufactura,13.9,9.48,62.0,29,4.7,23.7,-1.9,0,69.0,60.4,39.1,6.2,11545442.0
8962,Pereira,Financiero,7.5,73.57,66.5,42,4.3,14.7,-6.2,1,69.7,59.4,10.1,6.7,14212039.0
8963,Medellín,Comercio,22.3,72.14,66.6,174,3.88,21.0,11.8,4,81.4,77.8,25.3,6.1,37026483.0
8964,Cali,Construcción,7.6,76.89,52.7,6,3.99,21.7,6.5,1,60.5,60.0,33.4,5.9,6965313.0
8965,Cartagena,Comercio,7.4,37.47,54.0,5,2.76,22.8,11.9,2,57.3,59.4,57.1,7.7,7134881.0
8966,Bogotá,Comercio,13.2,34.63,61.7,17,4.06,15.9,12.1,0,73.4,76.1,65.7,4.9,10113611.0
8967,Medellín,Profesionales,6.7,44.94,70.1,1,4.52,11.2,4.0,2,61.6,79.0,86.1,5.8,8293750.0
8968,Bogotá,Comercio,7.2,77.89,54.1,24,3.18,28.7,2.8,1,52.8,64.3,15.8,7.3,8122100.0
8969,Bogotá,Hoteles,21.9,5.62,49.3,19,3.78,29.7,15.1,2,66.0,73.4,90.5,7.8,9846222.0
8970,Cartagena,Comercio,10.9,16.08,55.1,14,3.85,21.6,3.9,1,73.4,61.2,4.6,8.4,8289295.0
8971,Cartagena,Manufactura,22.9,30.78,70.9,60,4.46,12.7,12.6,0,83.6,53.0,74.2,6.2,19147195.0
8972,Bogotá,Minas,4.0,39.56,81.6,24,5.9,11.4,1.3,2,74.8,64.6,6.7,7.2,14531900.0
8973,Bogotá,Comercio,35.9,22.67,66.4,24,2.63,18.8,6.9,2,69.4,74.0,70.8,7.1,10522484.0
8974,Bogotá,Información,1.7,27.41,82.3,64,5.89,13.8,12.6,3,64.9,72.7,42.9,7.0,24699066.0
8975,Medellín,Transporte,34.5,17.89,62.4,12,4.08,16.7,4.2,2,76.8,62.6,79.9,6.9,14073186.0
8976,Bogotá,Transporte,7.6,27.63,64.7,4,3.46,20.2,-1.0,2,68.3,70.7,71.5,6.0,8044841.0
8977,Cali,Transporte,3.6,38.95,50.7,17,3.19,15.1,11.6,3,54.8,53.7,77.1,5.8,8766007.0
8978,Barranquilla,Hoteles,6.3,56.4,50.0,1,2.55,28.5,18.7,3,61.4,56.1,9.7,6.7,6743402.0
8979,Medellín,Hoteles,21.5,44.43,50.9,31,3.02,27.1,-0.4,2,67.2,68.0,19.3,7.9,9921944.0
8980,Bogotá,Minas,15.5,44.1,75.9,3,6.23,5.8,6.6,2,80.7,79.0,96.7,6.9,10794098.0
8981,Medellín,Manufactura,19.2,27.11,56.3,15,4.52,13.4,0.6,1,59.5,69.2,50.8,6.2,8564180.0
8982,Cali,Comercio,5.1,36.51,62.5,3,3.48,35.2,10.2,1,68.3,59.2,4.7,5.8,6971193.0
8983,Bogotá,Manufactura,11.9,24.57,50.5,45,4.1,19.3,7.5,1,59.5,62.3,25.8,6.3,13221769.0
8984,Medellín,Construcción,18.8,17.26,54.7,21,3.43,17.3,3.8,1,68.3,65.7,93.8,6.1,9414349.0
8985,Bogotá,Información,11.7,74.02,63.8,71,6.26,13.4,0.7,3,61.7,71.4,13.3,7.1,25256564.0
8986,Bogotá,Transporte,8.7,58.19,66.9,6,3.76,29.0,11.2,0,77.0,70.6,48.5,5.2,8391444.0
8987,Bogotá,Transporte,43.1,41.71,78.0,43,3.8,18.9,9.3,5,90.4,71.9,93.3,7.2,27207978.0
8988,Bucaramanga,Hoteles,4.4,27.31,40.5,5,2.75,33.0,11.9,0,53.3,53.9,14.3,6.9,5157068.0
8989,Cartagena,Construcción,14.1,29.98,69.4,22,3.82,22.8,13.1,0,83.7,63.7,10.4,5.8,11479808.0
8990,Cali,Profesionales,9.2,23.54,67.0,8,4.23,11.4,6.3,2,60.7,65.6,21.9,5.9,9086608.0
8991,Pereira,Financiero,4.3,5.7,68.6,15,6.02,6.1,-1.7,1,66.8,67.5,27.8,6.2,10817598.0
8992,Cali,Transporte,5.8,15.03,52.6,44,3.58,33.0,-5.2,3,61.5,54.6,22.7,7.1,12257794.0
8993,Cartagena,Comercio,4.6,26.97,50.8,37,2.5,23.2,9.1,0,48.6,53.8,6.0,6.2,8979947.0
8994,Medellín,Financiero,12.6,71.36,63.2,12,4.72,16.9,4.0,1,60.6,70.7,26.0,7.3,9069667.0
8995,Pereira,Financiero,7.4,0.67,59.1,14,5.16,6.9,11.9,1,61.6,61.3,14.3,5.2,9432802.0
8996,Bogotá,Profesionales,25.2,3.23,68.5,4,5.51,15.7,11.5,1,78.6,76.1,70.8,6.2,9426564.0
8997,Bogotá,Transporte,2.4,57.31,58.4,7,3.65,25.1,7.6,1,64.2,80.3,91.9,7.3,7762647.0
8998,Bogotá,Información,9.2,63.97,73.8,3,5.09,14.1,7.7,1,68.5,73.9,55.9,7.0,9045291.0
8999,Bogotá,Manufactura,10.7,13.32,54.9,109,4.19,10.4,0.6,3,69.0,70.0,46.5,6.1,25666992.0
9000,Bogotá,Hoteles,41.9,19.35,50.1,80,2.82,23.9,9.4,0,64.0,69.2,33.8,6.0,15497068.0
9001,Medellín,Hoteles,8.7,13.11,55.3,5,3.47,32.5,2.6,1,54.4,56.7,96.8,5.4,5679426.0
9002,Bogotá,Hoteles,7.6,57.04,68.6,11,3.59,32.5,12.3,3,67.3,71.4,55.1,7.5,10084183.0
9003,Cali,Financiero,3.5,14.97,68.3,7,5.43,10.5,-0.9,1,60.0,69.6,80.6,5.4,8410721.0
9004,Bogotá,Profesionales,5.2,64.07,72.0,9,4.5,14.7,14.2,1,66.8,69.6,85.1,4.9,9769223.0
9005,Bogotá,Información,19.3,42.28,72.1,28,5.16,4.8,-0.1,2,72.4,77.7,83.2,7.0,14813365.0
9006,Bogotá,Profesionales,19.1,29.03,80.5,11,5.09,9.2,-2.4,3,74.3,82.5,63.6,8.9,12004079.0
9007,Cali,Financiero,15.3,4.52,73.9,5,4.12,0.3,4.6,0,68.9,74.6,63.4,5.4,9051385.0
9008,Medellín,Financiero,16.7,70.38,70.7,28,4.84,13.9,3.3,0,73.6,68.1,87.1,6.2,13119374.0
9009,Otras,Comercio,10.3,45.82,46.9,11,3.57,21.2,0.5,0,65.9,47.5,36.4,7.0,6548189.0
9010,Medellín,Comercio,4.0,50.17,65.6,10,3.14,23.9,14.2,0,64.2,71.1,10.8,6.1,7951370.0
9011,Bogotá,Hoteles,12.8,58.75,60.1,18,3.96,28.9,-0.5,0,71.6,74.6,88.9,5.4,9465044.0
9012,Bogotá,Financiero,17.8,69.56,67.5,79,5.26,5.4,8.5,1,74.9,71.4,74.5,7.1,24797843.0
9013,Cali,Información,1.3,31.43,74.3,34,4.56,20.5,2.5,3,76.0,63.5,0.1,6.4,14846499.0
9014,Bogotá,Energía,6.0,40.16,65.4,23,4.81,12.1,7.8,0,60.8,76.9,21.7,6.0,11293377.0
9015,Cali,Comercio,20.7,43.67,53.0,5,3.74,27.5,0.9,1,67.1,66.4,12.6,5.2,6512463.0
9016,Medellín,Transporte,7.9,8.06,48.8,2,3.52,29.5,11.6,4,56.5,60.9,25.7,6.1,6701533.0
9017,Medellín,Transporte,7.2,27.85,47.9,4,3.37,23.4,-3.3,1,54.3,67.9,63.3,6.0,5473412.0
9018,Bogotá,Agricultura,36.7,32.55,30.9,22,2.82,20.2,10.7,2,53.6,57.6,90.5,6.4,7883602.0
9019,Cali,Profesionales,9.2,53.14,60.7,4,4.27,19.9,6.4,2,58.0,67.8,63.8,5.8,7172617.0
9020,Bogotá,Construcción,26.4,23.37,58.4,16,3.78,24.5,16.1,0,78.8,61.7,24.9,6.6,10087323.0
9021,Barranquilla,Transporte,5.8,70.28,51.0,22,3.45,14.0,6.9,1,65.8,55.3,42.3,5.0,8822778.0
9022,Pereira,Información,7.5,29.55,68.7,29,4.24,21.3,6.1,0,63.1,67.2,32.7,5.9,11807246.0
9023,Bogotá,Profesionales,6.8,78.2,85.1,83,5.55,6.7,7.2,3,75.3,81.4,1.9,6.6,28605968.0
9024,Medellín,Comercio,11.9,33.99,62.0,15,3.11,30.1,4.4,1,68.0,70.6,48.0,5.0,8896047.0
9025,Bogotá,Transporte,28.6,73.53,49.9,10,3.43,19.5,8.1,0,71.0,73.0,7.6,5.4,7473127.0
9026,Medellín,Financiero,2.7,54.76,85.9,5,6.0,22.0,11.6,3,72.1,67.2,39.7,6.8,11134102.0
9027,Medellín,Comercio,16.0,39.31,55.8,15,3.11,27.9,6.8,1,58.8,68.9,90.6,7.0,8024013.0
9028,Medellín,Comercio,2.3,58.15,45.3,45,3.38,27.9,2.5,1,56.6,64.8,33.7,7.4,11045335.0
9029,Bogotá,Información,1.0,41.74,65.4,3,5.12,20.3,4.3,0,60.6,65.9,53.7,6.3,6616953.0
9030,Pereira,Manufactura,9.1,28.2,60.9,16,3.65,17.1,15.4,4,58.3,72.6,92.7,8.7,10172535.0
9031,Bogotá,Profesionales,5.7,59.74,79.5,10,5.45,6.9,-3.2,1,58.5,84.5,18.2,7.9,9929274.0
9032,Medellín,Profesionales,5.5,53.54,68.0,19,4.81,13.7,12.9,2,63.1,71.3,0.5,6.5,11732622.0
9033,Bogotá,Manufactura,3.9,34.91,68.3,50,4.63,23.1,10.7,5,63.0,71.1,0.3,8.1,17839731.0
9034,Bogotá,Comercio,3.3,4.65,48.8,12,3.55,28.6,12.6,0,66.2,74.0,31.0,6.0,7342326.0
9035,Pereira,Comercio,1.8,43.95,48.4,14,3.66,28.0,9.0,1,62.5,56.2,3.0,6.9,7416675.0
9036,Bogotá,Agricultura,7.1,16.95,48.4,3,3.24,21.6,-7.4,1,66.6,67.3,88.2,7.7,5763751.0
9037,Bogotá,Transporte,4.8,51.25,53.9,12,4.21,22.9,17.5,1,63.7,69.7,56.5,6.1,8553877.0
9038,Barranquilla,Comercio,5.8,21.24,56.4,7,2.64,28.0,15.9,2,45.0,54.5,1.7,8.2,6347377.0
9039,Bogotá,Manufactura,18.0,59.74,66.1,14,4.93,15.4,10.1,0,74.5,73.8,14.4,5.4,10258188.0
9040,Cali,Manufactura,24.8,57.02,39.3,14,3.51,10.3,8.8,1,61.9,59.0,74.2,7.3,7446480.0
9041,Bogotá,Construcción,18.6,22.77,59.0,16,3.18,24.3,3.7,0,76.0,58.2,15.6,5.6,8334570.0
9042,Medellín,Comercio,17.5,13.98,63.6,4,4.04,26.5,10.2,0,73.7,59.5,14.2,6.3,7720833.0
9043,Cali,Salud,3.2,8.42,70.6,39,4.47,24.1,-0.2,1,59.2,52.8,92.6,6.0,13567855.0
9044,Medellín,Comercio,7.5,51.59,79.4,4,4.41,24.9,-2.1,0,69.1,76.7,88.2,7.1,8189505.0
9045,Medellín,Manufactura,20.3,12.03,77.8,16,4.27,17.6,1.8,1,79.7,73.1,68.7,6.5,11816359.0
9046,Bogotá,Hoteles,3.2,5.37,48.4,15,3.54,25.1,3.5,0,54.3,66.5,23.7,5.6,7083710.0
9047,Bogotá,Comercio,13.9,60.2,68.3,3,4.7,21.3,3.1,1,73.4,78.0,57.1,5.4,8134759.0
9048,Pereira,Comercio,1.8,66.82,53.1,3,2.64,24.1,-2.2,1,53.9,53.5,30.2,6.1,5342986.0
9049,Bogotá,Transporte,10.8,4.06,55.7,28,3.77,16.3,15.1,2,70.9,65.5,84.4,6.5,11859482.0
9050,Cali,Comercio,6.6,63.51,57.4,20,4.53,26.3,4.2,2,57.4,75.8,18.4,8.0,9968048.0
9051,Cali,Manufactura,9.9,40.7,68.5,31,4.67,18.3,2.2,2,73.0,74.1,29.1,6.9,13657170.0
9052,Cali,Comercio,6.8,74.57,42.6,4,4.06,23.0,2.1,0,58.7,56.9,5.8,4.8,4935799.0
9053,Pereira,Comercio,22.6,49.9,54.5,23,3.35,18.2,10.6,0,67.3,66.0,58.1,7.2,9430661.0
9054,Pereira,Profesionales,7.7,30.42,63.5,18,4.05,11.2,9.0,2,57.3,52.1,28.3,7.9,9503016.0
9055,Medellín,Comercio,7.0,61.7,38.4,8,3.08,30.4,9.8,3,43.8,52.5,83.7,8.0,5442738.0
9056,Cali,Manufactura,3.6,9.17,56.0,39,4.07,22.1,3.6,0,56.3,61.6,3.9,6.0,12225054.0
9057,Barranquilla,Comercio,11.2,41.16,52.4,3,3.13,20.1,-2.4,0,69.2,67.8,49.5,5.6,6147468.0
9058,Medellín,Comercio,9.3,31.34,69.8,8,3.6,34.2,8.6,2,66.6,79.0,69.4,6.8,9041175.0
9059,Bogotá,Construcción,7.4,78.37,57.5,43,4.25,22.8,0.1,1,66.4,62.4,95.7,5.9,13158650.0
9060,Barranquilla,Información,31.0,10.42,66.4,8,5.34,14.5,5.8,0,80.5,55.0,6.6,6.8,11469316.0
9061,Cali,Información,12.8,24.23,65.8,34,4.46,14.6,-3.0,2,63.0,74.2,33.5,8.2,12753696.0
9062,Barranquilla,Comercio,6.2,60.24,64.4,53,3.63,27.9,13.4,0,68.0,66.6,13.1,5.6,14809205.0
9063,Bogotá,Construcción,25.7,6.39,51.4,10,3.91,25.1,9.7,2,67.9,71.6,25.1,6.8,8398098.0
9064,Barranquilla,Comercio,23.9,63.38,29.9,3,3.65,22.5,9.3,1,65.3,49.7,60.4,6.4,5275233.0
9065,Medellín,Agricultura,4.9,32.85,66.3,10,3.32,23.1,-5.4,1,53.3,61.2,24.6,6.3,7212372.0
9066,Medellín,Comercio,10.0,73.44,64.8,6,3.17,19.8,4.5,2,55.8,67.6,56.4,7.0,7091921.0
9067,Medellín,Manufactura,3.5,66.25,63.5,22,4.06,25.0,-4.0,1,71.7,72.0,84.7,4.8,10739862.0
9068,Pereira,Comercio,7.0,64.8,64.4,5,3.22,26.6,10.8,4,54.5,65.4,10.0,7.7,7973659.0
9069,Barranquilla,Comercio,22.8,63.6,46.7,4,3.28,25.4,14.6,1,70.9,58.3,98.2,5.8,7287643.0
9070,Bogotá,Comercio,14.5,45.01,62.2,7,4.81,21.8,14.6,1,72.3,77.1,66.0,7.3,9142261.0
9071,Cali,Información,24.7,15.91,77.3,14,4.52,0.9,15.1,0,81.9,79.2,39.1,5.5,18884230.0
9072,Medellín,Transporte,5.7,7.23,62.8,6,3.89,23.7,2.0,2,59.5,69.4,68.7,6.7,7458504.0
9073,Cartagena,Manufactura,2.9,7.77,66.6,2,4.22,20.3,12.0,0,60.1,60.7,28.7,6.5,6948625.0
9074,Bogotá,Manufactura,3.0,2.08,65.0,49,4.37,15.3,0.9,1,76.6,77.3,87.0,6.2,16191097.0
9075,Bogotá,Comercio,13.3,7.74,63.2,7,4.34,33.6,7.2,0,66.9,71.6,67.8,6.6,12664140.0
9076,Barranquilla,Hoteles,7.0,76.76,59.6,3,2.86,28.1,10.8,1,65.0,63.0,84.1,7.8,7090591.0
9077,Bucaramanga,Agricultura,25.3,50.35,42.0,32,2.41,17.0,8.6,1,58.6,53.1,60.0,6.9,8694077.0
9078,Bucaramanga,Comercio,9.1,2.29,46.8,32,2.79,26.7,7.3,0,63.8,47.3,90.7,6.5,8308279.0
9079,Barranquilla,Manufactura,9.8,77.1,63.6,24,2.59,19.2,2.5,2,62.7,70.0,33.6,7.1,9581074.0
9080,Barranquilla,Manufactura,7.9,13.54,57.7,31,3.83,21.3,14.7,1,54.2,55.8,33.9,5.8,11015419.0
9081,Cartagena,Comercio,3.6,35.49,64.8,15,3.57,20.3,10.9,0,71.1,63.5,24.2,5.4,8882564.0
9082,Barranquilla,Información,4.2,6.21,67.9,6,4.51,9.1,6.3,1,67.5,63.8,99.6,6.5,8599018.0
9083,Bogotá,Transporte,14.9,75.1,64.1,12,3.55,20.3,12.8,0,70.2,74.4,69.1,5.4,9163786.0
9084,Medellín,Manufactura,37.6,56.08,70.0,53,4.79,8.6,-1.5,0,74.2,69.4,74.5,5.9,17280969.0
9085,Otras,Comercio,13.7,15.7,53.4,22,2.46,19.9,-7.8,1,58.5,53.4,61.4,6.0,9543119.0
9086,Bogotá,Energía,9.8,51.02,87.3,32,5.75,15.2,10.2,1,73.3,86.2,46.0,6.1,17404754.0
9087,Bogotá,Información,16.1,0.45,71.0,117,6.03,1.3,9.0,3,71.5,78.1,26.8,6.1,37352967.0
9088,Bogotá,Manufactura,10.4,47.37,60.9,9,4.97,30.8,-4.6,1,71.5,77.1,96.9,5.9,8685946.0
9089,Medellín,Construcción,4.9,66.07,58.8,5,4.11,24.9,5.9,3,69.5,63.7,7.9,6.6,7634027.0
9090,Bogotá,Información,12.1,60.07,90.1,51,5.4,7.1,3.3,0,67.1,79.0,83.5,6.1,19771866.0
9091,Medellín,Profesionales,3.9,23.63,66.6,29,4.04,17.3,8.2,0,65.2,73.8,61.0,5.2,10987066.0
9092,Pereira,Transporte,22.5,7.93,51.8,18,3.06,22.7,-5.0,1,55.3,59.5,36.2,6.1,6731027.0
9093,Bogotá,Comercio,12.7,73.94,59.9,7,4.18,29.4,-2.4,3,55.5,70.5,8.6,6.8,7426433.0
9094,Bogotá,Manufactura,8.7,9.34,73.8,134,4.42,14.5,11.2,2,69.1,66.9,7.0,6.2,32658058.0
9095,Barranquilla,Construcción,38.0,45.32,72.6,7,4.18,23.0,18.7,3,78.7,66.5,27.4,7.2,11700776.0
9096,Medellín,Comercio,6.3,35.78,57.3,16,3.53,20.0,4.5,0,62.0,70.6,86.2,5.4,8412209.0
9097,Medellín,Financiero,6.3,57.53,69.9,39,5.89,5.3,6.6,0,59.8,63.6,18.9,6.7,15380192.0
9098,Bucaramanga,Transporte,53.0,22.97,54.4,48,2.98,10.1,9.6,2,78.1,61.8,40.4,6.8,14207701.0
9099,Cali,Transporte,7.9,66.12,64.0,16,3.56,27.5,-1.7,1,65.8,66.4,37.1,5.9,8875876.0
9100,Bogotá,Salud,26.0,49.55,70.1,40,4.71,20.2,13.3,2,85.7,69.2,65.9,7.4,17427621.0
9101,Bogotá,Comercio,4.7,6.42,64.3,18,3.62,29.0,5.1,2,64.4,79.6,27.6,6.9,9849933.0
9102,Bogotá,Comercio,10.6,61.94,67.2,6,3.9,25.5,4.9,1,64.5,75.7,64.0,5.7,8113467.0
9103,Barranquilla,Profesionales,15.4,42.34,50.5,14,4.61,10.8,4.2,3,59.8,60.3,13.5,7.2,8768443.0
9104,Cali,Comercio,16.5,41.22,55.9,12,3.77,16.3,-2.7,1,76.8,62.3,62.4,5.7,12697776.0
9105,Cali,Profesionales,57.7,50.26,65.9,33,4.83,1.6,-1.7,1,83.8,65.3,44.3,6.0,14593509.0
9106,Bogotá,Agricultura,8.6,78.92,45.3,13,3.25,17.7,3.6,4,48.5,61.6,38.2,7.4,7633443.0
9107,Bogotá,Transporte,3.9,54.86,67.5,67,3.73,19.7,15.2,2,75.5,61.8,51.0,7.5,23501464.0
9108,Cartagena,Comercio,15.4,61.26,60.6,8,3.88,23.2,10.3,3,80.7,62.0,91.1,6.3,10092861.0
9109,Bogotá,Comercio,6.0,49.94,66.3,8,4.05,21.1,8.6,2,59.7,71.9,75.8,6.6,8254050.0
9110,Bogotá,Construcción,10.5,55.75,65.0,19,3.99,20.9,13.0,2,71.0,79.7,90.6,6.0,17099748.0
9111,Bogotá,Manufactura,29.4,11.84,69.0,57,5.15,18.1,2.8,1,77.8,76.4,1.4,6.8,20037214.0
9112,Bogotá,Transporte,1.5,47.41,55.6,3,3.56,23.3,-2.7,0,71.5,64.5,30.6,5.7,6357232.0
9113,Bogotá,Comercio,5.7,59.4,62.6,8,3.78,30.4,12.4,1,58.8,68.6,90.2,5.7,7973517.0
9114,Medellín,Comercio,9.5,8.3,46.4,2,4.37,31.6,8.8,1,54.0,55.7,27.3,6.4,5076878.0
9115,Bogotá,Comercio,7.2,2.36,62.6,8,3.88,27.5,-2.7,3,67.0,72.5,68.0,6.9,8527832.0
9116,Pereira,Manufactura,5.6,67.25,55.1,15,4.37,9.9,5.9,0,63.0,62.7,19.7,6.5,8288549.0
9117,Otras,Información,39.2,2.28,79.4,16,4.69,4.4,5.5,2,84.0,65.1,78.8,5.9,13207475.0
9118,Bogotá,Comercio,9.8,7.55,61.9,32,3.45,23.3,18.1,1,58.8,78.1,39.5,6.9,11703856.0
9119,Medellín,Construcción,29.7,52.15,59.1,14,3.39,20.7,4.1,3,69.9,67.2,96.2,7.1,9420966.0
9120,Medellín,Salud,23.0,9.69,72.8,32,5.02,19.6,3.8,0,86.6,80.2,39.3,6.4,15904719.0
9121,Medellín,Información,25.6,28.74,72.6,21,5.88,8.6,8.8,0,75.8,76.3,81.3,5.1,13560474.0
9122,Cali,Comercio,7.1,26.88,63.4,4,3.07,30.1,12.4,1,71.7,64.4,14.6,5.6,8117878.0
9123,Pereira,Salud,8.4,55.37,47.8,50,3.77,19.2,8.2,0,62.0,46.0,11.6,5.3,12495365.0
9124,Medellín,Comercio,26.9,78.82,68.0,1,4.04,28.1,-4.8,0,81.0,61.0,93.6,5.9,7242943.0
9125,Bogotá,Manufactura,15.0,36.57,64.7,106,3.79,18.9,8.9,1,64.4,80.7,79.1,5.3,24259416.0
9126,Medellín,Profesionales,15.0,4.2,73.7,10,3.82,17.5,-2.4,1,77.1,68.0,79.5,6.2,9460818.0
9127,Bogotá,Minas,24.3,47.51,91.2,54,5.85,6.1,-3.5,1,80.3,78.0,64.6,5.6,22682536.0
9128,Medellín,Comercio,14.2,63.79,55.9,7,3.43,27.0,9.1,1,61.6,62.2,32.0,6.5,6976629.0
9129,Cali,Profesionales,9.4,56.48,67.9,109,4.6,21.9,22.5,1,64.1,74.8,76.2,5.4,27777270.0
9130,Barranquilla,Construcción,11.0,61.33,55.6,19,2.99,24.5,5.1,0,55.0,62.9,24.9,6.6,7996257.0
9131,Barranquilla,Comercio,2.0,30.78,56.1,4,2.22,29.4,8.4,1,61.9,55.8,76.1,6.3,5715587.0
9132,Medellín,Comercio,22.7,42.06,62.4,14,3.82,27.2,9.0,1,78.1,78.2,84.4,7.3,10665276.0
9133,Bogotá,Financiero,22.6,52.1,84.1,24,5.65,4.5,4.3,1,86.9,81.3,1.5,6.5,16147326.0
9134,Medellín,Transporte,25.9,21.56,56.0,1,4.0,19.0,4.9,1,63.6,59.3,52.3,6.2,6308332.0
9135,Barranquilla,Comercio,14.8,69.84,59.2,15,3.8,32.3,2.5,0,56.9,73.0,56.9,7.9,7764507.0
9136,Medellín,Construcción,10.8,37.11,72.6,11,4.33,20.8,5.6,2,70.8,80.4,35.5,7.3,10325012.0
9137,Bucaramanga,Construcción,7.8,16.32,58.7,3,3.95,28.2,9.6,1,58.4,50.9,78.5,6.6,6149072.0
9138,Bogotá,Transporte,8.5,32.64,62.7,6,4.45,25.9,9.3,1,65.2,69.1,90.0,6.3,8095784.0
9139,Pereira,Construcción,17.6,2.73,47.4,50,3.93,28.2,9.3,3,62.6,45.5,28.5,7.1,14385720.0
9140,Otras,Comercio,3.7,55.5,34.5,3,2.73,29.0,3.1,0,64.0,42.4,12.3,6.6,4188799.0
9141,Cali,Profesionales,14.5,42.87,65.2,24,3.5,9.1,4.2,3,67.5,68.3,88.1,6.8,12266641.0
9142,Medellín,Salud,33.7,51.64,62.7,14,4.48,11.6,7.9,0,76.5,66.5,81.8,6.2,10920067.0
9143,Bogotá,Transporte,14.6,1.26,54.7,13,3.76,20.6,6.1,4,66.5,59.5,74.2,7.0,9321549.0
9144,Bogotá,Comercio,3.1,70.1,64.0,4,4.14,35.8,2.3,3,73.4,66.7,81.0,7.0,8281230.0
9145,Bucaramanga,Información,3.9,18.13,69.7,8,4.8,16.0,15.7,2,67.7,61.2,90.1,6.7,9695538.0
9146,Cali,Comercio,2.6,42.21,56.5,17,3.85,25.2,6.7,0,63.6,69.2,44.8,6.6,8362634.0
9147,Pereira,Profesionales,2.3,26.87,61.1,33,3.88,3.8,8.1,2,60.7,56.3,38.9,6.3,11728157.0
9148,Bogotá,Comercio,46.5,31.44,57.7,74,2.96,25.1,1.2,3,69.6,68.1,56.1,7.7,16193834.0
9149,Bogotá,Financiero,2.3,36.96,77.1,33,6.06,4.2,2.1,1,72.7,83.1,38.8,4.9,16598653.0
9150,Bogotá,Comercio,11.2,35.94,52.8,27,5.16,26.6,9.4,3,65.4,68.2,3.4,7.2,12713059.0
9151,Bucaramanga,Comercio,3.7,25.12,55.5,25,3.72,33.4,7.0,0,53.9,61.5,48.3,7.2,8785517.0
9152,Bogotá,Manufactura,23.6,67.77,72.3,91,4.77,18.5,3.8,0,71.2,73.4,78.4,7.1,25706212.0
9153,Bucaramanga,Comercio,11.3,71.62,48.7,122,3.41,25.2,-0.9,0,60.3,63.9,15.6,6.4,21510082.0
9154,Medellín,Información,7.0,28.26,79.1,47,5.91,15.7,16.9,0,71.4,74.9,25.8,6.9,19921338.0
9155,Bucaramanga,Información,14.6,64.45,67.6,14,4.92,15.0,-3.7,1,71.7,58.3,70.7,7.1,9470139.0
9156,Bogotá,Profesionales,10.6,61.78,84.2,7,4.79,23.7,17.3,1,78.0,75.4,6.8,5.5,11087766.0
9157,Bogotá,Transporte,58.5,78.32,71.0,32,4.57,9.8,18.3,0,75.3,72.3,93.1,6.1,16715093.0
9158,Bucaramanga,Profesionales,25.7,70.22,73.7,22,4.47,2.4,7.8,2,71.9,69.6,54.2,6.9,17139638.0
9159,Bogotá,Agricultura,46.5,39.36,54.6,21,2.16,11.7,7.8,1,70.7,70.7,32.0,6.0,9471109.0
9160,Cali,Comercio,24.0,15.36,57.5,16,4.12,22.4,4.3,0,63.6,61.6,3.9,6.2,8515399.0
9161,Medellín,Manufactura,9.4,47.64,75.8,37,4.15,11.3,-0.7,4,68.5,69.5,43.8,6.8,15023975.0
9162,Bogotá,Profesionales,4.8,41.99,70.2,7,5.82,18.7,4.3,3,67.4,74.9,44.3,7.5,9660260.0
9163,Bogotá,Energía,26.3,46.91,78.3,21,6.42,4.2,-1.7,3,74.8,85.6,79.7,7.3,14986360.0
9164,Bogotá,Hoteles,14.9,10.08,49.2,10,3.78,25.4,18.2,0,64.3,52.3,45.1,6.0,7717793.0
9165,Bogotá,Profesionales,25.3,50.36,65.4,1,5.41,14.4,6.3,2,73.2,72.7,42.3,6.7,8718458.0
9166,Bogotá,Salud,8.8,0.44,65.4,48,4.69,16.2,13.9,1,63.8,67.2,4.9,6.2,16578927.0
9167,Bogotá,Comercio,4.4,76.38,63.3,7,4.83,35.1,3.9,1,66.0,72.4,41.0,6.7,8409451.0
9168,Bogotá,Comercio,5.9,47.49,59.3,31,4.81,16.1,10.8,1,72.0,70.8,52.6,6.4,13207495.0
9169,Cali,Comercio,31.9,71.64,45.8,17,2.41,30.5,2.5,0,63.4,53.7,95.7,4.6,6880438.0
9170,Pereira,Comercio,5.0,76.85,62.1,15,2.6,24.9,7.5,0,69.1,59.9,59.6,6.4,7888532.0
9171,Manizales,Manufactura,3.1,67.83,53.1,30,4.08,16.2,2.1,2,59.0,50.7,56.9,5.4,10704367.0
9172,Manizales,Profesionales,12.1,65.99,49.4,34,4.44,17.6,7.4,0,64.1,53.2,86.3,6.5,12000793.0
9173,Barranquilla,Financiero,3.3,3.05,66.8,10,4.41,12.6,9.9,2,77.7,66.0,20.1,7.3,11935320.0
9174,Bogotá,Salud,10.5,70.94,69.6,2,4.55,5.7,9.6,2,72.6,82.4,55.4,6.9,8916499.0
9175,Barranquilla,Salud,5.1,3.78,51.2,8,3.98,18.5,11.6,2,70.4,57.1,49.4,6.7,7744565.0
9176,Otras,Transporte,6.2,12.66,57.7,8,3.47,28.4,2.6,1,66.4,42.4,46.2,6.7,6646238.0
9177,Otras,Agricultura,14.7,76.16,45.9,43,2.52,26.3,7.0,3,65.9,36.6,76.7,7.7,9995057.0
9178,Bogotá,Información,12.0,1.36,62.6,9,5.52,14.9,13.8,1,68.2,67.2,73.8,6.1,9419788.0
9179,Bogotá,Comercio,6.6,19.06,61.0,6,3.41,27.6,11.6,0,65.6,67.1,46.0,7.3,7380409.0
9180,Bogotá,Financiero,6.6,38.36,85.3,10,6.4,6.3,2.0,0,71.8,76.0,75.9,6.0,11417264.0
9181,Bogotá,Comercio,1.0,75.74,65.1,8,4.45,25.6,13.0,2,74.5,71.6,60.6,7.0,9612950.0
9182,Bogotá,Construcción,10.9,76.32,50.6,10,3.91,31.9,5.0,4,71.5,59.9,23.2,7.9,8779474.0
9183,Bogotá,Comercio,12.2,31.84,53.1,35,3.99,26.8,14.8,0,60.4,72.2,82.9,6.2,11027811.0
9184,Bogotá,Profesionales,19.7,31.56,68.8,24,4.67,7.6,2.6,1,72.2,79.5,12.5,6.5,12376184.0
9185,Cali,Agricultura,8.3,44.54,40.6,16,2.89,17.3,14.3,3,52.6,52.5,94.9,8.1,7376092.0
9186,Bogotá,Comercio,25.7,20.89,52.2,53,3.71,16.2,6.8,3,57.0,65.3,69.0,7.4,14504141.0
9187,Bucaramanga,Comercio,15.4,7.79,59.5,62,2.58,26.9,7.4,4,62.6,52.7,72.8,6.2,13392754.0
9188,Medellín,Manufactura,14.9,14.44,70.5,177,4.77,9.7,15.6,3,64.8,76.7,41.6,6.7,43031225.0
9189,Manizales,Agricultura,11.7,21.17,50.0,10,2.68,26.1,9.2,0,62.0,56.9,35.8,6.0,6508491.0
9190,Medellín,Información,1.0,66.45,77.3,56,4.42,6.6,8.0,1,67.9,75.6,32.6,6.2,17890371.0
9191,Pereira,Manufactura,13.4,66.11,64.7,56,3.84,17.2,1.5,2,72.9,59.6,46.5,7.6,16373926.0
9192,Bogotá,Manufactura,3.9,37.53,74.6,41,3.61,10.5,-1.1,3,79.7,81.3,47.6,7.0,15513436.0
9193,Cartagena,Hoteles,25.5,56.76,59.9,1,2.86,34.1,0.6,0,68.9,59.3,84.8,4.8,6177255.0
9194,Bogotá,Manufactura,60.0,15.09,49.8,53,4.99,0.0,4.3,3,77.6,67.4,70.8,7.6,18722357.0
9195,Bogotá,Comercio,12.7,77.33,66.1,11,4.33,27.5,3.0,4,63.2,67.0,67.5,6.8,9691525.0
9196,Medellín,Financiero,18.9,47.03,81.9,22,4.29,1.9,9.1,1,76.6,78.6,16.3,5.9,13264445.0
9197,Bogotá,Comercio,15.1,60.29,60.6,3,4.29,20.7,8.5,0,63.5,57.9,54.9,4.9,6668736.0
9198,Bogotá,Información,13.1,26.19,82.7,57,5.71,15.1,7.7,0,69.1,85.6,13.0,5.6,21390377.0
9199,Cali,Profesionales,6.6,14.2,71.1,6,4.44,16.9,22.3,0,80.5,58.4,32.5,6.5,9977545.0
9200,Medellín,Financiero,5.1,10.05,81.7,20,5.44,11.9,4.0,0,74.9,62.2,26.1,7.3,12351368.0
9201,Bucaramanga,Profesionales,16.5,69.01,72.5,8,3.89,11.9,6.8,2,61.4,67.9,90.5,6.1,8929990.0
9202,Medellín,Agricultura,19.3,48.88,63.9,16,2.82,22.7,6.2,0,74.9,76.8,13.1,6.1,8960529.0
9203,Medellín,Hoteles,8.7,34.4,51.9,39,3.77,34.3,8.9,1,57.3,66.9,76.9,5.6,11979753.0
9204,Cali,Comercio,8.7,35.27,44.9,3,4.32,37.6,10.5,1,61.2,46.5,43.5,7.0,5697127.0
9205,Pereira,Manufactura,9.0,10.2,69.6,41,4.76,26.8,12.2,5,75.7,59.1,77.6,7.3,17172230.0
9206,Cartagena,Información,5.0,26.03,79.2,29,5.28,11.6,13.3,2,79.1,68.8,95.7,7.1,15334686.0
9207,Barranquilla,Energía,10.1,5.26,77.7,34,4.22,4.2,12.1,2,74.6,75.1,81.2,6.4,15178859.0
9208,Bogotá,Transporte,2.2,27.55,58.5,19,3.85,30.6,13.7,2,61.3,72.3,78.3,7.0,9485733.0
9209,Bogotá,Información,5.6,75.3,64.0,21,5.57,12.7,3.8,2,63.5,70.0,64.0,6.8,12571839.0
9210,Bogotá,Construcción,4.7,1.05,75.6,3,4.66,22.4,6.6,3,68.6,82.6,49.2,6.4,9443696.0
9211,Medellín,Profesionales,60.0,61.25,67.2,33,4.2,11.6,-0.6,1,74.4,76.1,52.4,6.8,12941502.0
9212,Bucaramanga,Comercio,13.6,61.8,56.3,6,3.42,23.3,17.8,1,45.8,65.6,26.3,6.1,6576236.0
9213,Cali,Manufactura,11.1,31.81,62.1,36,3.63,22.6,10.9,2,70.3,69.6,38.2,8.4,13209851.0
9214,Barranquilla,Comercio,32.7,21.61,54.6,16,3.28,32.1,2.5,0,71.9,62.9,30.2,4.2,7759335.0
9215,Bogotá,Transporte,44.6,68.03,51.9,34,2.96,21.0,9.3,3,62.7,65.4,75.2,6.4,11688296.0
9216,Bogotá,Comercio,14.2,45.38,62.0,18,3.89,27.7,14.5,1,61.1,65.3,76.5,6.6,9694765.0
9217,Medellín,Transporte,5.3,59.98,55.4,10,4.3,15.1,9.7,0,63.9,70.0,56.8,4.8,7633136.0
9218,Barranquilla,Financiero,2.3,6.94,77.0,12,5.22,8.5,-2.4,1,72.3,51.4,51.6,7.4,10337091.0
9219,Cali,Hoteles,5.0,34.5,57.2,17,4.0,32.4,4.3,1,56.1,72.4,81.1,5.4,8579098.0
9220,Cali,Transporte,8.6,14.67,46.4,28,2.92,26.9,2.8,2,53.8,58.8,91.6,6.4,8048292.0
9221,Manizales,Construcción,57.4,46.43,60.9,24,3.76,16.3,11.4,0,84.7,46.8,21.1,5.4,12271324.0
9222,Medellín,Salud,7.1,66.58,72.6,64,3.87,22.4,4.7,1,70.1,69.9,41.5,5.8,17661162.0
9223,Bogotá,Profesionales,3.0,9.99,55.1,48,4.8,13.7,-0.4,0,61.1,72.1,68.2,6.2,15246018.0
9224,Bogotá,Comercio,8.9,58.38,67.3,40,4.49,22.2,12.9,2,70.8,73.1,67.0,5.9,15170402.0
9225,Bogotá,Transporte,4.0,36.33,66.7,9,3.91,12.9,13.7,1,69.4,70.9,12.9,7.9,9145729.0
9226,Medellín,Comercio,2.3,75.86,51.5,4,3.87,21.4,16.4,0,56.4,61.1,48.5,7.1,5686152.0
9227,Barranquilla,Comercio,9.9,39.56,55.1,10,3.09,34.1,10.7,0,71.3,52.3,65.2,6.7,7386451.0
9228,Medellín,Agricultura,7.6,57.26,50.3,24,3.81,23.5,-0.6,1,52.8,59.1,80.0,6.4,8840807.0
9229,Bogotá,Información,8.3,35.9,62.9,8,4.71,12.1,5.7,1,68.2,69.8,17.9,7.2,8732365.0
9230,Cartagena,Comercio,35.8,28.14,46.9,8,3.56,31.6,18.7,0,64.3,53.1,96.4,5.9,7717713.0
9231,Bogotá,Profesionales,12.7,50.7,64.8,7,4.48,8.8,10.8,0,60.3,72.8,32.4,6.5,8015130.0
9232,Cali,Salud,7.9,32.91,58.2,22,4.0,7.5,-2.0,0,55.5,60.2,81.3,5.8,9032080.0
9233,Bogotá,Comercio,7.9,44.73,56.0,11,3.62,28.2,13.0,3,63.7,56.0,6.8,7.2,12147176.0
9234,Barranquilla,Comercio,15.5,7.5,54.4,13,3.68,30.9,4.2,1,62.9,54.8,67.6,6.7,8112102.0
9235,Medellín,Profesionales,8.0,34.01,67.6,5,5.12,15.5,3.3,6,68.7,72.1,65.4,9.1,9991202.0
9236,Otras,Información,9.7,67.45,48.1,9,4.03,14.1,17.4,0,61.3,46.3,34.6,6.2,7036806.0
9237,Pereira,Comercio,4.6,56.93,51.3,11,3.46,30.9,9.7,3,61.2,64.0,17.3,7.1,7708508.0
9238,Cali,Hoteles,4.4,9.91,43.3,8,2.87,36.8,3.0,0,42.8,57.4,30.5,6.8,4710774.0
9239,Bogotá,Construcción,8.0,26.53,51.6,5,3.78,22.3,1.5,0,59.3,62.8,22.2,6.9,6182739.0
9240,Bucaramanga,Transporte,3.5,55.02,73.0,5,4.13,20.3,9.0,0,81.4,65.5,40.7,6.9,12740840.0
9241,Cali,Información,7.6,57.73,64.7,65,4.24,22.2,6.6,2,61.5,59.1,44.7,6.3,17627150.0
9242,Bogotá,Información,15.4,45.65,71.1,3,5.07,11.3,9.8,2,62.8,78.9,83.9,8.3,9430584.0
9243,Bogotá,Construcción,4.1,2.42,71.4,9,4.84,24.7,2.0,2,70.7,77.0,95.5,7.3,9988917.0
9244,Bogotá,Información,5.6,55.94,83.5,18,5.39,15.2,14.9,1,76.1,84.4,5.3,7.2,13475624.0
9245,Barranquilla,Salud,6.0,43.38,43.9,24,4.55,21.5,11.4,1,51.6,50.1,60.7,6.6,8766259.0
9246,Bogotá,Manufactura,4.2,79.11,57.2,14,3.87,19.7,10.9,1,55.9,74.0,32.2,5.3,8545810.0
9247,Cali,Comercio,19.8,25.3,71.6,16,4.11,27.1,9.6,2,75.0,67.5,70.5,7.9,11043224.0
9248,Barranquilla,Construcción,9.6,78.6,54.1,12,3.91,25.1,9.3,1,65.4,54.4,9.2,6.5,8034568.0
9249,Bogotá,Construcción,11.6,57.35,58.0,4,3.47,14.5,10.5,1,60.2,66.8,52.2,6.3,7478122.0
9250,Manizales,Profesionales,11.9,42.83,62.8,87,3.69,10.3,-2.6,4,70.1,70.4,86.8,7.3,21027891.0
9251,Bogotá,Minas,2.5,57.47,83.0,6,5.72,8.3,9.3,2,68.1,77.3,94.2,6.1,10495638.0
9252,Bogotá,Información,11.6,17.7,55.3,8,4.6,11.7,3.5,0,65.0,62.8,6.5,5.9,6928138.0
9253,Bucaramanga,Comercio,5.1,68.39,56.9,11,3.36,34.6,-0.3,1,62.0,66.5,29.0,6.0,7079758.0
9254,Cali,Agricultura,7.9,59.92,49.4,21,2.95,21.6,0.9,0,68.9,59.5,40.8,5.7,8388380.0
9255,Pereira,Hoteles,33.1,33.76,47.6,30,2.48,20.5,4.9,4,66.0,58.0,72.0,6.2,10013714.0
9256,Medellín,Manufactura,18.0,32.64,64.2,30,3.83,16.2,12.0,0,78.5,76.5,75.0,4.7,13018794.0
9257,Pereira,Comercio,9.3,62.39,64.5,6,4.56,32.6,-5.1,1,69.9,62.7,67.6,6.4,7985787.0
9258,Pereira,Salud,20.7,52.34,65.3,33,3.71,13.0,7.9,0,60.9,65.7,52.8,5.7,12003505.0
9259,Bogotá,Comercio,8.5,17.35,57.2,19,3.79,25.7,1.7,0,73.3,66.7,91.8,5.6,9386052.0
9260,Pereira,Comercio,7.7,68.83,56.5,28,3.19,23.9,-3.7,1,63.5,64.8,37.5,5.9,9284268.0
9261,Medellín,Comercio,17.0,63.09,47.5,10,3.36,26.7,4.2,1,59.3,60.2,75.8,6.9,6430550.0
9262,Cartagena,Comercio,10.0,30.62,47.7,23,1.5,34.0,3.4,1,60.0,58.2,6.5,6.5,6354147.0
9263,Medellín,Manufactura,60.0,16.27,56.7,46,3.75,12.7,6.7,3,68.4,71.9,79.1,6.5,15621104.0
9264,Bogotá,Comercio,7.2,72.86,67.0,14,3.83,33.4,7.2,3,60.0,60.3,45.1,6.8,9295106.0
9265,Barranquilla,Transporte,9.3,40.17,40.7,2,3.22,23.6,12.9,2,57.3,52.4,26.4,7.2,5194933.0
9266,Cali,Salud,3.5,10.72,56.1,13,3.92,18.1,-2.1,2,56.5,63.5,53.5,6.1,8167172.0
9267,Bogotá,Agricultura,16.9,60.89,58.3,14,2.46,28.2,1.4,4,70.5,69.4,9.2,7.1,9191021.0
9268,Manizales,Salud,25.7,3.57,65.6,90,3.61,11.2,10.1,2,82.6,61.3,56.2,5.5,21830725.0
9269,Bucaramanga,Comercio,2.6,10.97,66.1,5,3.27,28.6,1.9,0,54.0,63.5,7.2,5.4,6069195.0
9270,Cali,Comercio,2.3,67.2,47.7,7,3.51,27.7,8.0,1,56.1,55.8,11.5,6.3,6131731.0
9271,Medellín,Comercio,8.5,17.17,52.5,11,3.28,28.9,7.5,2,58.1,69.5,77.9,5.9,7087857.0
9272,Medellín,Comercio,6.1,24.15,41.3,7,3.3,34.3,4.9,1,55.8,68.2,32.1,6.1,5917547.0
9273,Pereira,Manufactura,12.7,3.12,54.9,12,3.2,19.9,1.3,1,62.9,56.7,25.8,5.5,7174238.0
9274,Bucaramanga,Comercio,6.9,10.58,67.4,9,4.49,24.4,2.9,1,66.1,71.5,64.8,6.8,8648691.0
9275,Cartagena,Financiero,14.1,40.28,79.2,20,5.02,11.9,8.2,2,78.0,66.2,62.2,6.0,13331549.0
9276,Bogotá,Comercio,60.0,37.62,50.0,14,3.93,21.5,13.6,1,66.6,64.0,53.5,7.1,10371050.0
9277,Bogotá,Comercio,9.2,57.55,57.3,2,3.5,24.5,3.6,0,61.2,71.1,16.5,7.1,6152135.0
9278,Bogotá,Comercio,21.9,49.37,73.8,12,4.58,30.4,0.5,0,72.2,74.1,29.3,5.1,9521525.0
9279,Barranquilla,Manufactura,21.9,77.78,72.1,64,5.01,10.6,3.5,2,68.5,69.1,61.6,6.9,20449455.0
9280,Medellín,Salud,7.8,40.21,65.4,3,4.55,22.2,5.3,1,74.4,69.7,30.3,7.2,7780535.0
9281,Cali,Construcción,14.8,58.92,50.7,17,4.25,32.3,11.1,5,60.5,48.4,40.8,9.1,9691562.0
9282,Manizales,Transporte,1.0,76.15,48.9,12,3.79,30.0,-2.0,1,64.8,46.2,95.9,7.1,6851952.0
9283,Bogotá,Energía,5.1,30.78,68.5,7,6.6,8.2,9.0,0,71.3,78.6,10.4,6.4,9579193.0
9284,Cartagena,Comercio,19.4,52.24,38.7,13,3.43,26.1,19.9,3,56.9,51.2,74.3,6.8,8268442.0
9285,Cali,Comercio,6.1,29.06,56.7,25,3.84,23.7,2.5,1,57.6,63.4,44.0,6.1,9998608.0
9286,Cali,Profesionales,11.9,40.9,72.4,26,4.34,8.6,-1.8,0,85.9,76.1,28.2,6.7,12932514.0
9287,Medellín,Transporte,6.9,11.71,63.5,44,3.96,28.2,5.6,0,72.5,68.1,53.5,7.2,13765121.0
9288,Bucaramanga,Manufactura,13.2,1.96,60.0,17,4.23,8.3,8.0,3,64.8,64.5,28.3,7.5,10330181.0
9289,Cali,Manufactura,12.7,73.12,43.4,42,3.65,18.4,2.9,1,57.7,58.0,2.6,6.3,10961600.0
9290,Bogotá,Comercio,7.7,78.53,61.7,5,3.81,33.0,10.8,1,64.7,59.2,31.3,6.5,7094359.0
9291,Bogotá,Manufactura,5.2,57.29,68.7,15,4.2,21.9,13.2,1,69.8,78.0,38.2,5.3,10573048.0
9292,Medellín,Energía,5.4,8.57,78.8,78,5.65,12.0,1.7,0,72.8,75.8,67.6,5.8,26416549.0
9293,Cali,Comercio,3.1,7.02,59.3,13,3.23,26.3,10.6,3,60.0,58.7,99.0,8.0,8053684.0
9294,Bogotá,Información,7.7,32.33,69.2,3,4.69,17.2,-2.3,0,69.4,63.7,60.4,5.1,8064755.0
9295,Medellín,Profesionales,10.5,15.51,68.9,4,4.76,13.3,12.3,0,61.2,66.2,14.1,6.6,7564983.0
9296,Pereira,Comercio,12.4,68.15,53.2,10,2.67,16.9,8.7,0,61.2,61.7,30.3,6.1,7233285.0
9297,Cali,Comercio,31.4,11.29,63.3,28,3.83,19.9,9.0,2,77.9,43.2,72.8,7.4,12570824.0
9298,Bogotá,Manufactura,9.2,46.97,76.5,28,4.32,23.4,1.6,3,78.6,78.5,1.4,7.4,14319918.0
9299,Pereira,Comercio,12.0,37.31,50.1,23,3.78,26.3,13.4,1,63.4,49.2,70.9,6.2,9344156.0
9300,Barranquilla,Comercio,45.9,77.13,51.0,5,2.97,29.1,10.5,2,79.9,56.9,61.2,7.1,8611573.0
9301,Cali,Comercio,8.4,55.4,56.6,18,3.53,21.6,-8.0,2,62.5,68.1,60.8,7.2,8515489.0
9302,Manizales,Profesionales,12.2,48.51,74.3,10,3.59,19.8,-4.5,0,75.3,60.5,94.2,6.7,8963026.0
9303,Medellín,Comercio,6.5,44.52,58.0,28,3.23,30.1,11.6,0,61.9,72.1,53.7,6.4,9980055.0
9304,Bogotá,Profesionales,31.1,58.73,57.8,35,4.41,12.4,11.7,1,61.3,68.6,94.9,6.6,13945650.0
9305,Bogotá,Comercio,2.3,78.19,60.4,10,3.8,26.1,9.6,1,64.3,72.9,74.8,5.5,8100154.0
9306,Bogotá,Financiero,43.3,33.86,70.2,87,6.36,6.8,-4.4,1,78.0,65.7,27.4,5.8,29533314.0
9307,Bogotá,Manufactura,35.9,45.69,65.0,14,4.31,11.4,2.1,1,84.1,72.8,13.8,6.1,11472607.0
9308,Bogotá,Información,10.1,59.99,71.8,14,4.7,15.5,6.1,1,82.0,67.0,22.5,7.4,10966257.0
9309,Bogotá,Información,9.0,72.84,78.0,2,6.03,11.9,3.2,0,71.6,75.8,93.9,6.4,8637778.0
9310,Bogotá,Salud,3.4,62.18,76.4,4,4.36,13.9,-0.9,0,68.8,75.7,74.7,6.1,8202194.0
9311,Cartagena,Financiero,60.0,76.47,59.2,98,3.96,5.0,6.9,4,89.8,69.9,29.9,7.4,25968252.0
9312,Bogotá,Profesionales,2.4,24.01,74.1,2,4.75,14.7,4.0,1,73.3,75.6,56.8,4.9,8580290.0
9313,Bogotá,Salud,4.8,50.47,58.1,22,4.41,18.1,16.8,1,56.3,62.6,81.2,6.6,10104185.0
9314,Bucaramanga,Agricultura,10.9,37.95,49.2,1,2.56,21.8,15.7,0,66.5,41.3,47.8,6.1,5874977.0
9315,Cali,Transporte,9.1,16.37,39.8,10,4.14,23.5,-11.4,3,56.2,62.8,87.3,7.1,6636637.0
9316,Bogotá,Agricultura,7.0,53.8,55.4,37,3.67,26.4,13.0,1,49.4,64.7,34.2,6.9,10966594.0
9317,Cali,Comercio,12.0,17.92,45.1,24,3.05,25.9,2.0,1,61.0,60.6,87.2,6.5,7691450.0
9318,Cali,Información,5.3,30.25,72.0,16,4.87,3.4,4.8,1,70.9,68.4,62.9,5.5,11675132.0
9319,Bogotá,Información,3.6,9.31,70.3,18,5.04,21.2,4.8,2,76.7,78.0,27.2,5.5,12193344.0
9320,Otras,Transporte,7.6,71.6,49.7,17,3.08,20.0,3.2,2,58.6,55.8,56.4,6.3,7622553.0
9321,Bogotá,Financiero,7.8,16.94,74.8,1,6.03,9.5,4.3,1,75.2,77.2,61.2,6.8,8556517.0
9322,Barranquilla,Comercio,12.3,7.54,53.9,12,2.69,30.3,4.5,1,65.0,64.0,4.9,5.8,7086372.0
9323,Otras,Agricultura,6.7,12.42,48.6,4,3.16,18.7,-3.1,0,61.7,50.4,86.1,6.2,5212640.0
9324,Bogotá,Minas,5.8,6.05,74.2,8,5.51,14.2,4.4,1,69.0,70.0,89.6,6.4,10246489.0
9325,Bucaramanga,Transporte,4.8,56.55,57.2,3,4.12,23.1,18.5,1,74.6,64.4,62.7,6.3,7249999.0
9326,Otras,Información,4.4,24.84,62.6,7,3.81,17.2,0.9,2,65.7,64.2,94.9,6.6,8197934.0
9327,Bucaramanga,Hoteles,10.2,3.93,44.6,11,2.68,28.2,2.5,1,58.0,56.3,46.6,6.0,6282657.0
9328,Pereira,Manufactura,12.9,29.06,58.5,14,3.81,13.5,20.2,1,63.9,55.0,57.3,6.7,8755160.0
9329,Bucaramanga,Profesionales,6.3,20.03,69.4,53,4.63,15.1,14.3,1,65.4,61.5,49.8,5.0,17267034.0
9330,Pereira,Información,4.0,6.95,65.4,36,3.14,18.8,0.1,5,70.0,66.6,16.3,8.4,12815626.0
9331,Bogotá,Construcción,8.0,56.27,66.5,1,4.36,19.4,1.3,0,64.6,72.6,65.4,4.9,6774532.0
9332,Cali,Manufactura,9.9,78.42,75.6,27,4.01,17.1,5.7,2,63.9,71.9,45.9,7.0,12137843.0
9333,Medellín,Transporte,11.1,23.84,33.3,17,3.04,18.6,3.8,0,48.4,54.3,83.3,6.1,5427476.0
9334,Bogotá,Agricultura,9.4,4.41,57.5,30,2.94,25.2,-1.6,1,61.3,61.1,48.1,6.1,9163588.0
9335,Cali,Transporte,24.5,3.83,65.2,13,4.22,19.2,0.1,1,68.3,62.4,29.6,7.0,9972007.0
9336,Bogotá,Manufactura,3.0,20.43,62.4,42,4.93,19.5,-9.6,1,52.1,73.8,74.0,6.4,13868060.0
9337,Bogotá,Comercio,2.9,53.28,61.9,12,3.52,24.8,-6.6,0,57.0,51.9,91.4,5.8,7179667.0
9338,Medellín,Transporte,4.0,56.32,58.7,15,3.82,31.7,7.3,0,65.0,68.2,15.3,5.9,8568482.0
9339,Otras,Comercio,9.6,26.08,53.5,3,3.49,14.9,9.0,1,62.5,47.3,65.1,6.2,6523872.0
9340,Bogotá,Financiero,14.2,21.2,61.4,4,5.41,4.6,1.4,1,73.1,70.4,49.7,5.1,8237284.0
9341,Pereira,Manufactura,19.4,59.2,56.3,26,3.92,17.5,13.8,1,70.3,59.4,70.6,5.6,11397687.0
9342,Medellín,Salud,12.3,58.18,78.9,5,4.72,11.0,23.1,1,73.9,69.8,74.2,5.3,11217742.0
9343,Bucaramanga,Salud,5.8,44.6,67.1,21,4.56,21.6,0.4,1,78.2,74.2,86.7,6.9,11599013.0
9344,Medellín,Financiero,31.1,39.2,72.2,58,4.52,0.0,10.9,6,81.3,69.8,13.5,7.7,22115352.0
9345,Cali,Información,8.5,62.21,75.8,42,4.44,14.3,9.8,0,65.7,68.2,5.7,5.4,15370150.0
9346,Bucaramanga,Hoteles,26.0,12.57,50.4,11,3.16,28.0,16.7,1,67.8,54.9,60.2,6.0,8409645.0
9347,Pereira,Construcción,1.8,10.78,55.2,19,3.1,25.8,-4.4,1,57.3,58.0,62.7,5.7,7849645.0
9348,Barranquilla,Transporte,33.5,49.88,50.1,10,3.36,23.7,-3.9,0,62.9,53.5,20.1,5.0,6453018.0
9349,Otras,Comercio,22.5,77.95,39.5,6,3.58,31.4,-0.4,3,61.0,37.4,88.6,6.8,5292207.0
9350,Bogotá,Profesionales,3.3,44.56,68.0,48,4.95,17.3,-3.1,1,65.6,66.6,42.5,5.3,16222812.0
9351,Bogotá,Profesionales,29.5,7.22,69.4,12,4.78,10.8,0.7,1,69.2,66.7,97.3,7.6,10202487.0
9352,Bogotá,Construcción,15.6,56.05,61.4,6,3.82,23.6,7.1,1,73.0,81.2,76.5,7.1,7771587.0
9353,Bogotá,Manufactura,5.9,25.01,69.2,34,5.49,18.1,6.3,0,71.9,70.6,50.7,6.3,14785713.0
9354,Cartagena,Manufactura,7.1,38.76,62.7,23,4.56,12.3,12.5,0,64.6,65.1,50.1,5.1,11141138.0
9355,Cartagena,Construcción,20.0,32.67,55.6,3,3.76,21.0,2.0,1,63.6,55.5,21.9,6.8,5934625.0
9356,Bogotá,Comercio,2.9,24.44,82.9,12,3.76,23.7,-3.6,0,79.4,76.3,0.1,5.9,10044586.0
9357,Bogotá,Comercio,24.9,38.72,56.5,9,2.87,19.3,8.3,1,58.6,62.1,10.5,5.3,7472616.0
9358,Bogotá,Profesionales,8.4,62.01,69.8,64,5.37,15.7,16.1,2,64.9,70.9,54.8,6.6,21954411.0
9359,Manizales,Manufactura,28.1,67.94,58.2,36,3.67,22.5,0.2,3,75.2,59.9,15.1,7.8,13146616.0
9360,Bogotá,Transporte,13.3,68.4,61.1,27,5.07,19.3,15.0,3,72.2,75.4,1.1,7.4,14018950.0
9361,Cali,Transporte,8.0,49.16,57.7,11,3.39,26.2,9.6,1,69.7,60.2,86.2,7.0,8009497.0
9362,Barranquilla,Minas,8.6,5.48,75.3,18,5.16,9.4,0.3,0,78.7,60.8,0.9,5.9,11889106.0
9363,Bogotá,Transporte,24.1,28.76,65.4,7,3.64,17.6,4.0,2,70.3,69.7,88.0,6.3,8889976.0
9364,Bogotá,Construcción,21.0,57.96,57.0,48,4.36,23.3,10.4,3,65.7,66.9,72.2,7.4,16126011.0
9365,Cali,Comercio,8.7,52.88,62.2,11,2.58,22.4,-1.1,0,63.2,65.1,86.8,6.1,7023263.0
9366,Medellín,Construcción,8.8,23.12,66.0,13,4.29,26.7,14.8,0,69.3,70.4,23.3,6.4,9589702.0
9367,Otras,Profesionales,9.2,76.52,52.1,15,4.48,17.8,20.1,0,63.1,59.0,6.7,5.6,9462150.0
9368,Cali,Comercio,16.1,57.23,46.3,9,3.95,28.5,8.2,0,48.3,63.6,72.8,6.9,5887203.0
9369,Bogotá,Manufactura,47.1,37.77,67.8,24,4.35,5.4,6.5,2,76.6,71.4,75.6,6.4,13477737.0
9370,Bogotá,Profesionales,12.8,58.34,70.2,12,5.18,5.0,17.5,1,62.8,66.3,2.8,5.5,10315350.0
9371,Bogotá,Financiero,7.0,34.41,88.9,7,5.87,10.4,2.7,1,79.0,79.7,40.0,6.5,11083620.0
9372,Bogotá,Profesionales,17.2,30.63,62.5,19,4.22,15.1,12.2,1,73.0,66.8,96.2,5.8,11118374.0
9373,Medellín,Comercio,28.8,56.38,60.1,24,3.47,30.6,-0.0,2,75.7,70.0,15.2,7.8,10573350.0
9374,Bogotá,Comercio,3.0,74.34,70.2,12,4.17,32.4,1.0,2,71.2,60.7,66.6,5.8,9766792.0
9375,Bogotá,Comercio,18.9,51.09,70.6,25,3.07,22.8,11.5,1,83.5,71.5,93.8,6.1,12110868.0
9376,Cali,Comercio,5.1,16.9,62.9,9,4.26,27.1,0.2,4,73.3,72.5,56.6,7.5,9843974.0
9377,Bogotá,Comercio,20.8,36.85,73.3,20,2.84,18.8,5.9,0,72.9,72.1,14.8,5.7,10826356.0
9378,Manizales,Comercio,13.4,73.31,61.7,11,3.94,21.6,9.9,2,58.2,65.1,37.6,6.8,8692506.0
9379,Bogotá,Información,8.9,57.68,67.2,31,5.15,17.9,7.6,4,63.7,67.0,46.5,8.5,15227486.0
9380,Medellín,Transporte,3.5,46.25,64.9,13,3.89,15.8,5.1,1,68.5,73.6,60.2,6.3,9350953.0
9381,Medellín,Transporte,8.2,40.46,79.9,16,4.02,24.1,-2.2,1,86.8,70.0,50.0,6.5,11733916.0
9382,Barranquilla,Comercio,5.7,79.54,52.9,22,3.23,30.6,-7.8,3,56.9,59.7,20.5,7.5,8776524.0
9383,Barranquilla,Profesionales,1.4,3.74,52.7,4,5.18,16.0,18.2,2,58.6,56.4,78.8,7.2,6735336.0
9384,Otras,Comercio,10.8,49.07,41.0,14,3.24,25.7,0.1,5,45.8,44.4,6.0,8.4,6831337.0
9385,Pereira,Agricultura,6.6,42.02,39.1,2,2.79,20.0,10.6,2,53.5,56.6,56.3,6.7,5052619.0
9386,Bogotá,Manufactura,8.6,20.38,43.3,18,3.16,11.5,9.9,1,57.0,53.6,63.2,5.9,7200249.0
9387,Cali,Comercio,26.3,37.87,55.5,17,3.71,25.5,4.4,3,69.9,56.3,54.6,7.3,9670824.0
9388,Bogotá,Minas,6.4,40.0,79.0,86,5.74,15.4,2.0,2,71.6,74.7,16.2,7.9,28206704.0
9389,Bogotá,Hoteles,6.2,6.57,56.0,2,3.07,32.1,-0.9,3,72.0,64.0,45.9,6.4,7072251.0
9390,Barranquilla,Comercio,10.8,16.31,51.0,6,3.68,9.1,16.0,0,63.4,59.0,17.7,4.6,7613766.0
9391,Cartagena,Salud,17.5,79.86,51.3,26,4.26,16.4,11.0,1,72.4,59.8,85.5,7.5,11316730.0
9392,Medellín,Comercio,22.7,17.94,56.9,72,4.0,15.8,8.4,2,69.1,69.0,16.4,6.3,19821047.0
9393,Pereira,Comercio,22.5,31.67,47.2,9,3.07,26.6,0.9,0,63.9,50.1,48.7,6.1,5750359.0
9394,Cali,Agricultura,5.2,51.3,50.7,2,2.81,22.1,8.4,1,62.6,68.6,47.4,6.4,6285248.0
9395,Bucaramanga,Transporte,13.4,70.84,53.0,11,3.39,16.1,5.4,2,70.2,57.4,2.2,6.5,7890109.0
9396,Barranquilla,Profesionales,9.1,30.56,68.3,6,3.58,20.4,9.0,3,74.9,65.9,72.0,6.0,9325951.0
9397,Cali,Hoteles,15.8,49.45,47.1,41,2.68,35.6,5.2,1,69.7,55.7,90.2,6.0,9842692.0
9398,Bucaramanga,Manufactura,6.4,36.74,51.2,47,4.54,21.4,-1.9,4,51.7,54.1,5.1,7.8,14713101.0
9399,Bucaramanga,Manufactura,4.4,35.57,70.8,43,3.43,11.4,4.4,3,65.9,66.3,75.8,7.7,14299086.0
9400,Pereira,Comercio,13.1,2.66,44.2,5,3.25,34.9,13.2,1,68.4,54.0,85.4,6.5,6383124.0
9401,Bogotá,Transporte,4.2,79.84,59.2,4,4.04,19.6,10.6,2,68.3,65.1,63.7,8.0,7681650.0
9402,Bogotá,Comercio,3.2,66.52,52.6,17,3.97,19.0,8.0,1,54.3,55.6,98.6,6.2,7903105.0
9403,Medellín,Hoteles,12.4,26.51,69.4,11,3.48,30.8,-4.9,0,65.9,66.8,69.9,5.8,7977923.0
9404,Cali,Energía,14.1,66.23,66.5,84,4.98,5.4,2.2,4,69.8,62.2,29.8,8.7,24645546.0
9405,Bogotá,Información,36.9,67.14,80.9,81,4.99,2.2,1.6,1,89.4,77.3,69.6,5.7,26106794.0
9406,Cartagena,Comercio,13.1,30.69,34.9,9,3.77,25.3,6.4,0,55.3,36.1,67.9,4.8,5106777.0
9407,Otras,Hoteles,4.4,40.1,45.0,10,2.92,20.0,8.5,0,51.6,42.5,43.8,6.5,5160901.0
9408,Cartagena,Agricultura,6.0,50.48,43.4,31,2.32,21.6,6.2,1,53.2,54.3,1.0,5.9,7921472.0
9409,Bucaramanga,Comercio,16.6,19.44,63.7,9,4.47,24.1,10.2,0,68.9,65.7,42.1,6.8,8749993.0
9410,Cali,Manufactura,20.9,59.23,63.8,18,4.44,17.4,2.7,1,64.4,58.2,41.6,6.9,12895623.0
9411,Bogotá,Minas,5.8,27.79,67.1,130,5.08,4.4,3.6,3,74.2,71.8,44.0,5.3,34917446.0
9412,Bucaramanga,Construcción,4.6,77.81,46.1,7,3.14,23.8,7.9,1,63.2,60.1,82.8,6.8,6548556.0
9413,Medellín,Comercio,8.3,25.99,58.0,2,3.75,29.4,4.5,4,69.9,59.0,39.7,6.1,7282268.0
9414,Bogotá,Profesionales,8.4,1.7,68.1,61,3.85,15.0,-2.2,2,63.6,67.7,34.9,5.5,16462140.0
9415,Cali,Comercio,33.4,42.18,53.8,11,3.75,27.6,2.6,2,53.7,55.7,80.6,8.1,7556667.0
9416,Bogotá,Financiero,2.0,58.12,62.4,52,5.63,2.7,15.5,3,57.2,66.0,68.7,7.4,18908150.0
9417,Medellín,Comercio,7.0,25.2,54.0,4,4.09,27.3,8.6,2,60.3,65.1,10.0,7.0,7318680.0
9418,Otras,Manufactura,59.6,12.81,48.9,137,3.63,13.5,12.4,5,87.6,48.2,53.1,7.4,30246947.0
9419,Bogotá,Profesionales,5.5,62.52,80.9,11,5.39,19.7,-0.6,2,77.7,80.4,41.2,5.8,11514655.0
9420,Medellín,Transporte,5.2,26.92,67.4,79,4.21,22.3,10.2,0,61.7,74.5,33.5,5.5,20381762.0
9421,Cartagena,Agricultura,11.6,65.74,43.6,38,2.68,27.8,-2.2,3,51.2,46.9,58.9,6.3,8992959.0
9422,Bogotá,Construcción,17.1,62.23,72.1,6,4.75,13.0,0.0,1,60.1,67.1,73.1,4.9,7923863.0
9423,Barranquilla,Comercio,6.8,2.26,48.6,17,3.81,27.3,9.4,1,64.9,61.0,6.4,6.2,8523003.0
9424,Barranquilla,Financiero,13.5,19.49,85.4,8,5.4,12.0,5.1,1,68.0,67.4,13.2,7.3,10280080.0
9425,Medellín,Comercio,23.5,50.02,53.6,33,3.77,24.1,4.7,2,62.6,58.6,4.0,7.2,11292461.0
9426,Bogotá,Manufactura,60.0,40.17,69.4,84,4.66,22.3,8.5,3,80.3,83.0,16.6,7.9,26024163.0
9427,Medellín,Comercio,2.9,16.35,42.7,6,3.66,28.1,1.5,3,53.5,63.3,47.7,8.4,6155369.0
9428,Bogotá,Profesionales,5.9,13.38,78.9,8,3.91,7.9,0.6,1,78.5,87.4,76.9,6.9,10603800.0
9429,Otras,Comercio,19.7,7.82,41.4,19,3.59,22.0,3.6,0,54.4,47.1,71.0,6.1,6713313.0
9430,Bucaramanga,Financiero,10.3,69.01,60.4,1,4.91,7.7,-4.5,1,67.8,65.3,6.2,6.5,7004758.0
9431,Barranquilla,Comercio,11.7,28.34,57.2,31,3.93,23.9,-1.6,3,63.8,65.4,52.8,7.5,11616010.0
9432,Barranquilla,Agricultura,7.8,25.36,49.8,8,2.09,19.4,4.7,3,60.3,53.0,45.1,6.8,6901231.0
9433,Barranquilla,Comercio,9.6,13.48,54.6,4,3.81,24.5,5.4,1,58.8,55.3,40.1,6.1,6198556.0
9434,Bogotá,Salud,4.4,26.58,64.9,11,4.92,24.8,10.2,3,71.9,68.1,39.8,5.9,10342795.0
9435,Bogotá,Construcción,11.4,72.65,60.5,4,4.49,24.5,14.9,2,73.6,64.6,50.5,7.0,8354889.0
9436,Bogotá,Comercio,11.7,40.54,66.0,14,4.54,21.1,9.8,2,63.4,65.7,5.2,6.9,10445426.0
9437,Cali,Información,8.0,60.26,58.3,32,4.92,4.4,9.4,0,56.9,68.5,2.2,6.5,12579910.0
9438,Bucaramanga,Financiero,9.0,76.41,74.8,8,3.85,0.0,10.0,0,76.6,57.1,70.9,5.9,9862754.0
9439,Bogotá,Comercio,3.5,62.38,63.8,34,3.31,27.1,-2.3,1,54.9,76.8,77.1,7.2,10928026.0
9440,Cali,Comercio,18.5,53.14,48.9,7,3.05,26.5,6.1,0,62.3,58.0,25.0,6.3,6230420.0
9441,Bogotá,Financiero,18.7,0.03,56.9,21,5.5,9.7,14.5,2,68.1,74.8,58.8,7.2,13121853.0
9442,Cali,Hoteles,7.7,4.42,57.0,104,3.19,24.9,10.2,0,66.8,51.5,84.2,6.0,19167880.0
9443,Cali,Construcción,3.7,29.02,66.7,19,4.66,28.5,2.6,3,74.8,66.6,62.8,6.3,11625157.0
9444,Medellín,Hoteles,4.8,10.64,61.4,46,3.55,31.0,6.1,0,67.2,64.4,9.7,5.7,13212152.0
9445,Bogotá,Comercio,6.5,73.36,61.2,13,4.83,32.2,13.2,2,68.2,77.3,40.3,7.6,9880882.0
9446,Bogotá,Comercio,2.9,12.02,65.5,1,4.24,24.3,-1.0,1,63.0,74.0,69.4,7.6,6981972.0
9447,Cartagena,Hoteles,3.1,6.83,51.0,46,4.01,27.1,4.8,1,61.8,57.6,71.7,6.2,13031458.0
9448,Bogotá,Transporte,13.8,70.86,61.1,13,4.22,19.4,12.7,1,64.8,65.5,81.9,6.9,9209922.0
9449,Bogotá,Construcción,24.0,77.77,62.8,2,4.98,28.1,8.7,0,57.7,66.9,54.7,4.9,7069801.0
9450,Otras,Hoteles,2.8,70.05,36.2,9,2.28,33.2,10.9,2,55.1,40.8,10.9,7.2,4980154.0
9451,Bogotá,Manufactura,7.9,38.43,61.7,12,3.77,18.2,0.6,3,64.2,62.9,13.2,8.0,8788755.0
9452,Bucaramanga,Comercio,8.1,68.99,50.7,1,3.29,23.1,7.7,2,54.1,65.8,99.2,6.8,5742665.0
9453,Medellín,Comercio,12.6,61.97,64.5,33,3.26,31.9,-4.8,2,64.6,52.1,57.7,7.2,10676225.0
9454,Cartagena,Profesionales,13.1,5.1,67.5,2,4.5,7.6,3.6,0,69.6,63.5,76.2,5.0,7449018.0
9455,Bogotá,Comercio,5.2,62.36,62.4,14,3.58,31.7,9.0,0,73.2,77.8,66.6,5.3,9274789.0
9456,Bogotá,Comercio,3.0,20.12,60.6,7,3.97,31.9,-0.8,0,70.6,65.5,29.9,5.4,7005695.0
9457,Bogotá,Transporte,4.3,60.58,57.6,14,4.4,28.1,10.8,1,66.9,57.8,7.2,6.2,8755803.0
9458,Pereira,Comercio,8.4,4.54,50.1,10,3.27,18.5,12.5,0,60.3,55.4,99.8,6.0,6825849.0
9459,Medellín,Agricultura,18.9,28.36,58.1,27,3.3,22.3,7.7,0,67.9,68.4,20.7,6.1,10384095.0
9460,Medellín,Minas,9.6,73.45,78.2,21,5.1,12.4,10.7,1,76.1,73.7,4.7,7.1,13051714.0
9461,Cali,Comercio,10.7,70.98,51.1,24,3.95,23.1,4.7,1,60.0,65.3,18.9,7.6,9774582.0
9462,Bucaramanga,Agricultura,13.5,18.8,56.8,18,3.2,9.6,20.6,2,74.9,65.5,63.9,6.6,10829722.0
9463,Cali,Profesionales,5.0,30.26,57.0,10,4.36,16.7,2.2,0,61.4,61.2,98.4,5.3,7148338.0
9464,Bogotá,Transporte,22.9,33.87,64.3,17,3.89,17.0,5.8,3,79.2,73.4,89.0,6.6,11881154.0
9465,Bogotá,Financiero,6.3,36.02,76.5,30,5.0,2.3,-0.7,4,65.3,84.8,3.3,8.7,15507313.0
9466,Manizales,Hoteles,4.4,43.44,54.5,5,2.98,23.9,15.2,0,59.2,59.6,23.8,5.9,6342757.0
9467,Cali,Construcción,4.0,45.68,70.5,16,4.83,21.6,15.0,3,62.2,66.8,55.8,6.3,17097244.0
9468,Cali,Profesionales,5.3,19.7,81.0,27,4.98,17.2,1.6,1,74.8,70.4,89.9,5.3,13849952.0
9469,Medellín,Información,6.5,21.32,84.7,17,4.48,11.7,9.3,1,72.8,76.9,90.7,6.4,12466827.0
9470,Bogotá,Información,13.8,32.92,63.0,36,4.93,8.8,13.4,1,58.5,63.7,59.0,6.4,13863138.0
9471,Bogotá,Comercio,8.3,45.25,53.0,19,2.84,32.8,3.2,0,60.5,65.3,70.5,6.3,7562736.0
9472,Pereira,Comercio,24.9,2.09,50.8,8,3.18,22.5,17.1,1,65.1,48.9,20.1,6.2,7395683.0
9473,Cali,Hoteles,13.5,17.84,52.4,22,3.35,24.6,-4.2,0,52.6,65.4,33.1,6.1,7839641.0
9474,Cali,Minas,23.8,46.9,78.1,14,5.64,17.0,7.5,1,82.5,70.5,55.6,7.3,16849971.0
9475,Otras,Manufactura,8.0,13.64,71.6,94,2.46,13.7,1.9,2,62.3,49.1,35.2,7.3,16504800.0
9476,Bogotá,Manufactura,2.5,59.96,71.3,13,5.12,20.7,-5.7,1,67.7,76.7,32.6,5.1,15990572.0
9477,Medellín,Comercio,6.1,57.91,53.3,18,4.1,20.6,7.7,1,63.4,59.8,2.6,5.6,8806841.0
9478,Manizales,Comercio,11.6,30.35,54.5,16,3.9,20.7,6.1,3,62.1,71.4,67.9,7.1,9380293.0
9479,Cali,Hoteles,40.1,72.98,59.2,6,3.34,19.7,5.5,1,69.5,66.5,25.4,4.8,8390160.0
9480,Bogotá,Comercio,15.8,60.93,67.4,5,3.94,16.2,12.2,0,55.3,64.7,91.6,5.8,7482151.0
9481,Medellín,Manufactura,14.4,47.13,71.3,10,3.81,16.7,7.2,1,74.3,76.0,46.6,7.3,9750805.0
9482,Bucaramanga,Transporte,15.4,31.3,60.3,21,3.39,25.9,8.9,0,62.9,70.2,28.2,6.4,9362008.0
9483,Cali,Financiero,10.9,49.96,68.1,7,5.34,0.0,11.1,2,65.8,69.7,80.5,6.4,9844445.0
9484,Bogotá,Información,6.5,74.92,62.5,22,5.01,14.7,4.9,2,70.1,73.8,15.2,6.8,11993943.0
9485,Medellín,Comercio,44.0,23.96,57.1,16,4.26,21.3,-2.5,0,80.4,61.0,90.8,4.7,8890057.0
9486,Bogotá,Comercio,11.4,49.63,56.7,10,4.44,18.9,6.9,1,67.3,83.5,20.0,5.4,8712479.0
9487,Barranquilla,Comercio,19.8,77.48,59.5,25,4.11,22.8,2.5,0,78.4,53.8,98.8,6.5,10468565.0
9488,Bucaramanga,Hoteles,13.0,48.6,51.2,7,2.83,26.8,9.6,0,63.3,54.5,99.0,6.4,6361447.0
9489,Bogotá,Comercio,14.7,79.3,62.8,8,4.16,28.6,11.6,2,72.5,79.2,79.6,7.0,9561757.0
9490,Bogotá,Comercio,6.1,23.5,65.6,19,4.3,22.5,1.4,1,74.2,77.8,70.5,7.6,11010055.0
9491,Bogotá,Comercio,13.0,78.14,56.6,5,4.26,28.6,7.8,1,60.7,80.7,79.2,7.3,7311370.0
9492,Manizales,Construcción,10.5,79.84,52.8,6,3.07,29.6,9.8,0,60.4,63.3,27.3,6.7,5832809.0
9493,Medellín,Financiero,10.7,15.68,62.8,13,4.2,13.4,-0.3,1,67.0,62.5,36.7,7.4,9082505.0
9494,Cali,Manufactura,22.5,56.22,66.1,2,4.22,20.2,5.4,3,65.7,69.9,78.7,7.3,8638986.0
9495,Otras,Salud,7.9,15.37,67.3,3,4.05,17.2,4.9,1,64.7,65.0,11.3,5.7,7504872.0
9496,Bogotá,Comercio,6.1,25.35,48.9,1,4.19,27.6,4.0,1,59.9,78.1,27.3,7.2,5641776.0
9497,Bucaramanga,Comercio,2.7,65.23,50.6,2,2.99,27.7,8.2,5,47.1,62.1,19.2,8.2,6665371.0
9498,Medellín,Información,1.5,22.62,70.5,21,3.78,20.3,3.6,2,61.7,71.6,38.9,6.3,10326109.0
9499,Bogotá,Construcción,18.9,40.13,52.0,8,3.14,16.0,8.1,7,65.8,64.9,29.0,9.1,9344273.0
9500,Barranquilla,Comercio,5.5,30.83,49.9,11,2.4,21.6,2.7,1,59.1,53.6,85.8,7.1,6442661.0
9501,Bogotá,Profesionales,37.1,15.15,66.5,96,4.16,21.8,4.4,1,71.7,84.3,13.2,6.1,24046175.0
9502,Bucaramanga,Energía,4.4,58.5,61.1,22,4.7,9.4,6.1,4,63.8,62.4,93.4,8.2,12109513.0
9503,Bogotá,Comercio,4.8,18.52,44.3,4,2.93,20.6,5.5,0,45.0,71.5,85.2,5.0,4589346.0
9504,Bogotá,Transporte,4.0,2.41,71.8,7,2.78,25.9,-4.7,0,69.9,68.7,45.1,5.6,7595434.0
9505,Bogotá,Hoteles,4.8,7.99,56.8,9,2.71,35.4,3.3,2,68.0,64.6,35.7,6.9,7230901.0
9506,Medellín,Comercio,3.4,49.23,48.0,4,3.93,20.1,7.6,1,59.6,59.3,5.6,6.2,6150642.0
9507,Barranquilla,Comercio,5.5,23.09,51.1,12,3.16,32.3,11.9,1,64.6,65.6,85.6,6.4,7075472.0
9508,Bogotá,Manufactura,60.0,66.93,62.5,60,4.85,5.5,7.4,1,79.8,68.3,40.7,5.9,20175391.0
9509,Medellín,Comercio,7.7,22.98,68.6,56,3.89,32.8,12.1,0,79.3,72.8,53.9,5.9,16898931.0
9510,Bogotá,Salud,6.9,44.9,70.9,12,3.69,15.3,1.4,1,74.4,64.7,90.2,6.8,9672238.0
9511,Medellín,Minas,15.2,27.38,74.5,15,5.15,20.9,14.4,1,73.4,76.9,68.8,7.1,11817565.0
9512,Bogotá,Salud,8.3,16.41,75.5,164,4.97,15.7,4.6,3,64.9,73.6,99.8,7.2,41042320.0
9513,Bogotá,Transporte,28.3,74.08,63.4,40,4.03,22.0,16.2,0,73.5,67.6,75.9,5.5,14818571.0
9514,Medellín,Agricultura,18.8,13.99,45.6,15,2.54,19.2,4.8,0,64.2,65.4,82.2,6.3,6848931.0
9515,Cartagena,Comercio,14.7,38.67,56.8,10,3.22,21.8,3.2,1,69.1,70.4,44.1,7.4,7952233.0
9516,Barranquilla,Profesionales,4.6,29.22,68.7,11,4.45,11.5,-9.3,1,72.4,75.1,8.4,6.1,9193406.0
9517,Otras,Transporte,2.4,47.95,53.5,15,3.15,14.7,3.8,0,55.6,55.3,7.4,6.9,6676119.0
9518,Bucaramanga,Transporte,8.7,37.65,62.8,15,3.43,29.8,10.4,2,58.9,61.8,69.2,7.0,8186967.0
9519,Bogotá,Transporte,3.4,53.03,61.4,10,3.88,27.7,9.0,1,58.7,70.7,91.4,6.5,7651265.0
9520,Bogotá,Construcción,1.9,33.97,62.5,8,4.21,12.8,4.9,1,72.4,71.7,94.1,5.9,8363415.0
9521,Bogotá,Financiero,41.8,61.68,78.3,89,5.43,0.6,14.3,2,88.8,71.1,92.2,6.6,30810487.0
9522,Bogotá,Manufactura,3.9,56.38,70.2,49,4.68,16.6,5.4,1,60.6,76.6,13.3,6.2,16193683.0
9523,Barranquilla,Comercio,15.8,31.65,58.8,3,3.63,28.4,1.9,0,74.0,61.3,36.9,6.5,6960321.0
9524,Bogotá,Energía,14.0,4.91,95.0,11,5.85,7.6,-0.5,0,80.6,81.8,62.5,5.2,12359396.0
9525,Bogotá,Minas,17.6,24.86,77.9,54,5.46,1.4,-1.8,3,70.4,66.5,1.3,7.3,20845621.0
9526,Barranquilla,Construcción,4.1,72.46,48.7,4,4.41,21.7,6.2,0,54.5,52.1,38.4,7.0,5124985.0
9527,Barranquilla,Agricultura,19.8,78.16,62.7,1,2.36,20.8,13.4,3,68.7,64.1,85.6,6.7,8272954.0
9528,Barranquilla,Información,7.1,5.28,67.7,63,4.22,6.2,-1.1,1,68.1,67.2,1.0,6.6,17852879.0
9529,Cali,Transporte,11.3,58.31,60.0,13,4.37,25.6,-1.9,0,63.9,66.1,24.0,6.2,8398509.0
9530,Medellín,Financiero,17.7,57.89,69.6,9,4.96,1.9,6.2,2,80.6,68.4,44.5,6.6,10449453.0
9531,Cali,Información,60.0,66.31,64.3,22,3.73,2.6,6.7,2,78.4,60.3,67.3,6.5,12054847.0
9532,Cartagena,Manufactura,2.7,15.59,71.9,12,4.97,15.7,7.0,0,61.7,73.3,98.2,6.1,9635282.0
9533,Bogotá,Construcción,16.8,37.41,58.1,14,4.35,19.9,0.3,1,66.6,68.6,23.2,6.5,9210189.0
9534,Bogotá,Construcción,1.6,7.49,58.0,48,4.09,22.1,7.7,0,59.6,65.3,42.1,6.0,13708902.0
9535,Bogotá,Comercio,16.4,64.01,51.8,25,3.63,20.1,8.0,1,63.1,73.1,7.1,5.9,9564932.0
9536,Bogotá,Comercio,3.5,33.98,56.8,2,3.71,18.4,6.5,2,58.3,75.5,26.8,5.0,7026413.0
9537,Bucaramanga,Información,4.7,19.91,65.8,37,4.76,15.2,8.0,0,56.8,67.6,13.0,5.8,14226546.0
9538,Medellín,Información,12.6,19.39,70.8,12,5.49,12.0,3.7,0,70.8,75.1,90.7,5.5,10011970.0
9539,Bogotá,Hoteles,4.5,17.85,55.0,3,4.1,28.7,14.5,1,66.9,66.5,23.3,6.3,6970667.0
9540,Cali,Energía,23.3,62.05,57.4,17,4.54,1.5,2.7,2,70.3,49.8,72.2,6.7,9918268.0
9541,Bogotá,Comercio,12.1,15.35,63.1,24,3.91,29.5,10.7,0,63.9,73.9,94.4,6.3,10892470.0
9542,Cali,Energía,5.5,20.35,75.8,12,5.36,0.0,7.9,3,66.2,65.4,9.1,6.7,10965706.0
9543,Bogotá,Información,12.5,71.93,87.5,55,4.52,3.3,12.9,1,76.1,81.0,81.0,7.4,20500525.0
9544,Bucaramanga,Agricultura,9.8,18.58,59.7,6,3.23,32.3,-0.2,1,66.8,63.8,57.6,6.3,7084603.0
9545,Pereira,Agricultura,19.0,60.3,34.6,18,2.68,22.2,7.6,2,64.6,57.1,31.4,5.7,11153420.0
9546,Bogotá,Profesionales,7.1,30.96,76.4,1,6.04,18.9,5.7,1,86.0,72.8,22.2,6.3,9611042.0
9547,Bogotá,Financiero,27.2,2.69,82.0,14,5.59,6.1,5.1,2,80.3,67.4,38.7,6.5,13260027.0
9548,Medellín,Salud,14.0,26.87,73.4,10,4.0,20.5,4.2,3,73.7,73.9,4.6,7.1,10574163.0
9549,Bogotá,Minas,6.1,60.13,78.0,10,5.92,14.9,-4.7,1,75.7,82.3,62.0,6.4,10881977.0
9550,Cali,Comercio,16.8,11.66,60.7,5,3.85,22.5,4.5,1,64.8,75.3,76.1,5.9,7141447.0
9551,Medellín,Comercio,17.8,50.76,55.2,5,3.01,27.8,4.7,1,63.4,76.1,45.7,6.2,7268416.0
9552,Cartagena,Construcción,5.0,40.47,62.0,50,3.83,25.2,-0.8,1,57.7,52.6,56.1,5.9,13084210.0
9553,Bogotá,Comercio,6.4,77.18,59.7,5,4.35,28.5,11.1,1,71.4,78.1,61.3,5.9,8212616.0
9554,Cali,Profesionales,34.9,63.81,81.4,13,4.27,8.1,7.3,1,78.1,70.5,44.3,7.2,11955030.0
9555,Medellín,Profesionales,12.1,43.78,76.5,22,4.48,12.2,-5.5,2,72.4,75.6,30.8,6.3,12198761.0
9556,Cali,Comercio,19.3,4.39,55.0,8,3.47,18.8,3.4,1,63.1,64.2,48.4,5.4,7719324.0
9557,Bogotá,Transporte,5.8,23.29,62.3,17,4.52,36.0,9.6,3,55.8,72.2,36.5,7.9,10067124.0
9558,Bogotá,Hoteles,3.7,35.11,46.6,4,3.8,21.5,0.1,0,66.3,58.1,81.0,6.1,5902020.0
9559,Cartagena,Transporte,10.1,14.77,63.6,91,3.6,16.7,10.6,1,58.9,65.5,17.0,6.3,20300669.0
9560,Cali,Transporte,11.0,62.87,67.0,3,3.54,30.0,3.3,0,59.1,66.1,16.7,7.1,6737774.0
9561,Barranquilla,Salud,3.6,79.0,61.3,12,3.74,15.1,7.5,1,61.0,55.6,34.6,6.5,8136704.0
9562,Cartagena,Financiero,9.4,51.75,70.0,7,4.79,10.2,2.0,2,68.9,66.7,94.3,6.5,9258807.0
9563,Cartagena,Manufactura,17.9,67.37,59.8,3,3.87,17.1,6.3,1,70.2,53.3,95.9,6.5,7465772.0
9564,Manizales,Comercio,8.4,54.4,52.7,9,3.05,24.4,1.0,3,64.7,59.1,98.5,7.7,7494567.0
9565,Cali,Hoteles,5.7,54.58,54.9,23,3.31,27.6,-4.1,3,52.5,59.2,86.4,6.3,9270403.0
9566,Medellín,Comercio,13.0,5.07,43.4,10,3.08,39.0,17.8,1,63.4,57.1,3.7,6.1,6710313.0
9567,Medellín,Comercio,6.9,39.54,60.8,7,4.36,33.3,11.9,1,65.4,75.4,41.1,5.5,8071739.0
9568,Cali,Financiero,3.6,4.73,62.4,4,4.97,9.4,8.2,1,69.1,69.6,95.0,8.5,8299087.0
9569,Bucaramanga,Salud,6.5,2.18,48.6,7,3.59,14.0,14.4,2,60.2,60.3,96.3,6.8,7366734.0
9570,Medellín,Comercio,46.7,16.32,69.0,18,3.61,24.3,-5.3,1,81.5,71.7,12.1,7.1,9991386.0
9571,Bogotá,Construcción,8.2,70.44,53.7,11,3.58,19.9,8.9,0,65.5,68.5,84.5,5.6,7786812.0
9572,Bucaramanga,Transporte,18.0,53.39,64.6,85,4.33,27.2,5.0,2,68.9,73.3,76.5,5.4,22536484.0
9573,Bogotá,Hoteles,10.5,9.5,62.3,16,4.16,33.9,10.9,2,59.4,72.1,84.3,5.9,9691116.0
9574,Bucaramanga,Manufactura,5.8,42.53,66.4,26,4.01,23.9,6.6,1,66.7,56.6,83.3,5.0,11319651.0
9575,Bogotá,Financiero,11.4,34.37,86.0,8,5.51,3.2,13.5,0,73.7,82.8,20.8,6.6,11404144.0
9576,Bogotá,Transporte,4.7,28.31,54.9,1,4.03,31.6,1.9,0,57.8,66.3,0.8,6.8,5463544.0
9577,Cartagena,Energía,5.9,65.46,76.4,16,4.94,11.1,6.9,0,67.2,72.4,19.8,6.7,11346738.0
9578,Medellín,Agricultura,23.7,46.46,50.0,8,3.39,15.9,13.5,0,61.5,70.4,40.8,6.1,7446526.0
9579,Cali,Hoteles,9.6,73.28,45.7,5,2.86,33.2,3.1,1,71.9,59.1,93.0,6.8,6227480.0
9580,Manizales,Comercio,4.2,2.37,58.0,10,3.5,33.1,10.5,0,67.9,67.0,78.1,4.7,7450678.0
9581,Cali,Comercio,9.4,75.33,53.2,6,3.06,27.0,9.5,1,63.6,57.6,74.8,6.4,6420469.0
9582,Cali,Construcción,7.2,9.23,52.6,18,3.94,20.9,7.5,2,56.9,61.8,1.0,8.4,8622704.0
9583,Cali,Manufactura,4.3,54.09,59.9,12,3.81,21.7,5.2,3,63.4,66.4,25.7,7.8,9313895.0
9584,Bogotá,Comercio,11.6,42.02,46.6,22,2.87,20.5,5.8,2,52.8,64.2,68.0,6.9,8060892.0
9585,Cali,Comercio,41.8,66.37,63.0,42,4.13,24.0,3.9,1,76.4,69.5,14.8,6.0,14579660.0
9586,Cali,Agricultura,5.8,47.97,64.5,5,2.92,19.1,17.7,0,59.0,70.5,41.1,6.0,9540245.0
9587,Cali,Hoteles,6.0,0.31,41.3,7,3.13,25.4,3.1,2,46.4,53.7,0.7,6.5,5109418.0
9588,Medellín,Salud,9.6,79.49,73.0,16,4.57,16.1,0.5,0,74.9,60.9,79.6,5.7,10662370.0
9589,Barranquilla,Financiero,4.9,37.33,64.3,3,4.74,3.5,14.4,1,55.8,67.1,8.4,5.7,7045206.0
9590,Bogotá,Información,8.4,14.78,69.4,18,4.67,6.8,8.0,1,67.9,71.5,96.5,6.6,10947631.0
9591,Cali,Agricultura,9.0,34.27,55.7,15,3.48,24.4,5.0,0,66.2,63.5,69.3,7.1,7579980.0
9592,Cali,Financiero,3.4,8.47,81.5,21,5.46,6.2,-1.3,1,66.8,64.3,56.6,8.4,12467612.0
9593,Bogotá,Información,12.0,20.96,67.7,8,5.42,5.0,8.2,0,70.1,63.2,59.6,5.8,9423857.0
9594,Pereira,Información,5.8,27.88,53.0,38,4.09,14.1,4.9,0,58.7,54.5,14.1,5.6,11399355.0
9595,Medellín,Manufactura,8.8,13.25,61.3,4,3.99,17.1,8.0,1,64.8,59.9,90.1,6.8,7581885.0
9596,Cali,Información,4.8,16.6,66.4,22,5.25,8.6,6.3,1,70.3,74.5,86.3,6.7,11787695.0
9597,Medellín,Comercio,16.4,37.5,68.0,3,3.91,34.2,6.1,2,71.5,76.6,58.7,7.1,8629030.0
9598,Bogotá,Información,11.7,36.52,86.8,12,5.23,6.7,5.8,1,69.1,84.1,4.2,6.8,11997476.0
9599,Otras,Comercio,24.3,66.92,53.8,31,2.78,30.9,-6.1,2,67.8,54.4,3.7,5.4,8723847.0
9600,Bogotá,Financiero,10.0,29.12,75.2,2,5.66,10.1,6.3,1,86.4,76.9,17.9,6.2,10151582.0
9601,Bogotá,Salud,11.5,4.76,75.3,39,5.15,19.2,5.9,0,83.5,72.3,79.5,6.8,16863783.0
9602,Cali,Energía,32.5,22.42,65.8,43,4.76,3.4,5.1,2,71.6,57.5,97.6,7.3,16895086.0
9603,Bogotá,Transporte,9.6,21.35,50.7,46,4.34,21.1,2.8,0,64.3,63.5,53.0,6.5,13363503.0
9604,Cali,Manufactura,7.4,35.56,59.8,22,4.49,17.6,6.0,1,77.8,63.9,89.7,5.9,10984997.0
9605,Manizales,Comercio,3.3,77.9,58.7,2,3.8,33.8,-5.1,1,60.0,53.9,66.9,6.2,7857300.0
9606,Bogotá,Profesionales,7.6,57.36,74.6,10,4.75,2.6,6.2,1,74.9,75.6,4.4,6.6,10859819.0
9607,Bogotá,Minas,9.2,54.98,67.7,78,4.34,23.7,1.1,1,58.0,77.5,25.8,5.9,19958996.0
9608,Otras,Salud,1.6,64.21,65.6,2,3.53,26.1,-11.6,1,54.0,49.3,91.2,6.2,5452981.0
9609,Bogotá,Construcción,28.4,50.09,61.9,19,3.54,9.3,10.4,2,71.7,64.7,31.8,6.9,11074966.0
9610,Bogotá,Comercio,23.4,20.45,62.7,11,3.5,25.0,4.5,2,59.6,72.5,14.8,6.6,8826158.0
9611,Bogotá,Comercio,3.5,66.43,47.8,6,3.4,32.7,5.8,0,65.7,64.1,33.7,5.7,5699277.0
9612,Medellín,Energía,8.1,52.78,63.6,12,4.74,9.5,14.9,0,60.4,62.1,34.1,6.8,8458170.0
9613,Bucaramanga,Transporte,6.4,47.4,67.2,8,3.54,23.2,10.5,1,65.3,67.0,27.3,7.3,8590868.0
9614,Bucaramanga,Información,6.6,24.93,67.7,6,4.31,10.6,-3.3,1,68.8,55.3,62.3,7.2,7996107.0
9615,Medellín,Hoteles,12.5,55.1,54.3,17,3.8,22.1,15.9,2,52.4,60.7,20.4,5.7,8822454.0
9616,Bogotá,Profesionales,32.1,43.27,65.2,22,5.0,9.0,-1.2,0,82.1,66.5,51.8,5.3,12198291.0
9617,Medellín,Transporte,10.9,22.16,56.9,27,3.46,26.3,5.1,1,54.7,77.3,13.2,6.9,9474325.0
9618,Pereira,Comercio,14.2,65.45,56.3,13,3.36,26.8,4.4,0,65.9,46.1,13.9,5.6,7471279.0
9619,Medellín,Manufactura,12.5,2.33,76.7,12,4.38,12.9,1.7,0,74.1,76.4,28.1,6.0,10137860.0
9620,Cali,Transporte,11.4,61.85,62.0,13,4.47,15.8,7.6,1,66.2,67.4,71.3,6.3,9358507.0
9621,Bucaramanga,Hoteles,20.9,45.47,45.5,14,2.89,24.5,4.5,1,63.8,62.5,46.1,5.4,7295215.0
9622,Bogotá,Transporte,5.6,74.86,61.1,26,5.09,24.8,12.8,0,57.9,71.4,17.9,5.8,11314259.0
9623,Bogotá,Profesionales,5.5,78.68,75.5,12,4.57,16.1,4.7,2,66.1,74.7,84.8,6.5,10520561.0
9624,Medellín,Manufactura,4.0,4.94,70.9,6,4.73,23.6,6.3,1,67.7,75.9,29.7,6.1,8403591.0
9625,Cali,Construcción,12.8,10.0,53.3,162,3.92,19.0,9.5,3,58.9,56.2,76.3,6.3,31776133.0
9626,Bogotá,Profesionales,12.7,68.05,68.3,11,4.79,19.2,3.4,0,62.1,67.1,50.8,6.3,8626888.0
9627,Bogotá,Profesionales,7.4,72.71,77.5,31,4.7,17.5,15.2,1,64.8,71.7,58.4,6.5,14593543.0
9628,Bogotá,Comercio,3.7,45.82,70.2,3,3.59,25.7,8.2,1,72.1,74.4,91.9,5.6,8088004.0
9629,Medellín,Comercio,60.0,3.73,54.0,22,2.74,16.6,5.6,1,74.6,75.4,93.3,6.8,10147921.0
9630,Manizales,Comercio,3.9,50.07,62.8,4,2.95,23.9,3.7,0,67.8,56.3,33.2,6.7,7062291.0
9631,Pereira,Comercio,15.8,46.5,41.9,15,3.99,22.3,-1.4,1,57.5,55.4,86.3,5.7,6582874.0
9632,Medellín,Manufactura,14.5,49.2,71.9,34,4.07,12.6,0.8,2,61.7,73.4,62.7,7.1,13276670.0
9633,Cali,Comercio,18.3,39.28,56.1,7,3.93,23.1,10.0,1,62.6,53.5,58.6,6.4,7525572.0
9634,Bogotá,Comercio,3.5,80.0,63.6,2,3.12,21.3,10.8,0,62.6,69.3,74.3,5.1,6855619.0
9635,Cali,Salud,5.0,50.98,59.8,5,4.28,14.6,6.5,1,64.1,61.6,90.7,5.7,7414440.0
9636,Bogotá,Construcción,2.8,21.8,58.3,11,3.98,20.1,-5.5,1,71.8,68.2,78.8,7.3,8423199.0
9637,Bogotá,Manufactura,12.6,27.45,57.1,48,4.32,19.3,-1.3,3,69.4,62.1,26.7,6.9,14915457.0
9638,Cali,Información,39.6,71.63,53.5,14,3.98,8.1,3.0,0,70.0,58.7,41.6,5.4,8403238.0
9639,Bogotá,Transporte,3.6,46.42,75.3,40,3.9,22.5,-5.6,0,65.9,67.6,68.3,6.0,13309478.0
9640,Medellín,Financiero,24.5,71.46,74.2,12,5.13,12.9,6.9,2,74.9,77.7,76.6,7.2,12270931.0
9641,Barranquilla,Agricultura,19.9,58.83,43.5,157,2.3,24.9,-7.4,2,58.2,59.0,76.6,6.8,19538515.0
9642,Bogotá,Transporte,28.2,51.72,61.1,8,5.08,23.6,3.2,2,71.8,67.4,38.9,5.2,9096619.0
9643,Pereira,Manufactura,16.1,2.19,52.5,61,4.47,14.6,0.4,1,70.4,72.5,74.9,5.1,16875467.0
9644,Medellín,Agricultura,8.8,38.21,59.3,40,3.1,29.2,9.3,2,66.6,76.6,88.5,7.7,18943014.0
9645,Bogotá,Transporte,10.9,64.05,43.3,24,3.9,23.6,6.6,1,58.1,57.9,3.7,6.3,9380502.0
9646,Bogotá,Información,26.0,31.2,78.7,23,5.06,8.7,-0.0,0,83.7,73.3,32.2,6.3,13784021.0
9647,Barranquilla,Comercio,32.8,2.34,58.3,9,3.57,23.0,-3.8,1,71.8,61.0,70.9,6.8,7305835.0
9648,Bogotá,Financiero,23.5,66.71,59.6,11,5.61,8.5,4.7,2,81.2,73.7,73.6,6.7,10524597.0
9649,Cali,Manufactura,15.1,73.02,64.2,14,3.17,21.9,4.7,3,67.0,60.2,87.6,8.3,9109540.0
9650,Pereira,Financiero,8.6,18.7,62.0,7,4.84,17.1,5.1,3,55.2,50.7,70.6,6.2,7948585.0
9651,Cartagena,Hoteles,8.1,61.19,60.1,9,4.03,30.3,-1.8,0,66.2,66.5,37.0,6.7,7249176.0
9652,Bogotá,Salud,5.8,79.95,69.8,13,4.26,15.9,14.3,0,62.0,84.0,15.8,5.6,9388205.0
9653,Cali,Transporte,10.7,8.2,52.7,36,4.42,25.0,4.6,6,62.7,59.8,38.4,8.1,14014609.0
9654,Cali,Construcción,37.6,42.12,58.0,12,3.26,21.3,7.0,1,68.4,61.5,8.2,6.1,8925300.0
9655,Bogotá,Transporte,13.1,36.58,58.9,6,3.91,18.3,11.9,1,60.8,77.2,42.8,7.0,8011773.0
9656,Cali,Comercio,25.5,50.8,59.2,61,3.17,18.8,2.5,2,68.6,57.0,85.2,7.1,13815886.0
9657,Medellín,Energía,16.4,68.35,74.3,29,5.27,6.6,4.8,0,72.7,62.0,20.1,6.5,13990393.0
9658,Medellín,Información,4.7,13.53,68.2,15,5.52,14.6,11.4,0,59.3,60.8,21.2,5.9,10027523.0
9659,Bucaramanga,Minas,26.4,22.74,75.9,33,5.56,7.0,2.6,1,69.9,72.8,93.4,6.3,15764889.0
9660,Barranquilla,Transporte,9.5,66.97,45.2,16,2.64,22.3,10.8,2,57.7,57.7,22.2,5.5,7205656.0
9661,Bogotá,Hoteles,4.7,4.55,51.2,3,3.93,22.2,8.3,1,55.6,60.9,34.2,7.0,6250748.0
9662,Manizales,Información,7.2,50.97,58.0,17,4.39,14.8,-3.2,2,67.5,48.4,11.4,7.2,9268864.0
9663,Medellín,Manufactura,8.7,76.41,54.0,8,3.87,17.8,2.1,2,51.3,52.2,18.5,7.2,6624580.0
9664,Bogotá,Comercio,8.6,47.02,74.9,10,3.65,21.2,-7.5,1,64.7,74.2,8.7,6.8,8835866.0
9665,Pereira,Comercio,5.4,9.15,65.4,40,3.35,24.1,2.9,0,73.7,59.8,6.5,7.1,12532516.0
9666,Bogotá,Manufactura,10.9,4.39,67.2,22,4.05,13.4,7.0,1,78.3,66.9,98.2,7.2,11909205.0
9667,Bucaramanga,Transporte,8.5,51.93,56.4,6,4.24,22.3,12.2,1,61.8,62.2,52.1,6.2,7226928.0
9668,Medellín,Transporte,51.1,62.73,53.1,55,3.7,26.5,8.1,3,73.9,60.8,14.3,7.1,16335141.0
9669,Bogotá,Hoteles,3.3,52.41,57.5,32,4.49,29.4,4.5,1,64.9,70.3,37.1,6.6,12008396.0
9670,Bogotá,Comercio,13.7,52.72,58.6,14,4.09,27.1,12.0,2,68.0,76.3,97.2,6.9,9993544.0
9671,Medellín,Financiero,11.1,78.04,58.4,7,4.77,11.0,9.7,3,67.2,74.8,69.1,6.8,9670787.0
9672,Bogotá,Salud,6.9,35.85,87.8,15,5.37,19.9,-4.6,2,75.9,80.3,97.0,6.3,16089708.0
9673,Barranquilla,Comercio,1.7,10.98,52.6,1,4.23,30.0,9.4,3,59.1,60.1,64.1,7.1,6489054.0
9674,Barranquilla,Comercio,3.2,52.29,53.0,13,3.09,26.0,1.8,1,60.0,60.1,57.4,6.6,7381565.0
9675,Bogotá,Minas,6.5,0.74,74.7,18,5.07,13.8,0.2,0,81.3,68.4,22.9,6.8,12100307.0
9676,Bogotá,Minas,20.0,69.93,71.9,4,4.83,11.2,11.3,1,65.4,74.9,80.3,7.4,9136926.0
9677,Cartagena,Energía,7.0,44.61,79.4,18,5.28,10.1,-0.9,1,66.8,63.0,69.1,5.7,11673821.0
9678,Bogotá,Información,4.9,21.93,71.4,13,5.1,9.0,-0.2,2,72.9,75.0,92.1,6.6,11254575.0
9679,Cali,Manufactura,3.3,23.06,57.8,104,3.34,21.2,10.8,2,62.4,59.9,60.3,6.5,20210740.0
9680,Bogotá,Profesionales,1.4,26.41,77.4,8,5.12,14.5,-1.7,1,78.6,70.1,20.4,6.8,10017831.0
9681,Medellín,Comercio,3.7,72.05,63.3,12,2.96,30.9,13.1,0,65.7,62.5,99.5,4.9,7882719.0
9682,Bucaramanga,Comercio,4.9,48.84,46.3,3,3.21,31.2,22.3,1,60.9,53.3,38.5,7.3,5799812.0
9683,Barranquilla,Manufactura,7.4,66.48,67.7,6,4.26,31.8,8.1,0,67.2,64.5,28.4,7.9,7630073.0
9684,Bogotá,Agricultura,11.6,62.29,62.7,15,2.52,19.7,7.8,0,63.9,63.9,58.7,4.5,7986335.0
9685,Bucaramanga,Comercio,12.1,23.67,51.9,7,3.2,19.2,6.3,2,56.3,66.7,24.1,6.6,6799926.0
9686,Bucaramanga,Comercio,5.0,62.29,60.3,3,3.38,32.3,13.3,0,54.8,59.9,15.1,6.2,6491720.0
9687,Barranquilla,Comercio,18.0,69.31,52.3,39,3.7,34.9,3.3,1,69.1,57.4,57.2,6.5,11740092.0
9688,Otras,Información,17.1,31.13,61.5,7,4.6,2.5,15.4,0,71.4,47.0,54.7,5.8,8415240.0
9689,Cali,Hoteles,7.1,13.38,51.7,3,3.74,27.7,11.7,3,60.7,48.5,72.7,6.9,6579098.0
9690,Otras,Manufactura,3.9,46.27,63.2,2,3.79,20.3,2.9,1,72.9,58.8,15.2,6.8,7460589.0
9691,Medellín,Manufactura,3.4,15.45,56.1,24,3.41,19.7,-0.6,3,62.9,58.3,50.8,7.1,9730383.0
9692,Cali,Financiero,4.3,2.59,68.6,24,5.53,4.6,12.1,3,65.4,63.6,9.2,6.0,13308098.0
9693,Medellín,Transporte,4.8,58.44,66.9,35,3.25,22.1,1.0,0,69.1,77.0,82.2,6.7,11124314.0
9694,Otras,Hoteles,32.4,20.33,42.9,34,3.32,25.7,6.1,1,64.2,45.0,61.4,7.2,9933839.0
9695,Medellín,Manufactura,5.7,72.4,75.8,33,4.21,22.8,-3.9,2,76.0,62.1,63.2,6.3,14237558.0
9696,Medellín,Construcción,12.9,45.92,57.6,8,3.54,26.0,2.6,4,63.9,67.3,84.6,7.0,8081651.0
9697,Bogotá,Comercio,4.3,38.32,69.5,5,3.57,27.2,-0.5,2,68.1,64.2,16.7,6.9,8094192.0
9698,Bucaramanga,Hoteles,2.5,51.88,57.5,25,2.49,33.3,13.4,1,67.3,63.3,26.9,7.0,9215279.0
9699,Bogotá,Comercio,10.1,78.99,52.5,5,3.92,30.0,19.8,1,61.5,76.3,63.0,6.6,7533284.0
9700,Cali,Comercio,5.4,75.61,59.1,31,4.0,30.7,-0.9,0,56.2,73.8,43.8,6.1,10385252.0
9701,Cali,Transporte,12.0,74.46,60.7,35,4.37,26.6,1.3,2,61.9,61.4,41.1,6.6,12387507.0
9702,Bogotá,Comercio,18.7,11.42,67.4,7,3.63,22.5,0.5,1,75.2,64.5,22.8,7.0,8414813.0
9703,Bogotá,Información,15.6,47.33,87.7,14,5.37,14.2,17.2,1,88.1,75.2,58.0,6.4,14230956.0
9704,Bogotá,Salud,5.5,17.05,70.4,8,4.88,18.3,10.4,0,68.2,74.3,2.7,5.8,8971543.0
9705,Otras,Minas,18.0,21.7,83.0,52,5.37,17.6,-4.8,0,75.8,70.3,41.7,6.4,19291922.0
9706,Manizales,Manufactura,3.5,9.63,50.5,19,4.04,19.9,7.1,0,54.4,62.4,23.7,5.7,8116268.0
9707,Bogotá,Hoteles,16.0,40.8,48.2,4,3.7,27.4,0.4,0,55.4,74.1,51.2,5.3,5138968.0
9708,Medellín,Comercio,13.3,44.28,58.8,21,4.03,28.1,2.2,4,68.1,73.4,27.9,7.6,10752754.0
9709,Otras,Salud,52.4,3.09,60.3,59,3.1,13.2,8.2,0,69.3,52.4,25.7,6.8,14276750.0
9710,Medellín,Comercio,2.2,13.73,63.4,5,3.96,24.2,16.4,1,50.4,69.3,30.8,6.6,7252995.0
9711,Bogotá,Hoteles,3.9,65.7,45.8,29,3.49,24.4,7.2,3,56.2,63.3,14.3,6.8,9982211.0
9712,Barranquilla,Transporte,15.2,28.05,47.0,27,4.06,22.8,0.5,2,66.4,61.1,55.2,8.2,9820125.0
9713,Pereira,Manufactura,9.7,72.38,56.0,7,3.37,15.9,15.5,2,59.6,55.9,63.8,5.6,7616334.0
9714,Bogotá,Comercio,8.3,41.27,57.2,17,3.03,23.8,6.0,4,67.7,69.8,4.3,7.2,9904031.0
9715,Bogotá,Construcción,6.8,62.3,61.2,39,4.32,24.7,10.6,0,69.5,68.6,62.2,6.8,13108397.0
9716,Cali,Profesionales,6.5,15.18,55.8,2,4.49,16.2,5.5,0,57.0,65.6,97.1,6.1,5920074.0
9717,Cartagena,Comercio,17.7,48.55,36.4,7,2.91,21.9,9.8,2,57.1,53.3,84.2,6.6,5718348.0
9718,Bogotá,Comercio,5.3,68.64,61.3,5,3.79,26.6,7.6,0,65.3,77.4,26.9,6.1,7527567.0
9719,Cali,Financiero,14.8,63.38,73.6,26,4.9,8.9,8.9,1,71.4,68.7,99.7,5.9,13018961.0
9720,Cali,Hoteles,19.0,42.79,58.2,4,2.62,31.2,3.7,0,64.7,61.3,11.4,6.1,6715042.0
9721,Cali,Comercio,30.1,4.76,54.2,4,3.33,24.3,7.2,1,71.3,71.0,39.8,5.9,7210259.0
9722,Bogotá,Comercio,25.2,55.94,55.0,12,3.67,17.4,10.9,0,66.5,51.1,75.1,5.2,8466949.0
9723,Bogotá,Manufactura,8.7,19.09,59.7,32,4.05,24.9,3.1,0,68.4,67.1,40.3,6.9,11261670.0
9724,Medellín,Financiero,11.6,27.36,79.1,25,5.28,11.3,-11.1,2,76.5,70.1,31.6,6.6,13712424.0
9725,Medellín,Manufactura,6.1,75.36,72.3,38,3.68,11.7,-2.1,1,65.1,75.0,60.1,7.8,13143096.0
9726,Pereira,Hoteles,3.5,35.25,55.3,2,3.12,25.3,10.0,0,60.1,54.5,42.5,5.2,5794559.0
9727,Bogotá,Comercio,14.2,15.56,62.4,7,3.63,26.8,15.1,0,59.2,70.6,25.0,6.3,7388417.0
9728,Bogotá,Información,4.4,48.66,68.2,19,4.84,6.4,6.4,1,68.3,78.7,7.2,5.8,12206694.0
9729,Bogotá,Construcción,12.3,25.14,51.2,78,3.82,36.0,-0.4,3,67.0,67.0,15.2,7.4,17975967.0
9730,Medellín,Comercio,12.1,23.28,60.4,26,3.47,33.0,0.9,2,63.2,63.1,88.3,7.0,10038869.0
9731,Barranquilla,Comercio,2.5,65.11,47.4,20,4.53,33.2,5.9,1,59.7,59.9,2.4,6.2,9113064.0
9732,Bucaramanga,Salud,7.7,11.05,63.4,20,4.57,22.8,-7.1,0,70.2,59.7,33.1,5.4,9837305.0
9733,Barranquilla,Agricultura,8.2,72.47,35.3,29,3.12,30.3,5.0,1,50.1,49.6,46.2,5.5,7993649.0
9734,Bogotá,Manufactura,4.0,6.81,60.0,15,4.58,20.1,6.9,2,64.8,76.7,64.8,6.2,10236825.0
9735,Bogotá,Comercio,23.7,65.06,60.0,24,3.48,19.0,2.4,1,63.6,69.5,51.9,6.4,10151362.0
9736,Bogotá,Hoteles,6.0,32.08,47.8,9,2.89,33.4,4.5,1,51.6,53.1,72.2,5.1,6136863.0
9737,Bucaramanga,Profesionales,5.9,78.25,72.3,10,4.33,24.6,12.3,0,69.7,61.9,90.6,6.8,9469501.0
9738,Bogotá,Construcción,4.4,27.46,51.5,19,5.69,22.2,4.2,0,65.4,69.4,23.9,6.4,9472735.0
9739,Bogotá,Comercio,24.9,79.05,52.2,7,3.43,31.5,17.1,0,65.9,63.0,43.4,6.4,7690511.0
9740,Manizales,Energía,4.6,23.45,55.2,34,4.05,15.0,2.9,0,56.5,54.0,87.1,7.0,15182921.0
9741,Otras,Comercio,9.3,52.06,48.9,18,2.83,24.5,10.5,3,66.8,50.3,25.8,6.8,8562847.0
9742,Cali,Agricultura,4.1,65.93,43.7,3,2.84,22.7,14.5,1,53.0,55.1,9.9,5.7,5149858.0
9743,Manizales,Transporte,26.1,30.35,54.0,4,4.11,10.9,-3.2,1,66.3,61.5,21.5,5.9,6787458.0
9744,Bucaramanga,Transporte,13.1,2.75,56.7,25,3.68,16.1,6.5,1,68.3,65.8,68.8,7.1,10208018.0
9745,Medellín,Comercio,12.2,4.4,68.4,20,3.89,29.3,13.3,3,73.6,66.2,72.9,7.0,11934412.0
9746,Cali,Transporte,8.2,52.51,61.3,13,5.05,29.0,7.0,1,70.9,61.7,91.9,7.2,9632558.0
9747,Bogotá,Hoteles,2.2,66.99,64.5,31,4.39,26.9,11.7,0,64.9,57.9,66.4,6.6,11650137.0
9748,Otras,Comercio,2.0,16.02,64.8,15,3.77,26.9,12.3,0,66.1,60.4,56.1,6.1,8696094.0
9749,Pereira,Comercio,11.0,70.06,41.9,31,3.35,23.1,4.3,1,49.9,54.8,40.0,6.7,8692312.0
9750,Cali,Minas,13.3,59.64,65.2,12,4.3,4.2,12.2,2,63.7,59.1,83.2,7.3,9558700.0
9751,Cali,Comercio,29.3,69.48,59.7,25,3.22,19.3,-3.9,1,59.7,64.6,93.7,5.2,9161364.0
9752,Otras,Financiero,1.4,65.13,70.7,78,4.21,14.2,9.7,0,75.9,59.9,87.0,5.9,21177310.0
9753,Bogotá,Información,11.4,37.14,56.3,10,4.29,11.5,8.0,0,52.2,73.6,48.0,6.7,7394013.0
9754,Bogotá,Comercio,4.4,2.62,56.4,49,3.41,24.5,-2.2,2,57.4,76.0,23.4,6.8,13324639.0
9755,Bogotá,Comercio,3.1,38.55,53.5,8,3.22,33.4,8.4,2,59.4,70.4,9.7,6.6,7227500.0
9756,Manizales,Manufactura,7.2,58.65,59.7,6,4.27,13.7,-4.1,0,66.5,63.3,27.8,5.3,7006221.0
9757,Cali,Comercio,18.8,22.38,62.9,6,4.83,29.4,11.0,2,55.7,63.3,5.1,7.2,8072724.0
9758,Bogotá,Manufactura,25.4,29.77,72.5,21,5.07,15.7,-3.7,0,81.4,85.6,2.7,6.8,12277130.0
9759,Cartagena,Comercio,5.0,74.87,51.1,13,3.6,34.1,13.0,0,55.2,53.0,70.1,6.0,6588355.0
9760,Otras,Profesionales,5.7,51.76,65.8,13,3.86,14.8,6.8,0,74.6,53.4,45.6,4.6,8945955.0
9761,Cali,Manufactura,2.9,68.9,62.0,11,3.78,33.7,3.9,0,59.8,61.7,15.9,5.1,7306740.0
9762,Bucaramanga,Agricultura,7.7,36.02,36.6,25,3.51,24.3,1.8,1,36.7,46.0,47.1,5.4,6461595.0
9763,Medellín,Comercio,13.5,46.43,60.8,22,3.58,34.0,3.1,2,61.8,72.1,95.9,7.6,10111278.0
9764,Medellín,Comercio,7.0,53.24,59.9,8,3.89,27.9,4.3,1,63.7,57.0,81.6,6.4,7469834.0
9765,Otras,Información,5.4,23.36,58.4,44,5.3,20.5,3.1,5,63.7,51.8,63.1,8.2,16437020.0
9766,Medellín,Agricultura,3.7,37.4,56.4,12,2.96,25.5,4.6,0,61.4,70.2,97.1,5.3,7518386.0
9767,Barranquilla,Manufactura,31.0,61.22,54.5,54,3.25,12.4,8.7,0,71.3,54.2,99.2,5.5,14104815.0
9768,Bogotá,Transporte,6.0,71.4,60.2,11,4.09,25.8,8.5,1,58.5,70.9,7.9,6.5,7959146.0
9769,Bogotá,Hoteles,2.6,11.74,52.1,18,4.0,32.3,8.0,3,58.0,66.7,30.9,7.7,9084685.0
9770,Cali,Comercio,12.3,36.1,44.1,29,3.52,32.5,7.4,2,65.8,57.2,47.4,6.6,9739766.0
9771,Bogotá,Comercio,8.3,23.41,43.6,19,2.64,29.4,4.1,0,57.0,55.0,38.8,5.1,6432621.0
9772,Pereira,Manufactura,34.0,54.68,51.8,17,3.54,15.4,6.6,3,63.4,60.2,13.7,7.6,9456515.0
9773,Bogotá,Energía,5.7,50.54,66.9,18,6.19,9.2,5.5,1,74.6,70.7,18.5,6.1,12350158.0
9774,Cali,Manufactura,10.5,7.05,59.4,8,4.01,11.3,7.6,1,69.2,63.7,11.6,5.3,8396072.0
9775,Pereira,Transporte,36.8,53.77,63.2,107,4.16,20.8,11.7,2,77.2,51.2,8.2,6.6,26524113.0
9776,Bogotá,Profesionales,8.3,14.66,61.4,29,4.42,9.8,15.2,2,76.9,69.6,12.3,6.0,13199139.0
9777,Pereira,Comercio,4.1,10.72,55.9,6,3.71,30.1,-6.4,0,65.3,61.0,18.0,5.8,6708152.0
9778,Bogotá,Financiero,28.1,50.23,69.0,9,6.17,11.0,3.6,0,66.9,56.7,4.2,5.3,9236443.0
9779,Cali,Hoteles,6.7,15.68,55.3,31,3.52,21.1,13.1,0,65.8,53.6,66.7,4.6,10237233.0
9780,Otras,Comercio,7.0,8.35,55.3,3,2.99,31.2,0.9,0,64.6,59.8,54.9,5.8,5956611.0
9781,Medellín,Salud,4.5,29.74,71.8,58,4.87,14.4,16.7,1,68.0,67.2,51.8,5.6,26631578.0
9782,Bogotá,Comercio,11.6,45.38,65.4,14,3.23,27.2,15.3,1,67.4,70.6,8.1,6.8,9226407.0
9783,Bogotá,Hoteles,5.0,52.81,48.1,2,2.8,34.7,6.9,1,45.6,66.4,79.7,6.2,4503496.0
9784,Bogotá,Profesionales,18.6,44.34,74.7,20,4.94,10.7,8.8,1,82.6,73.0,4.0,5.7,13505505.0
9785,Bogotá,Información,28.6,31.52,76.0,9,6.02,11.3,1.3,0,77.8,93.3,34.2,6.1,10609793.0
9786,Otras,Comercio,50.2,42.03,63.9,25,3.92,19.0,15.4,2,87.3,54.7,37.2,5.9,14090984.0
9787,Bogotá,Hoteles,13.5,53.23,53.7,10,3.43,30.6,7.6,1,71.4,60.6,44.5,5.9,8174801.0
9788,Cali,Construcción,9.8,9.89,49.9,13,3.36,29.9,11.7,2,64.2,49.9,32.0,6.7,7786014.0
9789,Bogotá,Manufactura,14.8,56.0,66.6,17,4.26,23.1,22.3,0,64.5,71.0,58.4,5.5,10719527.0
9790,Pereira,Manufactura,15.4,72.07,73.2,34,3.8,17.7,8.6,2,80.6,64.6,32.5,5.7,14176399.0
9791,Barranquilla,Transporte,11.1,2.47,44.8,24,3.8,21.8,5.1,0,57.9,55.4,51.7,6.9,8798547.0
9792,Bogotá,Financiero,18.7,7.64,89.2,52,5.94,11.0,2.0,1,78.0,86.0,67.2,6.6,22658515.0
9793,Barranquilla,Comercio,5.2,61.65,55.2,8,3.17,34.8,-1.8,2,51.0,61.0,48.4,8.1,6366235.0
9794,Medellín,Financiero,14.3,79.77,77.2,45,4.41,14.7,4.5,2,69.6,79.7,26.0,6.4,16481759.0
9795,Medellín,Energía,25.5,40.69,73.7,24,5.44,2.0,-1.4,1,76.9,75.2,78.0,6.6,13971450.0
9796,Cali,Transporte,17.3,56.23,53.9,11,4.72,20.9,18.2,1,65.6,64.7,43.4,5.5,8849218.0
9797,Medellín,Información,10.3,61.81,77.0,7,6.16,12.2,2.4,1,74.0,72.5,73.7,7.4,10410680.0
9798,Bogotá,Manufactura,4.1,68.55,65.7,17,4.45,15.5,0.3,1,65.2,75.1,95.9,5.8,9973729.0
9799,Bogotá,Comercio,7.2,40.27,62.1,7,4.5,24.4,7.2,1,62.5,66.3,9.6,6.8,7951436.0
9800,Medellín,Comercio,12.6,45.67,52.4,32,3.86,28.3,4.3,2,60.2,62.9,91.6,6.8,13970898.0
9801,Medellín,Comercio,4.8,74.0,54.1,14,3.92,34.0,4.8,0,56.6,69.6,14.8,5.3,7427915.0
9802,Manizales,Comercio,2.7,50.22,59.3,26,4.13,25.7,4.5,3,62.9,73.2,31.2,7.5,11656448.0
9803,Manizales,Construcción,7.0,18.52,45.4,2,3.56,18.3,8.9,2,55.1,55.3,88.4,7.5,6023614.0
9804,Bogotá,Hoteles,4.6,53.23,53.2,41,3.4,28.5,6.7,0,65.3,68.4,42.1,7.6,12129647.0
9805,Bogotá,Comercio,4.7,42.51,63.3,21,3.3,32.1,2.0,1,63.0,70.7,40.6,4.8,9309132.0
9806,Medellín,Agricultura,24.1,51.45,55.6,25,2.39,13.3,8.0,2,57.4,65.4,70.1,7.0,9199788.0
9807,Medellín,Comercio,10.4,1.33,69.0,22,4.17,39.0,11.2,6,71.9,73.2,35.3,7.8,13613519.0
9808,Bogotá,Construcción,5.0,79.99,54.9,4,3.29,23.7,12.2,2,66.5,62.2,42.0,5.9,7547766.0
9809,Medellín,Energía,18.2,48.6,95.0,91,4.39,11.3,9.2,1,94.4,76.5,66.3,5.4,28439767.0
9810,Manizales,Comercio,37.6,15.55,49.0,89,2.53,21.5,4.2,1,65.2,64.2,36.0,6.1,15238768.0
9811,Bogotá,Información,7.2,45.59,61.7,20,3.63,19.5,7.3,0,74.8,66.8,94.7,4.7,10146006.0
9812,Bogotá,Comercio,5.3,1.14,64.4,4,3.93,26.9,5.9,1,64.2,75.5,57.4,6.7,7539971.0
9813,Bogotá,Agricultura,1.9,40.24,65.7,4,3.3,15.1,9.2,1,70.4,73.1,71.8,6.3,7585823.0
9814,Medellín,Comercio,8.0,20.96,64.2,18,3.71,25.7,10.8,1,66.2,67.5,28.7,4.9,9908627.0
9815,Bogotá,Hoteles,11.2,50.66,48.9,6,3.3,24.4,2.4,2,57.4,67.2,77.6,7.5,6523036.0
9816,Bogotá,Manufactura,14.5,65.79,57.8,79,3.64,24.2,12.1,0,66.9,78.1,48.1,5.5,17832470.0
9817,Bogotá,Construcción,41.4,30.8,63.6,23,3.49,13.4,17.3,1,85.2,71.0,68.1,5.9,13254893.0
9818,Manizales,Manufactura,15.3,42.12,54.8,55,4.89,12.7,11.2,1,67.9,60.7,64.4,6.2,17385420.0
9819,Medellín,Comercio,22.9,73.93,58.9,18,3.84,24.6,2.7,1,64.2,66.1,11.8,6.1,9195582.0
9820,Medellín,Hoteles,6.5,53.02,59.4,10,3.99,22.0,-2.6,2,65.1,91.5,94.2,7.4,8900325.0
9821,Medellín,Construcción,12.2,0.04,63.7,18,4.38,15.4,-0.4,1,76.7,63.5,85.8,6.3,10186257.0
9822,Medellín,Comercio,13.9,49.87,67.2,8,4.34,35.0,0.2,0,63.9,71.2,68.7,5.2,7446476.0
9823,Bogotá,Comercio,4.4,45.44,53.9,16,3.3,35.8,4.1,0,46.2,66.2,5.0,6.1,6573790.0
9824,Manizales,Transporte,13.3,11.99,52.2,68,3.8,20.2,12.7,2,72.9,61.8,98.8,6.2,17360980.0
9825,Bogotá,Manufactura,5.3,14.38,85.9,12,4.2,18.6,7.2,2,77.5,81.0,18.2,7.2,11864382.0
9826,Bogotá,Financiero,9.4,26.63,76.3,48,4.33,15.2,6.5,1,68.0,77.0,31.4,7.0,15896754.0
9827,Medellín,Transporte,4.2,23.74,57.3,8,4.14,30.2,4.7,1,69.1,70.8,40.8,6.2,7314354.0
9828,Otras,Comercio,8.7,21.04,60.6,4,3.61,29.8,9.4,0,67.7,52.9,73.5,6.3,6610958.0
9829,Pereira,Salud,2.8,39.7,69.8,13,3.45,18.0,5.2,0,63.9,55.4,50.9,5.8,13202048.0
9830,Otras,Construcción,16.7,46.66,63.6,28,3.53,20.9,-7.1,1,70.0,56.9,21.9,7.4,10395313.0
9831,Barranquilla,Manufactura,2.5,54.68,57.4,44,4.54,24.8,6.1,4,67.3,60.8,78.6,8.8,15738451.0
9832,Bogotá,Comercio,8.5,73.5,56.9,3,3.79,33.9,-0.2,1,53.0,71.1,97.0,5.3,6150001.0
9833,Cali,Comercio,13.7,3.08,60.9,25,3.22,28.3,4.2,1,62.7,68.9,8.9,6.9,9918649.0
9834,Bogotá,Profesionales,43.7,62.25,66.5,19,5.97,10.7,9.7,4,74.8,71.9,33.8,8.4,14863359.0
9835,Bogotá,Financiero,9.9,13.51,89.7,4,6.15,6.6,9.6,1,78.3,73.0,37.2,6.3,10889442.0
9836,Bogotá,Comercio,25.2,60.58,69.6,3,4.05,25.0,-0.1,3,77.2,86.0,10.1,7.8,9665789.0
9837,Medellín,Construcción,4.2,25.36,56.9,21,4.14,25.6,1.5,1,65.9,71.9,95.0,5.7,9816461.0
9838,Bogotá,Hoteles,7.2,66.2,57.2,10,2.82,32.8,2.1,1,61.2,57.3,64.1,7.4,6661559.0
9839,Bogotá,Financiero,11.0,53.76,69.2,16,5.39,9.8,1.9,0,61.3,74.9,84.8,6.0,10512376.0
9840,Bucaramanga,Comercio,22.8,14.37,43.3,72,2.64,25.4,18.6,2,57.2,52.6,52.1,6.7,14049700.0
9841,Bogotá,Comercio,10.9,9.35,63.1,3,3.78,30.5,7.2,0,63.2,71.7,46.7,7.0,7036299.0
9842,Bogotá,Manufactura,2.1,59.2,68.2,14,3.96,19.9,-1.7,2,71.3,64.6,35.5,7.2,9950620.0
9843,Barranquilla,Manufactura,9.6,22.33,49.8,13,4.15,18.3,5.9,3,57.7,61.3,38.0,7.6,8622950.0
9844,Cali,Manufactura,18.9,37.76,65.5,6,4.57,17.8,6.7,1,61.5,62.2,19.5,7.1,7549315.0
9845,Bogotá,Comercio,14.4,75.35,58.3,8,3.87,29.6,14.7,0,68.0,73.4,44.5,6.3,8023794.0
9846,Cali,Manufactura,51.3,72.21,60.5,42,3.93,13.9,6.7,3,80.5,66.4,88.9,6.8,15629016.0
9847,Medellín,Agricultura,55.4,58.99,51.0,20,3.06,21.5,-0.3,1,81.2,62.0,68.5,5.3,8564533.0
9848,Medellín,Financiero,3.9,3.14,66.2,2,4.38,8.4,3.4,0,67.2,71.2,56.0,6.6,7350741.0
9849,Bogotá,Hoteles,2.4,76.89,51.2,9,3.89,34.7,13.1,1,60.7,81.1,97.9,6.4,7496226.0
9850,Bogotá,Agricultura,6.0,21.97,60.7,16,3.14,25.9,14.3,1,63.0,67.3,11.3,6.2,8832419.0
9851,Bogotá,Agricultura,28.3,46.9,52.0,6,2.46,22.6,10.7,0,69.0,66.8,55.7,5.4,7602894.0
9852,Cali,Comercio,31.0,28.77,67.4,64,4.67,34.7,11.2,1,68.6,69.6,89.3,5.7,20708725.0
9853,Medellín,Agricultura,14.4,53.44,49.1,7,3.4,17.1,3.0,1,59.2,60.5,43.5,5.6,6538629.0
9854,Bogotá,Construcción,51.6,48.47,69.3,36,4.76,15.8,12.0,1,89.6,60.6,39.9,7.0,17004513.0
9855,Otras,Transporte,6.0,7.22,45.9,15,3.03,27.0,2.2,0,50.4,44.9,90.0,5.0,5442115.0
9856,Pereira,Hoteles,17.0,30.3,37.0,11,2.64,31.1,3.1,2,64.3,43.0,72.1,6.1,5739175.0
9857,Bogotá,Manufactura,25.8,74.85,68.4,5,4.97,19.6,4.1,2,68.9,73.4,20.1,6.7,8896133.0
9858,Cali,Información,11.4,27.09,65.7,13,5.46,6.8,11.9,1,70.5,68.1,91.0,6.7,10716985.0
9859,Cali,Información,3.5,68.77,69.3,9,4.98,14.2,1.5,1,73.8,68.5,55.8,5.6,9262702.0
9860,Manizales,Transporte,6.3,58.76,45.6,47,3.62,21.6,8.9,1,60.4,50.7,96.7,6.8,11704860.0
9861,Otras,Transporte,30.1,75.82,46.8,79,2.59,17.3,8.1,2,59.5,40.3,36.4,6.1,13770274.0
9862,Pereira,Agricultura,8.9,39.6,48.2,43,2.86,20.2,4.6,2,61.2,59.6,87.5,5.2,10166897.0
9863,Cali,Manufactura,20.5,76.02,56.7,81,3.53,14.7,3.7,1,58.0,66.2,5.4,6.5,17088878.0
9864,Bucaramanga,Profesionales,14.7,50.57,73.1,10,4.94,14.3,11.6,1,62.8,61.0,66.0,5.8,9535031.0
9865,Bogotá,Comercio,8.0,49.62,60.7,19,3.3,30.9,16.1,0,62.2,72.7,75.6,6.3,8767731.0
9866,Cali,Manufactura,7.2,53.26,51.7,71,4.27,10.9,-4.6,1,65.6,64.4,73.3,7.0,18356650.0
9867,Cali,Transporte,2.7,41.44,40.4,19,3.29,17.5,2.9,1,56.0,57.1,49.0,6.4,7242105.0
9868,Otras,Agricultura,17.0,28.98,46.9,55,2.54,26.4,16.7,3,62.3,60.7,7.6,7.2,12723652.0
9869,Bogotá,Comercio,6.1,74.35,75.8,36,4.02,25.1,3.6,2,69.3,71.1,42.1,7.1,14157508.0
9870,Cali,Financiero,18.3,3.12,61.1,10,5.24,9.2,-2.9,2,81.1,61.0,50.3,7.7,10011348.0
9871,Pereira,Comercio,13.7,60.59,49.8,9,3.95,28.0,7.2,0,58.6,59.6,83.9,7.8,6377097.0
9872,Cali,Profesionales,16.5,9.57,63.2,17,3.88,9.8,23.3,3,68.4,64.5,65.5,6.9,11868623.0
9873,Bogotá,Comercio,1.5,54.2,53.3,7,4.07,22.6,2.2,0,66.5,68.7,3.5,6.5,6459334.0
9874,Otras,Construcción,10.3,21.45,63.2,22,3.55,18.5,3.8,2,69.4,69.0,20.1,6.3,10690619.0
9875,Cali,Comercio,14.8,44.75,52.9,11,2.49,28.4,5.5,1,59.4,64.2,52.5,5.9,7080526.0
9876,Cali,Construcción,6.0,76.6,40.4,8,4.36,25.8,12.1,1,51.9,65.5,88.9,6.5,6552552.0
9877,Medellín,Manufactura,12.8,61.82,60.5,8,4.17,11.2,5.4,1,63.6,71.7,45.8,6.4,8008597.0
9878,Medellín,Salud,25.5,29.26,61.4,3,4.47,16.6,8.0,2,73.6,62.8,93.4,5.7,8482263.0
9879,Medellín,Comercio,10.0,31.24,62.2,16,2.81,18.2,6.5,1,64.5,59.3,72.0,8.2,8697178.0
9880,Pereira,Manufactura,3.9,50.05,75.2,16,3.6,25.1,18.9,1,67.0,71.9,16.3,6.1,10370830.0
9881,Medellín,Comercio,7.9,68.76,60.4,2,3.55,30.8,0.9,1,61.3,69.3,58.8,7.8,6617154.0
9882,Medellín,Minas,13.5,10.39,69.8,238,5.49,16.0,16.0,3,78.1,71.0,71.4,7.1,62201260.0
9883,Barranquilla,Comercio,11.9,29.06,46.9,32,3.65,30.3,10.8,3,58.3,50.2,10.1,7.0,10329561.0
9884,Cali,Comercio,7.3,15.17,52.7,26,3.54,18.8,9.3,1,68.6,56.0,49.5,5.7,9944187.0
9885,Bogotá,Información,4.6,72.08,54.2,6,5.12,20.6,-1.6,1,60.3,69.7,6.6,5.0,7061973.0
9886,Medellín,Comercio,31.7,29.05,40.2,66,3.86,25.6,17.3,1,68.6,52.5,2.3,6.4,17260951.0
9887,Barranquilla,Construcción,60.0,47.14,57.0,114,2.64,14.5,5.0,1,73.0,51.2,49.3,5.9,18297986.0
9888,Cali,Comercio,6.2,16.62,61.7,18,3.08,14.8,18.6,1,59.3,64.1,38.3,5.8,9335711.0
9889,Bogotá,Agricultura,19.4,38.43,46.0,8,2.07,19.9,14.5,0,63.3,58.5,44.4,7.0,6906826.0
9890,Bogotá,Información,12.7,22.03,69.8,5,5.63,9.7,11.4,1,67.9,83.6,4.9,7.0,9627119.0
9891,Medellín,Profesionales,20.6,51.75,61.6,8,4.94,0.0,3.8,1,70.4,57.7,7.3,5.2,8924788.0
9892,Cartagena,Hoteles,7.0,77.73,58.8,3,1.77,17.6,-0.3,0,56.9,66.6,71.6,6.8,5731662.0
9893,Bogotá,Manufactura,3.9,77.55,71.4,11,5.18,24.6,16.3,2,72.2,66.5,96.7,7.3,10582609.0
9894,Bucaramanga,Construcción,12.9,14.46,49.3,17,4.08,27.9,5.9,3,57.2,65.0,40.9,6.1,8688706.0
9895,Cartagena,Comercio,6.1,2.84,52.4,116,2.51,30.4,-7.7,3,58.7,55.2,71.8,8.0,16788021.0
9896,Bogotá,Comercio,4.7,6.64,57.6,6,4.27,21.9,6.0,3,57.5,68.5,42.5,7.6,7603966.0
9897,Pereira,Financiero,2.4,54.7,59.4,9,4.44,5.3,5.8,2,58.3,67.9,76.0,6.5,8419941.0
9898,Bogotá,Transporte,12.9,60.91,65.7,26,4.75,24.6,0.4,1,70.5,75.9,78.7,6.7,12144988.0
9899,Cali,Comercio,21.2,63.98,41.1,1,3.06,30.4,7.5,1,57.2,52.6,51.9,7.3,4901674.0
9900,Medellín,Salud,19.7,64.87,63.4,14,3.28,13.0,2.8,0,62.5,59.1,53.1,5.8,8487858.0
9901,Bogotá,Transporte,14.0,49.96,68.5,4,3.65,10.5,9.8,1,69.9,76.2,96.5,5.4,8417027.0
9902,Manizales,Profesionales,21.8,31.85,74.3,4,4.3,7.3,6.4,1,71.4,79.0,41.0,6.0,9668239.0
9903,Otras,Manufactura,19.5,36.55,63.6,49,3.65,18.5,5.0,0,67.3,46.2,32.3,6.0,14092918.0
9904,Bogotá,Profesionales,18.7,61.41,71.4,14,5.63,15.4,-0.8,2,82.8,75.3,98.1,6.6,11748661.0
9905,Cali,Energía,6.2,60.02,71.7,5,5.92,0.1,7.4,0,66.9,74.6,99.1,6.6,8709096.0
9906,Cali,Manufactura,6.7,14.65,63.0,5,3.21,13.4,2.3,2,72.0,70.5,16.9,6.3,8056926.0
9907,Bogotá,Comercio,50.7,24.19,59.3,35,3.85,16.1,-1.3,0,70.0,79.1,47.9,6.8,11895607.0
9908,Barranquilla,Hoteles,6.4,6.73,45.5,7,3.05,26.9,1.4,0,50.9,58.4,46.3,6.0,4937491.0
9909,Bogotá,Transporte,7.2,29.93,82.9,35,5.76,19.5,1.7,0,83.4,75.5,40.4,5.3,17279620.0
9910,Bogotá,Transporte,4.5,12.19,50.5,9,4.01,34.8,13.2,2,68.5,65.2,75.3,5.9,7743748.0
9911,Bogotá,Financiero,4.0,14.69,79.3,14,5.99,7.8,1.1,1,65.8,88.1,62.8,6.4,16551515.0
9912,Bogotá,Comercio,30.8,42.04,59.7,37,2.72,25.2,7.7,1,70.9,68.3,84.9,5.1,10827546.0
9913,Bucaramanga,Transporte,60.0,32.8,60.3,26,2.93,21.9,1.7,2,77.6,64.1,84.7,7.7,10928873.0
9914,Bucaramanga,Información,4.0,54.75,60.8,17,5.5,16.3,10.6,2,51.9,67.7,64.8,6.9,9594584.0
9915,Bogotá,Hoteles,27.9,46.08,56.4,1,3.3,20.8,15.2,1,71.3,69.7,71.0,6.8,7976062.0
9916,Bogotá,Comercio,9.1,1.29,59.5,11,3.53,25.4,4.0,1,56.8,69.6,3.9,6.6,7521504.0
9917,Manizales,Construcción,10.7,78.7,57.6,91,4.47,23.5,4.5,1,57.5,58.8,66.3,6.0,22201739.0
9918,Pereira,Hoteles,25.5,72.77,44.7,12,3.3,25.0,6.1,1,66.5,54.7,43.9,5.7,7018515.0
9919,Otras,Información,4.0,67.82,69.3,29,5.36,20.1,-0.3,1,72.6,56.6,2.6,6.1,13677436.0
9920,Bogotá,Información,35.1,42.86,85.2,20,5.92,10.3,4.8,0,92.2,88.4,56.1,5.9,15033750.0
9921,Bogotá,Financiero,36.4,78.77,80.6,10,5.85,8.1,7.2,2,75.0,75.5,70.1,6.4,12508454.0
9922,Bogotá,Transporte,14.9,63.43,58.8,49,3.83,25.1,10.2,2,65.2,78.1,0.4,7.4,14856845.0
9923,Barranquilla,Comercio,5.4,33.2,62.2,18,3.13,17.9,0.9,0,67.2,64.4,4.1,7.1,8573308.0
9924,Bogotá,Información,4.2,57.6,67.0,2,5.06,6.6,12.0,1,64.8,74.8,35.0,6.7,7544754.0
9925,Barranquilla,Comercio,4.2,35.96,52.9,18,3.31,28.6,11.2,2,57.1,62.3,27.8,6.3,8321655.0
9926,Bogotá,Información,7.5,9.42,79.7,10,5.75,14.1,2.2,2,87.9,80.3,48.5,7.3,12220114.0
9927,Medellín,Comercio,4.7,40.21,61.8,30,3.09,26.2,4.4,3,69.6,69.2,1.5,8.3,11327180.0
9928,Bogotá,Construcción,6.9,47.81,63.0,23,4.17,28.5,3.4,1,63.6,77.2,56.2,6.5,10511733.0
9929,Bogotá,Información,9.5,27.29,82.6,33,4.28,13.5,4.6,3,75.0,71.6,93.2,6.4,14873231.0
9930,Manizales,Manufactura,9.1,72.67,52.2,4,4.9,12.7,-4.2,0,56.5,56.9,70.2,7.8,5700675.0
9931,Bogotá,Hoteles,8.3,26.9,51.2,36,2.89,21.2,5.9,2,57.7,60.3,7.1,7.4,9890929.0
9932,Pereira,Comercio,23.0,59.32,52.3,52,3.55,22.4,8.2,2,63.1,56.3,72.5,6.4,14211127.0
9933,Bogotá,Salud,8.8,32.48,75.1,89,5.66,11.2,3.2,2,73.5,78.1,21.6,6.5,28506263.0
9934,Barranquilla,Manufactura,8.7,7.55,72.9,40,4.27,8.2,5.8,2,72.2,58.6,96.5,7.4,15141996.0
9935,Cali,Hoteles,10.1,5.04,49.7,2,3.37,29.7,0.5,0,61.4,54.2,47.5,6.7,5497219.0
9936,Bogotá,Comercio,4.3,0.01,61.7,11,3.68,25.5,3.7,0,69.3,73.7,64.8,6.3,8036507.0
9937,Medellín,Profesionales,48.3,60.44,60.7,56,4.21,6.8,0.0,1,71.3,58.9,98.4,6.6,16891200.0
9938,Bogotá,Transporte,15.7,12.16,51.7,7,4.39,17.3,4.6,1,66.1,51.0,73.7,6.6,7382838.0
9939,Medellín,Comercio,10.1,42.96,47.4,1,3.28,29.9,11.0,0,73.5,61.9,99.0,6.0,5654734.0
9940,Bucaramanga,Comercio,8.6,19.21,53.1,14,3.15,24.8,3.1,1,62.6,64.3,36.3,6.9,9629085.0
9941,Cali,Financiero,18.9,36.91,53.7,33,4.55,5.2,0.3,2,73.5,55.4,29.3,7.2,12548608.0
9942,Bogotá,Financiero,11.6,36.79,75.8,20,5.13,10.8,12.2,0,65.7,76.6,12.8,6.1,11945421.0
9943,Pereira,Información,11.1,8.27,77.5,11,5.13,9.7,6.0,1,71.0,70.4,25.1,5.8,10819938.0
9944,Bucaramanga,Construcción,4.8,62.42,59.3,15,3.17,17.6,4.7,0,64.0,74.7,7.4,5.5,8291570.0
9945,Otras,Información,15.9,2.79,60.8,5,4.07,6.8,-3.0,1,64.5,53.1,85.9,6.1,7065272.0
9946,Medellín,Comercio,9.4,63.67,60.8,12,3.43,31.0,7.7,2,67.8,61.8,93.8,7.7,8882954.0
9947,Cali,Manufactura,2.3,72.83,57.7,18,3.75,16.0,5.3,1,65.4,72.5,66.3,7.1,9047348.0
9948,Cali,Energía,7.8,31.48,67.6,17,5.31,13.1,16.1,1,72.4,67.5,27.7,6.2,16098413.0
9949,Barranquilla,Comercio,12.5,6.97,62.3,6,2.74,25.1,11.9,1,66.5,65.2,9.2,6.1,7889834.0
9950,Medellín,Comercio,8.1,47.43,46.0,2,3.53,29.1,-4.3,1,57.8,58.4,95.1,7.2,4659947.0
9951,Medellín,Profesionales,26.4,30.06,68.8,7,4.25,8.4,-14.3,1,78.2,67.3,26.1,5.9,10996085.0
9952,Medellín,Profesionales,12.8,53.12,64.6,13,5.49,12.9,-0.3,0,71.5,65.6,18.5,6.5,9680215.0
9953,Otras,Comercio,11.1,11.46,43.4,44,3.36,24.3,5.7,4,51.2,50.3,48.2,8.0,11775349.0
9954,Otras,Hoteles,9.4,38.32,51.6,5,2.76,32.9,8.7,2,74.0,54.5,62.9,5.7,7407889.0
9955,Manizales,Información,3.9,37.21,71.3,8,4.91,17.6,19.2,0,75.6,51.1,62.0,7.4,9785135.0
9956,Medellín,Comercio,17.3,2.25,54.1,14,2.97,30.7,-2.9,1,67.8,62.5,30.1,6.3,7744431.0
9957,Bogotá,Construcción,9.9,12.62,56.3,6,4.01,23.5,-9.6,0,56.8,74.6,74.2,7.2,5888402.0
9958,Barranquilla,Transporte,3.3,70.38,59.9,9,3.93,32.2,11.1,0,47.6,62.1,71.9,6.4,7033980.0
9959,Barranquilla,Salud,7.6,37.91,57.6,19,4.13,15.0,-4.8,0,57.0,66.5,82.8,5.9,8810923.0
9960,Bogotá,Información,9.3,25.12,70.1,16,4.41,15.2,-0.0,1,63.0,76.0,11.8,5.4,10516761.0
9961,Pereira,Transporte,10.8,75.5,53.3,20,3.42,21.9,3.8,2,64.5,58.6,52.6,6.8,8953023.0
9962,Barranquilla,Información,14.9,62.88,65.9,26,4.54,13.3,7.3,0,65.3,68.5,45.9,5.4,11764763.0
9963,Bucaramanga,Información,21.5,3.31,73.6,54,5.36,3.1,12.5,3,84.1,64.1,64.3,7.0,22227181.0
9964,Otras,Comercio,10.2,27.77,44.0,4,3.09,33.6,15.3,2,56.9,49.3,5.0,6.1,5712052.0
9965,Cartagena,Manufactura,23.4,41.13,47.3,17,2.94,16.5,2.4,1,64.5,62.8,62.4,5.3,7556257.0
9966,Pereira,Financiero,17.0,13.94,66.5,11,3.44,6.7,11.2,1,79.8,52.3,94.3,6.8,10158640.0
9967,Bogotá,Manufactura,9.5,45.16,83.8,37,4.75,20.5,-0.9,2,80.8,73.1,2.2,5.7,16390890.0
9968,Bogotá,Información,4.9,44.57,67.1,7,4.24,22.3,5.7,4,56.8,70.3,95.2,7.3,8740681.0
9969,Cartagena,Comercio,4.1,37.08,45.5,25,3.6,24.6,11.2,0,57.4,66.7,92.6,7.9,8502584.0
9970,Cali,Información,6.9,75.83,77.3,22,5.36,14.4,5.3,1,86.4,63.7,53.1,5.2,13340501.0
9971,Cali,Manufactura,26.1,6.55,52.9,53,2.92,18.9,-0.5,2,65.2,57.6,47.0,7.4,11686420.0
9972,Otras,Profesionales,13.9,23.84,52.1,8,4.25,20.8,6.7,1,63.6,63.2,7.2,6.2,7103563.0
9973,Bogotá,Comercio,31.4,77.17,59.9,13,3.99,25.2,7.4,1,79.7,57.0,39.8,7.3,10142860.0
9974,Cali,Transporte,4.9,53.56,63.9,22,3.98,29.1,21.1,1,60.0,64.6,25.0,6.6,10529658.0
9975,Cali,Manufactura,5.7,0.82,58.9,18,3.72,12.5,3.4,0,59.6,58.4,17.9,6.3,8333726.0
9976,Bogotá,Comercio,46.1,79.36,50.9,4,3.3,16.2,10.3,0,77.1,68.9,76.3,5.7,8311032.0
9977,Pereira,Transporte,10.2,42.3,43.3,8,3.01,21.9,2.0,0,58.4,56.3,96.9,6.7,5201940.0
9978,Bogotá,Hoteles,16.9,4.11,66.6,3,4.33,32.6,7.0,1,80.0,72.3,1.2,6.0,8303223.0
9979,Bucaramanga,Profesionales,5.6,41.89,66.1,3,4.81,7.3,-6.5,1,80.5,70.4,67.1,5.5,8260023.0
9980,Bogotá,Agricultura,3.4,69.45,43.4,6,2.92,34.2,-8.7,1,61.0,64.3,94.2,5.1,5325373.0
9981,Bogotá,Salud,19.3,42.02,70.2,20,4.07,10.1,-1.8,1,68.1,71.3,72.6,6.7,10947356.0
9982,Bogotá,Agricultura,4.3,61.25,44.1,6,2.67,21.3,5.8,3,58.1,59.7,86.9,7.7,6235236.0
9983,Bogotá,Información,2.6,45.97,76.9,8,5.52,13.4,14.3,1,74.3,71.5,56.2,7.0,10539520.0
9984,Otras,Comercio,2.3,78.56,51.8,28,3.53,18.0,4.5,0,63.5,49.1,57.9,6.2,9226004.0
9985,Bogotá,Comercio,9.0,37.34,57.3,25,4.53,26.1,6.2,1,73.3,59.3,44.0,4.8,11758983.0
9986,Bogotá,Hoteles,12.6,28.43,60.7,6,3.54,27.5,-8.4,0,49.8,63.9,47.2,5.0,5415747.0
9987,Pereira,Energía,21.6,37.41,71.9,28,4.55,4.4,2.6,0,72.5,58.5,91.7,6.1,12772926.0
9988,Manizales,Comercio,5.4,1.48,58.5,7,3.32,21.0,2.5,2,55.1,61.7,82.6,7.7,7075725.0
9989,Bogotá,Manufactura,8.6,77.96,55.0,12,4.77,21.8,7.2,1,57.7,55.4,79.5,5.8,8122296.0
9990,Bogotá,Comercio,16.2,6.78,63.8,9,3.62,24.2,9.4,2,60.3,72.2,14.5,6.2,8621144.0
9991,Medellín,Comercio,8.1,39.39,46.5,8,3.82,34.9,1.3,2,60.6,64.8,48.7,5.8,6440908.0
9992,Bogotá,Comercio,3.9,64.07,65.8,5,3.3,22.2,8.1,1,75.5,74.8,79.4,4.9,8033237.0
9993,Medellín,Comercio,8.5,0.42,64.6,5,3.76,27.9,11.5,1,63.4,51.9,55.9,6.3,7237378.0
9994,Medellín,Agricultura,1.8,4.89,46.9,14,3.0,18.9,14.9,2,59.1,63.2,38.2,6.8,7836772.0
9995,Medellín,Construcción,7.9,8.79,54.9,4,4.4,20.8,10.7,1,59.7,72.6,75.7,6.1,6983719.0
9996,Bucaramanga,Profesionales,31.0,2.64,75.0,22,4.23,8.2,4.5,4,70.2,70.0,41.1,7.6,12852319.0
9997,Medellín,Profesionales,4.7,41.25,62.3,5,4.89,6.8,17.4,1,74.2,81.0,20.0,5.8,9181835.0
9998,Manizales,Construcción,8.7,11.6,66.9,6,3.89,18.0,2.0,0,76.6,63.3,54.2,6.0,8402079.0
9999,Medellín,Información,12.9,19.7,84.0,9,4.99,7.2,12.3,4,77.1,62.4,27.0,8.5,12619986.0
10000,Bogotá,Comercio,28.7,7.64,48.9,13,3.49,14.0,7.1,2,62.2,59.2,35.9,7.5,8452592.0
